timestamp,open,high,low,close,volume,session,incomplete
2026-07-28T11:00:00+00:00,738.3,738.3,738.3,738.3,11,pre-market,False
2026-07-28T11:15:00+00:00,738.58,738.63,738.58,738.63,127,pre-market,False
2026-07-28T11:18:00+00:00,738.56,739.03,738.56,739.03,200,pre-market,False
2026-07-28T11:20:00+00:00,738.92,738.92,738.92,738.92,100,pre-market,False
2026-07-28T11:25:00+00:00,738.55,738.55,738.55,738.55,5,pre-market,False
2026-07-28T11:41:00+00:00,737.7,737.7,737.7,737.7,100,pre-market,False
2026-07-28T11:44:00+00:00,738.1,738.1,738.02,738.02,118,pre-market,False
2026-07-28T12:01:00+00:00,739.23,739.23,739.23,739.23,100,pre-market,False
2026-07-28T12:03:00+00:00,739.31,739.31,739.31,739.31,100,pre-market,False
2026-07-28T12:07:00+00:00,739.51,739.51,739.51,739.51,100,pre-market,False
2026-07-28T12:08:00+00:00,739.47,739.47,739.47,739.47,80,pre-market,False
2026-07-28T12:09:00+00:00,739.46,739.48,739.45,739.47,297,pre-market,False
2026-07-28T12:09:00+00:00,739.5,739.5,739.5,739.5,100,pre-market,False
2026-07-28T12:10:00+00:00,739.47,739.47,739.22,739.22,280,pre-market,False
2026-07-28T12:13:00+00:00,739.2,739.2,739.2,739.2,80,pre-market,False
2026-07-28T12:13:00+00:00,739.2,739.2,739.2,739.2,100,pre-market,False
2026-07-28T12:27:00+00:00,739.88,739.88,739.88,739.88,160,pre-market,False
2026-07-28T12:28:00+00:00,739.87,739.87,739.87,739.87,80,pre-market,False
2026-07-28T12:32:00+00:00,740.01,740.02,739.97,739.97,500,pre-market,False
2026-07-28T12:34:00+00:00,739.71,739.73,739.71,739.73,180,pre-market,False
2026-07-28T12:34:00+00:00,739.92,739.92,739.52,739.52,226,pre-market,False
2026-07-28T12:35:00+00:00,739.66,739.66,739.66,739.66,100,pre-market,False
2026-07-28T12:36:00+00:00,739.73,739.79,739.73,739.79,116,pre-market,False
2026-07-28T12:45:00+00:00,740.24,740.24,740.24,740.24,80,pre-market,False
2026-07-28T12:46:00+00:00,740.46,740.77,740.46,740.77,206,pre-market,False
2026-07-28T12:46:00+00:00,740.58,740.58,740.57,740.57,82,pre-market,False
2026-07-28T12:48:00+00:00,740.28,740.28,740.28,740.28,300,pre-market,False
2026-07-28T12:51:00+00:00,739.92,739.92,739.91,739.92,6323,pre-market,False
2026-07-28T13:02:00+00:00,739.53,739.53,739.53,739.53,100,pre-market,False
2026-07-28T13:14:00+00:00,739.84,739.84,739.84,739.84,8,pre-market,False
2026-07-28T13:15:00+00:00,739.89,739.89,739.89,739.89,100,pre-market,False
2026-07-28T13:25:00+00:00,739.86,739.86,739.86,739.86,100,pre-market,False
2026-07-28T13:26:00+00:00,739.88,739.88,739.88,739.88,100,pre-market,False
2026-07-28T13:27:00+00:00,739.92,739.92,739.81,739.81,200,pre-market,False
2026-07-28T13:28:00+00:00,739.41,739.41,739.41,739.41,5,pre-market,False
2026-07-28T13:29:00+00:00,739.19,739.19,739.19,739.19,100,pre-market,False
2026-07-28T13:30:00+00:00,739.22,739.22,739.22,739.22,5,regular,False
2026-07-28T13:30:00+00:00,739.165,739.42,738.88,738.88,18817,regular,False
2026-07-28T13:31:00+00:00,738.44,738.44,738.44,738.44,100,regular,False
2026-07-28T13:31:00+00:00,738.87,738.88,738.3,738.38,7124,regular,False
2026-07-28T13:32:00+00:00,738.52,738.52,738.05,738.25,5786,regular,False
2026-07-28T13:33:00+00:00,738.37,738.37,738.37,738.37,100,regular,False
2026-07-28T13:33:00+00:00,738.125,738.53,738.115,738.265,7629,regular,False
2026-07-28T13:34:00+00:00,738.095,738.25,738.095,738.25,230,regular,False
2026-07-28T13:34:00+00:00,738.345,738.48,738.08,738.205,4843,regular,False
2026-07-28T13:35:00+00:00,738.16,739.01,738.16,738.99,8564,regular,False
2026-07-28T13:36:00+00:00,738.995,739.06,738.35,738.465,5751,regular,False
2026-07-28T13:36:00+00:00,739.0,739.0,739.0,739.0,1,regular,False
2026-07-28T13:37:00+00:00,738.55,738.735,738.075,738.165,7846,regular,False
2026-07-28T13:38:00+00:00,738.2,738.435,738.01,738.01,5163,regular,False
2026-07-28T13:39:00+00:00,738.0,738.12,737.76,737.79,5171,regular,False
2026-07-28T13:40:00+00:00,737.8,737.8,737.8,737.8,18,regular,False
2026-07-28T13:40:00+00:00,737.82,738.27,737.7,738.01,6557,regular,False
2026-07-28T13:41:00+00:00,737.98,738.245,737.72,737.78,3443,regular,False
2026-07-28T13:42:00+00:00,737.7,737.7,737.7,737.7,1,regular,False
2026-07-28T13:42:00+00:00,737.79,737.81,737.195,737.3,5607,regular,False
2026-07-28T13:43:00+00:00,737.31,737.31,736.57,736.645,7078,regular,False
2026-07-28T13:44:00+00:00,736.65,737.13,736.645,737.035,13164,regular,False
2026-07-28T13:44:00+00:00,736.64,736.64,736.64,736.64,40,regular,False
2026-07-28T13:45:00+00:00,737.08,737.26,736.765,736.83,5319,regular,False
2026-07-28T13:46:00+00:00,736.81,736.81,736.275,736.485,5427,regular,False
2026-07-28T13:47:00+00:00,736.37,736.44,736.01,736.01,3871,regular,False
2026-07-28T13:47:00+00:00,736.34,736.34,736.34,736.34,1,regular,False
2026-07-28T13:47:00+00:00,736.36,736.36,736.35,736.35,160,regular,False
2026-07-28T13:48:00+00:00,736.58,736.95,736.58,736.95,90,regular,False
2026-07-28T13:48:00+00:00,736.05,737.17,736.05,737.17,7246,regular,False
2026-07-28T13:48:00+00:00,736.5,736.5,736.48,736.48,160,regular,False
2026-07-28T13:49:00+00:00,737.4,737.4,737.4,737.4,10,regular,False
2026-07-28T13:49:00+00:00,737.155,737.59,737.005,737.43,7760,regular,False
2026-07-28T13:50:00+00:00,737.69,737.69,737.69,737.69,1,regular,False
2026-07-28T13:50:00+00:00,737.61,737.61,737.61,737.61,80,regular,False
2026-07-28T13:50:00+00:00,737.65,738.15,737.15,737.16,4653,regular,False
2026-07-28T13:51:00+00:00,737.13,737.13,737.13,737.13,80,regular,False
2026-07-28T13:51:00+00:00,737.25,737.25,737.25,737.25,6,regular,False
2026-07-28T13:51:00+00:00,737.155,737.34,736.87,737.145,10191,regular,False
2026-07-28T13:52:00+00:00,737.205,737.855,737.11,737.48,9008,regular,False
2026-07-28T13:52:00+00:00,737.89,737.89,737.89,737.89,80,regular,False
2026-07-28T13:52:00+00:00,737.2,737.89,737.2,737.89,160,regular,False
2026-07-28T13:53:00+00:00,736.89,737.29,736.73,737.29,200,regular,False
2026-07-28T13:53:00+00:00,736.89,736.89,736.89,736.89,80,regular,False
2026-07-28T13:53:00+00:00,737.505,737.51,736.73,737.37,7789,regular,False
2026-07-28T13:54:00+00:00,737.57,737.57,737.31,737.31,120,regular,False
2026-07-28T13:54:00+00:00,737.35,737.35,737.35,737.35,80,regular,False
2026-07-28T13:54:00+00:00,737.27,737.56,737.01,737.01,3458,regular,False
2026-07-28T13:55:00+00:00,737.05,737.16,736.66,736.74,2809,regular,False
2026-07-28T13:56:00+00:00,736.75,737.075,736.645,737.05,5379,regular,False
2026-07-28T13:57:00+00:00,737.06,737.06,736.7,736.7,320,regular,False
2026-07-28T13:57:00+00:00,737.06,737.06,737.06,737.06,80,regular,False
2026-07-28T13:57:00+00:00,737.025,737.14,736.645,736.67,2712,regular,False
2026-07-28T13:58:00+00:00,736.5,736.5,736.45,736.46,165,regular,False
2026-07-28T13:58:00+00:00,736.46,736.46,736.46,736.46,80,regular,False
2026-07-28T13:58:00+00:00,736.74,736.74,736.38,736.44,4876,regular,False
2026-07-28T13:59:00+00:00,736.64,736.64,736.64,736.64,80,regular,False
2026-07-28T13:59:00+00:00,736.64,736.68,736.64,736.68,90,regular,False
2026-07-28T13:59:00+00:00,736.3,736.71,736.205,736.5,5298,regular,False
2026-07-28T14:00:00+00:00,736.49,737.22,736.49,737.22,320,regular,False
2026-07-28T14:00:00+00:00,737.21,737.22,737.21,737.22,80,regular,False
2026-07-28T14:00:00+00:00,736.49,737.51,736.49,737.39,4847,regular,False
2026-07-28T14:01:00+00:00,737.49,737.525,737.07,737.175,2564,regular,False
2026-07-28T14:01:00+00:00,737.08,737.08,737.08,737.08,40,regular,False
2026-07-28T14:02:00+00:00,737.6,737.6,737.6,737.6,79,regular,False
2026-07-28T14:02:00+00:00,737.21,737.655,737.21,737.31,2141,regular,False
2026-07-28T14:03:00+00:00,737.425,737.59,737.3,737.485,2296,regular,False
2026-07-28T14:04:00+00:00,737.325,737.5,737.125,737.24,2263,regular,False
2026-07-28T14:05:00+00:00,737.42,737.89,737.36,737.885,1738,regular,False
2026-07-28T14:05:00+00:00,737.4,737.78,737.4,737.78,160,regular,False
2026-07-28T14:06:00+00:00,737.72,737.72,737.72,737.72,160,regular,False
2026-07-28T14:06:00+00:00,737.93,738.065,737.63,738.065,3759,regular,False
2026-07-28T14:06:00+00:00,737.76,737.76,737.76,737.76,80,regular,False
2026-07-28T14:07:00+00:00,738.0,738.0,738.0,738.0,56,regular,False
2026-07-28T14:07:00+00:00,738.06,738.215,737.46,737.47,7300,regular,False
2026-07-28T14:07:00+00:00,738.12,738.12,737.7,737.7,160,regular,False
2026-07-28T14:08:00+00:00,737.08,737.08,737.08,737.08,80,regular,False
2026-07-28T14:08:00+00:00,737.465,737.465,736.895,737.36,6352,regular,False
2026-07-28T14:09:00+00:00,737.455,737.455,737.195,737.195,3019,regular,False
2026-07-28T14:10:00+00:00,737.06,737.615,737.02,737.51,1299,regular,False
2026-07-28T14:11:00+00:00,737.48,737.645,737.32,737.645,3806,regular,False
2026-07-28T14:12:00+00:00,737.6,737.79,736.835,736.835,2579,regular,False
2026-07-28T14:13:00+00:00,736.84,737.02,736.71,736.71,1639,regular,False
2026-07-28T14:13:00+00:00,736.72,736.72,736.72,736.72,74,regular,False
2026-07-28T14:13:00+00:00,736.72,736.72,736.72,736.72,80,regular,False
2026-07-28T14:14:00+00:00,736.64,736.64,736.275,736.59,3758,regular,False
2026-07-28T14:14:00+00:00,736.6,736.6,736.31,736.31,240,regular,False
2026-07-28T14:15:00+00:00,736.79,737.14,736.73,737.06,9073,regular,False
2026-07-28T14:15:00+00:00,736.88,736.88,736.88,736.88,80,regular,False
2026-07-28T14:16:00+00:00,736.82,736.85,736.565,736.57,2315,regular,False
2026-07-28T14:16:00+00:00,736.78,736.78,736.71,736.71,260,regular,False
2026-07-28T14:17:00+00:00,736.61,736.855,736.465,736.615,2620,regular,False
2026-07-28T14:18:00+00:00,736.67,737.11,736.64,736.96,2129,regular,False
2026-07-28T14:18:00+00:00,736.99,736.99,736.99,736.99,80,regular,False
2026-07-28T14:19:00+00:00,736.65,736.65,736.65,736.65,80,regular,False
2026-07-28T14:19:00+00:00,736.85,736.97,736.68,736.68,654,regular,False
2026-07-28T14:19:00+00:00,736.77,736.77,736.77,736.77,80,regular,False
2026-07-28T14:20:00+00:00,736.73,736.95,736.565,736.57,2838,regular,False
2026-07-28T14:21:00+00:00,737.12,737.12,737.12,737.12,80,regular,False
2026-07-28T14:21:00+00:00,736.51,737.19,736.42,737.16,1417,regular,False
2026-07-28T14:22:00+00:00,736.81,736.81,736.57,736.57,310,regular,False
2026-07-28T14:22:00+00:00,736.57,736.57,736.57,736.57,80,regular,False
2026-07-28T14:22:00+00:00,737.27,737.4,736.52,736.64,5470,regular,False
2026-07-28T14:23:00+00:00,737.34,737.34,737.34,737.34,80,regular,False
2026-07-28T14:23:00+00:00,737.37,737.37,737.37,737.37,40,regular,False
2026-07-28T14:23:00+00:00,736.645,737.58,736.58,737.58,2777,regular,False
2026-07-28T14:24:00+00:00,737.6,737.6,737.6,737.6,80,regular,False
2026-07-28T14:24:00+00:00,737.57,737.62,737.57,737.62,81,regular,False
2026-07-28T14:24:00+00:00,737.56,737.82,737.23,737.23,5889,regular,False
2026-07-28T14:25:00+00:00,737.24,737.525,737.24,737.39,2631,regular,False
2026-07-28T14:26:00+00:00,737.5,737.52,737.19,737.38,3449,regular,False
2026-07-28T14:27:00+00:00,737.48,737.68,737.31,737.32,1996,regular,False
2026-07-28T14:28:00+00:00,737.38,737.57,737.23,737.26,2063,regular,False
2026-07-28T14:29:00+00:00,737.19,737.75,737.17,737.71,2796,regular,False
2026-07-28T14:30:00+00:00,737.9,737.9,737.9,737.9,30,regular,False
2026-07-28T14:30:00+00:00,737.71,737.98,737.37,737.45,1711,regular,False
2026-07-28T14:31:00+00:00,737.5,737.85,737.41,737.73,3105,regular,False
2026-07-28T14:32:00+00:00,737.69,737.8,737.43,737.61,3914,regular,False
2026-07-28T14:33:00+00:00,737.68,737.75,737.43,737.75,2875,regular,False
2026-07-28T14:33:00+00:00,737.5,737.5,737.5,737.5,50,regular,False
2026-07-28T14:34:00+00:00,737.74,737.83,737.21,737.25,4956,regular,False
2026-07-28T14:35:00+00:00,737.35,737.35,737.35,737.35,40,regular,False
2026-07-28T14:35:00+00:00,737.215,737.91,737.16,737.91,3350,regular,False
2026-07-28T14:36:00+00:00,738.11,738.11,738.11,738.11,10,regular,False
2026-07-28T14:36:00+00:00,737.855,738.44,737.855,738.32,6259,regular,False
2026-07-28T14:37:00+00:00,738.4,738.4,738.18,738.18,120,regular,False
2026-07-28T14:37:00+00:00,738.39,738.39,738.18,738.18,120,regular,False
2026-07-28T14:37:00+00:00,738.29,738.59,738.17,738.325,2976,regular,False
2026-07-28T14:38:00+00:00,738.3,738.3,737.98,737.98,200,regular,False
2026-07-28T14:38:00+00:00,738.425,738.44,737.69,737.69,7813,regular,False
2026-07-28T14:38:00+00:00,738.36,738.36,737.98,737.98,360,regular,False
2026-07-28T14:39:00+00:00,737.7,737.7,737.35,737.51,2956,regular,False
2026-07-28T14:40:00+00:00,737.505,738.01,737.42,738.01,5204,regular,False
2026-07-28T14:41:00+00:00,737.96,738.39,737.96,738.39,5836,regular,False
2026-07-28T14:41:00+00:00,738.19,738.22,738.19,738.22,92,regular,False
2026-07-28T14:42:00+00:00,738.37,738.37,737.975,738.22,5285,regular,False
2026-07-28T14:42:00+00:00,738.35,738.35,738.17,738.17,160,regular,False
2026-07-28T14:43:00+00:00,738.24,738.59,738.08,738.42,5100,regular,False
2026-07-28T14:44:00+00:00,738.44,738.44,738.36,738.36,356,regular,False
2026-07-28T14:44:00+00:00,738.48,738.48,738.35,738.36,602,regular,False
2026-07-28T14:44:00+00:00,738.47,738.55,738.25,738.27,5682,regular,False
2026-07-28T14:45:00+00:00,738.26,738.51,737.89,737.95,3901,regular,False
2026-07-28T14:45:00+00:00,738.15,738.15,738.15,738.15,24000,regular,False
2026-07-28T14:45:00+00:00,738.35,738.35,738.26,738.26,12,regular,False
2026-07-28T14:46:00+00:00,737.895,738.37,737.895,738.37,3604,regular,False
2026-07-28T14:47:00+00:00,738.4,738.77,738.38,738.72,4037,regular,False
2026-07-28T14:48:00+00:00,738.7,739.2,738.7,739.2,6039,regular,False
2026-07-28T14:49:00+00:00,739.19,739.385,739.13,739.27,5465,regular,False
2026-07-28T14:50:00+00:00,739.305,739.61,739.29,739.455,8302,regular,False
2026-07-28T14:50:00+00:00,739.56,739.56,739.56,739.56,40,regular,False
2026-07-28T14:51:00+00:00,739.53,739.53,739.53,739.53,50,regular,False
2026-07-28T14:51:00+00:00,739.37,739.78,739.37,739.7,4774,regular,False
2026-07-28T14:52:00+00:00,739.2,739.2,739.2,739.2,50,regular,False
2026-07-28T14:52:00+00:00,739.76,739.76,739.17,739.19,4768,regular,False
2026-07-28T14:53:00+00:00,739.47,739.74,739.44,739.5,5465,regular,False
2026-07-28T14:53:00+00:00,739.68,739.68,739.68,739.68,40,regular,False
2026-07-28T14:53:00+00:00,739.5,739.5,739.5,739.5,80,regular,False
2026-07-28T14:54:00+00:00,739.43,739.43,739.43,739.43,486,regular,False
2026-07-28T14:54:00+00:00,739.49,739.49,739.3,739.43,3505,regular,False
2026-07-28T14:55:00+00:00,739.43,739.8,739.28,739.68,2764,regular,False
2026-07-28T14:55:00+00:00,739.4,739.78,739.4,739.78,163,regular,False
2026-07-28T14:56:00+00:00,739.44,739.44,739.44,739.44,34,regular,False
2026-07-28T14:56:00+00:00,739.64,739.64,739.26,739.34,3106,regular,False
2026-07-28T14:57:00+00:00,739.335,739.335,738.87,738.985,4925,regular,False
2026-07-28T14:57:00+00:00,739.24,739.24,738.905,738.94,212,regular,False
2026-07-28T14:58:00+00:00,738.9,738.9,738.9,738.9,80,regular,False
2026-07-28T14:58:00+00:00,738.83,738.83,738.83,738.83,40,regular,False
2026-07-28T14:58:00+00:00,738.975,738.99,738.75,738.84,3706,regular,False
2026-07-28T14:59:00+00:00,738.805,738.96,738.605,738.625,4286,regular,False
2026-07-28T15:00:00+00:00,738.63,739.1,738.63,739.1,2219,regular,False
2026-07-28T15:01:00+00:00,739.165,739.165,738.83,739.0,2749,regular,False
2026-07-28T15:01:00+00:00,738.94,738.94,738.94,738.94,463,regular,False
2026-07-28T15:02:00+00:00,738.77,738.77,738.77,738.77,5,regular,False
2026-07-28T15:02:00+00:00,738.99,739.0,738.69,738.78,943,regular,False
2026-07-28T15:03:00+00:00,738.645,738.645,738.33,738.33,2020,regular,False
2026-07-28T15:03:00+00:00,738.785,738.785,738.785,738.785,400000,regular,False
2026-07-28T15:04:00+00:00,738.34,738.44,738.15,738.2,2625,regular,False
2026-07-28T15:04:00+00:00,738.4,738.4,738.4,738.4,40,regular,False
2026-07-28T15:05:00+00:00,738.23,738.35,738.03,738.35,4542,regular,False
2026-07-28T15:06:00+00:00,738.355,738.82,738.355,738.51,3926,regular,False
2026-07-28T15:07:00+00:00,738.46,738.46,738.2,738.37,921,regular,False
2026-07-28T15:08:00+00:00,738.44,738.485,738.25,738.35,3630,regular,False
2026-07-28T15:08:00+00:00,738.45,738.45,738.45,738.45,1,regular,False
2026-07-28T15:09:00+00:00,738.79,738.79,738.79,738.79,20,regular,False
2026-07-28T15:09:00+00:00,738.34,738.79,738.315,738.79,1850,regular,False
2026-07-28T15:10:00+00:00,738.87,739.54,738.68,738.72,7358,regular,False
2026-07-28T15:10:00+00:00,739.45,739.45,739.05,739.09,526,regular,False
2026-07-28T15:11:00+00:00,738.6,738.6,738.6,738.6,10,regular,False
2026-07-28T15:11:00+00:00,738.92,738.92,738.48,738.87,2387,regular,False
2026-07-28T15:12:00+00:00,738.96,739.1,738.96,739.1,143,regular,False
2026-07-28T15:12:00+00:00,738.84,739.71,738.81,739.54,7231,regular,False
2026-07-28T15:12:00+00:00,739.5,739.5,739.5,739.5,100,regular,False
2026-07-28T15:13:00+00:00,739.46,739.46,739.18,739.35,8198,regular,False
2026-07-28T15:13:00+00:00,739.23,739.23,739.23,739.23,40,regular,False
2026-07-28T15:14:00+00:00,739.58,739.58,739.46,739.46,899,regular,False
2026-07-28T15:14:00+00:00,739.43,739.66,739.37,739.37,2636,regular,False
2026-07-28T15:15:00+00:00,739.23,739.47,739.23,739.44,2354,regular,False
2026-07-28T15:16:00+00:00,739.63,739.88,739.59,739.63,2360,regular,False
2026-07-28T15:16:00+00:00,739.78,739.78,739.78,739.78,486,regular,False
2026-07-28T15:17:00+00:00,739.74,739.81,739.32,739.79,2413,regular,False
2026-07-28T15:18:00+00:00,740.005,740.48,740.0,740.45,315,regular,False
2026-07-28T15:18:00+00:00,739.98,740.41,739.98,740.41,121,regular,False
2026-07-28T15:18:00+00:00,739.86,740.57,739.86,740.45,6328,regular,False
2026-07-28T15:19:00+00:00,740.43,740.58,740.27,740.58,5230,regular,False
2026-07-28T15:19:00+00:00,740.475,740.49,740.29,740.29,348,regular,False
2026-07-28T15:19:00+00:00,740.42,740.42,740.39,740.39,59,regular,False
2026-07-28T15:20:00+00:00,740.565,741.11,740.565,741.07,3644,regular,False
2026-07-28T15:20:00+00:00,741.01,741.02,740.96,741.02,165,regular,False
2026-07-28T15:20:00+00:00,741.0,741.0,741.0,741.0,100,regular,False
2026-07-28T15:21:00+00:00,740.97,741.13,740.83,741.01,6917,regular,False
2026-07-28T15:21:00+00:00,741.0,741.0,741.0,741.0,10,regular,False
2026-07-28T15:21:00+00:00,740.99,740.99,740.99,740.99,485,regular,False
2026-07-28T15:22:00+00:00,741.0,741.0,741.0,741.0,11,regular,False
2026-07-28T15:22:00+00:00,741.12,741.22,740.84,740.9,3814,regular,False
2026-07-28T15:23:00+00:00,740.97,741.15,740.95,741.08,4732,regular,False
2026-07-28T15:23:00+00:00,741.15,741.16,741.09,741.09,212,regular,False
2026-07-28T15:23:00+00:00,741.02,741.16,741.02,741.08,604,regular,False
2026-07-28T15:24:00+00:00,741.07,741.36,741.03,741.33,3397,regular,False
2026-07-28T15:24:00+00:00,741.15,741.15,741.15,741.15,277,regular,False
2026-07-28T15:25:00+00:00,741.34,741.535,741.32,741.375,2134,regular,False
2026-07-28T15:25:00+00:00,741.5,741.5,741.5,741.5,10,regular,False
2026-07-28T15:25:00+00:00,741.38,741.38,741.38,741.38,150,regular,False
2026-07-28T15:26:00+00:00,741.4,741.89,741.37,741.78,4957,regular,False
2026-07-28T15:26:00+00:00,741.73,741.73,741.73,741.73,40,regular,False
2026-07-28T15:27:00+00:00,741.65,741.65,741.65,741.65,436,regular,False
2026-07-28T15:27:00+00:00,741.76,741.78,741.29,741.33,6356,regular,False
2026-07-28T15:28:00+00:00,741.18,741.22,741.18,741.22,437,regular,False
2026-07-28T15:28:00+00:00,741.26,741.29,741.11,741.24,3613,regular,False
2026-07-28T15:29:00+00:00,741.24,741.24,741.15,741.23,528,regular,False
2026-07-28T15:29:00+00:00,741.3,741.31,741.06,741.23,2591,regular,False
2026-07-28T15:30:00+00:00,741.2,741.44,741.05,741.13,2771,regular,False
2026-07-28T15:31:00+00:00,741.05,741.19,741.0,741.19,1951,regular,False
2026-07-28T15:32:00+00:00,741.32,741.32,741.32,741.32,30,regular,False
2026-07-28T15:32:00+00:00,741.18,741.285,741.15,741.18,2147,regular,False
2026-07-28T15:33:00+00:00,741.135,741.38,741.135,741.38,1353,regular,False
2026-07-28T15:34:00+00:00,741.44,741.48,741.23,741.26,2033,regular,False
2026-07-28T15:35:00+00:00,741.35,741.35,741.35,741.35,10,regular,False
2026-07-28T15:35:00+00:00,741.295,741.51,741.29,741.51,1257,regular,False
2026-07-28T15:36:00+00:00,741.54,741.7,741.54,741.62,642,regular,False
2026-07-28T15:37:00+00:00,741.54,741.54,741.54,741.54,5,regular,False
2026-07-28T15:37:00+00:00,741.6,741.735,741.48,741.735,964,regular,False
2026-07-28T15:38:00+00:00,741.74,741.74,741.74,741.74,200,regular,False
2026-07-28T15:38:00+00:00,741.85,741.85,741.85,741.85,10,regular,False
2026-07-28T15:38:00+00:00,741.76,741.87,741.69,741.725,3454,regular,False
2026-07-28T15:39:00+00:00,741.74,741.76,741.6,741.65,1453,regular,False
2026-07-28T15:40:00+00:00,741.61,741.61,741.61,741.61,36500,regular,False
2026-07-28T15:40:00+00:00,741.58,741.69,741.46,741.555,1492,regular,False
2026-07-28T15:41:00+00:00,741.58,741.785,741.57,741.73,878,regular,False
2026-07-28T15:42:00+00:00,741.58,741.58,741.58,741.58,3,regular,False
2026-07-28T15:42:00+00:00,741.64,741.7,741.56,741.68,1788,regular,False
2026-07-28T15:43:00+00:00,741.595,741.905,741.595,741.89,1974,regular,False
2026-07-28T15:44:00+00:00,741.94,742.09,741.94,742.07,5555,regular,False
2026-07-28T15:45:00+00:00,742.065,742.22,741.98,742.06,3207,regular,False
2026-07-28T15:45:00+00:00,742.16,742.16,742.16,742.16,80,regular,False
2026-07-28T15:45:00+00:00,742.1,742.1,742.1,742.1,160,regular,False
2026-07-28T15:46:00+00:00,742.16,742.16,742.16,742.16,80,regular,False
2026-07-28T15:46:00+00:00,742.055,742.27,742.04,742.27,3151,regular,False
2026-07-28T15:47:00+00:00,742.24,742.24,742.24,742.24,80,regular,False
2026-07-28T15:47:00+00:00,742.24,742.24,742.24,742.24,120,regular,False
2026-07-28T15:47:00+00:00,742.25,742.275,742.17,742.17,1887,regular,False
2026-07-28T15:48:00+00:00,742.19,742.37,742.19,742.34,2520,regular,False
2026-07-28T15:49:00+00:00,742.41,742.41,742.4,742.4,120,regular,False
2026-07-28T15:49:00+00:00,742.4,742.4,742.35,742.35,160,regular,False
2026-07-28T15:49:00+00:00,742.39,742.43,742.27,742.325,2753,regular,False
2026-07-28T15:50:00+00:00,741.91,741.91,741.91,741.91,40,regular,False
2026-07-28T15:50:00+00:00,742.33,742.35,741.86,741.875,5461,regular,False
2026-07-28T15:51:00+00:00,741.86,742.025,741.8,742.025,958,regular,False
2026-07-28T15:51:00+00:00,741.86,741.87,741.86,741.87,120,regular,False
2026-07-28T15:51:00+00:00,741.87,741.87,741.87,741.87,80,regular,False
2026-07-28T15:52:00+00:00,741.96,742.07,741.88,742.07,1639,regular,False
2026-07-28T15:53:00+00:00,742.09,742.23,742.09,742.23,160,regular,False
2026-07-28T15:53:00+00:00,742.09,742.09,742.09,742.09,80,regular,False
2026-07-28T15:53:00+00:00,742.1,742.41,742.09,742.36,4530,regular,False
2026-07-28T15:54:00+00:00,742.23,742.23,742.05,742.05,200,regular,False
2026-07-28T15:54:00+00:00,742.32,742.34,742.03,742.05,1517,regular,False
2026-07-28T15:55:00+00:00,741.92,741.92,741.92,741.92,100,regular,False
2026-07-28T15:55:00+00:00,742.02,742.02,742.02,742.02,3,regular,False
2026-07-28T15:55:00+00:00,742.06,742.1,741.8,741.87,2216,regular,False
2026-07-28T15:56:00+00:00,742.0,742.0,742.0,742.0,2,regular,False
2026-07-28T15:56:00+00:00,741.84,742.14,741.84,742.11,944,regular,False
2026-07-28T15:57:00+00:00,742.17,742.25,742.1,742.25,773,regular,False
2026-07-28T15:58:00+00:00,742.21,742.21,742.21,742.21,80,regular,False
2026-07-28T15:58:00+00:00,742.23,742.26,742.23,742.26,61,regular,False
2026-07-28T15:58:00+00:00,742.36,742.36,742.14,742.18,1140,regular,False
2026-07-28T15:59:00+00:00,742.12,742.12,742.12,742.12,160,regular,False
2026-07-28T15:59:00+00:00,742.17,742.235,742.13,742.18,674,regular,False
2026-07-28T16:00:00+00:00,742.215,742.325,742.0,742.325,3915,regular,False
2026-07-28T16:01:00+00:00,742.28,742.33,742.19,742.19,1943,regular,False
2026-07-28T16:01:00+00:00,742.3,742.3,742.23,742.23,220,regular,False
2026-07-28T16:02:00+00:00,742.26,742.28,742.05,742.05,811,regular,False
2026-07-28T16:02:00+00:00,742.26,742.26,742.26,742.26,80,regular,False
2026-07-28T16:03:00+00:00,742.06,742.13,741.99,742.13,1028,regular,False
2026-07-28T16:03:00+00:00,742.15,742.15,742.15,742.15,80,regular,False
2026-07-28T16:04:00+00:00,742.12,742.12,741.93,742.015,486,regular,False
2026-07-28T16:04:00+00:00,742.08,742.08,742.0,742.01,122,regular,False
2026-07-28T16:05:00+00:00,742.02,742.02,742.02,742.02,80,regular,False
2026-07-28T16:05:00+00:00,742.04,742.19,742.03,742.05,832,regular,False
2026-07-28T16:06:00+00:00,742.04,742.12,741.92,742.09,845,regular,False
2026-07-28T16:07:00+00:00,741.965,741.965,741.72,741.72,2088,regular,False
2026-07-28T16:07:00+00:00,741.78,741.78,741.78,741.78,13,regular,False
2026-07-28T16:08:00+00:00,741.71,741.74,741.59,741.62,10813,regular,False
2026-07-28T16:09:00+00:00,741.62,741.71,741.57,741.57,3020,regular,False
2026-07-28T16:10:00+00:00,741.63,741.63,741.63,741.63,80,regular,False
2026-07-28T16:10:00+00:00,741.62,741.655,741.49,741.53,6435,regular,False
2026-07-28T16:11:00+00:00,741.53,741.76,741.515,741.75,8793,regular,False
2026-07-28T16:12:00+00:00,741.68,741.68,741.68,741.68,80,regular,False
2026-07-28T16:12:00+00:00,741.77,741.775,741.63,741.77,2446,regular,False
2026-07-28T16:13:00+00:00,741.78,741.78,741.78,741.78,80,regular,False
2026-07-28T16:13:00+00:00,741.78,741.83,741.56,741.56,916,regular,False
2026-07-28T16:14:00+00:00,741.55,741.55,741.55,741.55,150,regular,False
2026-07-28T16:14:00+00:00,741.55,741.595,741.5,741.595,733,regular,False
2026-07-28T16:14:00+00:00,741.55,741.55,741.55,741.55,80,regular,False
2026-07-28T16:15:00+00:00,741.63,741.73,741.48,741.57,830,regular,False
2026-07-28T16:16:00+00:00,741.55,741.55,741.55,741.55,80,regular,False
2026-07-28T16:16:00+00:00,741.5,741.525,741.405,741.43,1135,regular,False
2026-07-28T16:17:00+00:00,741.43,741.43,741.43,741.43,80,regular,False
2026-07-28T16:17:00+00:00,741.49,741.49,741.49,741.49,120,regular,False
2026-07-28T16:17:00+00:00,741.42,741.57,741.42,741.425,1959,regular,False
2026-07-28T16:18:00+00:00,741.42,741.54,741.32,741.39,3270,regular,False
2026-07-28T16:19:00+00:00,741.4,741.77,741.4,741.77,906,regular,False
2026-07-28T16:20:00+00:00,741.96,742.045,741.82,741.935,2986,regular,False
2026-07-28T16:20:00+00:00,741.94,741.94,741.94,741.94,6,regular,False
2026-07-28T16:21:00+00:00,741.935,741.935,741.72,741.855,1316,regular,False
2026-07-28T16:21:00+00:00,741.89,741.89,741.89,741.89,21,regular,False
2026-07-28T16:22:00+00:00,741.85,741.86,741.67,741.67,674,regular,False
2026-07-28T16:23:00+00:00,741.53,741.56,741.44,741.48,3457,regular,False
2026-07-28T16:24:00+00:00,741.375,741.49,741.31,741.44,1207,regular,False
2026-07-28T16:25:00+00:00,741.57,741.57,741.57,741.57,40,regular,False
2026-07-28T16:25:00+00:00,741.47,741.495,741.41,741.495,997,regular,False
2026-07-28T16:26:00+00:00,741.55,741.6,741.43,741.43,503,regular,False
2026-07-28T16:27:00+00:00,741.49,741.535,741.35,741.37,4409,regular,False
2026-07-28T16:28:00+00:00,741.49,741.49,741.49,741.49,40,regular,False
2026-07-28T16:28:00+00:00,741.445,741.47,741.37,741.37,436,regular,False
2026-07-28T16:29:00+00:00,741.37,741.44,741.3,741.3,422,regular,False
2026-07-28T16:29:00+00:00,741.3,741.3,741.3,741.3,473,regular,False
2026-07-28T16:30:00+00:00,741.2,741.2,740.99,741.02,879,regular,False
2026-07-28T16:31:00+00:00,740.95,741.03,740.92,741.02,1227,regular,False
2026-07-28T16:32:00+00:00,741.1,741.1,741.1,741.1,40,regular,False
2026-07-28T16:32:00+00:00,741.045,741.25,740.975,741.245,1106,regular,False
2026-07-28T16:33:00+00:00,741.28,741.37,741.11,741.11,308,regular,False
2026-07-28T16:34:00+00:00,741.28,741.28,741.18,741.18,161,regular,False
2026-07-28T16:34:00+00:00,741.08,741.27,741.08,741.1,105,regular,False
2026-07-28T16:35:00+00:00,741.19,741.19,741.19,741.19,1,regular,False
2026-07-28T16:35:00+00:00,741.21,741.3,741.21,741.26,544,regular,False
2026-07-28T16:36:00+00:00,741.22,741.22,741.11,741.15,1205,regular,False
2026-07-28T16:37:00+00:00,741.11,741.11,741.11,741.11,160,regular,False
2026-07-28T16:37:00+00:00,741.165,741.19,741.11,741.19,3291,regular,False
2026-07-28T16:38:00+00:00,741.28,741.625,741.18,741.575,1049,regular,False
2026-07-28T16:38:00+00:00,741.61,741.61,741.61,741.61,40,regular,False
2026-07-28T16:39:00+00:00,741.57,741.79,741.52,741.79,2241,regular,False
2026-07-28T16:40:00+00:00,741.79,741.88,741.73,741.73,933,regular,False
2026-07-28T16:40:00+00:00,741.8,741.8,741.8,741.8,10,regular,False
2026-07-28T16:41:00+00:00,741.84,741.84,741.84,741.84,40,regular,False
2026-07-28T16:41:00+00:00,741.82,742.0,741.75,741.99,1660,regular,False
2026-07-28T16:42:00+00:00,741.92,741.92,741.82,741.82,923,regular,False
2026-07-28T16:42:00+00:00,742.02,742.035,741.81,741.82,950,regular,False
2026-07-28T16:43:00+00:00,741.94,742.085,741.94,742.085,582,regular,False
2026-07-28T16:43:00+00:00,742.01,742.03,741.99,742.03,539,regular,False
2026-07-28T16:44:00+00:00,742.11,742.115,741.86,741.95,4868,regular,False
2026-07-28T16:44:00+00:00,742.11,742.11,742.0,742.0,120,regular,False
2026-07-28T16:45:00+00:00,741.95,741.95,741.95,741.95,80,regular,False
2026-07-28T16:45:00+00:00,742.015,742.03,741.79,741.81,5558,regular,False
2026-07-28T16:45:00+00:00,741.97,741.97,741.97,741.97,40,regular,False
2026-07-28T16:46:00+00:00,741.82,741.89,741.41,741.41,990,regular,False
2026-07-28T16:46:00+00:00,741.81,741.81,741.61,741.61,523,regular,False
2026-07-28T16:47:00+00:00,741.45,741.78,741.45,741.72,370,regular,False
2026-07-28T16:47:00+00:00,741.78,741.78,741.72,741.72,550,regular,False
2026-07-28T16:47:00+00:00,741.78,741.78,741.78,741.78,80,regular,False
2026-07-28T16:48:00+00:00,741.71,741.74,741.57,741.57,1592,regular,False
2026-07-28T16:48:00+00:00,741.78,741.78,741.78,741.78,40,regular,False
2026-07-28T16:49:00+00:00,741.58,741.81,741.58,741.75,447,regular,False
2026-07-28T16:49:00+00:00,741.56,741.79,741.56,741.79,775,regular,False
2026-07-28T16:50:00+00:00,742.02,742.02,742.02,742.02,5,regular,False
2026-07-28T16:50:00+00:00,741.79,742.19,741.79,742.19,821,regular,False
2026-07-28T16:50:00+00:00,741.795,742.2,741.79,742.19,1451,regular,False
2026-07-28T16:51:00+00:00,742.46,742.46,742.46,742.46,50,regular,False
2026-07-28T16:51:00+00:00,742.29,742.53,742.29,742.53,1228,regular,False
2026-07-28T16:51:00+00:00,742.43,742.43,742.43,742.43,40,regular,False
2026-07-28T16:52:00+00:00,742.5,742.5,742.45,742.47,974,regular,False
2026-07-28T16:52:00+00:00,742.54,742.545,742.43,742.46,1031,regular,False
2026-07-28T16:53:00+00:00,742.48,742.66,742.48,742.66,582,regular,False
2026-07-28T16:53:00+00:00,742.515,742.65,742.515,742.53,1282,regular,False
2026-07-28T16:53:00+00:00,742.6,742.6,742.6,742.6,17,regular,False
2026-07-28T16:54:00+00:00,742.62,742.62,742.62,742.62,40,regular,False
2026-07-28T16:54:00+00:00,742.55,742.64,742.54,742.56,838,regular,False
2026-07-28T16:55:00+00:00,742.58,742.62,742.48,742.61,1867,regular,False
2026-07-28T16:55:00+00:00,742.58,742.6,742.54,742.6,280,regular,False
2026-07-28T16:56:00+00:00,742.65,742.77,742.505,742.755,2715,regular,False
2026-07-28T16:56:00+00:00,742.64,742.64,742.64,742.64,40,regular,False
2026-07-28T16:57:00+00:00,742.64,742.64,742.64,742.64,80,regular,False
2026-07-28T16:57:00+00:00,742.74,742.74,742.565,742.585,1863,regular,False
2026-07-28T16:57:00+00:00,742.74,742.74,742.74,742.74,50,regular,False
2026-07-28T16:58:00+00:00,742.66,742.68,742.54,742.6,1106,regular,False
2026-07-28T16:59:00+00:00,742.59,742.65,742.57,742.61,1120,regular,False
2026-07-28T16:59:00+00:00,742.6,742.6,742.6,742.6,390,regular,False
2026-07-28T17:00:00+00:00,742.6,742.66,742.6,742.66,120,regular,False
2026-07-28T17:00:00+00:00,742.55,742.72,742.48,742.68,2980,regular,False
2026-07-28T17:01:00+00:00,742.68,742.72,742.68,742.72,160,regular,False
2026-07-28T17:01:00+00:00,742.68,742.68,742.68,742.68,80,regular,False
2026-07-28T17:01:00+00:00,742.72,742.77,742.61,742.61,1010,regular,False
2026-07-28T17:02:00+00:00,742.32,742.36,742.26,742.26,81,regular,False
2026-07-28T17:02:00+00:00,742.57,742.62,742.23,742.34,5533,regular,False
2026-07-28T17:02:00+00:00,742.6,742.6,742.39,742.39,184,regular,False
2026-07-28T17:03:00+00:00,742.29,742.29,742.29,742.29,20,regular,False
2026-07-28T17:03:00+00:00,742.34,742.34,742.34,742.34,40,regular,False
2026-07-28T17:03:00+00:00,742.33,742.34,742.14,742.195,3586,regular,False
2026-07-28T17:04:00+00:00,742.22,742.235,742.12,742.14,1440,regular,False
2026-07-28T17:05:00+00:00,742.07,742.33,742.07,742.15,602,regular,False
2026-07-28T17:05:00+00:00,742.13,742.29,742.13,742.29,120,regular,False
2026-07-28T17:06:00+00:00,742.07,742.17,742.07,742.17,120,regular,False
2026-07-28T17:06:00+00:00,742.25,742.25,741.91,742.17,290,regular,False
2026-07-28T17:06:00+00:00,742.16,742.31,741.88,742.17,3143,regular,False
2026-07-28T17:07:00+00:00,742.13,742.13,741.98,742.005,487,regular,False
2026-07-28T17:07:00+00:00,741.98,741.98,741.98,741.98,80,regular,False
2026-07-28T17:08:00+00:00,742.03,742.03,742.03,742.03,1,regular,False
2026-07-28T17:08:00+00:00,742.1,742.1,742.1,742.1,40,regular,False
2026-07-28T17:08:00+00:00,742.12,742.12,741.71,741.71,260,regular,False
2026-07-28T17:09:00+00:00,741.59,741.59,741.59,741.59,80,regular,False
2026-07-28T17:09:00+00:00,741.53,741.53,741.53,741.53,1,regular,False
2026-07-28T17:09:00+00:00,741.75,741.75,741.48,741.485,1468,regular,False
2026-07-28T17:10:00+00:00,741.35,741.35,741.28,741.34,165,regular,False
2026-07-28T17:10:00+00:00,741.46,741.46,741.19,741.38,887,regular,False
2026-07-28T17:11:00+00:00,741.43,741.63,741.36,741.6,1236,regular,False
2026-07-28T17:11:00+00:00,741.56,741.56,741.56,741.56,25,regular,False
2026-07-28T17:12:00+00:00,741.68,741.68,741.68,741.68,40,regular,False
2026-07-28T17:12:00+00:00,741.63,741.82,741.58,741.58,3605,regular,False
2026-07-28T17:13:00+00:00,741.56,741.56,741.25,741.26,631,regular,False
2026-07-28T17:14:00+00:00,741.26,741.34,741.23,741.34,1007,regular,False
2026-07-28T17:14:00+00:00,741.27,741.27,741.27,741.27,13,regular,False
2026-07-28T17:14:00+00:00,741.3,741.3,741.3,741.3,10,regular,False
2026-07-28T17:15:00+00:00,741.35,741.49,741.315,741.415,456,regular,False
2026-07-28T17:15:00+00:00,741.39,741.39,741.39,741.39,52,regular,False
2026-07-28T17:16:00+00:00,741.43,741.43,741.3,741.36,1450,regular,False
2026-07-28T17:17:00+00:00,741.36,741.36,741.1,741.1,812,regular,False
2026-07-28T17:17:00+00:00,741.32,741.32,741.32,741.32,40,regular,False
2026-07-28T17:18:00+00:00,741.13,741.21,741.13,741.21,730,regular,False
2026-07-28T17:19:00+00:00,741.25,741.25,741.25,741.25,20,regular,False
2026-07-28T17:19:00+00:00,741.18,741.3,741.18,741.28,1915,regular,False
2026-07-28T17:19:00+00:00,741.31,741.31,741.31,741.31,40,regular,False
2026-07-28T17:20:00+00:00,741.77,741.77,741.77,741.77,44,regular,False
2026-07-28T17:20:00+00:00,741.71,741.96,741.71,741.96,111,regular,False
2026-07-28T17:20:00+00:00,741.265,741.98,741.245,741.85,5317,regular,False
2026-07-28T17:21:00+00:00,742.06,742.06,741.88,741.88,9,regular,False
2026-07-28T17:21:00+00:00,742.02,742.18,741.6,741.6,2165,regular,False
2026-07-28T17:22:00+00:00,741.64,741.65,741.42,741.585,1341,regular,False
2026-07-28T17:22:00+00:00,741.53,741.53,741.53,741.53,40,regular,False
2026-07-28T17:23:00+00:00,741.56,741.77,741.56,741.65,908,regular,False
2026-07-28T17:23:00+00:00,741.6,741.6,741.6,741.6,10,regular,False
2026-07-28T17:24:00+00:00,741.665,741.665,741.44,741.44,296,regular,False
2026-07-28T17:25:00+00:00,741.33,741.33,741.19,741.25,260,regular,False
2026-07-28T17:25:00+00:00,741.32,741.34,741.14,741.23,1425,regular,False
2026-07-28T17:26:00+00:00,741.29,741.29,741.29,741.29,40,regular,False
2026-07-28T17:26:00+00:00,741.24,741.44,741.24,741.42,613,regular,False
2026-07-28T17:27:00+00:00,741.64,741.64,741.64,741.64,40,regular,False
2026-07-28T17:27:00+00:00,741.42,741.72,741.42,741.605,3178,regular,False
2026-07-28T17:28:00+00:00,741.555,741.69,741.47,741.47,1018,regular,False
2026-07-28T17:29:00+00:00,741.42,741.56,741.33,741.33,797,regular,False
2026-07-28T17:30:00+00:00,741.31,741.32,741.19,741.27,1405,regular,False
2026-07-28T17:31:00+00:00,741.28,741.28,741.13,741.18,1923,regular,False
2026-07-28T17:32:00+00:00,741.21,741.21,741.145,741.2,812,regular,False
2026-07-28T17:33:00+00:00,741.27,741.27,741.27,741.27,40,regular,False
2026-07-28T17:33:00+00:00,741.3,741.5,741.3,741.5,20,regular,False
2026-07-28T17:33:00+00:00,741.21,741.63,741.19,741.52,1839,regular,False
2026-07-28T17:34:00+00:00,741.555,741.83,741.555,741.79,1162,regular,False
2026-07-28T17:34:00+00:00,741.77,741.77,741.77,741.77,40,regular,False
2026-07-28T17:35:00+00:00,741.8,741.92,741.7,741.7,1376,regular,False
2026-07-28T17:35:00+00:00,741.92,741.92,741.92,741.92,40,regular,False
2026-07-28T17:35:00+00:00,741.79,741.79,741.78,741.78,190,regular,False
2026-07-28T17:36:00+00:00,741.72,741.72,741.72,741.72,40,regular,False
2026-07-28T17:36:00+00:00,741.65,741.65,741.65,741.65,10,regular,False
2026-07-28T17:36:00+00:00,741.68,741.745,741.64,741.64,1219,regular,False
2026-07-28T17:37:00+00:00,741.61,741.71,741.61,741.66,591,regular,False
2026-07-28T17:38:00+00:00,741.52,741.52,741.52,741.52,13,regular,False
2026-07-28T17:38:00+00:00,741.57,741.67,741.57,741.63,327,regular,False
2026-07-28T17:38:00+00:00,741.64,741.64,741.64,741.64,40,regular,False
2026-07-28T17:39:00+00:00,741.6,741.6,741.38,741.41,735,regular,False
2026-07-28T17:39:00+00:00,741.58,741.58,741.58,741.58,17,regular,False
2026-07-28T17:40:00+00:00,741.4,741.51,741.4,741.51,31,regular,False
2026-07-28T17:40:00+00:00,741.355,741.585,741.315,741.51,5576,regular,False
2026-07-28T17:41:00+00:00,741.45,741.45,741.19,741.19,1550,regular,False
2026-07-28T17:42:00+00:00,741.2,741.25,741.11,741.12,3640,regular,False
2026-07-28T17:42:00+00:00,741.21,741.21,741.21,741.21,40,regular,False
2026-07-28T17:43:00+00:00,741.1,741.1,741.1,741.1,2,regular,False
2026-07-28T17:43:00+00:00,741.12,741.12,740.81,740.84,3158,regular,False
2026-07-28T17:44:00+00:00,740.74,740.75,740.74,740.75,80,regular,False
2026-07-28T17:44:00+00:00,740.78,740.78,740.78,740.78,18,regular,False
2026-07-28T17:44:00+00:00,740.79,740.83,740.66,740.79,2927,regular,False
2026-07-28T17:45:00+00:00,740.81,740.87,740.81,740.87,120,regular,False
2026-07-28T17:45:00+00:00,740.84,740.96,740.67,740.735,1417,regular,False
2026-07-28T17:46:00+00:00,740.76,740.76,740.76,740.76,19,regular,False
2026-07-28T17:46:00+00:00,740.85,740.85,740.85,740.85,80,regular,False
2026-07-28T17:46:00+00:00,740.74,740.85,740.69,740.85,1261,regular,False
2026-07-28T17:47:00+00:00,740.96,740.96,740.95,740.95,84,regular,False
2026-07-28T17:47:00+00:00,740.86,740.995,740.7,740.75,1313,regular,False
2026-07-28T17:48:00+00:00,740.86,741.23,740.86,741.23,263,regular,False
2026-07-28T17:48:00+00:00,741.1,741.15,741.1,741.15,20,regular,False
2026-07-28T17:48:00+00:00,740.77,741.27,740.77,741.21,4777,regular,False
2026-07-28T17:49:00+00:00,741.19,741.35,741.06,741.32,2346,regular,False
2026-07-28T17:49:00+00:00,741.14,741.14,741.14,741.14,40,regular,False
2026-07-28T17:50:00+00:00,741.18,741.18,741.09,741.09,182,regular,False
2026-07-28T17:50:00+00:00,741.07,741.07,741.07,741.07,120,regular,False
2026-07-28T17:50:00+00:00,741.28,741.28,740.985,741.03,1439,regular,False
2026-07-28T17:51:00+00:00,741.02,741.03,740.85,740.92,1236,regular,False
2026-07-28T17:51:00+00:00,741.03,741.03,740.97,740.97,160,regular,False
2026-07-28T17:52:00+00:00,740.97,741.06,740.97,741.05,200,regular,False
2026-07-28T17:52:00+00:00,740.99,741.11,740.87,740.87,828,regular,False
2026-07-28T17:53:00+00:00,740.92,740.92,740.9,740.9,120,regular,False
2026-07-28T17:53:00+00:00,740.86,740.86,740.84,740.84,45,regular,False
2026-07-28T17:53:00+00:00,740.9,740.915,740.81,740.895,1281,regular,False
2026-07-28T17:54:00+00:00,740.9,740.9,740.77,740.77,160,regular,False
2026-07-28T17:54:00+00:00,740.89,740.93,740.69,740.76,1838,regular,False
2026-07-28T17:54:00+00:00,740.88,740.89,740.88,740.89,32,regular,False
2026-07-28T17:55:00+00:00,740.64,740.64,740.64,740.64,40,regular,False
2026-07-28T17:55:00+00:00,740.765,740.81,740.54,740.605,1948,regular,False
2026-07-28T17:55:00+00:00,740.82,740.82,740.76,740.76,120,regular,False
2026-07-28T17:56:00+00:00,740.66,740.66,740.66,740.66,40,regular,False
2026-07-28T17:56:00+00:00,740.6,740.91,740.6,740.88,4738,regular,False
2026-07-28T17:57:00+00:00,740.91,740.91,740.91,740.91,40,regular,False
2026-07-28T17:57:00+00:00,740.92,740.95,740.83,740.88,2174,regular,False
2026-07-28T17:58:00+00:00,740.8,740.94,740.795,740.94,1079,regular,False
2026-07-28T17:58:00+00:00,740.94,740.94,740.94,740.94,40,regular,False
2026-07-28T17:58:00+00:00,740.86,740.86,740.83,740.83,140,regular,False
2026-07-28T17:59:00+00:00,741.01,741.22,741.01,741.19,1250,regular,False
2026-07-28T18:00:00+00:00,741.21,741.5,741.05,741.4,1293,regular,False
2026-07-28T18:00:00+00:00,741.27,741.31,741.27,741.31,80,regular,False
2026-07-28T18:01:00+00:00,741.42,741.46,741.14,741.14,2969,regular,False
2026-07-28T18:01:00+00:00,741.44,741.44,741.3,741.33,80,regular,False
2026-07-28T18:02:00+00:00,741.3,741.3,741.3,741.3,40,regular,False
2026-07-28T18:02:00+00:00,741.18,741.32,741.03,741.07,1119,regular,False
2026-07-28T18:03:00+00:00,741.16,741.19,741.16,741.19,120,regular,False
2026-07-28T18:03:00+00:00,741.14,741.14,741.14,741.14,48,regular,False
2026-07-28T18:03:00+00:00,741.14,741.24,741.14,741.205,594,regular,False
2026-07-28T18:04:00+00:00,741.04,741.04,741.04,741.04,12,regular,False
2026-07-28T18:04:00+00:00,741.13,741.13,741.08,741.1,160,regular,False
2026-07-28T18:04:00+00:00,741.13,741.21,741.03,741.21,852,regular,False
2026-07-28T18:05:00+00:00,741.19,741.26,741.03,741.06,1272,regular,False
2026-07-28T18:06:00+00:00,741.08,741.08,740.94,741.0,173,regular,False
2026-07-28T18:06:00+00:00,741.075,741.09,740.93,741.02,1807,regular,False
2026-07-28T18:06:00+00:00,741.06,741.06,741.06,741.06,25,regular,False
2026-07-28T18:07:00+00:00,740.85,740.85,740.85,740.85,21,regular,False
2026-07-28T18:07:00+00:00,740.93,740.95,740.83,740.86,1508,regular,False
2026-07-28T18:07:00+00:00,740.98,740.98,740.9,740.9,200,regular,False
2026-07-28T18:08:00+00:00,740.81,740.89,740.81,740.89,200,regular,False
2026-07-28T18:08:00+00:00,740.81,740.91,740.8,740.8,1434,regular,False
2026-07-28T18:08:00+00:00,740.86,740.86,740.86,740.86,40,regular,False
2026-07-28T18:09:00+00:00,740.81,740.81,740.81,740.81,40,regular,False
2026-07-28T18:09:00+00:00,740.79,740.86,740.79,740.855,1228,regular,False
2026-07-28T18:09:00+00:00,740.8,740.86,740.8,740.86,360,regular,False
2026-07-28T18:10:00+00:00,740.76,740.88,740.76,740.88,232,regular,False
2026-07-28T18:10:00+00:00,740.865,740.91,740.71,740.71,2473,regular,False
2026-07-28T18:10:00+00:00,740.83,740.84,740.79,740.79,120,regular,False
2026-07-28T18:11:00+00:00,740.73,740.73,740.73,740.73,40,regular,False
2026-07-28T18:11:00+00:00,740.76,740.78,740.57,740.61,1692,regular,False
2026-07-28T18:11:00+00:00,740.76,740.78,740.58,740.61,280,regular,False
2026-07-28T18:12:00+00:00,740.6,740.725,740.56,740.725,3620,regular,False
2026-07-28T18:12:00+00:00,740.66,740.66,740.66,740.66,40,regular,False
2026-07-28T18:13:00+00:00,740.74,740.77,740.45,740.61,1967,regular,False
2026-07-28T18:13:00+00:00,740.52,740.58,740.52,740.58,160,regular,False
2026-07-28T18:14:00+00:00,740.57,740.57,740.47,740.47,160,regular,False
2026-07-28T18:14:00+00:00,740.57,740.585,740.42,740.455,472,regular,False
2026-07-28T18:15:00+00:00,740.53,740.61,740.53,740.61,166,regular,False
2026-07-28T18:15:00+00:00,740.455,740.74,740.44,740.725,1319,regular,False
2026-07-28T18:15:00+00:00,740.49,740.58,740.49,740.58,80,regular,False
2026-07-28T18:16:00+00:00,740.65,740.65,740.65,740.65,40,regular,False
2026-07-28T18:16:00+00:00,740.705,740.76,740.56,740.76,733,regular,False
2026-07-28T18:17:00+00:00,740.75,740.75,740.46,740.58,2005,regular,False
2026-07-28T18:17:00+00:00,740.65,740.65,740.65,740.65,80,regular,False
2026-07-28T18:18:00+00:00,740.63,740.7,740.57,740.695,597,regular,False
2026-07-28T18:19:00+00:00,740.62,740.775,740.615,740.775,1488,regular,False
2026-07-28T18:20:00+00:00,740.82,740.82,740.82,740.82,40,regular,False
2026-07-28T18:20:00+00:00,740.72,740.94,740.68,740.94,1699,regular,False
2026-07-28T18:21:00+00:00,740.93,740.93,740.7,740.71,903,regular,False
2026-07-28T18:22:00+00:00,740.73,740.81,740.66,740.81,429,regular,False
2026-07-28T18:22:00+00:00,740.78,740.78,740.78,740.78,40,regular,False
2026-07-28T18:23:00+00:00,740.89,740.89,740.59,740.63,82,regular,False
2026-07-28T18:23:00+00:00,740.87,740.87,740.53,740.61,681,regular,False
2026-07-28T18:24:00+00:00,740.56,740.56,740.56,740.56,280,regular,False
2026-07-28T18:24:00+00:00,740.605,740.69,740.53,740.53,580,regular,False
2026-07-28T18:25:00+00:00,740.53,740.64,740.49,740.6,1357,regular,False
2026-07-28T18:26:00+00:00,740.6,740.6,740.6,740.6,90,regular,False
2026-07-28T18:26:00+00:00,740.64,740.64,740.59,740.59,81,regular,False
2026-07-28T18:26:00+00:00,740.63,740.67,740.57,740.63,745,regular,False
2026-07-28T18:27:00+00:00,740.56,740.63,740.515,740.585,1928,regular,False
2026-07-28T18:28:00+00:00,740.64,740.65,740.43,740.53,2213,regular,False
2026-07-28T18:28:00+00:00,740.61,740.61,740.61,740.61,40,regular,False
2026-07-28T18:28:00+00:00,740.61,740.61,740.61,740.61,40,regular,False
2026-07-28T18:29:00+00:00,740.55,740.605,740.49,740.51,1893,regular,False
2026-07-28T18:29:00+00:00,740.53,740.53,740.53,740.53,80,regular,False
2026-07-28T18:29:00+00:00,740.58,740.58,740.53,740.53,93,regular,False
2026-07-28T18:30:00+00:00,740.65,740.7,740.65,740.7,200,regular,False
2026-07-28T18:30:00+00:00,740.61,740.76,740.52,740.67,2102,regular,False
2026-07-28T18:30:00+00:00,740.71,740.71,740.71,740.71,40,regular,False
2026-07-28T18:31:00+00:00,740.61,740.61,740.61,740.61,40,regular,False
2026-07-28T18:31:00+00:00,740.65,740.67,740.53,740.58,493,regular,False
2026-07-28T18:32:00+00:00,740.6,740.6,740.6,740.6,180,regular,False
2026-07-28T18:32:00+00:00,740.59,740.67,740.52,740.605,2024,regular,False
2026-07-28T18:32:00+00:00,740.68,740.68,740.65,740.65,240,regular,False
2026-07-28T18:33:00+00:00,740.71,740.71,740.71,740.71,40,regular,False
2026-07-28T18:33:00+00:00,740.655,740.9,740.63,740.86,1663,regular,False
2026-07-28T18:34:00+00:00,741.0,741.0,741.0,741.0,40,regular,False
2026-07-28T18:34:00+00:00,740.89,741.0,740.89,740.9,360,regular,False
2026-07-28T18:34:00+00:00,740.93,741.02,740.86,740.93,897,regular,False
2026-07-28T18:35:00+00:00,740.77,740.77,740.77,740.77,80,regular,False
2026-07-28T18:35:00+00:00,740.9,740.93,740.76,740.86,1843,regular,False
2026-07-28T18:36:00+00:00,740.84,740.84,740.84,740.84,1,regular,False
2026-07-28T18:36:00+00:00,740.92,740.94,740.75,740.82,1483,regular,False
2026-07-28T18:37:00+00:00,740.85,740.98,740.85,740.98,351,regular,False
2026-07-28T18:37:00+00:00,740.85,740.99,740.83,740.93,1458,regular,False
2026-07-28T18:38:00+00:00,740.93,741.11,740.93,741.03,826,regular,False
2026-07-28T18:38:00+00:00,740.98,741.04,740.95,741.04,88,regular,False
2026-07-28T18:39:00+00:00,741.01,741.01,741.01,741.01,9,regular,False
2026-07-28T18:39:00+00:00,741.01,741.01,740.775,740.82,173,regular,False
2026-07-28T18:40:00+00:00,740.75,740.75,740.66,740.66,240,regular,False
2026-07-28T18:40:00+00:00,740.86,740.86,740.62,740.65,513,regular,False
2026-07-28T18:41:00+00:00,740.67,740.67,740.67,740.67,80,regular,False
2026-07-28T18:41:00+00:00,740.66,740.66,740.65,740.65,161,regular,False
2026-07-28T18:41:00+00:00,740.66,740.72,740.64,740.67,560,regular,False
2026-07-28T18:42:00+00:00,740.66,740.66,740.66,740.66,40,regular,False
2026-07-28T18:42:00+00:00,740.64,740.7,740.56,740.6,6138,regular,False
2026-07-28T18:43:00+00:00,740.71,740.71,740.71,740.71,120,regular,False
2026-07-28T18:43:00+00:00,740.63,740.745,740.565,740.745,757,regular,False
2026-07-28T18:44:00+00:00,740.77,740.87,740.65,740.78,1828,regular,False
2026-07-28T18:45:00+00:00,740.83,741.02,740.76,741.02,2024,regular,False
2026-07-28T18:45:00+00:00,740.73,740.8,740.73,740.8,400,regular,False
2026-07-28T18:46:00+00:00,741.06,741.09,741.06,741.09,491,regular,False
2026-07-28T18:46:00+00:00,741.04,741.16,740.97,741.15,2008,regular,False
2026-07-28T18:47:00+00:00,741.27,741.39,741.27,741.285,2317,regular,False
2026-07-28T18:48:00+00:00,741.275,741.315,741.16,741.235,2644,regular,False
2026-07-28T18:48:00+00:00,741.29,741.3,741.29,741.3,547,regular,False
2026-07-28T18:49:00+00:00,741.22,741.22,741.22,741.22,280,regular,False
2026-07-28T18:49:00+00:00,741.205,741.3,741.18,741.235,3109,regular,False
2026-07-28T18:50:00+00:00,741.27,741.375,741.24,741.3,1957,regular,False
2026-07-28T18:50:00+00:00,741.37,741.37,741.37,741.37,40,regular,False
2026-07-28T18:51:00+00:00,741.47,741.47,741.47,741.47,505,regular,False
2026-07-28T18:51:00+00:00,741.38,741.51,741.37,741.38,3669,regular,False
2026-07-28T18:52:00+00:00,741.415,741.425,741.24,741.27,4927,regular,False
2026-07-28T18:53:00+00:00,741.32,741.345,741.17,741.195,2611,regular,False
2026-07-28T18:54:00+00:00,741.25,741.25,741.25,741.25,40,regular,False
2026-07-28T18:54:00+00:00,741.2,741.29,741.2,741.29,48,regular,False
2026-07-28T18:54:00+00:00,741.23,741.31,741.165,741.25,1041,regular,False
2026-07-28T18:55:00+00:00,741.28,741.38,741.1,741.38,3524,regular,False
2026-07-28T18:55:00+00:00,741.13,741.36,741.13,741.36,80,regular,False
2026-07-28T18:56:00+00:00,741.42,741.51,741.37,741.51,2010,regular,False
2026-07-28T18:56:00+00:00,741.41,741.43,741.41,741.41,479,regular,False
2026-07-28T18:57:00+00:00,741.46,741.57,741.41,741.53,587,regular,False
2026-07-28T18:58:00+00:00,741.49,741.59,741.46,741.49,902,regular,False
2026-07-28T18:58:00+00:00,741.53,741.53,741.53,741.53,40,regular,False
2026-07-28T18:59:00+00:00,741.49,741.49,741.49,741.49,80,regular,False
2026-07-28T18:59:00+00:00,741.5,741.55,741.46,741.46,780,regular,False
2026-07-28T19:00:00+00:00,741.75,741.75,741.75,741.75,6,regular,False
2026-07-28T19:00:00+00:00,741.455,741.79,741.455,741.64,1872,regular,False
2026-07-28T19:00:00+00:00,741.68,741.68,741.68,741.68,240,regular,False
2026-07-28T19:01:00+00:00,741.69,741.69,741.59,741.69,1265,regular,False
2026-07-28T19:01:00+00:00,741.7,741.7,741.7,741.7,13,regular,False
2026-07-28T19:02:00+00:00,741.69,741.725,741.625,741.71,2029,regular,False
2026-07-28T19:03:00+00:00,741.74,741.74,741.74,741.74,40,regular,False
2026-07-28T19:03:00+00:00,741.82,741.875,741.72,741.83,1230,regular,False
2026-07-28T19:03:00+00:00,741.72,741.72,741.72,741.72,160,regular,False
2026-07-28T19:04:00+00:00,741.8,741.8,741.8,741.8,160000,regular,False
2026-07-28T19:04:00+00:00,741.83,741.96,741.725,741.91,1430,regular,False
2026-07-28T19:05:00+00:00,741.89,741.93,741.76,741.93,1067,regular,False
2026-07-28T19:05:00+00:00,741.83,741.83,741.83,741.83,40,regular,False
2026-07-28T19:05:00+00:00,741.89,741.89,741.89,741.89,80,regular,False
2026-07-28T19:06:00+00:00,741.925,741.95,741.735,741.775,3713,regular,False
2026-07-28T19:06:00+00:00,741.78,741.78,741.78,741.78,40,regular,False
2026-07-28T19:07:00+00:00,741.79,741.81,741.78,741.78,535,regular,False
2026-07-28T19:07:00+00:00,741.78,741.89,741.71,741.71,942,regular,False
2026-07-28T19:08:00+00:00,741.66,741.68,741.47,741.47,4048,regular,False
2026-07-28T19:08:00+00:00,741.63,741.66,741.63,741.66,160,regular,False
2026-07-28T19:09:00+00:00,741.5,741.54,741.41,741.42,1327,regular,False
2026-07-28T19:09:00+00:00,741.43,741.43,741.43,741.43,40,regular,False
2026-07-28T19:10:00+00:00,741.43,741.47,741.43,741.47,50,regular,False
2026-07-28T19:10:00+00:00,741.455,741.595,741.43,741.43,1918,regular,False
2026-07-28T19:11:00+00:00,741.44,741.44,741.42,741.42,41,regular,False
2026-07-28T19:11:00+00:00,741.45,741.52,741.41,741.52,784,regular,False
2026-07-28T19:11:00+00:00,741.48,741.49,741.48,741.48,120,regular,False
2026-07-28T19:12:00+00:00,741.43,741.44,741.43,741.44,781,regular,False
2026-07-28T19:12:00+00:00,741.5,741.52,741.4,741.41,1612,regular,False
2026-07-28T19:12:00+00:00,741.53,741.53,741.53,741.53,40,regular,False
2026-07-28T19:13:00+00:00,741.45,741.45,741.45,741.45,40,regular,False
2026-07-28T19:13:00+00:00,741.42,741.42,741.38,741.38,120,regular,False
2026-07-28T19:13:00+00:00,741.43,741.505,741.35,741.48,1357,regular,False
2026-07-28T19:14:00+00:00,741.49,741.49,741.36,741.47,1399,regular,False
2026-07-28T19:14:00+00:00,741.46,741.46,741.44,741.44,246,regular,False
2026-07-28T19:15:00+00:00,741.48,741.48,741.37,741.37,122,regular,False
2026-07-28T19:15:00+00:00,741.46,741.46,741.38,741.38,58,regular,False
2026-07-28T19:15:00+00:00,741.46,741.58,741.41,741.43,2936,regular,False
2026-07-28T19:16:00+00:00,741.34,741.51,741.31,741.465,1900,regular,False
2026-07-28T19:16:00+00:00,741.4,741.49,741.4,741.48,480,regular,False
2026-07-28T19:17:00+00:00,741.47,741.5,741.45,741.45,90,regular,False
2026-07-28T19:17:00+00:00,741.47,741.53,741.38,741.465,8138,regular,False
2026-07-28T19:17:00+00:00,741.49,741.49,741.43,741.46,480,regular,False
2026-07-28T19:18:00+00:00,741.46,741.71,741.44,741.66,3558,regular,False
2026-07-28T19:18:00+00:00,741.45,741.67,741.45,741.66,1686,regular,False
2026-07-28T19:19:00+00:00,741.63,741.63,741.61,741.61,737,regular,False
2026-07-28T19:19:00+00:00,741.665,741.7,741.61,741.65,1731,regular,False
2026-07-28T19:20:00+00:00,741.64,741.64,741.5724,741.5724,101356,regular,False
2026-07-28T19:20:00+00:00,741.665,741.665,741.58,741.65,2816,regular,False
2026-07-28T19:21:00+00:00,741.68,741.68,741.59,741.59,387,regular,False
2026-07-28T19:21:00+00:00,741.65,741.69,741.54,741.59,2555,regular,False
2026-07-28T19:21:00+00:00,741.66,741.66,741.66,741.66,41,regular,False
2026-07-28T19:22:00+00:00,741.66,741.69,741.66,741.69,845,regular,False
2026-07-28T19:22:00+00:00,741.6,741.76,741.6,741.76,2378,regular,False
2026-07-28T19:23:00+00:00,741.74,741.82,741.73,741.76,1204,regular,False
2026-07-28T19:23:00+00:00,741.79,741.79,741.76,741.76,1272,regular,False
2026-07-28T19:24:00+00:00,741.7,741.79,741.7,741.79,670085,regular,False
2026-07-28T19:24:00+00:00,741.755,741.82,741.74,741.81,1383,regular,False
2026-07-28T19:24:00+00:00,741.76,741.76,741.76,741.76,1,regular,False
2026-07-28T19:25:00+00:00,741.84,741.84,741.67,741.67,596,regular,False
2026-07-28T19:25:00+00:00,741.81,741.845,741.635,741.64,6285,regular,False
2026-07-28T19:26:00+00:00,741.63,741.63,741.63,741.63,201,regular,False
2026-07-28T19:26:00+00:00,741.63,741.685,741.39,741.43,3763,regular,False
2026-07-28T19:26:00+00:00,741.68,741.68,741.68,741.68,26,regular,False
2026-07-28T19:27:00+00:00,741.42,741.43,741.36,741.43,331,regular,False
2026-07-28T19:27:00+00:00,741.415,741.45,741.36,741.425,5986,regular,False
2026-07-28T19:28:00+00:00,741.45,741.75,741.405,741.75,2743,regular,False
2026-07-28T19:29:00+00:00,741.73,741.77,741.62,741.68,1333,regular,False
2026-07-28T19:29:00+00:00,741.8,741.8,741.65,741.67,41,regular,False
2026-07-28T19:30:00+00:00,741.71,741.715,741.54,741.57,2148,regular,False
2026-07-28T19:30:00+00:00,741.45,741.68,741.45,741.68,50,regular,False
2026-07-28T19:31:00+00:00,741.61,741.61,741.55,741.55,93,regular,False
2026-07-28T19:31:00+00:00,741.575,741.67,741.54,741.575,2962,regular,False
2026-07-28T19:31:00+00:00,741.61,741.61,741.61,741.61,40,regular,False
2026-07-28T19:32:00+00:00,741.6,741.63,741.6,741.63,419,regular,False
2026-07-28T19:32:00+00:00,741.56,741.67,741.535,741.6,891,regular,False
2026-07-28T19:33:00+00:00,741.6,741.6,741.6,741.6,492,regular,False
2026-07-28T19:33:00+00:00,741.625,741.655,741.52,741.52,2465,regular,False
2026-07-28T19:34:00+00:00,741.49,741.57,741.47,741.55,1172,regular,False
2026-07-28T19:34:00+00:00,741.485,741.605,741.47,741.535,6302,regular,False
2026-07-28T19:35:00+00:00,741.53,741.53,741.28,741.28,86,regular,False
2026-07-28T19:35:00+00:00,741.535,741.555,741.24,741.265,5747,regular,False
2026-07-28T19:36:00+00:00,741.25,741.265,741.15,741.215,3443,regular,False
2026-07-28T19:36:00+00:00,741.17,741.2,741.17,741.2,282,regular,False
2026-07-28T19:37:00+00:00,741.1,741.1,741.1,741.1,1,regular,False
2026-07-28T19:37:00+00:00,741.185,741.2,741.09,741.16,5133,regular,False
2026-07-28T19:38:00+00:00,741.15,741.185,741.05,741.09,1765,regular,False
2026-07-28T19:38:00+00:00,741.15,741.15,741.11,741.12,948,regular,False
2026-07-28T19:39:00+00:00,741.15,741.15,741.05,741.05,293,regular,False
2026-07-28T19:39:00+00:00,741.13,741.18,740.94,741.01,2973,regular,False
2026-07-28T19:40:00+00:00,741.18,741.18,741.18,741.18,560,regular,False
2026-07-28T19:40:00+00:00,741.19,741.19,741.19,741.19,10,regular,False
2026-07-28T19:40:00+00:00,741.01,741.195,741.0,741.17,3221,regular,False
2026-07-28T19:41:00+00:00,741.09,741.1,741.04,741.04,910,regular,False
2026-07-28T19:41:00+00:00,741.115,741.185,741.045,741.185,2451,regular,False
2026-07-28T19:42:00+00:00,741.22,741.22,741.22,741.22,6,regular,False
2026-07-28T19:42:00+00:00,741.18,741.27,741.085,741.11,11998,regular,False
2026-07-28T19:43:00+00:00,741.1,741.31,741.1,741.28,4677,regular,False
2026-07-28T19:43:00+00:00,741.15,741.15,741.15,741.15,280,regular,False
2026-07-28T19:43:00+00:00,741.24,741.25,741.24,741.25,59,regular,False
2026-07-28T19:44:00+00:00,741.25,741.295,741.15,741.295,3697,regular,False
2026-07-28T19:44:00+00:00,741.16,741.16,741.16,741.16,6,regular,False
2026-07-28T19:45:00+00:00,741.285,741.33,740.975,740.975,3781,regular,False
2026-07-28T19:46:00+00:00,740.97,740.99,740.94,740.99,560,regular,False
2026-07-28T19:46:00+00:00,740.985,741.02,740.9,741.005,1891,regular,False
2026-07-28T19:46:00+00:00,740.94,740.94,740.94,740.94,109,regular,False
2026-07-28T19:47:00+00:00,741.03,741.09,741.02,741.09,1054,regular,False
2026-07-28T19:47:00+00:00,741.035,741.15,741.01,741.06,4293,regular,False
2026-07-28T19:47:00+00:00,741.13,741.13,741.13,741.13,68,regular,False
2026-07-28T19:48:00+00:00,741.06,741.15,741.01,741.055,4192,regular,False
2026-07-28T19:48:00+00:00,741.02,741.15,741.02,741.13,418,regular,False
2026-07-28T19:49:00+00:00,741.045,741.12,741.02,741.09,7805,regular,False
2026-07-28T19:49:00+00:00,741.12,741.12,741.12,741.12,140,regular,False
2026-07-28T19:50:00+00:00,741.11,741.14,740.96,741.01,3012,regular,False
2026-07-28T19:50:00+00:00,741.07,741.18,740.865,740.93,15940,regular,False
2026-07-28T19:51:00+00:00,740.95,740.95,740.91,740.92,680,regular,False
2026-07-28T19:51:00+00:00,740.92,740.94,740.89,740.94,130,regular,False
2026-07-28T19:51:00+00:00,740.895,740.96,740.85,740.89,6248,regular,False
2026-07-28T19:52:00+00:00,740.87,741.0,740.87,741.0,297,regular,False
2026-07-28T19:52:00+00:00,740.95,740.95,740.95,740.95,40,regular,False
2026-07-28T19:52:00+00:00,740.89,741.015,740.87,741.005,9319,regular,False
2026-07-28T19:53:00+00:00,741.16,741.16,741.16,741.16,456,regular,False
2026-07-28T19:53:00+00:00,741.04,741.18,740.97,741.18,5461,regular,False
2026-07-28T19:53:00+00:00,741.0,741.14,741.0,741.14,45,regular,False
2026-07-28T19:54:00+00:00,741.19,741.21,741.19,741.21,360,regular,False
2026-07-28T19:54:00+00:00,741.23,741.65,741.2,741.65,11880,regular,False
2026-07-28T19:55:00+00:00,741.63,741.63,741.0,741.19,8729,regular,False
2026-07-28T19:55:00+00:00,741.1,741.26,741.1,741.2,18570,regular,False
2026-07-28T19:55:00+00:00,741.16,741.28,741.16,741.245,200,regular,False
2026-07-28T19:56:00+00:00,741.185,741.35,741.1,741.16,13873,regular,False
2026-07-28T19:56:00+00:00,741.2,741.25,741.2,741.25,260,regular,False
2026-07-28T19:56:00+00:00,741.18,741.29,741.18,741.24,449,regular,False
2026-07-28T19:57:00+00:00,741.11,741.11,741.11,741.11,100,regular,False
2026-07-28T19:57:00+00:00,741.16,741.21,741.02,741.12,21554,regular,False
2026-07-28T19:57:00+00:00,741.06,741.12,741.06,741.12,438,regular,False
2026-07-28T19:58:00+00:00,741.1,741.1,741.1,741.1,33,regular,False
2026-07-28T19:58:00+00:00,741.16,741.16,741.13,741.13,106,regular,False
2026-07-28T19:58:00+00:00,741.12,741.205,741.04,741.065,51649,regular,False
2026-07-28T19:59:00+00:00,741.07,741.09,740.46,740.795,88048,regular,False
2026-07-28T19:59:00+00:00,740.9,741.0,740.5,740.76,2080,regular,False
2026-07-28T19:59:00+00:00,740.97,740.97,740.54,740.54,1638,regular,False
2026-07-28T20:00:00+00:00,740.575,740.86,740.575,740.79,112,after-market,False
2026-07-28T20:00:00+00:00,740.74,740.81,740.56,740.74,1468,after-market,False
2026-07-28T20:01:00+00:00,740.805,740.805,740.675,740.675,80,after-market,False
2026-07-28T20:01:00+00:00,740.76,740.76,740.71,740.71,800,after-market,False
2026-07-28T20:02:00+00:00,740.65,740.65,740.61,740.61,22,after-market,False
2026-07-28T20:03:00+00:00,740.585,740.585,740.585,740.585,16,after-market,False
2026-07-28T20:04:00+00:00,740.67,740.67,740.67,740.67,152,after-market,False
2026-07-28T20:04:00+00:00,740.675,740.68,740.675,740.68,18,after-market,False
2026-07-28T20:05:00+00:00,740.74,741.045,740.425,740.425,1068,after-market,False
2026-07-28T20:06:00+00:00,740.35,740.35,740.35,740.35,50,after-market,False
2026-07-28T20:06:00+00:00,740.37,740.41,740.37,740.41,32,after-market,False
2026-07-28T20:07:00+00:00,740.5,740.505,740.38,740.38,48,after-market,False
2026-07-28T20:08:00+00:00,740.41,740.62,740.4,740.615,612,after-market,False
2026-07-28T20:09:00+00:00,740.48,740.48,740.48,740.48,96,after-market,False
2026-07-28T20:09:00+00:00,740.37,740.37,740.37,740.37,1000000,after-market,False
2026-07-28T20:11:00+00:00,740.76,740.76,740.68,740.72,48,after-market,False
2026-07-28T20:13:00+00:00,741.05,741.05,741.05,741.05,16,after-market,False
2026-07-28T20:13:00+00:00,740.585,740.585,740.585,740.585,100000,after-market,False
2026-07-28T20:14:00+00:00,740.935,740.935,740.92,740.92,32,after-market,False
2026-07-28T20:15:00+00:00,740.94,740.94,740.94,740.94,16,after-market,False
2026-07-28T20:16:00+00:00,740.72,740.72,740.72,740.72,16,after-market,False
2026-07-28T20:17:00+00:00,740.81,740.82,740.81,740.82,516,after-market,False
2026-07-28T20:20:00+00:00,741.005,741.005,741.005,741.005,16,after-market,False
2026-07-28T20:21:00+00:00,740.89,740.89,740.89,740.89,500,after-market,False
2026-07-28T20:22:00+00:00,740.88,740.88,740.88,740.88,500,after-market,False
2026-07-28T20:23:00+00:00,740.795,740.795,740.795,740.795,16,after-market,False
2026-07-28T20:26:00+00:00,741.235,741.4,741.235,741.4,1016,after-market,False
2026-07-28T20:27:00+00:00,741.465,741.465,741.45,741.45,32,after-market,False
2026-07-28T20:28:00+00:00,741.43,741.43,741.43,741.43,33,after-market,False
2026-07-28T20:29:00+00:00,741.505,741.505,741.435,741.435,32,after-market,False
2026-07-28T20:30:00+00:00,741.43,741.43,741.43,741.43,16,after-market,False
2026-07-28T20:35:00+00:00,741.45,741.45,741.45,741.45,16,after-market,False
2026-07-28T20:36:00+00:00,741.41,741.41,741.41,741.41,16,after-market,False
2026-07-28T20:37:00+00:00,740.94,740.94,740.94,740.94,300,after-market,False
2026-07-28T20:37:00+00:00,741.01,741.085,740.835,741.085,556,after-market,False
2026-07-28T20:38:00+00:00,740.92,740.92,740.9,740.9,32,after-market,False
2026-07-28T20:40:00+00:00,740.88,740.88,740.88,740.88,16,after-market,False
2026-07-28T20:43:00+00:00,740.94,740.94,740.94,740.94,1,after-market,False
2026-07-28T20:50:00+00:00,740.87,740.87,740.87,740.87,16,after-market,False
2026-07-28T20:54:00+00:00,741.03,741.03,741.03,741.03,16,after-market,False
2026-07-28T20:57:00+00:00,741.035,741.035,741.035,741.035,32,after-market,False
2026-07-28T21:13:00+00:00,740.955,740.955,740.955,740.955,16,after-market,False
2026-07-28T21:22:00+00:00,740.95,740.95,740.95,740.95,1,after-market,False
2026-07-28T22:02:00+00:00,741.075,741.075,741.075,741.075,16,after-market,False
2026-07-28T22:03:00+00:00,741.13,741.29,741.13,741.29,1994,after-market,False
2026-07-28T22:04:00+00:00,741.295,741.31,741.295,741.31,26,after-market,False
2026-07-28T22:05:00+00:00,741.435,741.435,741.435,741.435,16,after-market,False
2026-07-28T22:05:00+00:00,741.37,741.45,741.37,741.44,900,after-market,False
2026-07-28T22:06:00+00:00,741.4,741.4,741.4,741.4,424,after-market,False
2026-07-28T22:08:00+00:00,741.56,741.56,741.56,741.56,81,after-market,False
2026-07-28T22:10:00+00:00,741.47,741.525,741.47,741.525,32,after-market,False
2026-07-28T22:13:00+00:00,741.16,741.2,740.91,740.91,3375,after-market,False
2026-07-28T22:13:00+00:00,741.05,741.05,741.05,741.05,71,after-market,False
2026-07-28T22:14:00+00:00,740.735,740.76,740.7,740.76,474,after-market,False
2026-07-28T22:14:00+00:00,740.9,740.9,740.9,740.9,200,after-market,False
2026-07-28T22:16:00+00:00,740.965,740.965,740.965,740.965,32,after-market,False
2026-07-28T22:18:00+00:00,740.55,740.55,740.55,740.55,300,after-market,False
2026-07-28T22:18:00+00:00,740.665,740.665,740.49,740.61,248,after-market,False
2026-07-28T22:19:00+00:00,740.56,740.56,740.56,740.56,233,after-market,False
2026-07-28T22:20:00+00:00,740.25,740.25,740.25,740.25,10,after-market,False
2026-07-28T22:20:00+00:00,740.3,740.3,740.3,740.3,280,after-market,False
2026-07-28T22:21:00+00:00,740.35,740.35,740.35,740.35,200,after-market,False
2026-07-28T22:21:00+00:00,740.445,740.445,740.365,740.365,11,after-market,False
2026-07-28T22:22:00+00:00,740.45,740.45,740.45,740.45,368,after-market,False
2026-07-28T22:23:00+00:00,740.36,740.36,740.36,740.36,16,after-market,False
2026-07-28T22:24:00+00:00,740.22,740.22,740.22,740.22,2,after-market,False
2026-07-28T22:25:00+00:00,740.24,740.24,740.24,740.24,16,after-market,False
2026-07-28T22:25:00+00:00,740.2,740.2,740.2,740.2,5,after-market,False
2026-07-28T22:28:00+00:00,740.36,740.36,740.36,740.36,200,after-market,False
2026-07-28T22:28:00+00:00,740.43,740.43,740.42,740.42,280,after-market,False
2026-07-28T22:29:00+00:00,740.45,740.45,740.45,740.45,300,after-market,False
2026-07-28T22:29:00+00:00,740.475,740.475,740.475,740.475,16,after-market,False
2026-07-28T22:32:00+00:00,740.025,740.025,740.025,740.025,19,after-market,False
2026-07-28T22:33:00+00:00,739.97,739.975,739.97,739.975,216,after-market,False
2026-07-28T22:34:00+00:00,739.8,739.8,739.8,739.8,2,after-market,False
2026-07-28T22:35:00+00:00,739.76,739.77,739.76,739.77,269,after-market,False
2026-07-28T22:36:00+00:00,740.17,740.18,740.17,740.18,900,after-market,False
2026-07-28T22:36:00+00:00,740.19,740.19,740.16,740.16,152,after-market,False
2026-07-28T22:37:00+00:00,739.87,739.87,739.87,739.87,300,after-market,False
2026-07-28T22:38:00+00:00,739.81,739.81,739.81,739.81,16,after-market,False
2026-07-28T22:40:00+00:00,739.62,739.62,739.62,739.62,280,after-market,False
2026-07-28T22:40:00+00:00,739.665,739.665,739.665,739.665,1,after-market,False
2026-07-28T22:41:00+00:00,739.625,739.625,739.625,739.625,1,after-market,False
2026-07-28T22:43:00+00:00,739.76,739.76,739.76,739.76,40,after-market,False
2026-07-28T22:44:00+00:00,739.56,739.6,739.56,739.6,32,after-market,False
2026-07-28T22:44:00+00:00,739.5,739.53,739.43,739.51,810,after-market,False
2026-07-28T22:45:00+00:00,739.43,739.43,739.43,739.43,1260,after-market,False
2026-07-28T22:46:00+00:00,739.45,739.45,739.45,739.45,1,after-market,False
2026-07-28T22:46:00+00:00,739.47,739.52,739.47,739.52,32,after-market,False
2026-07-28T22:48:00+00:00,739.36,739.585,739.36,739.585,803,after-market,False
2026-07-28T22:49:00+00:00,739.57,739.58,739.38,739.47,464,after-market,False
2026-07-28T22:50:00+00:00,739.48,739.5,739.36,739.49,272,after-market,False
2026-07-28T22:50:00+00:00,739.51,739.51,739.51,739.51,280,after-market,False
2026-07-28T22:51:00+00:00,739.51,739.51,739.51,739.51,16,after-market,False
2026-07-28T22:52:00+00:00,739.73,739.87,739.73,739.87,1500,after-market,False
2026-07-28T22:52:00+00:00,739.74,739.79,739.74,739.79,400,after-market,False
2026-07-28T22:53:00+00:00,739.34,739.41,739.34,739.41,19,after-market,False
2026-07-28T22:55:00+00:00,739.73,739.73,739.73,739.73,16,after-market,False
2026-07-28T22:57:00+00:00,739.7,739.7,739.7,739.7,16,after-market,False
2026-07-28T23:00:00+00:00,739.375,739.375,739.345,739.345,32,after-market,False
2026-07-28T23:01:00+00:00,739.42,739.42,739.42,739.42,3,after-market,False
2026-07-28T23:01:00+00:00,739.36,739.36,739.36,739.36,148,after-market,False
2026-07-28T23:02:00+00:00,739.31,739.31,739.31,739.31,300,after-market,False
2026-07-28T23:02:00+00:00,739.355,739.355,739.285,739.335,96,after-market,False
2026-07-28T23:06:00+00:00,740.02,740.02,739.98,739.98,32,after-market,False
2026-07-28T23:07:00+00:00,740.01,740.01,740.01,740.01,3,after-market,False
2026-07-28T23:09:00+00:00,739.5,739.5,739.5,739.5,16,after-market,False
2026-07-28T23:11:00+00:00,739.65,739.65,739.65,739.65,32,after-market,False
2026-07-28T23:12:00+00:00,740.065,740.14,740.065,740.125,208,after-market,False
2026-07-28T23:13:00+00:00,740.185,740.37,740.1,740.37,368,after-market,False
2026-07-28T23:14:00+00:00,740.67,740.67,740.62,740.63,590,after-market,False
2026-07-28T23:14:00+00:00,740.465,740.465,740.465,740.465,16,after-market,False
2026-07-28T23:16:00+00:00,740.2,740.225,740.2,740.22,36,after-market,False
2026-07-28T23:17:00+00:00,740.35,740.35,740.35,740.35,300,after-market,False
2026-07-28T23:17:00+00:00,740.495,740.495,740.46,740.46,32,after-market,False
2026-07-28T23:19:00+00:00,740.31,740.31,740.31,740.31,16,after-market,False
2026-07-28T23:21:00+00:00,740.485,740.485,740.485,740.485,1,after-market,False
2026-07-28T23:22:00+00:00,740.86,740.89,740.86,740.89,32,after-market,False
2026-07-28T23:22:00+00:00,740.56,740.56,740.56,740.56,1,after-market,False
2026-07-28T23:25:00+00:00,741.045,741.045,741.035,741.035,18,after-market,False
2026-07-28T23:27:00+00:00,741.215,741.215,741.195,741.195,20,after-market,False
2026-07-28T23:42:00+00:00,741.08,741.08,741.08,741.08,160,after-market,False
2026-07-28T23:44:00+00:00,742.06,742.32,742.06,742.32,64,after-market,False
2026-07-28T23:45:00+00:00,742.205,742.26,742.205,742.21,192,after-market,False
2026-07-28T23:48:00+00:00,742.78,742.82,742.78,742.79,48,after-market,False
2026-07-28T23:50:00+00:00,743.62,743.62,743.395,743.395,48,after-market,False
2026-07-28T23:51:00+00:00,743.375,743.375,743.3,743.3,56,after-market,False
2026-07-28T23:52:00+00:00,743.01,743.025,743.01,743.025,48,after-market,False
2026-07-28T23:54:00+00:00,743.105,743.11,743.105,743.11,29,after-market,False
2026-07-28T23:55:00+00:00,743.245,743.245,743.245,743.245,16,after-market,False
2026-07-28T23:56:00+00:00,743.18,743.275,743.18,743.275,10,after-market,False
2026-07-28T23:58:00+00:00,743.57,743.57,743.535,743.535,10,after-market,False
2026-07-28T23:59:00+00:00,743.5,743.6,743.5,743.6,22,after-market,False
2026-07-29T11:28:00+00:00,742.59,742.59,742.59,742.59,100,pre-market,False
2026-07-29T12:18:00+00:00,740.44,740.44,740.44,740.44,100,pre-market,False
2026-07-29T12:18:00+00:00,740.22,740.22,740.22,740.22,200,pre-market,False
2026-07-29T12:22:00+00:00,740.11,740.12,740.11,740.12,180,pre-market,False
2026-07-29T12:22:00+00:00,740.11,740.11,740.11,740.11,300,pre-market,False
2026-07-29T12:26:00+00:00,740.48,740.48,740.46,740.46,360,pre-market,False
2026-07-29T12:26:00+00:00,740.52,740.52,740.51,740.51,600,pre-market,False
2026-07-29T12:26:00+00:00,740.48,740.48,740.48,740.48,100,pre-market,False
2026-07-29T12:27:00+00:00,740.55,740.55,740.55,740.55,100,pre-market,False
2026-07-29T12:29:00+00:00,740.36,740.36,740.36,740.36,100,pre-market,False
2026-07-29T12:33:00+00:00,740.2,740.2,740.2,740.2,100,pre-market,False
2026-07-29T12:33:00+00:00,740.15,740.16,740.15,740.16,600,pre-market,False
2026-07-29T12:36:00+00:00,740.63,740.63,740.63,740.63,100,pre-market,False
2026-07-29T12:36:00+00:00,740.58,740.61,740.58,740.61,200,pre-market,False
2026-07-29T12:42:00+00:00,740.75,740.75,740.75,740.75,80,pre-market,False
2026-07-29T12:44:00+00:00,740.81,740.81,740.81,740.81,1,pre-market,False
2026-07-29T12:46:00+00:00,740.91,740.91,740.91,740.91,300,pre-market,False
2026-07-29T12:49:00+00:00,740.89,740.89,740.89,740.89,300,pre-market,False
2026-07-29T12:50:00+00:00,740.9,740.9,740.9,740.9,300,pre-market,False
2026-07-29T13:00:00+00:00,740.52,740.52,740.52,740.52,640,pre-market,False
2026-07-29T13:03:00+00:00,740.18,740.18,740.18,740.18,80,pre-market,False
2026-07-29T13:04:00+00:00,740.0,740.0,740.0,740.0,160,pre-market,False
2026-07-29T13:05:00+00:00,740.08,740.08,740.08,740.08,100,pre-market,False
2026-07-29T13:07:00+00:00,740.14,740.14,740.14,740.14,280,pre-market,False
2026-07-29T13:09:00+00:00,740.13,740.13,740.13,740.13,80,pre-market,False
2026-07-29T13:23:00+00:00,740.3,740.3,740.3,740.3,80,pre-market,False
2026-07-29T13:27:00+00:00,740.75,740.75,740.75,740.75,300,pre-market,False
2026-07-29T13:28:00+00:00,740.47,740.47,740.47,740.47,280,pre-market,False
2026-07-29T13:28:00+00:00,740.51,740.51,740.51,740.51,100,pre-market,False
2026-07-29T13:30:00+00:00,739.94,739.955,738.94,739.34,5522,regular,False
2026-07-29T13:30:00+00:00,739.95,739.95,739.29,739.29,549,regular,False
2026-07-29T13:30:00+00:00,739.63,739.63,739.63,739.63,97,regular,False
2026-07-29T13:31:00+00:00,739.43,739.54,738.83,738.83,1321,regular,False
2026-07-29T13:32:00+00:00,738.84,738.84,738.84,738.84,40,regular,False
2026-07-29T13:32:00+00:00,738.89,739.435,738.84,739.295,4394,regular,False
2026-07-29T13:33:00+00:00,739.7,739.7,739.2,739.2,4000,regular,False
2026-07-29T13:33:00+00:00,739.365,740.07,739.25,740.07,2138,regular,False
2026-07-29T13:34:00+00:00,740.235,740.37,739.955,740.1,2814,regular,False
2026-07-29T13:34:00+00:00,740.18,740.18,740.18,740.18,12,regular,False
2026-07-29T13:35:00+00:00,739.99,740.05,739.99,740.05,50,regular,False
2026-07-29T13:35:00+00:00,740.0,740.23,739.965,740.12,2662,regular,False
2026-07-29T13:36:00+00:00,740.0,740.0,740.0,740.0,10,regular,False
2026-07-29T13:36:00+00:00,740.065,740.17,739.765,740.02,4491,regular,False
2026-07-29T13:37:00+00:00,739.935,739.935,739.39,739.78,1373,regular,False
2026-07-29T13:38:00+00:00,739.85,739.97,739.2,739.31,3833,regular,False
2026-07-29T13:39:00+00:00,739.225,739.755,739.215,739.755,2432,regular,False
2026-07-29T13:40:00+00:00,739.94,740.01,739.49,739.89,6634,regular,False
2026-07-29T13:40:00+00:00,739.81,739.81,739.81,739.81,40,regular,False
2026-07-29T13:41:00+00:00,739.965,740.02,739.65,739.65,2694,regular,False
2026-07-29T13:42:00+00:00,739.82,739.82,739.43,739.645,2871,regular,False
2026-07-29T13:43:00+00:00,739.48,739.48,739.48,739.48,80,regular,False
2026-07-29T13:43:00+00:00,739.42,739.42,739.42,739.42,2,regular,False
2026-07-29T13:43:00+00:00,739.54,739.63,739.36,739.45,2868,regular,False
2026-07-29T13:44:00+00:00,739.54,739.68,739.54,739.63,2697,regular,False
2026-07-29T13:44:00+00:00,739.5195,739.5195,739.5195,739.5195,410000,regular,False
2026-07-29T13:45:00+00:00,739.66,740.17,739.66,739.855,2536,regular,False
2026-07-29T13:45:00+00:00,740.0,740.0,739.84,739.84,41,regular,False
2026-07-29T13:46:00+00:00,739.875,739.89,739.53,739.59,2254,regular,False
2026-07-29T13:46:00+00:00,739.63,739.63,739.63,739.63,1,regular,False
2026-07-29T13:47:00+00:00,739.51,739.51,739.1,739.11,202,regular,False
2026-07-29T13:47:00+00:00,739.04,739.04,739.04,739.04,40,regular,False
2026-07-29T13:47:00+00:00,739.55,739.57,739.03,739.175,4245,regular,False
2026-07-29T13:48:00+00:00,739.15,739.15,739.15,739.15,120,regular,False
2026-07-29T13:48:00+00:00,739.22,739.22,739.22,739.22,1,regular,False
2026-07-29T13:48:00+00:00,739.195,739.28,739.075,739.2,2851,regular,False
2026-07-29T13:49:00+00:00,739.05,739.05,738.92,738.92,120,regular,False
2026-07-29T13:49:00+00:00,739.24,739.34,738.9,739.16,2797,regular,False
2026-07-29T13:49:00+00:00,739.03,739.03,739.03,739.03,120,regular,False
2026-07-29T13:50:00+00:00,739.16,739.16,739.16,739.16,120,regular,False
2026-07-29T13:50:00+00:00,739.165,739.19,738.29,738.36,3917,regular,False
2026-07-29T13:51:00+00:00,738.22,738.22,738.08,738.08,46,regular,False
2026-07-29T13:51:00+00:00,738.24,738.27,737.875,737.875,2861,regular,False
2026-07-29T13:52:00+00:00,737.73,737.73,737.51,737.51,99,regular,False
2026-07-29T13:52:00+00:00,737.825,737.87,737.485,737.53,3620,regular,False
2026-07-29T13:53:00+00:00,737.56,737.97,737.465,737.97,3808,regular,False
2026-07-29T13:54:00+00:00,738.0,738.06,737.61,737.805,4378,regular,False
2026-07-29T13:55:00+00:00,737.78,737.78,737.055,737.26,4017,regular,False
2026-07-29T13:56:00+00:00,737.25,737.25,736.93,736.93,6623,regular,False
2026-07-29T13:57:00+00:00,736.9,736.9,736.79,736.79,31,regular,False
2026-07-29T13:57:00+00:00,736.75,737.0,736.75,737.0,83,regular,False
2026-07-29T13:57:00+00:00,736.89,737.09,736.63,737.06,4300,regular,False
2026-07-29T13:58:00+00:00,737.09,737.49,737.07,737.49,2885,regular,False
2026-07-29T13:58:00+00:00,737.08,737.32,737.08,737.32,322,regular,False
2026-07-29T13:59:00+00:00,737.4,737.4,737.4,737.4,10,regular,False
2026-07-29T13:59:00+00:00,737.48,737.61,737.05,737.44,5785,regular,False
2026-07-29T13:59:00+00:00,737.53,737.53,737.53,737.53,80,regular,False
2026-07-29T14:00:00+00:00,737.43,737.82,737.37,737.59,4221,regular,False
2026-07-29T14:00:00+00:00,737.72,737.72,737.72,737.72,80,regular,False
2026-07-29T14:01:00+00:00,737.71,737.71,737.4,737.5,2491,regular,False
2026-07-29T14:02:00+00:00,737.58,737.79,737.3732,737.79,410386,regular,False
2026-07-29T14:02:00+00:00,737.52,738.05,737.505,737.78,1708,regular,False
2026-07-29T14:02:00+00:00,737.7,737.74,737.7,737.74,160,regular,False
2026-07-29T14:03:00+00:00,737.8,737.8,737.8,737.8,1,regular,False
2026-07-29T14:03:00+00:00,737.755,737.96,737.53,737.53,2718,regular,False
2026-07-29T14:04:00+00:00,737.73,737.73,737.73,737.73,100,regular,False
2026-07-29T14:04:00+00:00,737.63,737.63,737.63,737.63,80,regular,False
2026-07-29T14:04:00+00:00,737.45,737.76,737.4,737.7,1481,regular,False
2026-07-29T14:05:00+00:00,737.88,737.88,737.88,737.88,3,regular,False
2026-07-29T14:05:00+00:00,737.835,738.29,737.835,737.875,3340,regular,False
2026-07-29T14:06:00+00:00,737.73,737.88,737.28,737.33,2251,regular,False
2026-07-29T14:07:00+00:00,737.305,737.305,736.92,736.95,1852,regular,False
2026-07-29T14:07:00+00:00,736.98,736.98,736.98,736.98,40,regular,False
2026-07-29T14:08:00+00:00,737.15,737.15,736.78,736.83,2028,regular,False
2026-07-29T14:09:00+00:00,736.85,736.85,736.85,736.85,4,regular,False
2026-07-29T14:09:00+00:00,737.01,737.045,736.79,736.84,1014,regular,False
2026-07-29T14:10:00+00:00,736.71,736.77,736.58,736.72,3621,regular,False
2026-07-29T14:10:00+00:00,736.64,736.77,736.64,736.69,190,regular,False
2026-07-29T14:10:00+00:00,736.56,736.75,736.56,736.72,480,regular,False
2026-07-29T14:11:00+00:00,736.77,737.04,736.77,737.04,276,regular,False
2026-07-29T14:11:00+00:00,736.97,736.97,736.97,736.97,11,regular,False
2026-07-29T14:11:00+00:00,736.78,736.99,736.71,736.915,4531,regular,False
2026-07-29T14:12:00+00:00,736.29,736.29,736.29,736.29,11,regular,False
2026-07-29T14:12:00+00:00,736.96,736.975,735.73,735.73,2250,regular,False
2026-07-29T14:12:00+00:00,736.22,736.22,735.77,735.77,121,regular,False
2026-07-29T14:13:00+00:00,735.53,735.56,735.11,735.24,728,regular,False
2026-07-29T14:13:00+00:00,735.56,735.56,735.11,735.24,804,regular,False
2026-07-29T14:13:00+00:00,735.745,735.745,735.15,735.375,6775,regular,False
2026-07-29T14:14:00+00:00,735.17,735.51,735.14,735.38,1400,regular,False
2026-07-29T14:14:00+00:00,735.37,735.55,735.15,735.39,4771,regular,False
2026-07-29T14:14:00+00:00,735.17,735.51,735.14,735.38,2314,regular,False
2026-07-29T14:15:00+00:00,735.395,735.76,735.375,735.695,4943,regular,False
2026-07-29T14:15:00+00:00,735.56,735.56,735.56,735.56,6,regular,False
2026-07-29T14:15:00+00:00,735.56,735.68,735.56,735.68,160,regular,False
2026-07-29T14:16:00+00:00,735.88,735.88,735.88,735.88,80,regular,False
2026-07-29T14:16:00+00:00,735.79,735.88,735.79,735.88,130,regular,False
2026-07-29T14:16:00+00:00,735.66,735.89,735.58,735.88,1241,regular,False
2026-07-29T14:17:00+00:00,735.905,736.0,735.52,735.61,2859,regular,False
2026-07-29T14:18:00+00:00,735.82,735.82,735.82,735.82,80,regular,False
2026-07-29T14:18:00+00:00,735.63,736.23,735.61,736.1,4030,regular,False
2026-07-29T14:19:00+00:00,736.06,736.06,736.06,736.06,80,regular,False
2026-07-29T14:19:00+00:00,736.1,736.135,736.02,736.02,120,regular,False
2026-07-29T14:19:00+00:00,736.05,736.155,735.785,735.81,1262,regular,False
2026-07-29T14:20:00+00:00,735.895,736.145,735.72,736.05,2613,regular,False
2026-07-29T14:21:00+00:00,736.06,736.06,736.06,736.06,80,regular,False
2026-07-29T14:21:00+00:00,736.09,736.25,735.91,736.22,2265,regular,False
2026-07-29T14:22:00+00:00,736.22,736.22,736.22,736.22,80,regular,False
2026-07-29T14:22:00+00:00,736.22,736.22,736.22,736.22,80,regular,False
2026-07-29T14:22:00+00:00,736.15,736.445,736.135,736.25,1543,regular,False
2026-07-29T14:23:00+00:00,736.25,736.42,735.96,735.96,1802,regular,False
2026-07-29T14:23:00+00:00,736.29,736.29,736.29,736.29,80,regular,False
2026-07-29T14:23:00+00:00,736.12,736.29,736.12,736.18,240,regular,False
2026-07-29T14:24:00+00:00,735.46,735.46,735.46,735.46,80,regular,False
2026-07-29T14:24:00+00:00,736.0,736.0,735.325,735.48,3737,regular,False
2026-07-29T14:25:00+00:00,735.515,735.52,734.83,734.83,5807,regular,False
2026-07-29T14:25:00+00:00,735.5,735.5,735.1,735.1,280,regular,False
2026-07-29T14:26:00+00:00,734.79,734.8,734.26,734.7,3169,regular,False
2026-07-29T14:26:00+00:00,734.42,734.44,734.3,734.3,417,regular,False
2026-07-29T14:27:00+00:00,734.56,734.8,734.56,734.8,200,regular,False
2026-07-29T14:27:00+00:00,734.53,734.53,734.53,734.53,80,regular,False
2026-07-29T14:27:00+00:00,734.515,734.925,734.41,734.835,2948,regular,False
2026-07-29T14:28:00+00:00,734.905,735.07,734.76,735.07,1775,regular,False
2026-07-29T14:28:00+00:00,734.88,735.03,734.88,735.03,280,regular,False
2026-07-29T14:29:00+00:00,735.125,735.21,734.88,734.93,1713,regular,False
2026-07-29T14:29:00+00:00,735.1,735.19,735.04,735.04,250,regular,False
2026-07-29T14:30:00+00:00,734.91,735.4,734.84,735.29,957,regular,False
2026-07-29T14:30:00+00:00,734.94,734.95,734.94,734.95,160,regular,False
2026-07-29T14:30:00+00:00,734.95,734.95,734.95,734.95,80,regular,False
2026-07-29T14:31:00+00:00,735.4,735.4,735.4,735.4,80,regular,False
2026-07-29T14:31:00+00:00,735.31,735.43,735.09,735.23,2410,regular,False
2026-07-29T14:32:00+00:00,735.2,735.46,735.2,735.44,320,regular,False
2026-07-29T14:32:00+00:00,735.23,735.535,735.17,735.5,4528,regular,False
2026-07-29T14:32:00+00:00,735.42,735.42,735.42,735.42,80,regular,False
2026-07-29T14:33:00+00:00,735.47,735.83,735.44,735.5,5381,regular,False
2026-07-29T14:34:00+00:00,735.48,735.5,735.1,735.28,3675,regular,False
2026-07-29T14:35:00+00:00,734.98,734.98,734.98,734.98,10,regular,False
2026-07-29T14:35:00+00:00,735.33,735.38,734.99,735.29,811,regular,False
2026-07-29T14:35:00+00:00,735.1,735.1,735.1,735.1,80,regular,False
2026-07-29T14:36:00+00:00,735.18,735.25,735.18,735.25,345,regular,False
2026-07-29T14:36:00+00:00,735.38,735.44,735.16,735.335,2862,regular,False
2026-07-29T14:37:00+00:00,735.345,735.345,735.14,735.23,666,regular,False
2026-07-29T14:38:00+00:00,735.17,735.39,734.94,735.39,1619,regular,False
2026-07-29T14:38:00+00:00,735.01,735.01,735.01,735.01,80,regular,False
2026-07-29T14:39:00+00:00,735.39,735.39,735.35,735.35,200,regular,False
2026-07-29T14:39:00+00:00,735.37,735.37,734.71,734.85,3094,regular,False
2026-07-29T14:40:00+00:00,734.78,734.78,734.3,734.31,520,regular,False
2026-07-29T14:40:00+00:00,734.79,734.79,734.04,734.27,13770,regular,False
2026-07-29T14:40:00+00:00,734.16,734.16,734.16,734.16,100,regular,False
2026-07-29T14:41:00+00:00,734.27,734.66,734.215,734.36,4188,regular,False
2026-07-29T14:41:00+00:00,734.56,734.56,734.38,734.4,240,regular,False
2026-07-29T14:42:00+00:00,734.345,734.385,733.95,733.95,3085,regular,False
2026-07-29T14:43:00+00:00,733.94,734.31,733.94,734.29,2351,regular,False
2026-07-29T14:43:00+00:00,734.07,734.11,734.07,734.11,240,regular,False
2026-07-29T14:44:00+00:00,734.08,734.2,733.82,734.195,1395,regular,False
2026-07-29T14:44:00+00:00,733.92,734.2,733.92,734.2,250,regular,False
2026-07-29T14:45:00+00:00,734.36,734.36,734.07,734.07,360,regular,False
2026-07-29T14:45:00+00:00,734.21,734.21,734.21,734.21,4,regular,False
2026-07-29T14:45:00+00:00,734.23,734.36,734.09,734.215,2350,regular,False
2026-07-29T14:46:00+00:00,734.06,734.54,734.06,734.54,323,regular,False
2026-07-29T14:46:00+00:00,734.22,734.55,734.0,734.55,3319,regular,False
2026-07-29T14:47:00+00:00,734.47,734.74,734.4,734.4,379,regular,False
2026-07-29T14:47:00+00:00,734.48,734.71,734.26,734.26,1485,regular,False
2026-07-29T14:48:00+00:00,734.14,734.185,733.88,733.88,1552,regular,False
2026-07-29T14:49:00+00:00,734.4,734.4,734.4,734.4,80,regular,False
2026-07-29T14:49:00+00:00,734.04,734.42,734.0,734.39,1827,regular,False
2026-07-29T14:49:00+00:00,734.34,734.4,734.34,734.4,160,regular,False
2026-07-29T14:50:00+00:00,734.49,734.49,734.31,734.31,140,regular,False
2026-07-29T14:50:00+00:00,734.59,734.59,734.52,734.52,160,regular,False
2026-07-29T14:50:00+00:00,734.41,734.64,734.27,734.53,3943,regular,False
2026-07-29T14:51:00+00:00,734.58,734.58,734.4,734.4,160,regular,False
2026-07-29T14:51:00+00:00,734.6,734.6,734.6,734.6,80,regular,False
2026-07-29T14:51:00+00:00,734.6,734.63,734.38,734.46,1807,regular,False
2026-07-29T14:52:00+00:00,734.85,735.19,734.85,735.19,164,regular,False
2026-07-29T14:52:00+00:00,734.91,734.91,734.88,734.88,84,regular,False
2026-07-29T14:52:00+00:00,734.595,735.3,734.595,734.98,7188,regular,False
2026-07-29T14:53:00+00:00,734.9,735.26,734.9,735.1,4197,regular,False
2026-07-29T14:53:00+00:00,735.1,735.17,735.1,735.1,240,regular,False
2026-07-29T14:53:00+00:00,734.92,735.2,734.92,735.1,260,regular,False
2026-07-29T14:54:00+00:00,735.09,735.09,734.77,734.77,160,regular,False
2026-07-29T14:54:00+00:00,735.08,735.09,734.75,735.03,4733,regular,False
2026-07-29T14:54:00+00:00,735.09,735.09,734.77,734.77,284,regular,False
2026-07-29T14:55:00+00:00,734.81,735.01,734.68,734.68,240,regular,False
2026-07-29T14:55:00+00:00,735.05,735.05,734.58,734.615,1892,regular,False
2026-07-29T14:55:00+00:00,735.06,735.06,734.61,734.61,240,regular,False
2026-07-29T14:56:00+00:00,734.555,734.56,734.41,734.48,1479,regular,False
2026-07-29T14:56:00+00:00,734.51,734.51,734.51,734.51,80,regular,False
2026-07-29T14:57:00+00:00,734.545,734.68,734.27,734.39,1810,regular,False
2026-07-29T14:57:00+00:00,734.36,734.36,734.36,734.36,80,regular,False
2026-07-29T14:58:00+00:00,734.35,734.75,734.33,734.59,2301,regular,False
2026-07-29T14:58:00+00:00,734.46,734.46,734.46,734.46,40,regular,False
2026-07-29T14:59:00+00:00,734.77,734.77,734.75,734.75,128,regular,False
2026-07-29T14:59:00+00:00,734.705,734.96,734.705,734.87,1558,regular,False
2026-07-29T14:59:00+00:00,734.76,734.94,734.76,734.82,90,regular,False
2026-07-29T15:00:00+00:00,734.96,734.96,734.76,734.76,240,regular,False
2026-07-29T15:00:00+00:00,734.81,735.15,734.58,734.64,553,regular,False
2026-07-29T15:00:00+00:00,734.85,734.85,734.76,734.77,640,regular,False
2026-07-29T15:01:00+00:00,734.82,735.1,734.82,735.07,480,regular,False
2026-07-29T15:01:00+00:00,734.72,735.13,734.63,735.13,572,regular,False
2026-07-29T15:02:00+00:00,735.13,735.41,735.13,735.19,944,regular,False
2026-07-29T15:02:00+00:00,735.11,735.45,735.11,735.33,1447,regular,False
2026-07-29T15:03:00+00:00,735.19,735.42,735.19,735.33,200,regular,False
2026-07-29T15:03:00+00:00,735.33,735.33,735.33,735.33,80,regular,False
2026-07-29T15:03:00+00:00,735.305,735.48,735.24,735.35,1309,regular,False
2026-07-29T15:04:00+00:00,735.26,735.26,735.26,735.26,40,regular,False
2026-07-29T15:04:00+00:00,735.29,735.325,735.085,735.32,6496,regular,False
2026-07-29T15:05:00+00:00,735.105,735.105,734.695,734.93,702,regular,False
2026-07-29T15:05:00+00:00,735.08,735.08,735.08,735.08,80,regular,False
2026-07-29T15:06:00+00:00,735.16,735.16,735.02,735.11,200,regular,False
2026-07-29T15:06:00+00:00,735.14,735.15,734.965,734.97,2134,regular,False
2026-07-29T15:07:00+00:00,734.92,735.33,734.92,735.32,1748,regular,False
2026-07-29T15:07:00+00:00,735.29,735.29,735.29,735.29,80,regular,False
2026-07-29T15:07:00+00:00,735.29,735.29,735.27,735.27,400,regular,False
2026-07-29T15:08:00+00:00,735.39,735.54,735.33,735.33,1147,regular,False
2026-07-29T15:09:00+00:00,735.28,735.57,735.26,735.57,442,regular,False
2026-07-29T15:09:00+00:00,735.26,735.57,735.26,735.57,906,regular,False
2026-07-29T15:10:00+00:00,735.625,735.625,735.22,735.22,6109,regular,False
2026-07-29T15:10:00+00:00,735.39,735.39,735.39,735.39,20,regular,False
2026-07-29T15:11:00+00:00,734.77,734.77,734.77,734.77,1,regular,False
2026-07-29T15:11:00+00:00,735.03,735.03,734.65,734.65,166,regular,False
2026-07-29T15:11:00+00:00,735.185,735.19,734.55,734.8,3491,regular,False
2026-07-29T15:12:00+00:00,734.78,735.0,734.78,734.92,820,regular,False
2026-07-29T15:12:00+00:00,734.855,734.98,734.85,734.89,743,regular,False
2026-07-29T15:13:00+00:00,734.905,734.975,734.9,734.9,260,regular,False
2026-07-29T15:13:00+00:00,734.92,735.05,734.89,734.92,521,regular,False
2026-07-29T15:14:00+00:00,734.68,734.68,734.68,734.68,2,regular,False
2026-07-29T15:14:00+00:00,734.86,734.86,734.53,734.67,484,regular,False
2026-07-29T15:14:00+00:00,734.59,734.72,734.59,734.72,12,regular,False
2026-07-29T15:15:00+00:00,734.63,734.63,734.63,734.63,50,regular,False
2026-07-29T15:15:00+00:00,734.65,734.67,734.59,734.67,252,regular,False
2026-07-29T15:15:00+00:00,734.6,735.02,734.56,735.02,688,regular,False
2026-07-29T15:16:00+00:00,734.995,735.42,734.92,735.42,1524,regular,False
2026-07-29T15:16:00+00:00,735.03,735.4,734.96,735.4,414,regular,False
2026-07-29T15:16:00+00:00,735.36,735.36,735.36,735.36,80,regular,False
2026-07-29T15:17:00+00:00,735.38,735.38,735.0,735.09,408,regular,False
2026-07-29T15:17:00+00:00,735.0,735.0,735.0,735.0,10,regular,False
2026-07-29T15:17:00+00:00,735.38,735.38,735.065,735.13,1934,regular,False
2026-07-29T15:18:00+00:00,735.34,735.34,735.22,735.22,999,regular,False
2026-07-29T15:18:00+00:00,735.27,735.46,735.22,735.22,1565,regular,False
2026-07-29T15:19:00+00:00,734.83,734.83,734.76,734.76,41,regular,False
2026-07-29T15:19:00+00:00,735.27,735.27,734.56,734.56,569,regular,False
2026-07-29T15:19:00+00:00,735.24,735.28,734.58,734.59,971,regular,False
2026-07-29T15:20:00+00:00,734.585,734.68,734.42,734.665,2366,regular,False
2026-07-29T15:20:00+00:00,734.5,734.63,734.5,734.63,557,regular,False
2026-07-29T15:21:00+00:00,734.5,734.5,734.5,734.5,20,regular,False
2026-07-29T15:21:00+00:00,734.68,734.73,734.52,734.73,2653,regular,False
2026-07-29T15:21:00+00:00,734.52,734.71,734.52,734.7,123,regular,False
2026-07-29T15:22:00+00:00,734.73,734.75,734.46,734.72,2573,regular,False
2026-07-29T15:22:00+00:00,734.55,734.55,734.47,734.47,74,regular,False
2026-07-29T15:23:00+00:00,734.8,734.8,734.8,734.8,80,regular,False
2026-07-29T15:23:00+00:00,734.7,734.96,734.695,734.955,2330,regular,False
2026-07-29T15:23:00+00:00,734.8,734.8,734.8,734.8,40,regular,False
2026-07-29T15:24:00+00:00,734.83,734.9,734.83,734.9,120,regular,False
2026-07-29T15:24:00+00:00,734.955,735.045,734.82,734.88,2248,regular,False
2026-07-29T15:25:00+00:00,734.7,734.7,734.7,734.7,40,regular,False
2026-07-29T15:25:00+00:00,734.7,735.0,734.69,735.0,120,regular,False
2026-07-29T15:25:00+00:00,735.015,735.05,734.655,735.02,4172,regular,False
2026-07-29T15:26:00+00:00,734.65,734.65,734.65,734.65,120,regular,False
2026-07-29T15:26:00+00:00,735.0,735.215,734.425,734.65,1756,regular,False
2026-07-29T15:27:00+00:00,734.645,734.795,734.51,734.585,2587,regular,False
2026-07-29T15:28:00+00:00,734.52,734.7,734.5,734.54,963,regular,False
2026-07-29T15:29:00+00:00,734.64,734.64,734.355,734.425,1810,regular,False
2026-07-29T15:30:00+00:00,734.4,734.58,734.285,734.57,3932,regular,False
2026-07-29T15:30:00+00:00,734.38,734.38,734.38,734.38,40,regular,False
2026-07-29T15:31:00+00:00,734.575,734.625,734.39,734.625,3092,regular,False
2026-07-29T15:32:00+00:00,734.68,734.815,734.61,734.8,1669,regular,False
2026-07-29T15:33:00+00:00,734.76,734.77,734.76,734.77,40,regular,False
2026-07-29T15:33:00+00:00,734.66,734.99,734.64,734.99,5162,regular,False
2026-07-29T15:34:00+00:00,734.805,734.905,734.44,734.555,2807,regular,False
2026-07-29T15:34:00+00:00,734.43,734.43,734.43,734.43,2,regular,False
2026-07-29T15:35:00+00:00,734.6,734.85,734.465,734.85,4884,regular,False
2026-07-29T15:35:00+00:00,734.78,734.78,734.78,734.78,80,regular,False
2026-07-29T15:36:00+00:00,734.875,734.875,734.66,734.78,3761,regular,False
2026-07-29T15:37:00+00:00,734.67,734.67,734.67,734.67,80,regular,False
2026-07-29T15:37:00+00:00,734.83,734.945,734.63,734.79,5560,regular,False
2026-07-29T15:38:00+00:00,734.69,734.75,734.4,734.4,898,regular,False
2026-07-29T15:38:00+00:00,734.69,734.76,734.69,734.76,55,regular,False
2026-07-29T15:38:00+00:00,734.68,734.68,734.68,734.68,40,regular,False
2026-07-29T15:39:00+00:00,734.36,734.36,734.26,734.3,153,regular,False
2026-07-29T15:39:00+00:00,734.41,734.41,734.19,734.19,586,regular,False
2026-07-29T15:40:00+00:00,734.02,734.02,734.02,734.02,40,regular,False
2026-07-29T15:40:00+00:00,734.0,734.11,733.95,734.07,1069,regular,False
2026-07-29T15:41:00+00:00,734.38,734.38,734.21,734.28,120,regular,False
2026-07-29T15:41:00+00:00,734.13,734.36,734.13,734.3,1327,regular,False
2026-07-29T15:42:00+00:00,734.28,734.39,733.98,733.98,2072,regular,False
2026-07-29T15:42:00+00:00,734.25,734.25,734.25,734.25,80,regular,False
2026-07-29T15:43:00+00:00,733.985,734.01,733.74,733.76,1945,regular,False
2026-07-29T15:43:00+00:00,733.78,733.84,733.77,733.77,166,regular,False
2026-07-29T15:44:00+00:00,733.83,734.05,733.82,733.965,841,regular,False
2026-07-29T15:44:00+00:00,734.02,734.02,734.02,734.02,143,regular,False
2026-07-29T15:45:00+00:00,734.02,734.11,733.79,733.83,687,regular,False
2026-07-29T15:45:00+00:00,733.99,734.1,733.83,733.87,520,regular,False
2026-07-29T15:46:00+00:00,734.07,734.17,734.07,734.13,260,regular,False
2026-07-29T15:46:00+00:00,734.09,734.15,734.06,734.12,370,regular,False
2026-07-29T15:47:00+00:00,734.27,734.33,734.085,734.28,1963,regular,False
2026-07-29T15:47:00+00:00,734.14,734.25,734.09,734.25,920,regular,False
2026-07-29T15:48:00+00:00,734.25,734.25,734.25,734.25,40,regular,False
2026-07-29T15:48:00+00:00,734.27,734.445,734.22,734.22,1972,regular,False
2026-07-29T15:48:00+00:00,734.23,734.3,734.23,734.3,320,regular,False
2026-07-29T15:49:00+00:00,734.25,734.3,734.25,734.28,276,regular,False
2026-07-29T15:49:00+00:00,734.23,734.23,734.22,734.22,81,regular,False
2026-07-29T15:49:00+00:00,734.24,734.46,734.2,734.46,842,regular,False
2026-07-29T15:50:00+00:00,734.4,734.505,734.19,734.325,1439,regular,False
2026-07-29T15:50:00+00:00,734.35,734.39,734.19,734.39,440,regular,False
2026-07-29T15:51:00+00:00,734.3,734.3,734.3,734.3,432,regular,False
2026-07-29T15:51:00+00:00,734.29,734.35,734.18,734.27,825,regular,False
2026-07-29T15:51:00+00:00,734.29,734.41,734.23,734.27,568,regular,False
2026-07-29T15:52:00+00:00,734.26,734.26,734.23,734.23,80,regular,False
2026-07-29T15:52:00+00:00,734.23,734.345,734.05,734.345,1244,regular,False
2026-07-29T15:53:00+00:00,734.39,734.39,733.95,734.07,2546,regular,False
2026-07-29T15:53:00+00:00,734.0,734.02,734.0,734.02,79,regular,False
2026-07-29T15:54:00+00:00,734.04,734.04,733.52,733.52,120,regular,False
2026-07-29T15:54:00+00:00,734.03,734.03,733.49,733.49,1969,regular,False
2026-07-29T15:55:00+00:00,733.33,733.33,733.15,733.205,7086,regular,False
2026-07-29T15:55:00+00:00,733.25,733.25,733.21,733.21,183,regular,False
2026-07-29T15:55:00+00:00,733.19,733.24,733.19,733.24,91,regular,False
2026-07-29T15:56:00+00:00,733.09,733.09,733.09,733.09,40,regular,False
2026-07-29T15:56:00+00:00,733.18,733.18,733.09,733.09,126,regular,False
2026-07-29T15:56:00+00:00,733.19,733.285,733.02,733.285,4325,regular,False
2026-07-29T15:57:00+00:00,733.3,733.3,733.3,733.3,80,regular,False
2026-07-29T15:57:00+00:00,733.42,733.455,733.33,733.405,429,regular,False
2026-07-29T15:57:00+00:00,733.39,733.39,733.39,733.39,40,regular,False
2026-07-29T15:58:00+00:00,733.42,733.42,733.42,733.42,80,regular,False
2026-07-29T15:58:00+00:00,733.345,733.345,733.315,733.315,160,regular,False
2026-07-29T15:58:00+00:00,733.39,733.47,733.31,733.39,4600,regular,False
2026-07-29T15:59:00+00:00,733.67,733.67,733.63,733.63,95,regular,False
2026-07-29T15:59:00+00:00,733.54,733.85,733.49,733.73,6283,regular,False
2026-07-29T15:59:00+00:00,733.67,733.73,733.67,733.73,160,regular,False
2026-07-29T16:00:00+00:00,733.83,733.98,733.83,733.95,260,regular,False
2026-07-29T16:00:00+00:00,733.98,733.98,733.98,733.98,80,regular,False
2026-07-29T16:00:00+00:00,733.76,734.01,733.55,733.57,1438,regular,False
2026-07-29T16:01:00+00:00,733.41,733.51,733.17,733.18,2018,regular,False
2026-07-29T16:01:00+00:00,733.31,733.31,733.31,733.31,200,regular,False
2026-07-29T16:02:00+00:00,733.16,733.28,733.16,733.28,160,regular,False
2026-07-29T16:02:00+00:00,733.15,733.29,733.105,733.18,3055,regular,False
2026-07-29T16:03:00+00:00,733.13,733.26,733.12,733.23,2182,regular,False
2026-07-29T16:03:00+00:00,733.15,733.15,733.15,733.15,100,regular,False
2026-07-29T16:03:00+00:00,733.13,733.13,733.13,733.13,80,regular,False
2026-07-29T16:04:00+00:00,733.05,733.05,732.74,732.81,1854,regular,False
2026-07-29T16:04:00+00:00,733.04,733.04,732.88,732.88,82,regular,False
2026-07-29T16:04:00+00:00,733.0,733.05,732.76,732.77,640,regular,False
2026-07-29T16:05:00+00:00,732.52,732.52,732.52,732.52,120,regular,False
2026-07-29T16:05:00+00:00,732.4,732.4,732.35,732.35,90,regular,False
2026-07-29T16:05:00+00:00,732.71,732.71,732.22,732.46,9245,regular,False
2026-07-29T16:06:00+00:00,732.52,732.66,732.405,732.56,3271,regular,False
2026-07-29T16:06:00+00:00,732.65,732.65,732.65,732.65,200,regular,False
2026-07-29T16:07:00+00:00,732.56,732.66,732.56,732.62,196,regular,False
2026-07-29T16:07:00+00:00,732.53,732.68,732.45,732.68,3076,regular,False
2026-07-29T16:07:00+00:00,732.62,732.62,732.62,732.62,80,regular,False
2026-07-29T16:08:00+00:00,732.69,732.69,732.69,732.69,320,regular,False
2026-07-29T16:08:00+00:00,732.74,732.78,732.585,732.65,1906,regular,False
2026-07-29T16:09:00+00:00,732.73,732.73,732.73,732.73,80,regular,False
2026-07-29T16:09:00+00:00,732.705,732.705,732.58,732.585,509,regular,False
2026-07-29T16:10:00+00:00,732.59,732.59,732.59,732.59,80,regular,False
2026-07-29T16:10:00+00:00,732.66,732.755,732.595,732.755,945,regular,False
2026-07-29T16:11:00+00:00,732.69,732.69,732.48,732.52,464,regular,False
2026-07-29T16:11:00+00:00,732.66,732.66,732.49,732.49,120,regular,False
2026-07-29T16:12:00+00:00,732.56,732.56,732.56,732.56,161,regular,False
2026-07-29T16:12:00+00:00,732.55,732.625,732.535,732.585,368,regular,False
2026-07-29T16:13:00+00:00,732.67,732.67,732.59,732.59,240,regular,False
2026-07-29T16:13:00+00:00,732.51,732.67,732.51,732.67,160,regular,False
2026-07-29T16:13:00+00:00,732.54,732.67,732.49,732.49,883,regular,False
2026-07-29T16:14:00+00:00,732.515,732.57,732.02,732.04,4289,regular,False
2026-07-29T16:14:00+00:00,732.45,732.45,732.45,732.45,40,regular,False
2026-07-29T16:14:00+00:00,732.46,732.46,732.46,732.46,40,regular,False
2026-07-29T16:15:00+00:00,732.1,732.11,732.05,732.05,360,regular,False
2026-07-29T16:15:00+00:00,731.84,732.05,731.84,732.05,522,regular,False
2026-07-29T16:15:00+00:00,732.0,732.14,731.74,732.065,4433,regular,False
2026-07-29T16:16:00+00:00,731.93,732.01,731.93,732.01,320,regular,False
2026-07-29T16:16:00+00:00,732.01,732.08,731.9,732.015,3001,regular,False
2026-07-29T16:17:00+00:00,731.98,732.255,731.95,732.21,2244,regular,False
2026-07-29T16:17:00+00:00,732.04,732.04,732.04,732.04,80,regular,False
2026-07-29T16:17:00+00:00,732.04,732.21,732.04,732.21,160,regular,False
2026-07-29T16:18:00+00:00,732.18,732.3,732.18,732.29,325,regular,False
2026-07-29T16:18:00+00:00,732.19,732.32,732.075,732.31,3510,regular,False
2026-07-29T16:18:00+00:00,732.14,732.18,732.1,732.18,560,regular,False
2026-07-29T16:19:00+00:00,732.24,732.24,732.24,732.24,40,regular,False
2026-07-29T16:19:00+00:00,732.31,732.335,732.205,732.22,8786,regular,False
2026-07-29T16:20:00+00:00,732.255,732.5,732.14,732.5,5428,regular,False
2026-07-29T16:20:00+00:00,732.18,732.36,732.18,732.36,239,regular,False
2026-07-29T16:20:00+00:00,732.16,732.16,732.16,732.16,40,regular,False
2026-07-29T16:21:00+00:00,732.51,732.61,732.51,732.61,80,regular,False
2026-07-29T16:21:00+00:00,732.56,732.56,732.54,732.54,90,regular,False
2026-07-29T16:21:00+00:00,732.535,732.655,732.5,732.59,1218,regular,False
2026-07-29T16:22:00+00:00,732.8,732.99,732.8,732.99,200,regular,False
2026-07-29T16:22:00+00:00,732.81,732.81,732.81,732.81,80,regular,False
2026-07-29T16:22:00+00:00,732.55,732.995,732.55,732.97,2293,regular,False
2026-07-29T16:23:00+00:00,732.93,733.58,732.93,733.275,3711,regular,False
2026-07-29T16:23:00+00:00,732.95,733.52,732.94,733.34,1217,regular,False
2026-07-29T16:23:00+00:00,732.91,733.5,732.91,733.34,679,regular,False
2026-07-29T16:24:00+00:00,733.35,733.35,733.26,733.26,160,regular,False
2026-07-29T16:24:00+00:00,733.28,733.395,733.18,733.305,2160,regular,False
2026-07-29T16:25:00+00:00,733.405,733.6,733.325,733.4,2756,regular,False
2026-07-29T16:25:00+00:00,733.37,733.55,733.37,733.55,120,regular,False
2026-07-29T16:26:00+00:00,733.37,733.37,733.37,733.37,40,regular,False
2026-07-29T16:26:00+00:00,733.43,733.67,733.34,733.67,1240,regular,False
2026-07-29T16:27:00+00:00,733.68,733.68,733.55,733.55,200,regular,False
2026-07-29T16:27:00+00:00,733.645,733.7,733.53,733.55,3070,regular,False
2026-07-29T16:28:00+00:00,733.53,733.75,733.43,733.75,280,regular,False
2026-07-29T16:28:00+00:00,733.55,733.83,733.46,733.75,1271,regular,False
2026-07-29T16:29:00+00:00,733.76,733.9,733.75,733.84,640,regular,False
2026-07-29T16:29:00+00:00,733.76,733.915,733.735,733.85,8745,regular,False
2026-07-29T16:30:00+00:00,733.815,734.3,733.78,734.14,3628,regular,False
2026-07-29T16:30:00+00:00,733.84,734.27,733.84,734.25,430,regular,False
2026-07-29T16:30:00+00:00,734.19,734.19,734.19,734.19,80,regular,False
2026-07-29T16:31:00+00:00,734.08,734.08,734.08,734.08,80,regular,False
2026-07-29T16:31:00+00:00,734.18,734.21,733.845,733.995,4560,regular,False
2026-07-29T16:31:00+00:00,733.89,733.89,733.89,733.89,2,regular,False
2026-07-29T16:32:00+00:00,734.0,734.0,733.55,733.7,1971,regular,False
2026-07-29T16:33:00+00:00,733.59,733.59,733.59,733.59,40,regular,False
2026-07-29T16:33:00+00:00,733.66,733.79,733.6,733.66,1149,regular,False
2026-07-29T16:34:00+00:00,733.9,733.9,733.9,733.9,40,regular,False
2026-07-29T16:34:00+00:00,733.75,733.91,733.415,733.435,1636,regular,False
2026-07-29T16:35:00+00:00,733.405,733.43,733.1,733.23,2397,regular,False
2026-07-29T16:35:00+00:00,733.2831,733.2831,733.2831,733.2831,345600,regular,False
2026-07-29T16:36:00+00:00,733.09,733.09,733.01,733.01,84,regular,False
2026-07-29T16:36:00+00:00,733.26,733.34,733.0,733.02,2445,regular,False
2026-07-29T16:37:00+00:00,733.11,733.41,733.11,733.37,1533,regular,False
2026-07-29T16:38:00+00:00,733.39,733.44,733.315,733.34,1123,regular,False
2026-07-29T16:39:00+00:00,733.33,733.66,733.31,733.55,4263,regular,False
2026-07-29T16:40:00+00:00,733.56,733.65,733.29,733.63,2432,regular,False
2026-07-29T16:41:00+00:00,733.66,733.66,733.66,733.66,40,regular,False
2026-07-29T16:41:00+00:00,733.66,733.68,733.305,733.305,3453,regular,False
2026-07-29T16:42:00+00:00,733.25,733.25,733.25,733.25,40,regular,False
2026-07-29T16:42:00+00:00,733.29,733.29,732.92,733.09,1222,regular,False
2026-07-29T16:43:00+00:00,733.02,733.185,733.02,733.08,555,regular,False
2026-07-29T16:44:00+00:00,733.02,733.02,732.89,732.89,120,regular,False
2026-07-29T16:44:00+00:00,732.96,733.23,732.935,733.23,2209,regular,False
2026-07-29T16:45:00+00:00,733.225,733.33,733.085,733.195,2522,regular,False
2026-07-29T16:45:00+00:00,733.16,733.29,733.15,733.19,163,regular,False
2026-07-29T16:46:00+00:00,733.085,733.13,733.085,733.13,100,regular,False
2026-07-29T16:46:00+00:00,733.155,733.18,733.04,733.125,1074,regular,False
2026-07-29T16:46:00+00:00,733.18,733.18,733.18,733.18,40,regular,False
2026-07-29T16:47:00+00:00,733.2,733.61,733.19,733.54,2322,regular,False
2026-07-29T16:47:00+00:00,733.52,733.52,733.52,733.52,120,regular,False
2026-07-29T16:47:00+00:00,733.49,733.49,733.49,733.49,100,regular,False
2026-07-29T16:48:00+00:00,733.6,733.68,733.52,733.55,1176,regular,False
2026-07-29T16:48:00+00:00,733.62,733.63,733.62,733.63,372,regular,False
2026-07-29T16:49:00+00:00,733.58,733.91,733.58,733.91,1271,regular,False
2026-07-29T16:50:00+00:00,733.97,733.97,733.79,733.88,580,regular,False
2026-07-29T16:50:00+00:00,733.95,734.1,733.78,733.98,1179,regular,False
2026-07-29T16:51:00+00:00,734.02,734.16,733.98,734.01,1091,regular,False
2026-07-29T16:51:00+00:00,734.17,734.17,733.96,734.03,202,regular,False
2026-07-29T16:52:00+00:00,733.74,734.3,733.74,734.3,200,regular,False
2026-07-29T16:52:00+00:00,734.02,734.32,733.71,734.32,269,regular,False
2026-07-29T16:53:00+00:00,734.4,734.4,734.4,734.4,407,regular,False
2026-07-29T16:53:00+00:00,734.34,734.47,734.32,734.34,1019,regular,False
2026-07-29T16:54:00+00:00,734.38,734.39,734.205,734.24,1146,regular,False
2026-07-29T16:55:00+00:00,734.23,734.34,734.23,734.34,240,regular,False
2026-07-29T16:55:00+00:00,734.17,734.48,734.17,734.48,1208,regular,False
2026-07-29T16:56:00+00:00,734.34,734.49,734.16,734.49,3239,regular,False
2026-07-29T16:56:00+00:00,734.22,734.22,734.22,734.22,2,regular,False
2026-07-29T16:57:00+00:00,734.45,734.55,734.45,734.49,520,regular,False
2026-07-29T16:57:00+00:00,734.62,734.62,734.62,734.62,40,regular,False
2026-07-29T16:57:00+00:00,734.53,734.67,734.48,734.48,1169,regular,False
2026-07-29T16:58:00+00:00,734.45,734.5,734.36,734.41,2385,regular,False
2026-07-29T16:58:00+00:00,734.5,734.5,734.35,734.35,120,regular,False
2026-07-29T16:59:00+00:00,734.54,734.78,734.54,734.71,283,regular,False
2026-07-29T16:59:00+00:00,734.57,734.86,734.57,734.855,1322,regular,False
2026-07-29T17:00:00+00:00,734.89,734.98,734.74,734.935,3104,regular,False
2026-07-29T17:01:00+00:00,735.07,735.11,735.04,735.11,120,regular,False
2026-07-29T17:01:00+00:00,734.93,735.155,734.93,735.03,2105,regular,False
2026-07-29T17:02:00+00:00,734.98,735.01,734.98,735.01,121,regular,False
2026-07-29T17:02:00+00:00,735.04,735.12,734.92,735.1,3246,regular,False
2026-07-29T17:03:00+00:00,735.1,735.21,735.1,735.21,90,regular,False
2026-07-29T17:03:00+00:00,735.06,735.06,735.06,735.06,80,regular,False
2026-07-29T17:03:00+00:00,735.05,735.58,735.05,735.58,1206,regular,False
2026-07-29T17:04:00+00:00,735.55,735.55,735.55,735.55,10,regular,False
2026-07-29T17:04:00+00:00,735.605,735.935,735.48,735.85,2306,regular,False
2026-07-29T17:05:00+00:00,735.71,735.71,735.71,735.71,40,regular,False
2026-07-29T17:05:00+00:00,735.92,735.92,735.5,735.6,5096,regular,False
2026-07-29T17:06:00+00:00,735.79,735.79,735.77,735.77,182,regular,False
2026-07-29T17:06:00+00:00,735.65,735.83,735.56,735.83,1331,regular,False
2026-07-29T17:07:00+00:00,735.82,735.82,735.54,735.54,546,regular,False
2026-07-29T17:07:00+00:00,735.83,735.83,735.455,735.455,3666,regular,False
2026-07-29T17:07:00+00:00,735.6,735.6,735.6,735.6,40,regular,False
2026-07-29T17:08:00+00:00,735.38,735.57,735.38,735.57,58,regular,False
2026-07-29T17:08:00+00:00,735.51,735.67,735.35,735.6,1635,regular,False
2026-07-29T17:09:00+00:00,735.42,735.48,735.39,735.415,918,regular,False
2026-07-29T17:10:00+00:00,735.405,735.95,735.35,735.87,3817,regular,False
2026-07-29T17:10:00+00:00,735.79,735.79,735.79,735.79,80,regular,False
2026-07-29T17:11:00+00:00,735.97,735.97,735.91,735.95,454,regular,False
2026-07-29T17:11:00+00:00,735.89,736.0,735.83,735.96,2553,regular,False
2026-07-29T17:12:00+00:00,735.83,736.17,735.83,736.17,420,regular,False
2026-07-29T17:12:00+00:00,735.955,736.17,735.76,736.17,4288,regular,False
2026-07-29T17:13:00+00:00,736.17,736.48,736.17,736.36,4268,regular,False
2026-07-29T17:14:00+00:00,736.56,736.56,736.56,736.56,120,regular,False
2026-07-29T17:14:00+00:00,736.4,736.615,736.24,736.615,4838,regular,False
2026-07-29T17:15:00+00:00,736.62,736.62,736.4,736.42,4628,regular,False
2026-07-29T17:15:00+00:00,736.44,736.44,736.44,736.44,40,regular,False
2026-07-29T17:16:00+00:00,736.4,736.485,736.31,736.44,2884,regular,False
2026-07-29T17:17:00+00:00,736.43,736.71,736.41,736.65,1261,regular,False
2026-07-29T17:17:00+00:00,736.7,736.7,736.68,736.68,80,regular,False
2026-07-29T17:18:00+00:00,736.67,736.86,736.55,736.695,6366,regular,False
2026-07-29T17:18:00+00:00,736.6,736.6,736.6,736.6,40,regular,False
2026-07-29T17:19:00+00:00,736.645,736.73,736.6,736.73,1667,regular,False
2026-07-29T17:20:00+00:00,736.75,736.93,736.75,736.88,2138,regular,False
2026-07-29T17:21:00+00:00,737.0,737.0,737.0,737.0,105,regular,False
2026-07-29T17:21:00+00:00,736.83,737.2,736.785,737.2,2414,regular,False
2026-07-29T17:22:00+00:00,737.22,737.27,736.92,736.95,491,regular,False
2026-07-29T17:22:00+00:00,737.22,737.22,737.22,737.22,120,regular,False
2026-07-29T17:23:00+00:00,736.815,737.0,736.72,736.96,1204,regular,False
2026-07-29T17:23:00+00:00,736.84,736.91,736.84,736.91,240,regular,False
2026-07-29T17:24:00+00:00,736.6,736.6,736.34,736.34,412,regular,False
2026-07-29T17:24:00+00:00,736.89,736.89,736.29,736.29,2411,regular,False
2026-07-29T17:25:00+00:00,736.325,736.385,736.13,736.26,3177,regular,False
2026-07-29T17:26:00+00:00,736.285,736.46,736.28,736.41,1936,regular,False
2026-07-29T17:27:00+00:00,736.2,736.2,736.2,736.2,40,regular,False
2026-07-29T17:27:00+00:00,736.41,736.43,736.18,736.245,1743,regular,False
2026-07-29T17:28:00+00:00,736.18,736.41,736.18,736.35,540,regular,False
2026-07-29T17:28:00+00:00,736.245,736.41,736.215,736.32,2039,regular,False
2026-07-29T17:29:00+00:00,735.99,735.99,735.99,735.99,100,regular,False
2026-07-29T17:29:00+00:00,736.28,736.28,735.77,735.79,2130,regular,False
2026-07-29T17:30:00+00:00,735.75,735.75,735.4,735.45,1535,regular,False
2026-07-29T17:30:00+00:00,735.73,735.73,735.73,735.73,80,regular,False
2026-07-29T17:30:00+00:00,735.51,735.51,735.51,735.51,20,regular,False
2026-07-29T17:31:00+00:00,735.295,735.75,735.295,735.71,3002,regular,False
2026-07-29T17:31:00+00:00,735.56,735.56,735.56,735.56,55,regular,False
2026-07-29T17:32:00+00:00,735.92,735.92,735.92,735.92,40,regular,False
2026-07-29T17:32:00+00:00,735.795,736.04,735.73,736.04,4204,regular,False
2026-07-29T17:33:00+00:00,736.08,736.255,736.05,736.24,1475,regular,False
2026-07-29T17:34:00+00:00,736.22,736.22,736.22,736.22,196,regular,False
2026-07-29T17:34:00+00:00,736.25,736.335,735.78,735.85,1790,regular,False
2026-07-29T17:35:00+00:00,735.58,735.58,735.58,735.58,71,regular,False
2026-07-29T17:35:00+00:00,735.89,735.89,735.53,735.59,832,regular,False
2026-07-29T17:36:00+00:00,735.56,735.56,735.54,735.54,200,regular,False
2026-07-29T17:36:00+00:00,735.55,735.63,735.46,735.52,391,regular,False
2026-07-29T17:37:00+00:00,735.39,735.66,735.35,735.51,677,regular,False
2026-07-29T17:37:00+00:00,735.52,735.52,735.52,735.52,40,regular,False
2026-07-29T17:38:00+00:00,735.55,735.55,735.5,735.5,160,regular,False
2026-07-29T17:38:00+00:00,735.475,735.65,735.47,735.5,1817,regular,False
2026-07-29T17:39:00+00:00,735.67,735.67,735.67,735.67,120,regular,False
2026-07-29T17:39:00+00:00,735.54,735.71,735.54,735.67,3537,regular,False
2026-07-29T17:40:00+00:00,735.65,735.65,735.65,735.65,1,regular,False
2026-07-29T17:40:00+00:00,735.62,735.7,735.535,735.59,1420,regular,False
2026-07-29T17:40:00+00:00,735.64,735.64,735.64,735.64,40,regular,False
2026-07-29T17:41:00+00:00,735.78,735.78,735.78,735.78,3,regular,False
2026-07-29T17:41:00+00:00,735.71,735.74,735.71,735.74,240,regular,False
2026-07-29T17:41:00+00:00,735.595,735.78,735.595,735.71,1029,regular,False
2026-07-29T17:42:00+00:00,735.71,735.71,735.71,735.71,80,regular,False
2026-07-29T17:42:00+00:00,735.715,735.84,735.525,735.525,1785,regular,False
2026-07-29T17:43:00+00:00,735.42,735.85,735.42,735.85,1738,regular,False
2026-07-29T17:43:00+00:00,735.53,735.53,735.53,735.53,120,regular,False
2026-07-29T17:44:00+00:00,735.835,735.91,735.7,735.765,1488,regular,False
2026-07-29T17:45:00+00:00,735.78,735.85,735.48,735.51,1765,regular,False
2026-07-29T17:46:00+00:00,735.52,735.67,735.41,735.645,2514,regular,False
2026-07-29T17:46:00+00:00,735.69,735.69,735.69,735.69,160,regular,False
2026-07-29T17:47:00+00:00,735.63,735.63,735.59,735.59,80,regular,False
2026-07-29T17:47:00+00:00,735.645,735.745,735.58,735.7,2431,regular,False
2026-07-29T17:48:00+00:00,735.92,735.92,735.92,735.92,100,regular,False
2026-07-29T17:48:00+00:00,735.68,735.68,735.68,735.68,40,regular,False
2026-07-29T17:48:00+00:00,735.75,735.845,735.665,735.83,1365,regular,False
2026-07-29T17:49:00+00:00,735.92,736.025,735.82,735.99,770,regular,False
2026-07-29T17:50:00+00:00,735.98,736.07,735.95,736.005,1651,regular,False
2026-07-29T17:51:00+00:00,736.15,736.15,736.15,736.15,497,regular,False
2026-07-29T17:51:00+00:00,736.11,736.21,736.11,736.15,635,regular,False
2026-07-29T17:52:00+00:00,736.19,736.4,736.155,736.18,3937,regular,False
2026-07-29T17:52:00+00:00,736.36,736.36,736.19,736.19,120,regular,False
2026-07-29T17:53:00+00:00,736.23,736.23,736.23,736.23,80,regular,False
2026-07-29T17:53:00+00:00,736.15,736.275,736.12,736.275,1227,regular,False
2026-07-29T17:54:00+00:00,736.255,736.255,736.075,736.17,3280,regular,False
2026-07-29T17:55:00+00:00,736.13,736.13,736.13,736.13,40,regular,False
2026-07-29T17:55:00+00:00,736.19,736.22,735.84,735.9,2123,regular,False
2026-07-29T17:55:00+00:00,736.15,736.15,736.05,736.05,31,regular,False
2026-07-29T17:56:00+00:00,735.92,735.92,735.75,735.78,373,regular,False
2026-07-29T17:56:00+00:00,735.88,735.88,735.73,735.79,1518,regular,False
2026-07-29T17:57:00+00:00,735.79,735.79,735.79,735.79,1,regular,False
2026-07-29T17:57:00+00:00,735.79,735.83,735.7,735.81,1701,regular,False
2026-07-29T17:57:00+00:00,735.74,735.81,735.74,735.81,280,regular,False
2026-07-29T17:58:00+00:00,735.84,735.89,735.7,735.89,200,regular,False
2026-07-29T17:58:00+00:00,735.815,735.945,735.66,735.92,2221,regular,False
2026-07-29T17:59:00+00:00,736.11,736.24,736.11,736.24,160,regular,False
2026-07-29T17:59:00+00:00,736.05,736.35,736.05,736.35,50,regular,False
2026-07-29T17:59:00+00:00,736.07,736.385,736.07,736.35,6165,regular,False
2026-07-29T18:00:00+00:00,736.39,738.79,736.39,738.68,832,regular,False
2026-07-29T18:00:00+00:00,736.39,738.91,736.36,738.61,840,regular,False
2026-07-29T18:00:00+00:00,736.43,738.98,736.395,738.93,25892,regular,False
2026-07-29T18:01:00+00:00,738.65,739.0,738.6,738.65,444,regular,False
2026-07-29T18:01:00+00:00,738.78,739.32,738.41,739.32,536,regular,False
2026-07-29T18:01:00+00:00,738.77,739.39,738.27,739.24,23562,regular,False
2026-07-29T18:02:00+00:00,739.2,739.49,738.73,738.73,7554,regular,False
2026-07-29T18:02:00+00:00,739.46,739.46,739.46,739.46,14,regular,False
2026-07-29T18:03:00+00:00,738.77,739.03,738.31,738.39,8130,regular,False
2026-07-29T18:03:00+00:00,738.64,738.64,738.64,738.64,40,regular,False
2026-07-29T18:04:00+00:00,738.55,738.55,737.85,738.25,7269,regular,False
2026-07-29T18:04:00+00:00,738.37,738.37,737.96,738.26,120,regular,False
2026-07-29T18:04:00+00:00,738.1,738.13,738.1,738.13,18,regular,False
2026-07-29T18:05:00+00:00,738.47,738.47,738.44,738.44,150,regular,False
2026-07-29T18:05:00+00:00,738.08,738.6,737.96,738.39,5838,regular,False
2026-07-29T18:06:00+00:00,738.42,738.76,738.42,738.76,100,regular,False
2026-07-29T18:06:00+00:00,738.73,738.73,738.73,738.73,40,regular,False
2026-07-29T18:06:00+00:00,738.55,738.96,738.49,738.64,5671,regular,False
2026-07-29T18:07:00+00:00,738.75,738.75,738.27,738.27,3150,regular,False
2026-07-29T18:07:00+00:00,738.6,738.62,738.6,738.62,77,regular,False
2026-07-29T18:08:00+00:00,738.24,738.24,738.24,738.24,40,regular,False
2026-07-29T18:08:00+00:00,738.305,738.38,737.99,738.17,6177,regular,False
2026-07-29T18:09:00+00:00,737.885,737.92,737.885,737.92,120,regular,False
2026-07-29T18:09:00+00:00,738.195,738.23,737.71,738.05,5013,regular,False
2026-07-29T18:10:00+00:00,737.91,737.91,737.91,737.91,91,regular,False
2026-07-29T18:10:00+00:00,737.99,738.34,737.68,737.9,5335,regular,False
2026-07-29T18:10:00+00:00,738.07,738.07,738.07,738.07,40,regular,False
2026-07-29T18:11:00+00:00,737.84,738.22,737.75,738.22,3084,regular,False
2026-07-29T18:11:00+00:00,737.97,738.0,737.75,737.82,199,regular,False
2026-07-29T18:12:00+00:00,738.09,738.32,737.8,737.8,1046,regular,False
2026-07-29T18:12:00+00:00,738.11,738.11,738.11,738.11,60,regular,False
2026-07-29T18:12:00+00:00,738.27,738.27,738.06,738.06,44,regular,False
2026-07-29T18:13:00+00:00,737.85,737.85,737.85,737.85,62,regular,False
2026-07-29T18:13:00+00:00,737.79,737.92,737.48,737.66,2785,regular,False
2026-07-29T18:13:00+00:00,737.55,737.55,737.54,737.55,210,regular,False
2026-07-29T18:14:00+00:00,737.65,737.65,736.98,737.41,4346,regular,False
2026-07-29T18:14:00+00:00,737.02,737.2,737.02,737.2,1605,regular,False
2026-07-29T18:15:00+00:00,737.44,738.03,737.44,737.925,6544,regular,False
2026-07-29T18:16:00+00:00,737.91,738.25,737.655,737.735,3926,regular,False
2026-07-29T18:17:00+00:00,737.74,737.74,737.74,737.74,40,regular,False
2026-07-29T18:17:00+00:00,737.76,737.79,737.16,737.5,3139,regular,False
2026-07-29T18:18:00+00:00,737.17,737.17,737.17,737.17,80,regular,False
2026-07-29T18:18:00+00:00,737.58,737.61,737.2,737.28,3384,regular,False
2026-07-29T18:19:00+00:00,737.27,737.27,737.27,737.27,760,regular,False
2026-07-29T18:19:00+00:00,737.04,737.07,737.04,737.07,150,regular,False
2026-07-29T18:19:00+00:00,737.26,737.31,736.82,737.0,3422,regular,False
2026-07-29T18:20:00+00:00,737.09,737.09,736.56,736.81,1812,regular,False
2026-07-29T18:21:00+00:00,736.77,737.0,736.52,736.72,6805,regular,False
2026-07-29T18:21:00+00:00,736.81,736.85,736.55,736.55,160,regular,False
2026-07-29T18:21:00+00:00,736.83,736.83,736.75,736.75,145,regular,False
2026-07-29T18:22:00+00:00,736.56,736.6,736.55,736.56,1032,regular,False
2026-07-29T18:22:00+00:00,736.56,736.74,736.44,736.67,2851,regular,False
2026-07-29T18:23:00+00:00,736.77,737.02,736.34,736.34,3102,regular,False
2026-07-29T18:23:00+00:00,736.74,736.74,736.74,736.74,40,regular,False
2026-07-29T18:24:00+00:00,736.38,736.92,736.38,736.66,3120,regular,False
2026-07-29T18:24:00+00:00,736.79,736.805,736.79,736.805,6,regular,False
2026-07-29T18:25:00+00:00,736.7,736.7,736.7,736.7,3,regular,False
2026-07-29T18:25:00+00:00,736.73,736.9,736.49,736.51,2063,regular,False
2026-07-29T18:26:00+00:00,736.7,737.03,736.61,736.85,2747,regular,False
2026-07-29T18:27:00+00:00,736.78,736.79,736.53,736.72,1518,regular,False
2026-07-29T18:27:00+00:00,736.63,736.63,736.63,736.63,50,regular,False
2026-07-29T18:28:00+00:00,736.8,736.8,736.8,736.8,7,regular,False
2026-07-29T18:28:00+00:00,736.77,737.035,736.73,736.98,3313,regular,False
2026-07-29T18:29:00+00:00,736.95,737.34,736.93,737.34,2607,regular,False
2026-07-29T18:29:00+00:00,736.98,736.98,736.98,736.98,40,regular,False
2026-07-29T18:30:00+00:00,737.51,737.82,737.51,737.82,160,regular,False
2026-07-29T18:30:00+00:00,737.38,737.84,737.38,737.84,1851,regular,False
2026-07-29T18:30:00+00:00,737.51,737.82,737.51,737.82,160,regular,False
2026-07-29T18:31:00+00:00,737.39,737.39,736.97,737.28,200,regular,False
2026-07-29T18:31:00+00:00,737.81,738.03,736.92,736.96,9168,regular,False
2026-07-29T18:31:00+00:00,737.62,737.62,737.62,737.62,50,regular,False
2026-07-29T18:32:00+00:00,736.35,736.42,736.04,736.04,619,regular,False
2026-07-29T18:32:00+00:00,736.35,736.85,736.23,736.79,253,regular,False
2026-07-29T18:32:00+00:00,736.95,736.96,736.07,736.75,12389,regular,False
2026-07-29T18:33:00+00:00,736.61,736.96,736.49,736.93,744,regular,False
2026-07-29T18:33:00+00:00,736.21,737.05,736.21,736.93,415,regular,False
2026-07-29T18:33:00+00:00,736.82,737.33,736.2,736.92,5127,regular,False
2026-07-29T18:34:00+00:00,736.82,736.82,736.82,736.82,40,regular,False
2026-07-29T18:34:00+00:00,736.89,737.02,736.53,736.83,2161,regular,False
2026-07-29T18:34:00+00:00,736.88,736.88,736.77,736.77,400,regular,False
2026-07-29T18:35:00+00:00,736.78,736.78,736.78,736.78,40,regular,False
2026-07-29T18:35:00+00:00,736.71,737.0,736.34,736.71,3717,regular,False
2026-07-29T18:36:00+00:00,736.49,737.09,736.49,737.09,120,regular,False
2026-07-29T18:36:00+00:00,736.42,737.2,736.42,737.2,90,regular,False
2026-07-29T18:36:00+00:00,736.73,737.42,736.45,737.42,2007,regular,False
2026-07-29T18:37:00+00:00,737.63,737.63,737.58,737.58,120,regular,False
2026-07-29T18:37:00+00:00,737.44,737.98,737.35,737.98,1949,regular,False
2026-07-29T18:37:00+00:00,738.0,738.0,737.92,737.92,60,regular,False
2026-07-29T18:38:00+00:00,738.6,738.835,738.6,738.835,110,regular,False
2026-07-29T18:38:00+00:00,737.91,738.905,737.91,738.58,9489,regular,False
2026-07-29T18:39:00+00:00,738.56,739.26,738.31,738.95,11177,regular,False
2026-07-29T18:39:00+00:00,738.21,738.905,738.21,738.905,190,regular,False
2026-07-29T18:40:00+00:00,738.95,739.66,738.885,739.56,8228,regular,False
2026-07-29T18:41:00+00:00,739.56,740.21,739.53,739.8,8231,regular,False
2026-07-29T18:42:00+00:00,739.36,739.36,739.36,739.36,40,regular,False
2026-07-29T18:42:00+00:00,739.81,740.005,739.27,739.825,6308,regular,False
2026-07-29T18:43:00+00:00,739.695,739.695,739.695,739.695,40,regular,False
2026-07-29T18:43:00+00:00,739.695,740.02,739.695,740.02,211,regular,False
2026-07-29T18:43:00+00:00,739.84,740.38,739.7,740.33,5647,regular,False
2026-07-29T18:44:00+00:00,740.46,740.855,740.41,740.855,390,regular,False
2026-07-29T18:44:00+00:00,740.29,740.97,740.29,740.72,6651,regular,False
2026-07-29T18:45:00+00:00,741.0,741.0,741.0,741.0,1,regular,False
2026-07-29T18:45:00+00:00,740.735,741.13,740.47,740.87,8247,regular,False
2026-07-29T18:45:00+00:00,740.92,741.03,740.85,740.85,55,regular,False
2026-07-29T18:46:00+00:00,741.0,741.21,741.0,741.18,326,regular,False
2026-07-29T18:46:00+00:00,740.85,741.32,740.78,741.09,8069,regular,False
2026-07-29T18:47:00+00:00,741.13,741.99,740.99,741.59,5362,regular,False
2026-07-29T18:47:00+00:00,741.35,741.9,741.35,741.83,68,regular,False
2026-07-29T18:48:00+00:00,741.42,741.42,741.305,741.305,51,regular,False
2026-07-29T18:48:00+00:00,741.58,741.71,741.1,741.25,10025,regular,False
2026-07-29T18:49:00+00:00,741.19,742.07,741.19,741.93,6564,regular,False
2026-07-29T18:49:00+00:00,741.445,741.995,741.4,741.995,158,regular,False
2026-07-29T18:50:00+00:00,741.98,742.0,741.65,741.65,205,regular,False
2026-07-29T18:50:00+00:00,741.99,742.05,741.55,741.865,12614,regular,False
2026-07-29T18:51:00+00:00,741.77,741.79,741.36,741.79,320,regular,False
2026-07-29T18:51:00+00:00,741.5,741.79,741.5,741.79,157,regular,False
2026-07-29T18:51:00+00:00,741.92,741.92,741.31,741.9,9160,regular,False
2026-07-29T18:52:00+00:00,741.92,742.13,741.71,741.915,4174,regular,False
2026-07-29T18:52:00+00:00,741.97,741.97,741.84,741.88,200,regular,False
2026-07-29T18:52:00+00:00,742.015,742.015,741.775,741.88,340,regular,False
2026-07-29T18:53:00+00:00,742.03,742.22,742.03,742.22,400,regular,False
2026-07-29T18:53:00+00:00,741.96,742.42,741.96,742.25,6547,regular,False
2026-07-29T18:53:00+00:00,742.03,742.26,742.03,742.26,83,regular,False
2026-07-29T18:54:00+00:00,742.42,742.53,742.42,742.53,254,regular,False
2026-07-29T18:54:00+00:00,742.5,742.5,742.28,742.38,134,regular,False
2026-07-29T18:54:00+00:00,742.35,742.62,742.255,742.62,1609,regular,False
2026-07-29T18:55:00+00:00,742.57,742.67,742.35,742.42,741,regular,False
2026-07-29T18:55:00+00:00,742.57,742.6,742.35,742.39,192,regular,False
2026-07-29T18:55:00+00:00,742.62,742.68,742.29,742.415,4794,regular,False
2026-07-29T18:56:00+00:00,742.42,742.42,742.01,742.015,381,regular,False
2026-07-29T18:56:00+00:00,742.405,742.45,741.95,742.02,8751,regular,False
2026-07-29T18:56:00+00:00,742.32,742.32,741.95,741.95,240,regular,False
2026-07-29T18:57:00+00:00,741.81,741.98,741.59,741.98,4328,regular,False
2026-07-29T18:57:00+00:00,741.75,741.94,741.67,741.94,383,regular,False
2026-07-29T18:57:00+00:00,741.69,741.97,741.67,741.97,680,regular,False
2026-07-29T18:58:00+00:00,742.04,742.09,742.04,742.09,180,regular,False
2026-07-29T18:58:00+00:00,741.975,742.2,741.955,742.0,1712,regular,False
2026-07-29T18:58:00+00:00,741.99,741.99,741.99,741.99,120,regular,False
2026-07-29T18:59:00+00:00,741.91,741.94,741.6,741.94,600,regular,False
2026-07-29T18:59:00+00:00,741.96,741.96,741.6,741.65,240,regular,False
2026-07-29T18:59:00+00:00,742.03,742.04,741.58,741.84,2863,regular,False
2026-07-29T19:00:00+00:00,741.81,741.81,741.58,741.58,240,regular,False
2026-07-29T19:00:00+00:00,741.65,741.65,741.54,741.585,196,regular,False
2026-07-29T19:00:00+00:00,741.99,742.06,741.38,741.5,4068,regular,False
2026-07-29T19:01:00+00:00,741.48,742.4,741.37,742.39,2539,regular,False
2026-07-29T19:01:00+00:00,741.52,742.46,741.43,742.46,228,regular,False
2026-07-29T19:02:00+00:00,742.445,742.55,741.89,741.89,2826,regular,False
2026-07-29T19:02:00+00:00,742.22,742.22,742.22,742.22,7,regular,False
2026-07-29T19:03:00+00:00,741.9,741.92,740.985,740.985,4142,regular,False
2026-07-29T19:03:00+00:00,741.89,741.89,741.705,741.705,147,regular,False
2026-07-29T19:04:00+00:00,741.16,741.16,740.12,740.46,5036,regular,False
2026-07-29T19:04:00+00:00,741.16,741.16,740.45,740.45,180,regular,False
2026-07-29T19:05:00+00:00,740.53,740.54,739.75,739.75,10000,regular,False
2026-07-29T19:06:00+00:00,739.92,739.92,739.92,739.92,40,regular,False
2026-07-29T19:06:00+00:00,739.65,739.85,739.65,739.85,210,regular,False
2026-07-29T19:06:00+00:00,739.86,739.96,739.61,739.81,7499,regular,False
2026-07-29T19:07:00+00:00,739.49,739.64,739.35,739.35,121,regular,False
2026-07-29T19:07:00+00:00,739.75,739.78,739.14,739.14,3235,regular,False
2026-07-29T19:08:00+00:00,739.15,739.45,738.76,738.76,240,regular,False
2026-07-29T19:08:00+00:00,739.165,739.45,738.7,738.88,7766,regular,False
2026-07-29T19:09:00+00:00,738.84,738.84,738.43,738.43,343,regular,False
2026-07-29T19:09:00+00:00,738.88,738.95,738.44,738.44,4085,regular,False
2026-07-29T19:09:00+00:00,738.88,738.88,738.43,738.43,570,regular,False
2026-07-29T19:10:00+00:00,738.46,738.46,738.06,738.06,940,regular,False
2026-07-29T19:10:00+00:00,738.46,738.46,738.1,738.22,256,regular,False
2026-07-29T19:10:00+00:00,738.43,738.515,737.95,738.34,5514,regular,False
2026-07-29T19:11:00+00:00,738.67,739.07,738.62,739.07,218,regular,False
2026-07-29T19:11:00+00:00,738.52,739.1,738.52,739.0,9503,regular,False
2026-07-29T19:11:00+00:00,738.81,738.98,738.81,738.98,220,regular,False
2026-07-29T19:12:00+00:00,738.96,738.96,738.76,738.76,120,regular,False
2026-07-29T19:12:00+00:00,739.2,739.23,738.38,738.94,3970,regular,False
2026-07-29T19:12:00+00:00,739.23,739.23,738.89,738.92,200,regular,False
2026-07-29T19:13:00+00:00,738.95,739.22,738.81,738.875,2854,regular,False
2026-07-29T19:13:00+00:00,738.94,738.94,738.94,738.94,160,regular,False
2026-07-29T19:13:00+00:00,739.04,739.11,739.04,739.11,65,regular,False
2026-07-29T19:14:00+00:00,738.83,739.01,738.83,738.9,200,regular,False
2026-07-29T19:14:00+00:00,738.88,739.05,738.73,738.91,3964,regular,False
2026-07-29T19:15:00+00:00,738.91,738.91,738.91,738.91,40,regular,False
2026-07-29T19:15:00+00:00,738.9,739.69,738.69,739.69,2373,regular,False
2026-07-29T19:15:00+00:00,739.37,739.37,739.37,739.37,80,regular,False
2026-07-29T19:16:00+00:00,738.9,738.91,738.9,738.91,200,regular,False
2026-07-29T19:16:00+00:00,739.26,739.26,739.26,739.26,80,regular,False
2026-07-29T19:16:00+00:00,739.75,739.75,738.73,738.92,7588,regular,False
2026-07-29T19:17:00+00:00,738.52,738.52,738.15,738.15,182,regular,False
2026-07-29T19:17:00+00:00,738.9,738.97,738.1,738.1,5155,regular,False
2026-07-29T19:17:00+00:00,738.88,738.88,738.88,738.88,40,regular,False
2026-07-29T19:18:00+00:00,737.53,737.53,737.46,737.46,160,regular,False
2026-07-29T19:18:00+00:00,738.0,738.0,737.46,737.77,7035,regular,False
2026-07-29T19:19:00+00:00,737.71,737.8,737.43,737.605,2263,regular,False
2026-07-29T19:19:00+00:00,737.65,737.65,737.47,737.56,171,regular,False
2026-07-29T19:19:00+00:00,737.65,737.65,737.46,737.59,500,regular,False
2026-07-29T19:20:00+00:00,737.46,737.46,736.76,736.76,1360,regular,False
2026-07-29T19:20:00+00:00,737.43,737.43,736.76,736.76,760,regular,False
2026-07-29T19:20:00+00:00,737.59,737.59,736.76,736.77,5218,regular,False
2026-07-29T19:21:00+00:00,736.73,736.73,736.02,736.34,1460,regular,False
2026-07-29T19:21:00+00:00,736.56,736.56,736.01,736.335,903,regular,False
2026-07-29T19:21:00+00:00,736.48,736.56,735.97,736.35,9124,regular,False
2026-07-29T19:22:00+00:00,735.87,736.23,735.66,736.15,683,regular,False
2026-07-29T19:22:00+00:00,736.24,736.24,735.66,736.18,876,regular,False
2026-07-29T19:22:00+00:00,736.305,736.36,735.39,736.06,8535,regular,False
2026-07-29T19:23:00+00:00,736.02,736.105,735.54,735.54,890,regular,False
2026-07-29T19:23:00+00:00,736.02,736.135,735.52,735.72,9170,regular,False
2026-07-29T19:23:00+00:00,736.02,736.04,735.58,735.58,600,regular,False
2026-07-29T19:24:00+00:00,735.92,735.92,735.49,735.51,429,regular,False
2026-07-29T19:24:00+00:00,735.76,736.1,735.37,735.37,8624,regular,False
2026-07-29T19:24:00+00:00,735.79,735.91,735.6,735.6,440,regular,False
2026-07-29T19:25:00+00:00,735.51,735.51,734.93,734.93,320,regular,False
2026-07-29T19:25:00+00:00,735.39,735.685,734.91,734.91,8574,regular,False
2026-07-29T19:25:00+00:00,735.36,735.36,735.36,735.36,80,regular,False
2026-07-29T19:26:00+00:00,734.91,734.91,734.3,734.81,8529,regular,False
2026-07-29T19:26:00+00:00,734.76,734.77,734.37,734.39,670,regular,False
2026-07-29T19:26:00+00:00,734.76,734.76,734.39,734.56,451,regular,False
2026-07-29T19:27:00+00:00,734.81,735.2,734.81,734.94,520,regular,False
2026-07-29T19:27:00+00:00,734.82,735.22,734.5,734.98,8235,regular,False
2026-07-29T19:27:00+00:00,734.81,735.2,734.81,734.94,620,regular,False
2026-07-29T19:28:00+00:00,734.935,734.96,734.79,734.96,440,regular,False
2026-07-29T19:28:00+00:00,734.96,734.96,734.96,734.96,80,regular,False
2026-07-29T19:28:00+00:00,734.87,735.185,734.66,735.085,13505,regular,False
2026-07-29T19:29:00+00:00,735.005,735.17,734.98,735.17,840,regular,False
2026-07-29T19:29:00+00:00,735.005,735.23,734.945,734.985,1662,regular,False
2026-07-29T19:29:00+00:00,735.07,735.32,734.85,735.165,8832,regular,False
2026-07-29T19:30:00+00:00,735.25,735.57,734.93,735.51,5735,regular,False
2026-07-29T19:30:00+00:00,735.24,735.24,734.97,735.01,1500320,regular,False
2026-07-29T19:30:00+00:00,735.24,735.49,735.05,735.49,1811,regular,False
2026-07-29T19:31:00+00:00,735.49,735.715,734.95,735.32,4598,regular,False
2026-07-29T19:31:00+00:00,735.03,735.03,735.03,735.03,80,regular,False
2026-07-29T19:31:00+00:00,735.61,735.69,734.96,734.96,1763,regular,False
2026-07-29T19:32:00+00:00,735.32,735.32,735.32,735.32,3,regular,False
2026-07-29T19:32:00+00:00,735.325,735.325,734.395,734.395,191,regular,False
2026-07-29T19:32:00+00:00,735.31,735.43,734.395,734.61,5120,regular,False
2026-07-29T19:33:00+00:00,734.305,734.305,733.45,733.45,229,regular,False
2026-07-29T19:33:00+00:00,734.64,734.65,732.95,733.11,11258,regular,False
2026-07-29T19:33:00+00:00,733.5,733.5,733.5,733.5,80,regular,False
2026-07-29T19:34:00+00:00,732.88,733.33,732.88,733.33,1040,regular,False
2026-07-29T19:34:00+00:00,732.88,733.455,732.86,733.43,608,regular,False
2026-07-29T19:34:00+00:00,733.17,733.61,732.75,733.6,16163,regular,False
2026-07-29T19:35:00+00:00,733.65,733.65,732.95,732.95,240,regular,False
2026-07-29T19:35:00+00:00,733.59,733.59,732.95,733.11,740,regular,False
2026-07-29T19:35:00+00:00,733.55,733.67,732.95,733.12,6574,regular,False
2026-07-29T19:36:00+00:00,733.16,733.64,732.95,733.49,637,regular,False
2026-07-29T19:36:00+00:00,733.21,733.92,732.97,733.885,6479,regular,False
2026-07-29T19:36:00+00:00,733.16,733.85,733.08,733.85,240,regular,False
2026-07-29T19:37:00+00:00,733.87,733.91,732.99,733.1,800,regular,False
2026-07-29T19:37:00+00:00,733.82,733.87,733.055,733.27,424,regular,False
2026-07-29T19:37:00+00:00,733.86,733.96,732.85,732.85,6420,regular,False
2026-07-29T19:38:00+00:00,732.78,732.78,731.98,732.07,22069,regular,False
2026-07-29T19:38:00+00:00,732.44,732.52,732.0,732.05,882,regular,False
2026-07-29T19:38:00+00:00,732.8,732.8,732.05,732.05,672,regular,False
2026-07-29T19:39:00+00:00,731.95,731.95,731.655,731.88,902,regular,False
2026-07-29T19:39:00+00:00,731.73,731.86,731.62,731.63,719,regular,False
2026-07-29T19:39:00+00:00,731.845,731.93,731.56,731.625,12615,regular,False
2026-07-29T19:40:00+00:00,731.55,731.8,731.085,731.765,21240,regular,False
2026-07-29T19:40:00+00:00,731.51,731.68,731.1,731.48,721,regular,False
2026-07-29T19:40:00+00:00,731.51,731.69,731.11,731.49,860,regular,False
2026-07-29T19:41:00+00:00,731.9,732.24,731.47,731.77,25970,regular,False
2026-07-29T19:41:00+00:00,732.04,732.14,731.46,731.79,1218,regular,False
2026-07-29T19:41:00+00:00,732.04,732.19,731.74,731.74,699,regular,False
2026-07-29T19:42:00+00:00,731.82,731.82,731.6,731.6,570,regular,False
2026-07-29T19:42:00+00:00,731.82,731.82,731.635,731.635,360,regular,False
2026-07-29T19:42:00+00:00,731.76,731.94,731.51,731.635,13537,regular,False
2026-07-29T19:43:00+00:00,731.405,731.405,731.405,731.405,70,regular,False
2026-07-29T19:43:00+00:00,731.63,731.87,730.9,731.75,13328,regular,False
2026-07-29T19:44:00+00:00,731.16,731.16,731.16,731.16,80,regular,False
2026-07-29T19:44:00+00:00,731.17,731.35,731.03,731.03,540,regular,False
2026-07-29T19:44:00+00:00,731.7,731.7,730.915,731.285,7175,regular,False
2026-07-29T19:45:00+00:00,731.34,731.38,730.96,730.96,752,regular,False
2026-07-29T19:45:00+00:00,731.25,731.25,731.01,731.01,553,regular,False
2026-07-29T19:45:00+00:00,731.36,731.47,730.86,730.86,9650,regular,False
2026-07-29T19:46:00+00:00,730.84,731.46,730.77,730.83,11733,regular,False
2026-07-29T19:46:00+00:00,730.905,731.27,730.8,730.8,1185,regular,False
2026-07-29T19:46:00+00:00,731.235,731.235,731.01,731.01,440,regular,False
2026-07-29T19:47:00+00:00,730.81,730.94,730.42,730.875,2507,regular,False
2026-07-29T19:47:00+00:00,730.94,731.05,730.5,730.5,726,regular,False
2026-07-29T19:47:00+00:00,730.84,731.09,730.47,730.875,16878,regular,False
2026-07-29T19:48:00+00:00,731.34,731.34,731.34,731.34,120,regular,False
2026-07-29T19:48:00+00:00,730.875,731.505,730.84,731.505,1333,regular,False
2026-07-29T19:48:00+00:00,730.875,731.69,730.82,731.43,9758,regular,False
2026-07-29T19:49:00+00:00,731.37,732.08,731.23,731.9,5715,regular,False
2026-07-29T19:49:00+00:00,731.36,731.36,731.36,731.36,106,regular,False
2026-07-29T19:49:00+00:00,731.345,731.36,731.345,731.35,370,regular,False
2026-07-29T19:50:00+00:00,730.99,731.12,730.94,731.06,1719,regular,False
2026-07-29T19:50:00+00:00,731.49,731.49,730.79,731.09,191,regular,False
2026-07-29T19:50:00+00:00,731.84,731.84,730.73,731.11,21473,regular,False
2026-07-29T19:51:00+00:00,731.095,731.11,730.68,730.93,22273,regular,False
2026-07-29T19:51:00+00:00,731.04,731.04,730.73,730.99,325,regular,False
2026-07-29T19:51:00+00:00,731.095,731.095,730.7,731.015,540,regular,False
2026-07-29T19:52:00+00:00,730.69,730.86,730.19,730.74,798,regular,False
2026-07-29T19:52:00+00:00,730.65,730.78,730.29,730.78,682,regular,False
2026-07-29T19:52:00+00:00,730.95,730.96,730.2,730.68,17493,regular,False
2026-07-29T19:53:00+00:00,730.595,730.66,730.595,730.64,360,regular,False
2026-07-29T19:53:00+00:00,730.62,730.905,730.585,730.655,5270,regular,False
2026-07-29T19:53:00+00:00,730.68,730.765,730.595,730.73,913,regular,False
2026-07-29T19:54:00+00:00,730.64,730.8,730.64,730.8,4080,regular,False
2026-07-29T19:54:00+00:00,730.98,730.98,730.98,730.98,80,regular,False
2026-07-29T19:54:00+00:00,730.62,731.16,730.605,730.845,12555,regular,False
2026-07-29T19:55:00+00:00,730.0,730.07,730.0,730.07,567,regular,False
2026-07-29T19:55:00+00:00,730.66,730.66,729.755,730.07,14785,regular,False
2026-07-29T19:55:00+00:00,729.875,730.23,729.875,730.04,358,regular,False
2026-07-29T19:56:00+00:00,730.22,730.22,729.83,729.83,1843,regular,False
2026-07-29T19:56:00+00:00,730.065,730.325,729.675,729.82,23371,regular,False
2026-07-29T19:56:00+00:00,730.07,730.23,729.75,729.75,551,regular,False
2026-07-29T19:57:00+00:00,729.8,730.07,729.63,729.685,33534,regular,False
2026-07-29T19:57:00+00:00,729.75,729.85,729.75,729.85,396,regular,False
2026-07-29T19:57:00+00:00,729.87,729.87,729.7,729.73,471,regular,False
2026-07-29T19:58:00+00:00,729.675,729.675,729.52,729.54,1640,regular,False
2026-07-29T19:58:00+00:00,729.65,729.8,729.48,729.57,84767,regular,False
2026-07-29T19:58:00+00:00,729.61,729.785,729.525,729.735,2850,regular,False
2026-07-29T19:59:00+00:00,729.47,729.59,729.15,729.36,8285,regular,False
2026-07-29T19:59:00+00:00,729.495,729.98,729.13,729.5,4318,regular,False
2026-07-29T19:59:00+00:00,729.575,730.09,729.105,729.57,183390,regular,False
2026-07-29T20:00:00+00:00,729.33,729.33,729.29,729.29,112,after-market,False
2026-07-29T20:00:00+00:00,729.28,729.47,728.88,729.29,1905,after-market,False
2026-07-29T20:01:00+00:00,729.74,729.89,728.54,728.54,1730,after-market,False
2026-07-29T20:01:00+00:00,729.67,729.67,729.67,729.67,53,after-market,False
2026-07-29T20:01:00+00:00,730.02,730.02,730.02,730.02,56,after-market,False
2026-07-29T20:02:00+00:00,728.82,728.82,728.82,728.82,85,after-market,False
2026-07-29T20:02:00+00:00,728.54,730.0,728.54,728.89,9358,after-market,False
2026-07-29T20:03:00+00:00,729.33,729.43,729.25,729.25,552,after-market,False
2026-07-29T20:03:00+00:00,729.0157,729.43,728.9,728.9,350912,after-market,False
2026-07-29T20:04:00+00:00,728.83,728.83,728.83,728.83,500,after-market,False
2026-07-29T20:04:00+00:00,728.74,728.74,727.8,728.3,1334,after-market,False
2026-07-29T20:05:00+00:00,728.79,728.8,728.79,728.8,185,after-market,False
2026-07-29T20:05:00+00:00,728.8,729.12,728.23,728.68,1320,after-market,False
2026-07-29T20:06:00+00:00,728.96,728.96,728.96,728.96,500,after-market,False
2026-07-29T20:06:00+00:00,729.14,729.23,729.14,729.21,2080,after-market,False
2026-07-29T20:07:00+00:00,728.86,728.86,728.85,728.85,600,after-market,False
2026-07-29T20:07:00+00:00,728.9,728.91,728.9,728.91,5000,after-market,False
2026-07-29T20:08:00+00:00,728.24,728.35,728.15,728.18,2650,after-market,False
2026-07-29T20:08:00+00:00,728.3,728.3,728.3,728.3,500,after-market,False
2026-07-29T20:09:00+00:00,728.29,728.29,727.97,727.97,96,after-market,False
2026-07-29T20:09:00+00:00,728.21,728.21,727.93,727.93,600,after-market,False
2026-07-29T20:10:00+00:00,727.57,727.57,727.29,727.29,2940,after-market,False
2026-07-29T20:10:00+00:00,727.56,727.56,727.34,727.34,48,after-market,False
2026-07-29T20:11:00+00:00,727.535,727.705,727.35,727.65,526,after-market,False
2026-07-29T20:11:00+00:00,727.52,727.52,727.52,727.52,280,after-market,False
2026-07-29T20:12:00+00:00,727.79,728.8,727.62,727.8,1082,after-market,False
2026-07-29T20:13:00+00:00,728.64,729.14,728.64,729.14,648,after-market,False
2026-07-29T20:13:00+00:00,728.71,729.2,728.71,728.94,548,after-market,False
2026-07-29T20:14:00+00:00,728.155,728.155,728.155,728.155,24,after-market,False
2026-07-29T20:15:00+00:00,728.34,728.34,728.34,728.34,120,after-market,False
2026-07-29T20:16:00+00:00,728.6,728.6,728.6,728.6,24,after-market,False
2026-07-29T20:18:00+00:00,727.86,727.86,727.85,727.85,600,after-market,False
2026-07-29T20:20:00+00:00,728.18,728.29,728.0,728.0,1480,after-market,False
2026-07-29T20:20:00+00:00,728.01,728.01,728.01,728.01,500,after-market,False
2026-07-29T20:21:00+00:00,728.0,728.0,728.0,728.0,300,after-market,False
2026-07-29T20:21:00+00:00,728.05,728.05,727.955,727.955,48,after-market,False
2026-07-29T20:23:00+00:00,727.99,727.99,727.99,727.99,500,after-market,False
2026-07-29T20:23:00+00:00,728.05,728.05,728.05,728.05,580,after-market,False
2026-07-29T20:24:00+00:00,727.89,727.89,727.89,727.89,24,after-market,False
2026-07-29T20:26:00+00:00,727.31,727.31,727.31,727.31,24,after-market,False
2026-07-29T20:27:00+00:00,727.29,727.29,727.04,727.05,363,after-market,False
2026-07-29T20:28:00+00:00,727.245,727.245,727.245,727.245,24,after-market,False
2026-07-29T20:32:00+00:00,728.0,728.03,728.0,728.0,300,after-market,False
2026-07-29T20:32:00+00:00,728.01,728.01,728.01,728.01,300,after-market,False
2026-07-29T20:32:00+00:00,727.99,728.02,727.99,728.02,506,after-market,False
2026-07-29T20:34:00+00:00,728.34,728.45,728.34,728.45,41,after-market,False
2026-07-29T20:34:00+00:00,728.41,728.41,728.41,728.41,228,after-market,False
2026-07-29T20:35:00+00:00,728.51,728.7,728.51,728.54,72,after-market,False
2026-07-29T20:37:00+00:00,728.375,728.375,728.375,728.375,24,after-market,False
2026-07-29T20:38:00+00:00,728.84,728.84,728.84,728.84,500,after-market,False
2026-07-29T20:39:00+00:00,728.93,728.93,728.93,728.93,480,after-market,False
2026-07-29T20:40:00+00:00,729.13,729.14,729.105,729.14,812,after-market,False
2026-07-29T20:41:00+00:00,728.845,728.845,728.845,728.845,11,after-market,False
2026-07-29T20:42:00+00:00,728.73,728.73,728.51,728.51,511,after-market,False
2026-07-29T20:42:00+00:00,728.54,728.54,728.54,728.54,97,after-market,False
2026-07-29T20:43:00+00:00,728.39,728.68,728.39,728.68,580,after-market,False
2026-07-29T20:44:00+00:00,728.62,728.63,728.52,728.52,1480,after-market,False
2026-07-29T20:45:00+00:00,728.84,728.84,728.84,728.84,300,after-market,False
2026-07-29T20:45:00+00:00,728.83,728.83,728.83,728.83,450,after-market,False
2026-07-29T20:48:00+00:00,728.685,728.685,728.685,728.685,24,after-market,False
2026-07-29T20:52:00+00:00,728.375,728.375,728.375,728.375,24,after-market,False
2026-07-29T20:53:00+00:00,728.595,728.595,728.595,728.595,1,after-market,False
2026-07-29T20:54:00+00:00,728.455,728.455,728.455,728.455,24,after-market,False
2026-07-29T20:55:00+00:00,728.79,728.79,728.79,728.79,420,after-market,False
2026-07-29T20:56:00+00:00,728.67,728.67,728.49,728.49,144,after-market,False
2026-07-29T20:58:00+00:00,728.41,728.41,728.32,728.32,88,after-market,False
2026-07-29T21:04:00+00:00,727.975,727.975,727.975,727.975,24,after-market,False
2026-07-29T21:10:00+00:00,727.975,727.975,727.975,727.975,47,after-market,False
2026-07-29T21:11:00+00:00,727.98,727.98,727.98,727.98,48,after-market,False
2026-07-29T21:13:00+00:00,728.06,728.06,728.06,728.06,13,after-market,False
2026-07-29T21:32:00+00:00,727.9,727.9,727.9,727.9,23,after-market,False
2026-07-29T21:54:00+00:00,727.17,727.17,727.17,727.17,26,after-market,False
2026-07-29T21:54:00+00:00,727.17,727.17,727.17,727.17,26,after-market,False
2026-07-29T22:00:00+00:00,728.39,728.92,728.39,728.92,1470,after-market,False
2026-07-29T22:00:00+00:00,728.41,728.41,728.41,728.41,138,after-market,False
2026-07-29T22:01:00+00:00,728.93,729.26,728.93,729.26,620,after-market,False
2026-07-29T22:02:00+00:00,729.46,729.69,729.46,729.66,380,after-market,False
2026-07-29T22:03:00+00:00,729.68,729.68,729.56,729.56,310,after-market,False
2026-07-29T22:04:00+00:00,729.81,729.81,729.8,729.81,740,after-market,False
2026-07-29T22:05:00+00:00,730.06,730.06,730.06,730.06,280,after-market,False
2026-07-29T22:06:00+00:00,730.33,730.65,730.33,730.65,700,after-market,False
2026-07-29T22:07:00+00:00,730.67,730.67,730.67,730.67,150,after-market,False
2026-07-29T22:08:00+00:00,730.98,730.98,730.98,730.98,6,after-market,False
2026-07-29T22:09:00+00:00,731.06,731.06,731.06,731.06,20,after-market,False
2026-07-29T22:09:00+00:00,731.16,731.17,731.16,731.16,274,after-market,False
2026-07-29T22:10:00+00:00,731.07,731.18,731.07,731.18,40,after-market,False
2026-07-29T22:11:00+00:00,731.63,731.63,731.63,731.63,300,after-market,False
2026-07-29T22:11:00+00:00,731.65,731.65,731.6,731.6,400,after-market,False
2026-07-29T22:12:00+00:00,731.68,731.68,731.68,731.68,2,after-market,False
2026-07-29T22:13:00+00:00,731.66,731.69,731.66,731.69,305,after-market,False
2026-07-29T22:13:00+00:00,731.77,731.77,731.77,731.77,200,after-market,False
2026-07-29T22:14:00+00:00,731.365,731.365,731.365,731.365,24,after-market,False
2026-07-29T22:14:00+00:00,731.65,731.67,731.33,731.44,3010,after-market,False
2026-07-29T22:16:00+00:00,731.65,731.65,731.65,731.65,3,after-market,False
2026-07-29T22:18:00+00:00,731.57,731.57,731.57,731.57,5,after-market,False
2026-07-29T22:18:00+00:00,731.735,731.735,731.735,731.735,24,after-market,False
2026-07-29T22:19:00+00:00,731.94,731.94,731.94,731.94,50,after-market,False
2026-07-29T22:19:00+00:00,731.98,731.98,731.98,731.98,48,after-market,False
2026-07-29T22:21:00+00:00,731.69,731.78,731.69,731.78,1047,after-market,False
2026-07-29T22:22:00+00:00,731.87,731.87,731.87,731.87,120,after-market,False
2026-07-29T22:22:00+00:00,731.7,731.87,731.7,731.87,2280,after-market,False
2026-07-29T22:33:00+00:00,731.34,731.34,731.34,731.34,10,after-market,False
2026-07-29T22:37:00+00:00,731.75,731.75,731.75,731.75,280,after-market,False
2026-07-29T22:39:00+00:00,731.56,731.56,731.55,731.55,600,after-market,False
2026-07-29T22:40:00+00:00,731.535,731.535,731.535,731.535,24,after-market,False
2026-07-29T22:45:00+00:00,731.87,731.88,731.87,731.88,600,after-market,False
2026-07-29T22:46:00+00:00,731.8,731.8,731.8,731.8,600,after-market,False
2026-07-29T22:56:00+00:00,731.31,731.31,731.3,731.3,580,after-market,False
2026-07-29T22:57:00+00:00,731.36,731.36,731.36,731.36,10,after-market,False
2026-07-29T23:06:00+00:00,731.83,731.83,731.83,731.83,24,after-market,False
2026-07-29T23:09:00+00:00,732.44,732.44,732.44,732.44,24,after-market,False
2026-07-29T23:09:00+00:00,732.26,732.26,732.26,732.26,208,after-market,False
2026-07-29T23:15:00+00:00,731.92,731.92,731.92,731.92,280,after-market,False
2026-07-29T23:38:00+00:00,732.59,732.59,732.59,732.59,202,after-market,False
2026-07-29T23:38:00+00:00,732.595,732.595,732.595,732.595,24,after-market,False
2026-07-29T23:41:00+00:00,732.27,732.27,732.27,732.27,24,after-market,False
2026-07-30T11:00:00+00:00,733.38,733.38,733.24,733.24,36,pre-market,False
2026-07-30T11:01:00+00:00,733.35,733.35,733.35,733.35,100,pre-market,False
2026-07-30T11:02:00+00:00,733.47,733.47,733.47,733.47,20,pre-market,False
2026-07-30T11:23:00+00:00,733.83,733.83,733.83,733.83,100,pre-market,False
2026-07-30T11:32:00+00:00,734.38,734.38,734.38,734.38,500,pre-market,False
2026-07-30T11:37:00+00:00,734.37,734.37,734.37,734.37,80,pre-market,False
2026-07-30T11:39:00+00:00,734.4,734.4,734.4,734.4,100,pre-market,False
2026-07-30T11:47:00+00:00,734.28,734.28,734.28,734.28,100,pre-market,False
2026-07-30T11:49:00+00:00,734.47,734.47,734.47,734.47,100,pre-market,False
2026-07-30T12:01:00+00:00,734.21,734.21,734.21,734.21,100,pre-market,False
2026-07-30T12:02:00+00:00,734.38,734.38,734.38,734.38,100,pre-market,False
2026-07-30T12:05:00+00:00,734.82,734.83,734.82,734.83,340,pre-market,False
2026-07-30T12:08:00+00:00,734.9,734.9,734.75,734.75,220,pre-market,False
2026-07-30T12:09:00+00:00,734.77,734.77,734.77,734.77,50,pre-market,False
2026-07-30T12:10:00+00:00,734.93,734.93,734.93,734.93,40,pre-market,False
2026-07-30T12:11:00+00:00,734.83,734.83,734.83,734.83,300,pre-market,False
2026-07-30T12:14:00+00:00,734.99,735.02,734.99,735.02,200,pre-market,False
2026-07-30T12:14:00+00:00,735.0,735.0,735.0,735.0,80,pre-market,False
2026-07-30T12:21:00+00:00,734.59,734.59,734.59,734.59,80,pre-market,False
2026-07-30T12:26:00+00:00,734.8,734.8,734.7,734.7,222,pre-market,False
2026-07-30T12:26:00+00:00,734.7,734.7,734.7,734.7,300,pre-market,False
2026-07-30T12:28:00+00:00,734.43,734.43,734.43,734.43,80,pre-market,False
2026-07-30T12:29:00+00:00,734.53,734.53,734.53,734.53,120,pre-market,False
2026-07-30T12:30:00+00:00,734.96,734.96,734.78,734.78,1200,pre-market,False
2026-07-30T12:30:00+00:00,734.93,735.04,734.93,735.04,420,pre-market,False
2026-07-30T12:31:00+00:00,734.45,734.45,734.45,734.45,20,pre-market,False
2026-07-30T12:32:00+00:00,734.26,734.26,734.26,734.26,1,pre-market,False
2026-07-30T12:33:00+00:00,734.31,734.31,734.3,734.3,220,pre-market,False
2026-07-30T12:35:00+00:00,734.48,734.48,734.48,734.48,74,pre-market,False
2026-07-30T12:35:00+00:00,734.41,734.41,734.31,734.31,600,pre-market,False
2026-07-30T12:47:00+00:00,734.09,734.1,734.09,734.1,514,pre-market,False
2026-07-30T12:47:00+00:00,733.98,734.03,733.98,734.03,200,pre-market,False
2026-07-30T12:58:00+00:00,734.48,734.48,734.48,734.48,100,pre-market,False
2026-07-30T13:00:00+00:00,734.45,734.55,734.45,734.55,180,pre-market,False
2026-07-30T13:01:00+00:00,734.94,734.97,734.94,734.97,61,pre-market,False
2026-07-30T13:01:00+00:00,734.98,734.98,734.98,734.98,100,pre-market,False
2026-07-30T13:03:00+00:00,734.87,734.87,734.86,734.86,104,pre-market,False
2026-07-30T13:04:00+00:00,734.97,734.97,734.97,734.97,300,pre-market,False
2026-07-30T13:05:00+00:00,734.97,735.0,734.97,735.0,302,pre-market,False
2026-07-30T13:06:00+00:00,735.09,735.09,735.09,735.09,20,pre-market,False
2026-07-30T13:07:00+00:00,735.21,735.44,735.21,735.44,98,pre-market,False
2026-07-30T13:08:00+00:00,735.07,735.07,735.07,735.07,120,pre-market,False
2026-07-30T13:18:00+00:00,734.97,734.97,734.97,734.97,1,pre-market,False
2026-07-30T13:18:00+00:00,734.89,734.89,734.89,734.89,18,pre-market,False
2026-07-30T13:22:00+00:00,735.06,735.06,735.06,735.06,1,pre-market,False
2026-07-30T13:25:00+00:00,735.51,735.51,735.47,735.47,360,pre-market,False
2026-07-30T13:25:00+00:00,735.36,735.45,735.36,735.45,200,pre-market,False
2026-07-30T13:30:00+00:00,736.025,736.155,735.185,735.48,11467,regular,False
2026-07-30T13:30:00+00:00,735.99,736.23,735.19,735.45,387,regular,False
2026-07-30T13:31:00+00:00,735.56,735.695,735.33,735.505,8388,regular,False
2026-07-30T13:31:00+00:00,735.58,735.58,735.58,735.58,100,regular,False
2026-07-30T13:32:00+00:00,735.515,735.725,735.345,735.55,7480,regular,False
2026-07-30T13:33:00+00:00,735.53,735.59,735.0,735.16,6255,regular,False
2026-07-30T13:34:00+00:00,735.405,735.63,735.09,735.49,6440,regular,False
2026-07-30T13:35:00+00:00,735.39,735.76,735.035,735.515,12146,regular,False
2026-07-30T13:36:00+00:00,735.6,735.82,735.345,735.66,11593,regular,False
2026-07-30T13:37:00+00:00,735.71,735.925,735.25,735.925,5051,regular,False
2026-07-30T13:38:00+00:00,735.995,736.03,735.495,735.52,6413,regular,False
2026-07-30T13:39:00+00:00,735.53,735.58,734.98,735.32,2877,regular,False
2026-07-30T13:40:00+00:00,735.14,735.19,734.67,734.73,6750,regular,False
2026-07-30T13:41:00+00:00,734.74,735.24,734.705,735.13,6607,regular,False
2026-07-30T13:42:00+00:00,735.155,736.05,735.155,735.89,4702,regular,False
2026-07-30T13:42:00+00:00,735.85,735.85,735.85,735.85,2,regular,False
2026-07-30T13:43:00+00:00,735.97,735.97,735.97,735.97,50,regular,False
2026-07-30T13:43:00+00:00,735.93,736.45,735.86,736.45,5413,regular,False
2026-07-30T13:44:00+00:00,736.475,736.77,736.365,736.395,5757,regular,False
2026-07-30T13:44:00+00:00,736.52,736.52,736.52,736.52,100,regular,False
2026-07-30T13:45:00+00:00,736.365,736.91,736.365,736.77,16159,regular,False
2026-07-30T13:46:00+00:00,737.15,737.29,737.15,737.29,50,regular,False
2026-07-30T13:46:00+00:00,736.89,737.345,736.79,737.27,5282,regular,False
2026-07-30T13:47:00+00:00,737.27,737.3,736.835,737.16,14034,regular,False
2026-07-30T13:47:00+00:00,737.25,737.25,737.13,737.13,80,regular,False
2026-07-30T13:48:00+00:00,737.125,737.3,737.0,737.135,16219,regular,False
2026-07-30T13:48:00+00:00,737.24,737.24,737.24,737.24,160,regular,False
2026-07-30T13:49:00+00:00,737.24,737.24,737.24,737.24,240,regular,False
2026-07-30T13:49:00+00:00,737.18,737.42,737.12,737.35,7703,regular,False
2026-07-30T13:50:00+00:00,737.3,737.99,737.15,737.99,238,regular,False
2026-07-30T13:50:00+00:00,737.39,738.2,737.085,738.15,10352,regular,False
2026-07-30T13:50:00+00:00,737.31,738.0,737.31,738.0,41,regular,False
2026-07-30T13:51:00+00:00,737.92,737.92,737.92,737.92,40,regular,False
2026-07-30T13:51:00+00:00,738.04,738.04,738.04,738.04,40,regular,False
2026-07-30T13:51:00+00:00,738.12,738.35,737.865,737.925,6589,regular,False
2026-07-30T13:52:00+00:00,737.31,737.31,737.31,737.31,40,regular,False
2026-07-30T13:52:00+00:00,737.72,737.74,737.325,737.555,7493,regular,False
2026-07-30T13:52:00+00:00,737.76,737.76,737.41,737.44,1880,regular,False
2026-07-30T13:53:00+00:00,737.93,737.93,737.93,737.93,80,regular,False
2026-07-30T13:53:00+00:00,737.75,738.06,737.515,737.7,4058,regular,False
2026-07-30T13:54:00+00:00,737.59,737.74,737.59,737.74,530,regular,False
2026-07-30T13:54:00+00:00,737.62,737.98,737.61,737.965,8365,regular,False
2026-07-30T13:55:00+00:00,737.89,738.035,737.665,738.02,3366,regular,False
2026-07-30T13:56:00+00:00,737.925,738.035,737.64,737.795,4317,regular,False
2026-07-30T13:57:00+00:00,737.815,738.09,737.74,737.98,3020,regular,False
2026-07-30T13:58:00+00:00,737.97,738.045,737.73,738.01,6736,regular,False
2026-07-30T13:59:00+00:00,738.05,738.66,738.05,738.61,3933,regular,False
2026-07-30T13:59:00+00:00,738.45,738.45,738.45,738.45,10,regular,False
2026-07-30T13:59:00+00:00,738.5,738.5,738.5,738.5,1,regular,False
2026-07-30T14:00:00+00:00,738.62,738.73,738.31,738.73,8743,regular,False
2026-07-30T14:01:00+00:00,738.78,738.85,738.525,738.68,4776,regular,False
2026-07-30T14:02:00+00:00,738.705,738.985,738.505,738.645,10055,regular,False
2026-07-30T14:03:00+00:00,738.7,738.7,738.11,738.39,5518,regular,False
2026-07-30T14:04:00+00:00,738.515,738.77,738.365,738.59,6031,regular,False
2026-07-30T14:05:00+00:00,738.575,738.7,738.32,738.59,4198,regular,False
2026-07-30T14:05:00+00:00,738.6,738.6,738.6,738.6,11,regular,False
2026-07-30T14:06:00+00:00,738.89,738.89,738.89,738.89,2,regular,False
2026-07-30T14:06:00+00:00,738.66,738.905,738.395,738.64,5646,regular,False
2026-07-30T14:07:00+00:00,738.09,738.09,738.09,738.09,70,regular,False
2026-07-30T14:07:00+00:00,738.1,738.1,738.08,738.08,204,regular,False
2026-07-30T14:07:00+00:00,738.65,738.65,738.07,738.085,5192,regular,False
2026-07-30T14:08:00+00:00,738.115,738.13,737.65,737.78,8883,regular,False
2026-07-30T14:09:00+00:00,737.755,737.81,737.585,737.765,11180,regular,False
2026-07-30T14:10:00+00:00,737.795,737.925,737.49,737.66,4827,regular,False
2026-07-30T14:11:00+00:00,737.65,738.06,737.445,738.06,5415,regular,False
2026-07-30T14:12:00+00:00,737.89,737.89,737.89,737.89,50,regular,False
2026-07-30T14:12:00+00:00,738.145,738.145,737.82,737.97,6145,regular,False
2026-07-30T14:13:00+00:00,737.95,737.95,737.575,737.665,7213,regular,False
2026-07-30T14:13:00+00:00,737.83,737.83,737.83,737.83,50,regular,False
2026-07-30T14:14:00+00:00,737.67,738.03,737.67,737.975,5787,regular,False
2026-07-30T14:14:00+00:00,738.0,738.0,738.0,738.0,2,regular,False
2026-07-30T14:14:00+00:00,737.81,737.81,737.81,737.81,50,regular,False
2026-07-30T14:15:00+00:00,738.01,738.11,737.865,738.095,10308,regular,False
2026-07-30T14:16:00+00:00,738.12,738.12,738.12,738.12,2,regular,False
2026-07-30T14:16:00+00:00,738.095,738.33,737.96,738.33,3298,regular,False
2026-07-30T14:17:00+00:00,738.36,738.45,737.91,737.91,3260,regular,False
2026-07-30T14:18:00+00:00,737.56,737.56,737.56,737.56,2,regular,False
2026-07-30T14:18:00+00:00,737.86,737.92,737.385,737.77,7277,regular,False
2026-07-30T14:19:00+00:00,737.76,737.86,737.505,737.79,3573,regular,False
2026-07-30T14:20:00+00:00,737.72,737.92,737.68,737.865,5007,regular,False
2026-07-30T14:20:00+00:00,737.65,737.65,737.65,737.65,10,regular,False
2026-07-30T14:21:00+00:00,737.93,738.33,737.88,738.16,3805,regular,False
2026-07-30T14:22:00+00:00,738.05,738.375,737.88,738.31,3248,regular,False
2026-07-30T14:23:00+00:00,738.29,738.57,738.17,738.17,3201,regular,False
2026-07-30T14:23:00+00:00,738.5,738.5,738.5,738.5,10,regular,False
2026-07-30T14:24:00+00:00,738.16,738.3,737.755,737.965,9989,regular,False
2026-07-30T14:24:00+00:00,738.24,738.24,738.24,738.24,3,regular,False
2026-07-30T14:25:00+00:00,737.98,738.095,737.875,738.08,3160,regular,False
2026-07-30T14:25:00+00:00,738.05,738.05,738.01,738.01,160,regular,False
2026-07-30T14:26:00+00:00,737.92,738.17,737.92,738.17,45,regular,False
2026-07-30T14:26:00+00:00,738.03,738.22,737.85,738.21,1847,regular,False
2026-07-30T14:27:00+00:00,738.17,738.68,738.17,738.68,80,regular,False
2026-07-30T14:27:00+00:00,738.35,738.35,738.35,738.35,10,regular,False
2026-07-30T14:27:00+00:00,738.21,738.745,738.11,738.745,3937,regular,False
2026-07-30T14:28:00+00:00,738.735,739.27,738.72,738.99,3238,regular,False
2026-07-30T14:28:00+00:00,738.74,739.14,738.74,739.14,160,regular,False
2026-07-30T14:29:00+00:00,738.94,738.94,738.94,738.94,50,regular,False
2026-07-30T14:29:00+00:00,739.045,739.045,738.615,738.615,2157,regular,False
2026-07-30T14:29:00+00:00,738.91,738.91,738.88,738.88,160,regular,False
2026-07-30T14:30:00+00:00,738.61,738.685,738.19,738.655,4987,regular,False
2026-07-30T14:30:00+00:00,738.68,738.68,738.68,738.68,40,regular,False
2026-07-30T14:31:00+00:00,738.49,738.58,738.49,738.58,120,regular,False
2026-07-30T14:31:00+00:00,738.655,738.86,738.435,738.86,4190,regular,False
2026-07-30T14:32:00+00:00,738.805,738.87,738.575,738.755,1638,regular,False
2026-07-30T14:32:00+00:00,738.74,738.74,738.74,738.74,10,regular,False
2026-07-30T14:32:00+00:00,738.66,738.66,738.66,738.66,160,regular,False
2026-07-30T14:33:00+00:00,738.68,738.695,738.365,738.48,6381,regular,False
2026-07-30T14:34:00+00:00,738.43,738.49,738.06,738.06,166,regular,False
2026-07-30T14:34:00+00:00,738.26,738.26,738.26,738.26,40,regular,False
2026-07-30T14:34:00+00:00,738.435,738.56,738.09,738.35,5268,regular,False
2026-07-30T14:35:00+00:00,738.32,738.345,738.055,738.14,980,regular,False
2026-07-30T14:36:00+00:00,738.07,738.87,738.07,738.8,4634,regular,False
2026-07-30T14:36:00+00:00,738.13,738.13,738.13,738.13,40,regular,False
2026-07-30T14:37:00+00:00,738.73,738.9,738.63,738.82,3684,regular,False
2026-07-30T14:38:00+00:00,738.7,738.7,738.525,738.6,1295,regular,False
2026-07-30T14:38:00+00:00,738.6,738.6,738.6,738.6,120,regular,False
2026-07-30T14:39:00+00:00,738.545,738.68,738.52,738.62,2185,regular,False
2026-07-30T14:40:00+00:00,738.98,738.98,738.98,738.98,1,regular,False
2026-07-30T14:40:00+00:00,738.76,738.93,738.555,738.92,2834,regular,False
2026-07-30T14:41:00+00:00,738.91,739.03,738.835,738.98,1793,regular,False
2026-07-30T14:41:00+00:00,738.89,739.0,738.89,739.0,58,regular,False
2026-07-30T14:42:00+00:00,739.03,739.07,738.92,738.92,270,regular,False
2026-07-30T14:42:00+00:00,739.03,739.08,738.54,738.54,3038,regular,False
2026-07-30T14:43:00+00:00,738.17,738.17,738.17,738.17,200,regular,False
2026-07-30T14:43:00+00:00,738.48,738.51,738.06,738.06,4213,regular,False
2026-07-30T14:43:00+00:00,738.34,738.34,738.34,738.34,40,regular,False
2026-07-30T14:44:00+00:00,737.99,737.99,737.79,737.82,480,regular,False
2026-07-30T14:44:00+00:00,738.04,738.04,737.69,737.85,7658,regular,False
2026-07-30T14:44:00+00:00,738.0,738.0,737.76,737.885,121,regular,False
2026-07-30T14:45:00+00:00,737.82,738.055,737.6,738.055,4463,regular,False
2026-07-30T14:46:00+00:00,738.05,738.15,737.615,737.69,4013,regular,False
2026-07-30T14:47:00+00:00,737.68,737.68,737.68,737.68,160,regular,False
2026-07-30T14:47:00+00:00,737.69,737.715,737.35,737.35,4070,regular,False
2026-07-30T14:48:00+00:00,737.22,737.28,736.85,737.12,5571,regular,False
2026-07-30T14:48:00+00:00,737.02,737.02,737.02,737.02,40,regular,False
2026-07-30T14:49:00+00:00,736.89,737.16,736.89,737.16,120,regular,False
2026-07-30T14:49:00+00:00,737.115,737.36,736.875,737.2,5331,regular,False
2026-07-30T14:50:00+00:00,737.295,737.355,737.025,737.11,2596,regular,False
2026-07-30T14:50:00+00:00,737.23,737.23,737.04,737.04,80,regular,False
2026-07-30T14:50:00+00:00,737.14,737.14,737.1,737.1,2,regular,False
2026-07-30T14:51:00+00:00,737.09,737.09,736.8,736.8,82,regular,False
2026-07-30T14:51:00+00:00,737.07,737.19,736.73,736.965,1260,regular,False
2026-07-30T14:52:00+00:00,736.955,736.99,736.68,736.7,3045,regular,False
2026-07-30T14:53:00+00:00,736.61,736.675,736.39,736.46,9133,regular,False
2026-07-30T14:53:00+00:00,736.59,736.59,736.55,736.55,120,regular,False
2026-07-30T14:54:00+00:00,736.33,736.33,736.33,736.33,40,regular,False
2026-07-30T14:54:00+00:00,736.42,736.425,736.09,736.2,9524,regular,False
2026-07-30T14:55:00+00:00,735.875,735.875,735.865,735.865,140,regular,False
2026-07-30T14:55:00+00:00,736.17,736.17,735.98,736.17,202,regular,False
2026-07-30T14:55:00+00:00,736.14,736.22,735.86,736.18,10222,regular,False
2026-07-30T14:56:00+00:00,736.03,736.03,735.67,735.79,202,regular,False
2026-07-30T14:56:00+00:00,735.825,735.825,735.825,735.825,1,regular,False
2026-07-30T14:56:00+00:00,736.145,736.22,735.645,735.805,11149,regular,False
2026-07-30T14:57:00+00:00,735.8,735.8,735.68,735.68,200,regular,False
2026-07-30T14:57:00+00:00,735.81,736.035,735.67,736.035,5760,regular,False
2026-07-30T14:58:00+00:00,735.995,736.23,735.85,736.15,7792,regular,False
2026-07-30T14:59:00+00:00,736.47,736.47,736.47,736.47,120,regular,False
2026-07-30T14:59:00+00:00,736.235,736.235,736.235,736.235,6,regular,False
2026-07-30T14:59:00+00:00,736.2,736.555,736.15,736.225,7308,regular,False
2026-07-30T15:00:00+00:00,735.81,735.81,735.39,735.39,160,regular,False
2026-07-30T15:00:00+00:00,736.25,736.25,735.35,735.475,3823,regular,False
2026-07-30T15:01:00+00:00,735.48,735.7,735.38,735.455,2581,regular,False
2026-07-30T15:01:00+00:00,735.49,735.49,735.37,735.37,240,regular,False
2026-07-30T15:01:00+00:00,735.49,735.49,735.49,735.49,80,regular,False
2026-07-30T15:02:00+00:00,735.32,735.44,735.32,735.44,160,regular,False
2026-07-30T15:02:00+00:00,735.41,735.93,735.265,735.93,2922,regular,False
2026-07-30T15:02:00+00:00,735.32,735.58,735.32,735.58,240,regular,False
2026-07-30T15:03:00+00:00,735.95,735.95,735.93,735.93,160,regular,False
2026-07-30T15:03:00+00:00,735.87,735.87,735.87,735.87,40,regular,False
2026-07-30T15:03:00+00:00,735.93,736.27,735.86,736.24,1501,regular,False
2026-07-30T15:04:00+00:00,736.4,736.53,735.98,736.18,3569,regular,False
2026-07-30T15:04:00+00:00,736.43,736.43,736.105,736.105,3,regular,False
2026-07-30T15:04:00+00:00,736.4,736.43,736.34,736.34,120,regular,False
2026-07-30T15:05:00+00:00,736.22,736.405,736.11,736.165,5427,regular,False
2026-07-30T15:06:00+00:00,736.08,736.175,735.8,735.84,3833,regular,False
2026-07-30T15:07:00+00:00,735.93,735.93,735.565,735.605,5734,regular,False
2026-07-30T15:08:00+00:00,735.83,735.83,735.83,735.83,200,regular,False
2026-07-30T15:08:00+00:00,735.585,735.94,735.42,735.94,2307,regular,False
2026-07-30T15:09:00+00:00,735.83,736.8,735.83,736.74,2814,regular,False
2026-07-30T15:10:00+00:00,736.47,736.47,736.47,736.47,80,regular,False
2026-07-30T15:10:00+00:00,736.755,736.755,735.85,735.91,2208,regular,False
2026-07-30T15:11:00+00:00,735.93,735.95,735.36,735.46,2560,regular,False
2026-07-30T15:12:00+00:00,735.415,735.61,735.335,735.37,1818,regular,False
2026-07-30T15:13:00+00:00,735.27,735.27,735.0,735.06,1126,regular,False
2026-07-30T15:13:00+00:00,735.2,735.2,735.1,735.1,90,regular,False
2026-07-30T15:14:00+00:00,735.03,735.23,734.84,734.88,2121,regular,False
2026-07-30T15:15:00+00:00,735.18,735.18,735.18,735.18,80,regular,False
2026-07-30T15:15:00+00:00,734.84,735.33,734.625,735.33,4969,regular,False
2026-07-30T15:16:00+00:00,735.48,735.48,735.43,735.43,95,regular,False
2026-07-30T15:16:00+00:00,735.42,735.73,735.32,735.465,3826,regular,False
2026-07-30T15:16:00+00:00,735.45,735.67,735.45,735.67,120,regular,False
2026-07-30T15:17:00+00:00,735.485,735.64,735.005,735.15,1692,regular,False
2026-07-30T15:18:00+00:00,735.15,735.42,735.11,735.4,1693,regular,False
2026-07-30T15:19:00+00:00,735.35,735.43,735.35,735.37,240,regular,False
2026-07-30T15:19:00+00:00,735.37,735.53,735.305,735.5,1896,regular,False
2026-07-30T15:20:00+00:00,735.42,735.45,735.38,735.45,120,regular,False
2026-07-30T15:20:00+00:00,735.49,735.49,735.255,735.435,2440,regular,False
2026-07-30T15:21:00+00:00,736.0,736.01,736.0,736.0,240,regular,False
2026-07-30T15:21:00+00:00,735.5,736.14,735.435,735.87,2358,regular,False
2026-07-30T15:21:00+00:00,735.965,736.05,735.965,736.05,117,regular,False
2026-07-30T15:22:00+00:00,735.8,735.93,735.8,735.93,59,regular,False
2026-07-30T15:22:00+00:00,735.87,736.07,735.75,735.9,1461,regular,False
2026-07-30T15:22:00+00:00,735.78,735.93,735.78,735.93,80,regular,False
2026-07-30T15:23:00+00:00,735.89,735.89,735.25,735.64,3861,regular,False
2026-07-30T15:23:00+00:00,735.84,735.84,735.47,735.47,200,regular,False
2026-07-30T15:24:00+00:00,735.39,735.39,735.39,735.39,40,regular,False
2026-07-30T15:24:00+00:00,735.62,735.62,735.29,735.39,285,regular,False
2026-07-30T15:24:00+00:00,735.495,735.585,735.29,735.47,2453,regular,False
2026-07-30T15:25:00+00:00,735.13,735.13,735.13,735.13,1,regular,False
2026-07-30T15:25:00+00:00,735.495,735.8,735.08,735.08,997,regular,False
2026-07-30T15:26:00+00:00,734.89,735.28,734.69,735.28,3745,regular,False
2026-07-30T15:26:00+00:00,734.7,734.7,734.7,734.7,80,regular,False
2026-07-30T15:27:00+00:00,735.1,735.18,735.08,735.08,240,regular,False
2026-07-30T15:27:00+00:00,735.34,735.4,734.99,735.075,3187,regular,False
2026-07-30T15:27:00+00:00,735.18,735.18,735.04,735.04,160,regular,False
2026-07-30T15:28:00+00:00,735.02,735.13,734.96,735.02,5367,regular,False
2026-07-30T15:29:00+00:00,735.06,735.06,734.86,734.86,320,regular,False
2026-07-30T15:29:00+00:00,734.98,734.98,734.98,734.98,80,regular,False
2026-07-30T15:29:00+00:00,735.04,735.14,734.845,734.87,2658,regular,False
2026-07-30T15:30:00+00:00,734.775,734.91,734.74,734.8,3867,regular,False
2026-07-30T15:30:00+00:00,734.915,734.915,734.915,734.915,100,regular,False
2026-07-30T15:31:00+00:00,734.78,735.115,734.76,735.0,2373,regular,False
2026-07-30T15:31:00+00:00,735.0,735.0,735.0,735.0,62,regular,False
2026-07-30T15:31:00+00:00,734.86,735.05,734.86,735.05,240,regular,False
2026-07-30T15:32:00+00:00,735.14,735.14,735.14,735.14,6,regular,False
2026-07-30T15:32:00+00:00,735.03,735.28,734.98,735.24,2043,regular,False
2026-07-30T15:32:00+00:00,735.19,735.19,735.19,735.19,40,regular,False
2026-07-30T15:33:00+00:00,735.03,735.03,735.03,735.03,40,regular,False
2026-07-30T15:33:00+00:00,735.115,735.15,734.95,735.07,570,regular,False
2026-07-30T15:34:00+00:00,735.365,735.97,735.13,735.97,2045,regular,False
2026-07-30T15:34:00+00:00,735.92,735.92,735.92,735.92,80,regular,False
2026-07-30T15:35:00+00:00,736.05,736.05,735.92,735.92,160,regular,False
2026-07-30T15:35:00+00:00,736.09,736.22,735.89,735.89,489,regular,False
2026-07-30T15:35:00+00:00,736.11,736.22,735.835,735.84,1764,regular,False
2026-07-30T15:36:00+00:00,736.01,736.01,736.01,736.01,10,regular,False
2026-07-30T15:36:00+00:00,736.16,736.18,736.16,736.18,80,regular,False
2026-07-30T15:36:00+00:00,736.02,736.38,736.02,736.35,1388,regular,False
2026-07-30T15:37:00+00:00,735.88,735.99,735.65,735.65,162,regular,False
2026-07-30T15:37:00+00:00,736.39,736.4,735.565,735.57,2595,regular,False
2026-07-30T15:38:00+00:00,735.56,735.65,735.56,735.65,80,regular,False
2026-07-30T15:38:00+00:00,735.64,735.695,735.47,735.68,1067,regular,False
2026-07-30T15:39:00+00:00,735.59,735.89,735.59,735.885,971,regular,False
2026-07-30T15:39:00+00:00,735.63,735.73,735.63,735.73,160,regular,False
2026-07-30T15:40:00+00:00,736.02,736.02,736.02,736.02,80,regular,False
2026-07-30T15:40:00+00:00,735.93,736.21,735.93,736.02,320,regular,False
2026-07-30T15:40:00+00:00,735.95,736.22,735.79,735.96,2030,regular,False
2026-07-30T15:41:00+00:00,736.05,736.3,736.04,736.215,2354,regular,False
2026-07-30T15:41:00+00:00,736.04,736.04,736.04,736.04,80,regular,False
2026-07-30T15:41:00+00:00,736.07,736.07,736.07,736.07,80,regular,False
2026-07-30T15:42:00+00:00,736.11,736.13,736.09,736.13,139,regular,False
2026-07-30T15:42:00+00:00,736.115,736.35,736.115,736.35,80,regular,False
2026-07-30T15:42:00+00:00,736.19,736.4,736.015,736.4,4363,regular,False
2026-07-30T15:43:00+00:00,736.42,736.7,736.42,736.7,240,regular,False
2026-07-30T15:43:00+00:00,736.345,736.73,736.335,736.7,5309,regular,False
2026-07-30T15:44:00+00:00,736.8,736.87,736.75,736.75,188,regular,False
2026-07-30T15:44:00+00:00,736.85,736.97,736.63,736.63,1464,regular,False
2026-07-30T15:45:00+00:00,736.8,736.8,736.8,736.8,40,regular,False
2026-07-30T15:45:00+00:00,736.72,736.89,736.72,736.84,829,regular,False
2026-07-30T15:45:00+00:00,736.79,736.84,736.79,736.84,80,regular,False
2026-07-30T15:46:00+00:00,736.88,737.11,736.78,737.07,902,regular,False
2026-07-30T15:47:00+00:00,737.1,737.1,737.1,737.1,40,regular,False
2026-07-30T15:47:00+00:00,737.07,737.215,737.07,737.14,4459,regular,False
2026-07-30T15:47:00+00:00,737.12,737.26,737.12,737.21,326,regular,False
2026-07-30T15:48:00+00:00,737.14,737.14,736.88,736.88,324,regular,False
2026-07-30T15:48:00+00:00,737.13,737.13,736.88,736.94,1338,regular,False
2026-07-30T15:49:00+00:00,736.83,736.98,736.78,736.98,322,regular,False
2026-07-30T15:49:00+00:00,736.93,737.075,736.74,737.075,1163,regular,False
2026-07-30T15:50:00+00:00,737.1,737.1,737.1,737.1,2,regular,False
2026-07-30T15:50:00+00:00,737.09,737.18,736.82,736.82,2011,regular,False
2026-07-30T15:50:00+00:00,737.1,737.1,736.96,736.96,160,regular,False
2026-07-30T15:51:00+00:00,736.77,737.07,736.63,737.05,1642,regular,False
2026-07-30T15:51:00+00:00,736.8,736.96,736.8,736.96,203,regular,False
2026-07-30T15:52:00+00:00,737.01,737.01,736.49,736.63,424,regular,False
2026-07-30T15:52:00+00:00,736.95,736.955,736.4,736.62,2441,regular,False
2026-07-30T15:53:00+00:00,736.64,737.075,736.64,736.94,1073,regular,False
2026-07-30T15:53:00+00:00,736.7,737.08,736.7,737.08,52,regular,False
2026-07-30T15:53:00+00:00,736.64,737.07,736.63,736.9,600,regular,False
2026-07-30T15:54:00+00:00,737.03,737.03,736.9,737.01,160,regular,False
2026-07-30T15:54:00+00:00,737.095,737.23,736.91,737.23,3133,regular,False
2026-07-30T15:55:00+00:00,737.39,737.55,737.38,737.55,320,regular,False
2026-07-30T15:55:00+00:00,737.3,737.55,737.3,737.55,1405,regular,False
2026-07-30T15:56:00+00:00,737.62,737.62,737.4,737.405,2218,regular,False
2026-07-30T15:56:00+00:00,737.62,737.62,737.54,737.54,320,regular,False
2026-07-30T15:57:00+00:00,737.36,737.41,737.33,737.41,547,regular,False
2026-07-30T15:57:00+00:00,737.4,737.51,737.295,737.5,2969,regular,False
2026-07-30T15:58:00+00:00,737.45,737.45,737.4,737.4,160,regular,False
2026-07-30T15:58:00+00:00,737.55,737.55,737.25,737.43,1059,regular,False
2026-07-30T15:59:00+00:00,737.28,737.28,737.17,737.17,242,regular,False
2026-07-30T15:59:00+00:00,737.275,737.275,737.1,737.1,939,regular,False
2026-07-30T16:00:00+00:00,737.1,737.175,736.9,737.08,3355,regular,False
2026-07-30T16:00:00+00:00,737.04,737.04,737.04,737.04,80,regular,False
2026-07-30T16:01:00+00:00,737.22,737.42,737.22,737.42,163,regular,False
2026-07-30T16:01:00+00:00,737.06,737.41,736.97,737.37,2072,regular,False
2026-07-30T16:02:00+00:00,737.51,737.735,737.44,737.7,2854,regular,False
2026-07-30T16:03:00+00:00,737.77,737.85,737.68,737.8,1844,regular,False
2026-07-30T16:04:00+00:00,737.9,738.2,737.9,738.19,100,regular,False
2026-07-30T16:04:00+00:00,738.0,738.0,738.0,738.0,10,regular,False
2026-07-30T16:04:00+00:00,737.83,738.33,737.83,738.24,6272,regular,False
2026-07-30T16:05:00+00:00,738.27,738.43,738.035,738.1,4950,regular,False
2026-07-30T16:05:00+00:00,738.2,738.2,738.17,738.17,160,regular,False
2026-07-30T16:06:00+00:00,738.12,738.25,738.0,738.0,2404,regular,False
2026-07-30T16:06:00+00:00,738.05,738.05,738.05,738.05,40,regular,False
2026-07-30T16:07:00+00:00,738.01,738.01,737.94,737.94,360,regular,False
2026-07-30T16:07:00+00:00,738.0,738.135,737.89,738.12,3574,regular,False
2026-07-30T16:08:00+00:00,738.09,738.25,737.97,738.25,2500,regular,False
2026-07-30T16:09:00+00:00,738.24,738.24,738.065,738.19,3959,regular,False
2026-07-30T16:10:00+00:00,738.185,738.48,738.185,738.395,2722,regular,False
2026-07-30T16:11:00+00:00,738.415,738.61,738.33,738.61,4048,regular,False
2026-07-30T16:12:00+00:00,738.54,738.71,738.54,738.71,84,regular,False
2026-07-30T16:12:00+00:00,738.675,738.675,738.675,738.675,31,regular,False
2026-07-30T16:12:00+00:00,738.63,738.81,738.53,738.81,5829,regular,False
2026-07-30T16:13:00+00:00,738.87,738.87,738.87,738.87,80,regular,False
2026-07-30T16:13:00+00:00,738.795,738.975,738.795,738.95,5261,regular,False
2026-07-30T16:14:00+00:00,738.78,738.85,738.78,738.85,120,regular,False
2026-07-30T16:14:00+00:00,738.97,738.97,738.75,738.82,2321,regular,False
2026-07-30T16:15:00+00:00,738.87,738.93,738.82,738.84,840,regular,False
2026-07-30T16:16:00+00:00,738.92,739.04,738.87,739.04,1930,regular,False
2026-07-30T16:17:00+00:00,739.045,739.045,738.855,738.855,2874,regular,False
2026-07-30T16:18:00+00:00,739.01,739.01,739.01,739.01,40,regular,False
2026-07-30T16:18:00+00:00,739.07,739.09,738.85,739.06,2549,regular,False
2026-07-30T16:19:00+00:00,739.1,739.21,738.92,738.92,602,regular,False
2026-07-30T16:20:00+00:00,738.95,738.95,738.95,738.95,10,regular,False
2026-07-30T16:20:00+00:00,738.96,739.11,738.875,739.08,1310,regular,False
2026-07-30T16:21:00+00:00,738.94,739.09,738.94,739.08,778,regular,False
2026-07-30T16:22:00+00:00,739.08,739.08,738.95,738.95,464,regular,False
2026-07-30T16:22:00+00:00,739.06,739.06,739.06,739.06,1,regular,False
2026-07-30T16:23:00+00:00,738.83,738.83,738.6,738.81,1863,regular,False
2026-07-30T16:24:00+00:00,738.71,738.82,738.71,738.82,100040,regular,False
2026-07-30T16:24:00+00:00,738.8,738.84,738.6,738.62,1581,regular,False
2026-07-30T16:24:00+00:00,738.66,738.66,738.66,738.66,40,regular,False
2026-07-30T16:25:00+00:00,738.65,738.69,738.555,738.66,998,regular,False
2026-07-30T16:26:00+00:00,738.635,738.75,738.61,738.72,951,regular,False
2026-07-30T16:27:00+00:00,738.8,738.8,738.8,738.8,2,regular,False
2026-07-30T16:27:00+00:00,738.74,738.88,738.74,738.83,2245,regular,False
2026-07-30T16:27:00+00:00,738.73,738.73,738.73,738.73,40,regular,False
2026-07-30T16:28:00+00:00,738.94,738.94,738.73,738.795,1829,regular,False
2026-07-30T16:29:00+00:00,738.82,738.82,738.73,738.73,80,regular,False
2026-07-30T16:29:00+00:00,738.81,738.835,738.675,738.8,1218,regular,False
2026-07-30T16:30:00+00:00,738.75,738.82,738.64,738.72,320,regular,False
2026-07-30T16:30:00+00:00,738.74,738.86,738.48,738.49,1112,regular,False
2026-07-30T16:31:00+00:00,738.58,738.58,738.58,738.58,40,regular,False
2026-07-30T16:31:00+00:00,738.51,738.53,738.38,738.5,2205,regular,False
2026-07-30T16:32:00+00:00,738.45,738.645,738.45,738.645,551,regular,False
2026-07-30T16:32:00+00:00,738.5,738.55,738.5,738.53,101,regular,False
2026-07-30T16:33:00+00:00,738.695,738.725,738.57,738.675,1265,regular,False
2026-07-30T16:34:00+00:00,738.73,738.73,738.6,738.64,83,regular,False
2026-07-30T16:34:00+00:00,738.7,738.8,738.6,738.77,2996,regular,False
2026-07-30T16:35:00+00:00,738.75,739.03,738.71,738.85,9160,regular,False
2026-07-30T16:35:00+00:00,738.87,738.87,738.87,738.87,80,regular,False
2026-07-30T16:36:00+00:00,738.86,738.96,738.855,738.855,1198,regular,False
2026-07-30T16:37:00+00:00,738.82,738.84,738.66,738.7,1151,regular,False
2026-07-30T16:37:00+00:00,738.67,738.67,738.67,738.67,80,regular,False
2026-07-30T16:37:00+00:00,738.63,738.63,738.63,738.63,40,regular,False
2026-07-30T16:38:00+00:00,738.55,738.59,738.55,738.59,80,regular,False
2026-07-30T16:38:00+00:00,738.64,738.66,738.53,738.56,513,regular,False
2026-07-30T16:39:00+00:00,738.64,738.64,738.5,738.51,672,regular,False
2026-07-30T16:40:00+00:00,738.52,738.52,738.09,738.13,1074,regular,False
2026-07-30T16:40:00+00:00,738.3,738.3,738.3,738.3,6,regular,False
2026-07-30T16:40:00+00:00,738.25,738.25,738.25,738.25,10,regular,False
2026-07-30T16:41:00+00:00,738.09,738.18,737.89,738.06,2089,regular,False
2026-07-30T16:42:00+00:00,738.01,738.01,737.85,737.9,1001,regular,False
2026-07-30T16:42:00+00:00,738.11,738.11,738.11,738.11,40,regular,False
2026-07-30T16:43:00+00:00,738.04,738.04,738.04,738.04,40,regular,False
2026-07-30T16:43:00+00:00,737.88,738.2,737.78,738.0,2692,regular,False
2026-07-30T16:44:00+00:00,737.99,738.05,737.9,738.04,3989,regular,False
2026-07-30T16:45:00+00:00,738.22,738.22,738.22,738.22,2,regular,False
2026-07-30T16:45:00+00:00,738.01,738.48,738.01,738.465,2954,regular,False
2026-07-30T16:46:00+00:00,738.72,738.72,738.72,738.72,1,regular,False
2026-07-30T16:46:00+00:00,738.42,738.74,738.42,738.66,2653,regular,False
2026-07-30T16:47:00+00:00,738.56,738.635,738.455,738.51,1166,regular,False
2026-07-30T16:48:00+00:00,738.51,738.52,738.49,738.52,99,regular,False
2026-07-30T16:48:00+00:00,738.47,738.47,738.47,738.47,70,regular,False
2026-07-30T16:49:00+00:00,738.43,738.565,738.415,738.565,515,regular,False
2026-07-30T16:50:00+00:00,738.47,738.47,738.43,738.43,120,regular,False
2026-07-30T16:50:00+00:00,738.64,738.64,738.335,738.39,597,regular,False
2026-07-30T16:51:00+00:00,738.71,738.77,738.71,738.77,174,regular,False
2026-07-30T16:51:00+00:00,738.62,738.72,738.59,738.72,248,regular,False
2026-07-30T16:52:00+00:00,738.8,739.135,738.8,739.135,2035,regular,False
2026-07-30T16:52:00+00:00,738.84,738.87,738.84,738.87,161,regular,False
2026-07-30T16:53:00+00:00,739.155,739.155,738.94,739.005,1580,regular,False
2026-07-30T16:54:00+00:00,738.98,738.98,738.98,738.98,40,regular,False
2026-07-30T16:54:00+00:00,739.01,739.07,738.97,738.97,715,regular,False
2026-07-30T16:55:00+00:00,738.975,739.08,738.92,739.08,612,regular,False
2026-07-30T16:55:00+00:00,738.94,738.94,738.94,738.94,40,regular,False
2026-07-30T16:56:00+00:00,739.09,739.09,739.06,739.06,80,regular,False
2026-07-30T16:56:00+00:00,739.06,739.17,739.01,739.06,2091,regular,False
2026-07-30T16:57:00+00:00,739.01,739.01,738.91,738.91,356,regular,False
2026-07-30T16:57:00+00:00,739.05,739.05,738.95,738.95,201,regular,False
2026-07-30T16:58:00+00:00,738.89,738.95,738.82,738.92,402,regular,False
2026-07-30T16:58:00+00:00,738.9,739.0,738.8,739.0,1882,regular,False
2026-07-30T16:59:00+00:00,738.98,739.04,738.93,738.97,2274,regular,False
2026-07-30T17:00:00+00:00,739.3,739.36,739.3,739.36,52,regular,False
2026-07-30T17:00:00+00:00,739.01,739.87,739.01,739.77,9981,regular,False
2026-07-30T17:00:00+00:00,739.05,739.8,739.05,739.8,110,regular,False
2026-07-30T17:01:00+00:00,739.985,739.985,739.985,739.985,200,regular,False
2026-07-30T17:01:00+00:00,739.77,740.01,739.77,740.01,301,regular,False
2026-07-30T17:01:00+00:00,739.76,740.025,739.74,740.01,4379,regular,False
2026-07-30T17:02:00+00:00,739.97,739.97,739.97,739.97,80,regular,False
2026-07-30T17:02:00+00:00,739.97,739.97,739.97,739.97,80,regular,False
2026-07-30T17:02:00+00:00,740.01,740.035,739.73,739.765,4251,regular,False
2026-07-30T17:03:00+00:00,739.79,739.9,739.74,739.74,2922,regular,False
2026-07-30T17:04:00+00:00,739.76,739.94,739.76,739.94,1071,regular,False
2026-07-30T17:05:00+00:00,739.91,739.96,739.87,739.95,3252,regular,False
2026-07-30T17:05:00+00:00,739.88,739.88,739.88,739.88,80,regular,False
2026-07-30T17:06:00+00:00,739.92,740.13,739.89,739.915,4293,regular,False
2026-07-30T17:06:00+00:00,739.98,739.98,739.98,739.98,40,regular,False
2026-07-30T17:07:00+00:00,739.92,739.92,739.92,739.92,40,regular,False
2026-07-30T17:07:00+00:00,739.87,739.885,739.685,739.74,4900,regular,False
2026-07-30T17:08:00+00:00,739.73,739.785,739.66,739.785,2562,regular,False
2026-07-30T17:09:00+00:00,739.68,739.76,739.63,739.76,532,regular,False
2026-07-30T17:09:00+00:00,739.68,739.68,739.68,739.68,40,regular,False
2026-07-30T17:10:00+00:00,739.8,739.8,739.79,739.79,200,regular,False
2026-07-30T17:10:00+00:00,739.81,739.97,739.81,739.84,1302,regular,False
2026-07-30T17:10:00+00:00,739.8,739.8,739.8,739.8,80,regular,False
2026-07-30T17:11:00+00:00,739.82,739.82,739.68,739.69,1773,regular,False
2026-07-30T17:11:00+00:00,739.84,739.84,739.69,739.69,240,regular,False
2026-07-30T17:12:00+00:00,739.81,739.81,739.57,739.67,130,regular,False
2026-07-30T17:12:00+00:00,739.6,739.67,739.6,739.67,89,regular,False
2026-07-30T17:12:00+00:00,739.87,739.87,739.61,739.72,2077,regular,False
2026-07-30T17:13:00+00:00,739.72,739.72,739.72,739.72,80,regular,False
2026-07-30T17:13:00+00:00,739.695,739.77,739.675,739.72,974,regular,False
2026-07-30T17:13:00+00:00,739.72,739.72,739.68,739.68,160,regular,False
2026-07-30T17:14:00+00:00,739.74,739.79,739.71,739.71,400,regular,False
2026-07-30T17:14:00+00:00,739.695,739.79,739.695,739.79,209,regular,False
2026-07-30T17:15:00+00:00,739.79,739.79,739.78,739.78,120,regular,False
2026-07-30T17:15:00+00:00,739.755,739.785,739.66,739.66,1042,regular,False
2026-07-30T17:16:00+00:00,739.7,739.7,739.7,739.7,127,regular,False
2026-07-30T17:16:00+00:00,739.68,740.03,739.68,740.0,866,regular,False
2026-07-30T17:17:00+00:00,740.06,740.06,739.965,739.965,765,regular,False
2026-07-30T17:17:00+00:00,740.04,740.04,740.03,740.03,200,regular,False
2026-07-30T17:18:00+00:00,739.975,740.01,739.815,739.835,1203,regular,False
2026-07-30T17:18:00+00:00,739.93,739.93,739.85,739.85,120,regular,False
2026-07-30T17:19:00+00:00,739.87,740.24,739.87,740.2,1949,regular,False
2026-07-30T17:19:00+00:00,740.09,740.09,740.09,740.09,80,regular,False
2026-07-30T17:20:00+00:00,740.11,740.11,740.11,740.11,40,regular,False
2026-07-30T17:20:00+00:00,740.15,740.15,740.15,740.15,41,regular,False
2026-07-30T17:20:00+00:00,740.16,740.16,739.97,739.97,1021,regular,False
2026-07-30T17:21:00+00:00,740.14,740.14,740.14,740.14,40,regular,False
2026-07-30T17:21:00+00:00,740.145,740.145,740.025,740.09,869,regular,False
2026-07-30T17:22:00+00:00,740.08,740.08,739.83,739.83,240,regular,False
2026-07-30T17:22:00+00:00,740.05,740.05,739.79,739.79,1121,regular,False
2026-07-30T17:23:00+00:00,739.85,739.99,739.75,739.99,16612,regular,False
2026-07-30T17:23:00+00:00,739.815,740.0,739.79,740.0,680,regular,False
2026-07-30T17:24:00+00:00,739.9,739.95,739.9,739.95,348,regular,False
2026-07-30T17:24:00+00:00,739.935,739.98,739.89,739.98,1108,regular,False
2026-07-30T17:24:00+00:00,739.88,739.95,739.88,739.95,81,regular,False
2026-07-30T17:25:00+00:00,739.955,739.955,739.83,739.85,582,regular,False
2026-07-30T17:26:00+00:00,739.735,739.85,739.73,739.85,706,regular,False
2026-07-30T17:27:00+00:00,739.82,739.955,739.82,739.88,388,regular,False
2026-07-30T17:28:00+00:00,739.87,739.87,739.72,739.72,236,regular,False
2026-07-30T17:28:00+00:00,739.9,739.9,739.65,739.77,1019,regular,False
2026-07-30T17:29:00+00:00,739.78,739.78,739.725,739.75,628,regular,False
2026-07-30T17:30:00+00:00,739.76,740.01,739.76,739.98,1254,regular,False
2026-07-30T17:30:00+00:00,739.83,739.96,739.83,739.95,242,regular,False
2026-07-30T17:31:00+00:00,739.76,739.76,739.76,739.76,43,regular,False
2026-07-30T17:31:00+00:00,739.76,739.76,739.76,739.76,80,regular,False
2026-07-30T17:31:00+00:00,739.845,739.845,739.71,739.77,687,regular,False
2026-07-30T17:32:00+00:00,739.7,739.7,739.7,739.7,12,regular,False
2026-07-30T17:32:00+00:00,739.71,739.785,739.645,739.65,645,regular,False
2026-07-30T17:33:00+00:00,739.57,739.57,739.55,739.55,46,regular,False
2026-07-30T17:33:00+00:00,739.65,739.69,739.46,739.53,3266,regular,False
2026-07-30T17:34:00+00:00,739.54,739.54,739.54,739.54,80,regular,False
2026-07-30T17:34:00+00:00,739.54,739.56,739.41,739.52,1478,regular,False
2026-07-30T17:35:00+00:00,739.54,739.74,739.54,739.74,1076,regular,False
2026-07-30T17:35:00+00:00,739.63,739.73,739.63,739.73,120,regular,False
2026-07-30T17:36:00+00:00,739.73,739.885,739.705,739.87,1555,regular,False
2026-07-30T17:37:00+00:00,739.87,739.9,739.48,739.52,2106,regular,False
2026-07-30T17:37:00+00:00,739.86,739.92,739.53,739.53,197,regular,False
2026-07-30T17:38:00+00:00,739.42,739.42,739.27,739.27,160,regular,False
2026-07-30T17:38:00+00:00,739.415,739.5,739.27,739.5,2944,regular,False
2026-07-30T17:39:00+00:00,739.49,739.49,739.31,739.31,221,regular,False
2026-07-30T17:39:00+00:00,739.49,739.49,739.28,739.37,2564,regular,False
2026-07-30T17:40:00+00:00,739.435,739.59,739.43,739.59,2131,regular,False
2026-07-30T17:40:00+00:00,739.35,739.46,739.35,739.46,171,regular,False
2026-07-30T17:41:00+00:00,739.59,739.72,739.58,739.68,1010,regular,False
2026-07-30T17:41:00+00:00,739.7,739.7,739.6,739.68,462,regular,False
2026-07-30T17:42:00+00:00,739.71,739.88,739.71,739.74,7646,regular,False
2026-07-30T17:43:00+00:00,739.95,740.11,739.95,740.03,240,regular,False
2026-07-30T17:43:00+00:00,739.78,740.115,739.78,740.01,2359,regular,False
2026-07-30T17:44:00+00:00,739.93,739.93,739.93,739.93,95,regular,False
2026-07-30T17:44:00+00:00,739.93,739.94,739.9,739.925,258,regular,False
2026-07-30T17:44:00+00:00,739.94,739.94,739.87,739.94,294,regular,False
2026-07-30T17:45:00+00:00,740.02,740.02,739.91,739.95,122,regular,False
2026-07-30T17:45:00+00:00,739.97,739.97,739.885,739.9,210,regular,False
2026-07-30T17:45:00+00:00,739.885,740.02,739.885,739.9,919,regular,False
2026-07-30T17:46:00+00:00,739.89,740.11,739.89,740.11,320,regular,False
2026-07-30T17:46:00+00:00,739.96,739.97,739.93,739.93,252,regular,False
2026-07-30T17:46:00+00:00,739.88,740.135,739.88,740.11,1545,regular,False
2026-07-30T17:47:00+00:00,740.1,740.11,739.95,739.97,1040,regular,False
2026-07-30T17:47:00+00:00,740.14,740.14,739.97,739.99,222,regular,False
2026-07-30T17:48:00+00:00,739.99,740.09,739.98,740.09,726,regular,False
2026-07-30T17:48:00+00:00,740.0,740.06,740.0,740.06,120,regular,False
2026-07-30T17:48:00+00:00,739.96,740.11,739.95,740.095,1094,regular,False
2026-07-30T17:49:00+00:00,740.09,740.09,739.93,739.94,500,regular,False
2026-07-30T17:49:00+00:00,740.015,740.065,739.925,739.925,567,regular,False
2026-07-30T17:50:00+00:00,739.95,739.95,739.92,739.95,360,regular,False
2026-07-30T17:50:00+00:00,739.9,740.05,739.87,740.05,2138,regular,False
2026-07-30T17:51:00+00:00,740.09,740.2,740.09,740.2,151,regular,False
2026-07-30T17:51:00+00:00,740.1,740.37,740.07,740.3,3467,regular,False
2026-07-30T17:51:00+00:00,740.09,740.31,740.09,740.3,273,regular,False
2026-07-30T17:52:00+00:00,740.09,740.09,740.09,740.09,8,regular,False
2026-07-30T17:52:00+00:00,740.33,740.33,740.03,740.08,1320,regular,False
2026-07-30T17:52:00+00:00,740.17,740.17,740.04,740.09,301,regular,False
2026-07-30T17:53:00+00:00,740.06,740.06,739.9,739.92,1070,regular,False
2026-07-30T17:53:00+00:00,739.92,739.93,739.92,739.93,160,regular,False
2026-07-30T17:54:00+00:00,739.93,739.97,739.93,739.97,241,regular,False
2026-07-30T17:54:00+00:00,739.945,739.99,739.9,739.9,1319,regular,False
2026-07-30T17:55:00+00:00,739.86,739.86,739.86,739.86,80,regular,False
2026-07-30T17:55:00+00:00,739.86,739.905,739.65,739.88,1388,regular,False
2026-07-30T17:56:00+00:00,739.92,739.95,739.81,739.89,1237,regular,False
2026-07-30T17:57:00+00:00,739.94,739.96,739.94,739.96,88,regular,False
2026-07-30T17:57:00+00:00,739.865,739.98,739.865,739.97,1282,regular,False
2026-07-30T17:58:00+00:00,739.95,739.95,739.84,739.84,360,regular,False
2026-07-30T17:58:00+00:00,739.945,739.945,739.75,739.75,955,regular,False
2026-07-30T17:59:00+00:00,739.8,739.87,739.785,739.79,1002,regular,False
2026-07-30T17:59:00+00:00,739.91,739.91,739.87,739.87,120,regular,False
2026-07-30T18:00:00+00:00,739.8,739.8,739.8,739.8,80,regular,False
2026-07-30T18:00:00+00:00,740.0,740.08,739.99,740.04,1226,regular,False
2026-07-30T18:00:00+00:00,739.8,740.0,739.8,740.0,125,regular,False
2026-07-30T18:01:00+00:00,740.08,740.23,740.08,740.15,240,regular,False
2026-07-30T18:01:00+00:00,740.19,740.19,740.19,740.19,40,regular,False
2026-07-30T18:01:00+00:00,740.08,740.23,740.08,740.19,5092,regular,False
2026-07-30T18:02:00+00:00,740.19,740.3,740.105,740.22,1211,regular,False
2026-07-30T18:02:00+00:00,740.15,740.22,740.15,740.22,160,regular,False
2026-07-30T18:03:00+00:00,740.13,740.13,740.08,740.08,160,regular,False
2026-07-30T18:03:00+00:00,740.11,740.11,740.11,740.11,25,regular,False
2026-07-30T18:03:00+00:00,740.195,740.22,739.98,740.0,1275,regular,False
2026-07-30T18:04:00+00:00,739.94,740.01,739.725,739.745,1757,regular,False
2026-07-30T18:04:00+00:00,739.74,739.74,739.74,739.74,80,regular,False
2026-07-30T18:05:00+00:00,739.74,739.97,739.72,739.93,3741,regular,False
2026-07-30T18:06:00+00:00,739.98,740.01,739.94,739.94,263,regular,False
2026-07-30T18:06:00+00:00,739.97,740.075,739.91,740.075,2042,regular,False
2026-07-30T18:06:00+00:00,740.01,740.01,740.01,740.01,80,regular,False
2026-07-30T18:07:00+00:00,740.06,740.06,739.99,739.99,320,regular,False
2026-07-30T18:07:00+00:00,740.05,740.115,740.0,740.06,933,regular,False
2026-07-30T18:08:00+00:00,740.01,740.01,740.01,740.01,80,regular,False
2026-07-30T18:08:00+00:00,739.97,740.14,739.97,740.14,1809,regular,False
2026-07-30T18:09:00+00:00,740.16,740.16,740.11,740.11,400,regular,False
2026-07-30T18:09:00+00:00,740.155,740.22,740.09,740.11,1344,regular,False
2026-07-30T18:10:00+00:00,740.125,740.175,740.0,740.09,962,regular,False
2026-07-30T18:10:00+00:00,740.16,740.16,740.08,740.09,400,regular,False
2026-07-30T18:11:00+00:00,740.07,740.07,740.07,740.07,40,regular,False
2026-07-30T18:11:00+00:00,740.115,740.19,740.03,740.19,2195,regular,False
2026-07-30T18:11:00+00:00,740.03,740.07,740.03,740.07,240,regular,False
2026-07-30T18:12:00+00:00,740.11,740.11,740.01,740.03,280,regular,False
2026-07-30T18:12:00+00:00,740.09,740.11,740.09,740.11,80,regular,False
2026-07-30T18:12:00+00:00,740.16,740.16,740.01,740.145,1874,regular,False
2026-07-30T18:13:00+00:00,740.14,740.14,740.045,740.13,1903,regular,False
2026-07-30T18:13:00+00:00,740.17,740.17,740.17,740.17,80,regular,False
2026-07-30T18:14:00+00:00,740.13,740.295,740.105,740.22,2491,regular,False
2026-07-30T18:15:00+00:00,740.21,740.21,740.21,740.21,2,regular,False
2026-07-30T18:15:00+00:00,740.16,740.16,740.16,740.16,120,regular,False
2026-07-30T18:15:00+00:00,740.25,740.3,740.16,740.19,1915,regular,False
2026-07-30T18:16:00+00:00,740.18,740.27,740.165,740.2,1398,regular,False
2026-07-30T18:16:00+00:00,740.18,740.18,740.18,740.18,31,regular,False
2026-07-30T18:17:00+00:00,740.175,740.18,740.09,740.09,1759,regular,False
2026-07-30T18:18:00+00:00,740.33,740.33,740.33,740.33,40,regular,False
2026-07-30T18:18:00+00:00,740.15,740.35,740.15,740.26,1478,regular,False
2026-07-30T18:19:00+00:00,740.23,740.23,740.12,740.17,1922,regular,False
2026-07-30T18:19:00+00:00,740.18,740.18,740.18,740.18,80,regular,False
2026-07-30T18:20:00+00:00,740.12,740.26,740.07,740.19,3131,regular,False
2026-07-30T18:21:00+00:00,740.22,740.38,740.22,740.38,285,regular,False
2026-07-30T18:21:00+00:00,740.17,740.38,740.17,740.34,1629,regular,False
2026-07-30T18:22:00+00:00,740.35,740.35,740.25,740.25,281,regular,False
2026-07-30T18:22:00+00:00,740.31,740.31,740.31,740.31,80,regular,False
2026-07-30T18:22:00+00:00,740.34,740.42,740.25,740.42,1836,regular,False
2026-07-30T18:23:00+00:00,740.41,740.41,740.31,740.31,224,regular,False
2026-07-30T18:23:00+00:00,740.39,740.39,740.275,740.325,1320,regular,False
2026-07-30T18:24:00+00:00,740.33,740.38,740.3,740.3,918,regular,False
2026-07-30T18:24:00+00:00,740.34,740.34,740.31,740.31,82,regular,False
2026-07-30T18:25:00+00:00,740.38,740.38,740.31,740.31,162,regular,False
2026-07-30T18:25:00+00:00,740.33,740.39,740.24,740.24,1510,regular,False
2026-07-30T18:26:00+00:00,740.15,740.16,740.15,740.16,81,regular,False
2026-07-30T18:26:00+00:00,740.2,740.2,740.2,740.2,80,regular,False
2026-07-30T18:26:00+00:00,740.265,740.28,740.13,740.22,1616,regular,False
2026-07-30T18:27:00+00:00,740.3,740.3,740.27,740.29,255,regular,False
2026-07-30T18:27:00+00:00,740.26,740.34,740.26,740.29,819,regular,False
2026-07-30T18:28:00+00:00,740.3,740.4,740.22,740.37,411,regular,False
2026-07-30T18:28:00+00:00,740.31,740.34,740.25,740.3,600,regular,False
2026-07-30T18:29:00+00:00,740.39,740.41,740.31,740.38,2272,regular,False
2026-07-30T18:29:00+00:00,740.39,740.39,740.34,740.34,180,regular,False
2026-07-30T18:30:00+00:00,740.4,740.57,740.39,740.57,440,regular,False
2026-07-30T18:30:00+00:00,740.41,740.57,740.355,740.57,2666,regular,False
2026-07-30T18:31:00+00:00,740.49,740.49,740.42,740.47,280,regular,False
2026-07-30T18:31:00+00:00,740.47,740.47,740.47,740.47,80,regular,False
2026-07-30T18:31:00+00:00,740.55,740.55,740.28,740.355,3650,regular,False
2026-07-30T18:32:00+00:00,740.23,740.29,740.23,740.29,480,regular,False
2026-07-30T18:32:00+00:00,740.35,740.35,740.2,740.285,2303,regular,False
2026-07-30T18:33:00+00:00,740.295,740.41,740.295,740.335,3805,regular,False
2026-07-30T18:33:00+00:00,740.37,740.37,740.31,740.31,82,regular,False
2026-07-30T18:34:00+00:00,740.24,740.34,740.24,740.27,240,regular,False
2026-07-30T18:34:00+00:00,740.33,740.34,740.225,740.3,2108,regular,False
2026-07-30T18:34:00+00:00,740.28,740.28,740.28,740.28,40,regular,False
2026-07-30T18:35:00+00:00,740.31,740.34,740.22,740.32,1628,regular,False
2026-07-30T18:35:00+00:00,740.27,740.28,740.24,740.28,320,regular,False
2026-07-30T18:36:00+00:00,740.335,740.37,740.26,740.285,1367,regular,False
2026-07-30T18:36:00+00:00,740.34,740.34,740.28,740.28,95,regular,False
2026-07-30T18:37:00+00:00,740.29,740.29,740.085,740.14,2298,regular,False
2026-07-30T18:37:00+00:00,740.31,740.31,740.26,740.26,94,regular,False
2026-07-30T18:38:00+00:00,740.21,740.34,740.12,740.14,2530,regular,False
2026-07-30T18:38:00+00:00,740.17,740.27,740.16,740.16,317,regular,False
2026-07-30T18:38:00+00:00,740.29,740.29,740.21,740.21,84,regular,False
2026-07-30T18:39:00+00:00,740.09,740.13,740.04,740.1,2454,regular,False
2026-07-30T18:39:00+00:00,740.14,740.14,740.14,740.14,80,regular,False
2026-07-30T18:40:00+00:00,740.13,740.28,740.13,740.28,940,regular,False
2026-07-30T18:40:00+00:00,740.09,740.36,740.09,740.305,9022,regular,False
2026-07-30T18:40:00+00:00,740.15,740.31,740.15,740.31,108,regular,False
2026-07-30T18:41:00+00:00,740.29,740.32,740.155,740.17,2548,regular,False
2026-07-30T18:41:00+00:00,740.29,740.29,740.25,740.25,160,regular,False
2026-07-30T18:42:00+00:00,740.24,740.24,740.1,740.1,121,regular,False
2026-07-30T18:42:00+00:00,740.195,740.29,740.11,740.11,2062,regular,False
2026-07-30T18:43:00+00:00,740.14,740.235,740.14,740.22,1063,regular,False
2026-07-30T18:44:00+00:00,740.24,740.36,740.19,740.33,1361,regular,False
2026-07-30T18:44:00+00:00,740.3,740.3,740.3,740.3,120,regular,False
2026-07-30T18:45:00+00:00,740.35,740.41,740.31,740.41,880,regular,False
2026-07-30T18:45:00+00:00,740.365,740.415,740.32,740.405,1996,regular,False
2026-07-30T18:45:00+00:00,740.33,740.375,740.33,740.375,160,regular,False
2026-07-30T18:46:00+00:00,740.42,740.5,740.39,740.5,720,regular,False
2026-07-30T18:46:00+00:00,740.43,740.535,740.36,740.515,2168,regular,False
2026-07-30T18:47:00+00:00,740.5,740.5,740.5,740.5,40,regular,False
2026-07-30T18:47:00+00:00,740.55,740.55,740.45,740.55,2451,regular,False
2026-07-30T18:47:00+00:00,740.5,740.55,740.48,740.52,760,regular,False
2026-07-30T18:48:00+00:00,740.555,740.56,740.44,740.44,653,regular,False
2026-07-30T18:48:00+00:00,740.55,740.58,740.48,740.48,400,regular,False
2026-07-30T18:49:00+00:00,740.43,740.5,740.43,740.5,320,regular,False
2026-07-30T18:49:00+00:00,740.45,740.52,740.425,740.51,867,regular,False
2026-07-30T18:50:00+00:00,740.5,740.67,740.5,740.55,4897,regular,False
2026-07-30T18:50:00+00:00,740.49,740.65,740.49,740.57,441,regular,False
2026-07-30T18:51:00+00:00,740.52,740.52,740.4,740.49,440,regular,False
2026-07-30T18:51:00+00:00,740.54,740.56,740.4,740.49,2303,regular,False
2026-07-30T18:52:00+00:00,740.55,740.55,740.5,740.52,360,regular,False
2026-07-30T18:52:00+00:00,740.5,740.62,740.5,740.51,2455,regular,False
2026-07-30T18:53:00+00:00,740.51,740.6,740.51,740.6,640,regular,False
2026-07-30T18:53:00+00:00,740.51,740.63,740.49,740.58,2217,regular,False
2026-07-30T18:54:00+00:00,740.595,740.635,740.47,740.5,2096,regular,False
2026-07-30T18:54:00+00:00,740.64,740.64,740.51,740.51,695,regular,False
2026-07-30T18:54:00+00:00,740.6,740.6,740.6,740.6,80,regular,False
2026-07-30T18:55:00+00:00,740.5,740.5,740.5,740.5,80,regular,False
2026-07-30T18:55:00+00:00,740.53,740.59,740.47,740.52,2170,regular,False
2026-07-30T18:56:00+00:00,740.48,740.61,740.42,740.61,1571,regular,False
2026-07-30T18:57:00+00:00,740.6,740.6,740.57,740.6,242,regular,False
2026-07-30T18:57:00+00:00,740.605,740.615,740.51,740.56,1497,regular,False
2026-07-30T18:58:00+00:00,740.58,740.61,740.51,740.54,1682,regular,False
2026-07-30T18:59:00+00:00,740.55,740.83,740.54,740.78,2180,regular,False
2026-07-30T19:00:00+00:00,740.8,741.04,740.77,741.04,800,regular,False
2026-07-30T19:00:00+00:00,740.78,741.04,740.765,740.99,4202,regular,False
2026-07-30T19:00:00+00:00,740.78,740.78,740.78,740.78,40,regular,False
2026-07-30T19:01:00+00:00,741.01,741.13,741.01,741.13,640,regular,False
2026-07-30T19:01:00+00:00,741.04,741.11,741.04,741.11,180,regular,False
2026-07-30T19:01:00+00:00,740.99,741.125,740.99,741.1,2849,regular,False
2026-07-30T19:02:00+00:00,741.18,741.18,741.18,741.18,80,regular,False
2026-07-30T19:02:00+00:00,741.12,741.35,741.12,741.16,3457,regular,False
2026-07-30T19:02:00+00:00,741.14,741.2,741.14,741.2,240,regular,False
2026-07-30T19:03:00+00:00,741.13,741.17,741.1,741.1,2014,regular,False
2026-07-30T19:03:00+00:00,741.15,741.21,741.12,741.12,548,regular,False
2026-07-30T19:03:00+00:00,741.17,741.17,741.16,741.16,80,regular,False
2026-07-30T19:04:00+00:00,741.15,741.18,741.14,741.14,600,regular,False
2026-07-30T19:04:00+00:00,741.11,741.11,741.11,741.11,50,regular,False
2026-07-30T19:04:00+00:00,741.08,741.25,741.08,741.22,1327,regular,False
2026-07-30T19:05:00+00:00,741.16,741.24,741.16,741.24,121,regular,False
2026-07-30T19:05:00+00:00,741.16,741.26,741.15,741.24,760,regular,False
2026-07-30T19:05:00+00:00,741.21,741.3,741.13,741.29,5984,regular,False
2026-07-30T19:06:00+00:00,741.23,741.37,741.23,741.37,57,regular,False
2026-07-30T19:06:00+00:00,741.28,741.43,741.21,741.4,5291,regular,False
2026-07-30T19:06:00+00:00,741.27,741.42,741.24,741.42,403,regular,False
2026-07-30T19:07:00+00:00,741.46,741.54,741.46,741.54,210,regular,False
2026-07-30T19:07:00+00:00,741.41,741.57,741.4,741.55,3428,regular,False
2026-07-30T19:07:00+00:00,741.45,741.57,741.45,741.56,530,regular,False
2026-07-30T19:08:00+00:00,741.53,741.67,741.5,741.67,561,regular,False
2026-07-30T19:08:00+00:00,741.55,741.55,741.51,741.51,90,regular,False
2026-07-30T19:08:00+00:00,741.54,741.665,741.48,741.665,2717,regular,False
2026-07-30T19:09:00+00:00,741.73,741.76,741.72,741.76,320,regular,False
2026-07-30T19:09:00+00:00,741.81,741.81,741.81,741.81,80,regular,False
2026-07-30T19:09:00+00:00,741.67,741.805,741.65,741.8,4087,regular,False
2026-07-30T19:10:00+00:00,741.98,742.08,741.98,742.08,215,regular,False
2026-07-30T19:10:00+00:00,741.76,742.235,741.76,742.165,4884,regular,False
2026-07-30T19:10:00+00:00,742.1,742.17,742.1,742.17,60,regular,False
2026-07-30T19:11:00+00:00,742.17,742.2,742.01,742.01,5116,regular,False
2026-07-30T19:11:00+00:00,742.13,742.2,742.13,742.2,259,regular,False
2026-07-30T19:11:00+00:00,742.17,742.17,742.12,742.12,41,regular,False
2026-07-30T19:12:00+00:00,742.02,742.28,742.02,742.24,5397,regular,False
2026-07-30T19:12:00+00:00,742.12,742.27,742.12,742.27,171,regular,False
2026-07-30T19:12:00+00:00,742.08,742.27,742.02,742.27,600,regular,False
2026-07-30T19:13:00+00:00,742.2,742.25,742.17,742.25,320,regular,False
2026-07-30T19:13:00+00:00,742.265,742.29,742.13,742.21,4656,regular,False
2026-07-30T19:14:00+00:00,742.21,742.21,742.17,742.17,240,regular,False
2026-07-30T19:14:00+00:00,742.2,742.24,742.09,742.09,4164,regular,False
2026-07-30T19:15:00+00:00,742.05,742.08,741.9,741.95,600,regular,False
2026-07-30T19:15:00+00:00,742.05,742.1,741.84,741.935,6317,regular,False
2026-07-30T19:15:00+00:00,742.08,742.08,742.08,742.08,1,regular,False
2026-07-30T19:16:00+00:00,741.99,742.17,741.99,742.17,5853,regular,False
2026-07-30T19:16:00+00:00,742.2,742.2,742.2,742.2,1,regular,False
2026-07-30T19:16:00+00:00,741.98,742.19,741.965,742.17,4048,regular,False
2026-07-30T19:17:00+00:00,742.16,742.23,742.16,742.23,200,regular,False
2026-07-30T19:17:00+00:00,742.23,742.27,742.15,742.22,2508,regular,False
2026-07-30T19:18:00+00:00,742.22,742.45,742.22,742.45,520,regular,False
2026-07-30T19:18:00+00:00,742.45,742.45,742.45,742.45,46,regular,False
2026-07-30T19:18:00+00:00,742.22,742.45,742.18,742.45,2528,regular,False
2026-07-30T19:19:00+00:00,742.41,742.41,742.27,742.27,2395,regular,False
2026-07-30T19:19:00+00:00,742.38,742.38,742.3,742.3,240,regular,False
2026-07-30T19:20:00+00:00,742.31,742.31,742.15,742.24,2991,regular,False
2026-07-30T19:20:00+00:00,742.26,742.26,742.26,742.26,41,regular,False
2026-07-30T19:21:00+00:00,742.23,742.23,742.23,742.23,113000,regular,False
2026-07-30T19:21:00+00:00,742.24,742.29,742.12,742.13,2471,regular,False
2026-07-30T19:22:00+00:00,742.0,742.0,742.0,742.0,40,regular,False
2026-07-30T19:22:00+00:00,742.115,742.18,741.96,742.015,3863,regular,False
2026-07-30T19:23:00+00:00,742.12,742.12,742.12,742.12,40,regular,False
2026-07-30T19:23:00+00:00,742.02,742.15,741.98,742.15,4216,regular,False
2026-07-30T19:24:00+00:00,742.2128,742.2128,742.2128,742.2128,94000,regular,False
2026-07-30T19:24:00+00:00,742.16,742.23,742.12,742.12,2372,regular,False
2026-07-30T19:25:00+00:00,742.02,742.15,741.99,742.06,3956,regular,False
2026-07-30T19:25:00+00:00,742.02,742.02,742.02,742.02,10,regular,False
2026-07-30T19:26:00+00:00,742.13,742.13,742.13,742.13,9,regular,False
2026-07-30T19:26:00+00:00,742.05,742.205,742.01,742.165,3588,regular,False
2026-07-30T19:26:00+00:00,742.14,742.14,742.14,742.14,90,regular,False
2026-07-30T19:27:00+00:00,742.17,742.18,742.005,742.065,5553,regular,False
2026-07-30T19:27:00+00:00,742.16,742.16,742.16,742.16,2,regular,False
2026-07-30T19:28:00+00:00,742.05,742.12,741.93,742.0,9465,regular,False
2026-07-30T19:28:00+00:00,742.08,742.08,742.04,742.04,64,regular,False
2026-07-30T19:29:00+00:00,741.99,741.99,741.75,741.78,4538,regular,False
2026-07-30T19:30:00+00:00,741.76,741.98,741.72,741.945,5269,regular,False
2026-07-30T19:31:00+00:00,741.77,741.77,741.77,741.77,50,regular,False
2026-07-30T19:31:00+00:00,741.92,741.96,741.725,741.825,2154,regular,False
2026-07-30T19:32:00+00:00,741.88,741.905,741.66,741.66,2821,regular,False
2026-07-30T19:33:00+00:00,741.72,741.72,741.72,741.72,1,regular,False
2026-07-30T19:33:00+00:00,741.74,741.83,741.68,741.82,2655,regular,False
2026-07-30T19:34:00+00:00,741.73,741.73,741.73,741.73,169,regular,False
2026-07-30T19:34:00+00:00,741.81,741.88,741.69,741.76,2448,regular,False
2026-07-30T19:35:00+00:00,741.795,741.84,741.645,741.645,6156,regular,False
2026-07-30T19:35:00+00:00,741.73,741.73,741.73,741.73,70,regular,False
2026-07-30T19:36:00+00:00,741.45,741.45,741.45,741.45,10,regular,False
2026-07-30T19:36:00+00:00,741.63,741.63,741.44,741.475,8307,regular,False
2026-07-30T19:37:00+00:00,741.51,741.73,741.48,741.66,1984,regular,False
2026-07-30T19:38:00+00:00,741.67,741.89,741.64,741.7,4511,regular,False
2026-07-30T19:39:00+00:00,741.72,741.815,741.68,741.73,4218,regular,False
2026-07-30T19:39:00+00:00,741.72,741.72,741.72,741.72,40,regular,False
2026-07-30T19:40:00+00:00,741.725,741.77,741.55,741.68,6828,regular,False
2026-07-30T19:41:00+00:00,741.68,741.84,741.635,741.775,3268,regular,False
2026-07-30T19:42:00+00:00,741.7,741.7,741.56,741.6,81,regular,False
2026-07-30T19:42:00+00:00,741.77,741.78,741.53,741.64,8663,regular,False
2026-07-30T19:43:00+00:00,741.655,741.9,741.62,741.86,4801,regular,False
2026-07-30T19:44:00+00:00,741.85,741.875,741.78,741.79,4332,regular,False
2026-07-30T19:45:00+00:00,741.76,741.86,741.73,741.8,7402,regular,False
2026-07-30T19:46:00+00:00,741.71,741.855,741.59,741.61,10391,regular,False
2026-07-30T19:47:00+00:00,741.61,741.68,741.5,741.59,8475,regular,False
2026-07-30T19:47:00+00:00,741.6,741.6,741.6,741.6,11,regular,False
2026-07-30T19:48:00+00:00,741.62,741.62,741.5,741.5,217,regular,False
2026-07-30T19:48:00+00:00,741.595,741.63,741.44,741.44,12652,regular,False
2026-07-30T19:49:00+00:00,741.415,741.61,741.31,741.59,10859,regular,False
2026-07-30T19:50:00+00:00,741.36,741.49,741.36,741.49,197,regular,False
2026-07-30T19:50:00+00:00,741.58,741.63,741.32,741.42,9558,regular,False
2026-07-30T19:51:00+00:00,741.42,741.43,741.42,741.43,210,regular,False
2026-07-30T19:51:00+00:00,741.43,741.43,741.43,741.43,50,regular,False
2026-07-30T19:51:00+00:00,741.42,741.48,741.17,741.34,16751,regular,False
2026-07-30T19:52:00+00:00,741.4,741.4,741.32,741.32,340,regular,False
2026-07-30T19:52:00+00:00,741.42,741.42,741.41,741.41,45,regular,False
2026-07-30T19:52:00+00:00,741.4,741.49,741.28,741.49,17510,regular,False
2026-07-30T19:53:00+00:00,741.34,741.34,741.34,741.34,366,regular,False
2026-07-30T19:53:00+00:00,741.42,741.5,741.42,741.5,50,regular,False
2026-07-30T19:53:00+00:00,741.49,741.57,741.185,741.185,21983,regular,False
2026-07-30T19:54:00+00:00,741.16,741.56,741.16,741.405,21192,regular,False
2026-07-30T19:54:00+00:00,741.53,741.53,741.53,741.53,5,regular,False
2026-07-30T19:54:00+00:00,741.39,741.53,741.38,741.53,615,regular,False
2026-07-30T19:55:00+00:00,741.08,741.08,741.08,741.08,40,regular,False
2026-07-30T19:55:00+00:00,741.38,741.38,741.01,741.17,18522,regular,False
2026-07-30T19:55:00+00:00,741.06,741.3,741.06,741.3,2166,regular,False
2026-07-30T19:56:00+00:00,741.44,741.48,741.39,741.39,310,regular,False
2026-07-30T19:56:00+00:00,741.18,741.52,741.16,741.405,25296,regular,False
2026-07-30T19:57:00+00:00,741.41,741.61,741.36,741.605,21568,regular,False
2026-07-30T19:58:00+00:00,741.45,741.58,741.45,741.58,2080,regular,False
2026-07-30T19:58:00+00:00,741.63,741.63,741.59,741.59,240,regular,False
2026-07-30T19:58:00+00:00,741.6,741.64,741.41,741.525,33945,regular,False
2026-07-30T19:59:00+00:00,741.52,742.1,741.32,741.63,86338,regular,False
2026-07-30T19:59:00+00:00,741.92,742.08,741.31,741.31,11815,regular,False
2026-07-30T19:59:00+00:00,741.85,742.01,741.31,741.4,1100,regular,False
2026-07-30T20:00:00+00:00,741.76,741.76,741.48,741.53,1950,after-market,False
2026-07-30T20:00:00+00:00,741.76,741.85,741.48,741.53,440,after-market,False
2026-07-30T20:01:00+00:00,741.67,741.67,741.6,741.6,485,after-market,False
2026-07-30T20:01:00+00:00,743.03,743.03,743.03,743.03,73,after-market,False
2026-07-30T20:02:00+00:00,743.02,743.23,743.02,743.2,157,after-market,False
2026-07-30T20:02:00+00:00,743.31,743.31,743.02,743.27,427,after-market,False
2026-07-30T20:03:00+00:00,743.42,743.42,743.125,743.125,384,after-market,False
2026-07-30T20:04:00+00:00,743.105,743.37,742.96,743.37,635,after-market,False
2026-07-30T20:05:00+00:00,743.17,743.505,743.17,743.3,309,after-market,False
2026-07-30T20:06:00+00:00,743.32,743.47,743.28,743.47,140,after-market,False
2026-07-30T20:07:00+00:00,743.255,743.485,743.255,743.35,622,after-market,False
2026-07-30T20:08:00+00:00,743.28,743.29,743.125,743.16,553,after-market,False
2026-07-30T20:09:00+00:00,743.015,743.015,742.815,742.86,48,after-market,False
2026-07-30T20:09:00+00:00,743.0,743.0,743.0,743.0,100,after-market,False
2026-07-30T20:10:00+00:00,742.63,742.92,742.63,742.92,118,after-market,False
2026-07-30T20:10:00+00:00,742.8,742.96,742.63,742.75,1055,after-market,False
2026-07-30T20:11:00+00:00,742.84,742.87,742.84,742.86,620,after-market,False
2026-07-30T20:11:00+00:00,742.89,742.89,742.54,742.54,536,after-market,False
2026-07-30T20:12:00+00:00,742.55,743.03,742.55,743.03,580,after-market,False
2026-07-30T20:12:00+00:00,742.57,743.005,742.57,743.005,668,after-market,False
2026-07-30T20:13:00+00:00,743.05,743.05,743.05,743.05,500,after-market,False
2026-07-30T20:14:00+00:00,743.39,743.39,743.39,743.39,300,after-market,False
2026-07-30T20:14:00+00:00,743.28,743.28,743.28,743.28,12,after-market,False
2026-07-30T20:15:00+00:00,743.52,743.535,743.52,743.53,48,after-market,False
2026-07-30T20:16:00+00:00,743.4,743.43,743.4,743.43,20,after-market,False
2026-07-30T20:17:00+00:00,743.21,743.29,743.2,743.29,1230,after-market,False
2026-07-30T20:17:00+00:00,743.48,743.48,743.31,743.31,64,after-market,False
2026-07-30T20:18:00+00:00,743.3,743.3,743.3,743.3,300,after-market,False
2026-07-30T20:18:00+00:00,743.3,743.34,743.3,743.34,24,after-market,False
2026-07-30T20:21:00+00:00,743.35,743.35,743.34,743.34,600,after-market,False
2026-07-30T20:22:00+00:00,743.5,743.5,743.5,743.5,2061,after-market,False
2026-07-30T20:22:00+00:00,743.53,743.53,743.53,743.53,300,after-market,False
2026-07-30T20:23:00+00:00,743.62,743.62,743.62,743.62,300,after-market,False
2026-07-30T20:23:00+00:00,743.65,743.65,743.65,743.65,12,after-market,False
2026-07-30T20:23:00+00:00,743.48,743.48,743.48,743.48,108,after-market,False
2026-07-30T20:24:00+00:00,743.52,743.525,743.52,743.525,24,after-market,False
2026-07-30T20:24:00+00:00,743.57,743.57,743.47,743.47,709,after-market,False
2026-07-30T20:25:00+00:00,743.49,743.49,743.36,743.46,1500,after-market,False
2026-07-30T20:26:00+00:00,743.505,743.55,743.505,743.55,24,after-market,False
2026-07-30T20:26:00+00:00,743.46,743.46,743.46,743.46,300,after-market,False
2026-07-30T20:27:00+00:00,743.485,743.485,743.485,743.485,12,after-market,False
2026-07-30T20:28:00+00:00,743.48,743.48,743.48,743.48,12,after-market,False
2026-07-30T20:29:00+00:00,743.6,743.6,743.6,743.6,12,after-market,False
2026-07-30T20:30:00+00:00,743.21,743.21,742.65,742.65,107,after-market,False
2026-07-30T20:31:00+00:00,742.72,742.775,742.72,742.775,512,after-market,False
2026-07-30T20:32:00+00:00,742.64,742.85,742.64,742.85,555,after-market,False
2026-07-30T20:33:00+00:00,742.87,742.87,742.77,742.78,164,after-market,False
2026-07-30T20:33:00+00:00,743.1,743.1,742.77,742.925,814,after-market,False
2026-07-30T20:33:00+00:00,742.84,742.85,742.83,742.83,2840,after-market,False
2026-07-30T20:34:00+00:00,742.94,742.94,742.94,742.94,500,after-market,False
2026-07-30T20:36:00+00:00,742.62,742.65,742.54,742.54,153,after-market,False
2026-07-30T20:37:00+00:00,742.48,742.48,742.48,742.48,26,after-market,False
2026-07-30T20:38:00+00:00,742.65,742.71,742.61,742.68,966,after-market,False
2026-07-30T20:38:00+00:00,742.59,742.7,742.59,742.62,862,after-market,False
2026-07-30T20:38:00+00:00,742.59,742.59,742.59,742.59,80,after-market,False
2026-07-30T20:39:00+00:00,742.61,742.77,742.61,742.73,524,after-market,False
2026-07-30T20:40:00+00:00,742.53,742.53,742.37,742.37,128,after-market,False
2026-07-30T20:41:00+00:00,742.39,742.39,742.21,742.21,24,after-market,False
2026-07-30T20:42:00+00:00,742.53,742.6,742.47,742.47,1319,after-market,False
2026-07-30T20:42:00+00:00,742.46,742.55,742.44,742.49,1024,after-market,False
2026-07-30T20:43:00+00:00,742.615,742.615,742.615,742.615,12,after-market,False
2026-07-30T20:44:00+00:00,742.6,742.6,742.51,742.51,24,after-market,False
2026-07-30T20:44:00+00:00,742.6,742.6,742.6,742.6,80,after-market,False
2026-07-30T20:45:00+00:00,742.62,742.62,742.5,742.5,524,after-market,False
2026-07-30T20:48:00+00:00,742.33,742.33,742.33,742.33,280,after-market,False
2026-07-30T20:48:00+00:00,742.285,742.285,742.285,742.285,10,after-market,False
2026-07-30T20:49:00+00:00,742.25,742.25,742.25,742.25,120,after-market,False
2026-07-30T20:49:00+00:00,742.255,742.305,742.165,742.165,46,after-market,False
2026-07-30T20:50:00+00:00,742.22,742.32,742.22,742.32,320,after-market,False
2026-07-30T20:50:00+00:00,742.31,742.31,742.31,742.31,12,after-market,False
2026-07-30T20:51:00+00:00,742.12,742.12,742.12,742.12,12,after-market,False
2026-07-30T20:52:00+00:00,741.93,741.93,741.815,741.815,24,after-market,False
2026-07-30T20:53:00+00:00,741.935,742.01,741.935,742.01,36,after-market,False
2026-07-30T20:54:00+00:00,742.085,742.085,742.085,742.085,12,after-market,False
2026-07-30T20:56:00+00:00,742.005,742.005,742.005,742.005,12,after-market,False
2026-07-30T20:59:00+00:00,742.01,742.01,742.01,742.01,100,after-market,False
2026-07-30T21:04:00+00:00,741.975,741.975,741.975,741.975,1,after-market,False
2026-07-30T21:08:00+00:00,742.035,742.035,742.035,742.035,12,after-market,False
2026-07-30T21:11:00+00:00,742.03,742.03,742.03,742.03,2,after-market,False
2026-07-30T21:13:00+00:00,742.07,742.07,742.07,742.07,12,after-market,False
2026-07-30T21:21:00+00:00,742.375,742.375,742.375,742.375,10,after-market,False
2026-07-30T22:00:00+00:00,741.52,741.52,741.47,741.47,900,after-market,False
2026-07-30T22:01:00+00:00,742.24,742.24,742.24,742.24,8,after-market,False
2026-07-30T22:02:00+00:00,742.23,742.23,742.23,742.23,10,after-market,False
2026-07-30T22:10:00+00:00,742.46,742.48,742.46,742.48,264,after-market,False
2026-07-30T22:13:00+00:00,742.17,742.17,742.17,742.17,300,after-market,False
2026-07-30T22:16:00+00:00,742.54,742.54,742.54,742.54,150,after-market,False
2026-07-30T22:20:00+00:00,742.345,742.345,742.175,742.175,42,after-market,False
2026-07-30T22:23:00+00:00,741.94,741.94,741.94,741.94,12,after-market,False
2026-07-30T22:25:00+00:00,741.96,741.96,741.96,741.96,12,after-market,False
2026-07-30T22:27:00+00:00,742.1,742.1,742.1,742.1,12,after-market,False
2026-07-30T22:29:00+00:00,742.02,742.02,742.02,742.02,12,after-market,False
2026-07-30T22:32:00+00:00,741.815,741.84,741.815,741.84,22,after-market,False
2026-07-30T22:33:00+00:00,741.88,741.925,741.88,741.925,24,after-market,False
2026-07-30T22:35:00+00:00,742.37,742.37,742.37,742.37,10,after-market,False
2026-07-30T22:36:00+00:00,742.4,742.4,742.4,742.4,280,after-market,False
2026-07-30T22:37:00+00:00,742.48,742.48,742.48,742.48,12,after-market,False
2026-07-30T22:38:00+00:00,742.52,742.52,742.52,742.52,12,after-market,False
2026-07-30T22:42:00+00:00,742.565,742.565,742.565,742.565,12,after-market,False
2026-07-30T22:51:00+00:00,742.805,742.805,742.805,742.805,12,after-market,False
2026-07-30T22:59:00+00:00,742.975,742.975,742.975,742.975,12,after-market,False
2026-07-30T23:00:00+00:00,743.04,743.04,743.04,743.04,10,after-market,False
2026-07-30T23:01:00+00:00,743.28,743.28,743.28,743.28,12,after-market,False
2026-07-30T23:02:00+00:00,743.305,743.305,743.305,743.305,10,after-market,False
2026-07-30T23:13:00+00:00,742.805,742.81,742.805,742.81,24,after-market,False
2026-07-30T23:16:00+00:00,742.835,742.835,742.835,742.835,10,after-market,False
2026-07-30T23:31:00+00:00,742.925,742.925,742.925,742.925,12,after-market,False
2026-07-30T23:32:00+00:00,742.97,742.97,742.97,742.97,12,after-market,False
2026-07-30T23:33:00+00:00,743.035,743.035,743.035,743.035,10,after-market,False
2026-07-30T23:40:00+00:00,743.105,743.105,743.105,743.105,4,after-market,False
2026-07-30T23:42:00+00:00,743.21,743.21,743.21,743.21,12,after-market,False
2026-07-30T23:50:00+00:00,743.32,743.32,743.12,743.12,36,after-market,False
2026-07-30T23:56:00+00:00,743.62,743.62,743.62,743.62,200,after-market,False
