timestamp,open,high,low,close,volume,session,incomplete
2026-07-23T08:01:00+00:00,521.28,521.28,520.96,521.1,601,pre-market,False
2026-07-23T08:02:00+00:00,521.06,521.06,518.75,519.25,1143,pre-market,False
2026-07-23T08:03:00+00:00,519.25,519.25,519.25,519.25,0,pre-market,False
2026-07-23T08:07:00+00:00,519.25,519.25,519.25,519.25,0,pre-market,False
2026-07-23T08:09:00+00:00,519.25,519.25,519.25,519.25,0,pre-market,False
2026-07-23T08:14:00+00:00,519.25,519.25,519.25,519.25,0,pre-market,False
2026-07-23T08:17:00+00:00,519.25,519.25,519.25,519.25,0,pre-market,False
2026-07-23T08:19:00+00:00,519.25,519.25,519.25,519.25,0,pre-market,False
2026-07-23T08:21:00+00:00,519.25,519.25,519.25,519.25,0,pre-market,False
2026-07-23T08:22:00+00:00,519.25,519.25,519.25,519.25,0,pre-market,False
2026-07-23T08:23:00+00:00,519.25,519.25,519.25,519.25,0,pre-market,False
2026-07-23T08:24:00+00:00,519.25,519.25,519.25,519.25,0,pre-market,False
2026-07-23T08:28:00+00:00,519.25,519.25,519.25,519.25,0,pre-market,False
2026-07-23T08:35:00+00:00,519.25,519.25,519.25,519.25,0,pre-market,False
2026-07-23T08:38:00+00:00,519.25,519.25,519.25,519.25,0,pre-market,False
2026-07-23T08:39:00+00:00,519.25,519.25,519.25,519.25,0,pre-market,False
2026-07-23T08:40:00+00:00,519.59,519.59,519.59,519.59,78,pre-market,False
2026-07-23T08:43:00+00:00,519.59,519.59,519.59,519.59,0,pre-market,False
2026-07-23T08:47:00+00:00,519.59,519.59,519.59,519.59,0,pre-market,False
2026-07-23T08:50:00+00:00,519.57,519.57,519.57,519.57,164,pre-market,False
2026-07-23T08:52:00+00:00,519.57,519.57,519.57,519.57,0,pre-market,False
2026-07-23T08:53:00+00:00,519.57,519.57,519.57,519.57,0,pre-market,False
2026-07-23T08:54:00+00:00,519.57,519.57,519.57,519.57,0,pre-market,False
2026-07-23T08:56:00+00:00,519.57,519.57,519.57,519.57,0,pre-market,False
2026-07-23T08:58:00+00:00,519.57,519.57,519.57,519.57,0,pre-market,False
2026-07-23T09:00:00+00:00,519.57,519.57,519.57,519.57,0,pre-market,False
2026-07-23T09:01:00+00:00,519.57,519.57,519.57,519.57,0,pre-market,False
2026-07-23T09:03:00+00:00,519.57,519.57,519.57,519.57,0,pre-market,False
2026-07-23T09:09:00+00:00,519.57,519.57,519.57,519.57,0,pre-market,False
2026-07-23T09:18:00+00:00,519.57,519.57,519.57,519.57,0,pre-market,False
2026-07-23T09:20:00+00:00,519.57,519.57,519.57,519.57,0,pre-market,False
2026-07-23T09:22:00+00:00,519.57,519.57,519.57,519.57,0,pre-market,False
2026-07-23T09:24:00+00:00,519.57,519.57,519.57,519.57,0,pre-market,False
2026-07-23T09:25:00+00:00,519.57,519.57,519.57,519.57,0,pre-market,False
2026-07-23T09:27:00+00:00,519.57,519.57,519.57,519.57,0,pre-market,False
2026-07-23T09:28:00+00:00,519.57,519.57,519.57,519.57,0,pre-market,False
2026-07-23T09:29:00+00:00,519.57,519.57,519.57,519.57,0,pre-market,False
2026-07-23T09:30:00+00:00,519.57,519.57,519.57,519.57,0,pre-market,False
2026-07-23T09:36:00+00:00,519.54,519.54,519.54,519.54,50,pre-market,False
2026-07-23T09:39:00+00:00,519.54,519.54,519.54,519.54,0,pre-market,False
2026-07-23T09:44:00+00:00,519.73,519.73,519.73,519.73,408,pre-market,False
2026-07-23T09:47:00+00:00,519.73,519.73,519.73,519.73,0,pre-market,False
2026-07-23T09:54:00+00:00,519.73,519.73,519.73,519.73,0,pre-market,False
2026-07-23T09:56:00+00:00,519.67,519.67,519.67,519.67,250,pre-market,False
2026-07-23T09:57:00+00:00,519.6,519.6,519.59,519.6,140,pre-market,False
2026-07-23T10:00:00+00:00,519.6,519.81,519.6,519.77,965,pre-market,False
2026-07-23T10:06:00+00:00,519.77,519.77,519.77,519.77,0,pre-market,False
2026-07-23T10:08:00+00:00,519.77,519.77,519.77,519.77,0,pre-market,False
2026-07-23T10:09:00+00:00,519.77,519.77,519.77,519.77,0,pre-market,False
2026-07-23T10:24:00+00:00,519.77,519.77,519.77,519.77,0,pre-market,False
2026-07-23T10:29:00+00:00,519.77,519.77,519.77,519.77,0,pre-market,False
2026-07-23T10:30:00+00:00,519.65,519.67,519.65,519.67,846,pre-market,False
2026-07-23T10:31:00+00:00,519.89,519.89,519.84,519.84,838,pre-market,False
2026-07-23T10:34:00+00:00,519.99,519.99,519.99,519.99,200,pre-market,False
2026-07-23T10:39:00+00:00,519.99,519.99,519.99,519.99,0,pre-market,False
2026-07-23T10:40:00+00:00,519.99,519.99,519.99,519.99,0,pre-market,False
2026-07-23T10:44:00+00:00,519.99,519.99,519.99,519.99,0,pre-market,False
2026-07-23T10:52:00+00:00,520.43,520.5,520.43,520.5,304,pre-market,False
2026-07-23T10:54:00+00:00,520.5,520.5,520.5,520.5,0,pre-market,False
2026-07-23T10:56:00+00:00,520.5,520.5,520.5,520.5,0,pre-market,False
2026-07-23T10:57:00+00:00,520.5,520.5,520.5,520.5,0,pre-market,False
2026-07-23T11:00:00+00:00,520.32,520.36,520.26,520.26,1207,pre-market,False
2026-07-23T11:01:00+00:00,520.3,520.3,520.26,520.26,581,pre-market,False
2026-07-23T11:02:00+00:00,520.15,520.15,520.04,520.04,155,pre-market,False
2026-07-23T11:04:00+00:00,520.0,520.16,519.98,520.16,1100,pre-market,False
2026-07-23T11:05:00+00:00,520.16,520.16,520.16,520.16,0,pre-market,False
2026-07-23T11:06:00+00:00,520.16,520.16,520.16,520.16,0,pre-market,False
2026-07-23T11:08:00+00:00,520.16,520.16,520.16,520.16,0,pre-market,False
2026-07-23T11:09:00+00:00,519.85,519.85,519.85,519.85,100,pre-market,False
2026-07-23T11:12:00+00:00,519.85,519.85,519.85,519.85,0,pre-market,False
2026-07-23T11:13:00+00:00,519.9,519.9,519.9,519.9,300,pre-market,False
2026-07-23T11:15:00+00:00,519.95,519.96,519.95,519.95,500,pre-market,False
2026-07-23T11:16:00+00:00,519.9,519.9,519.89,519.9,150,pre-market,False
2026-07-23T11:17:00+00:00,519.94,519.94,519.94,519.94,130,pre-market,False
2026-07-23T11:18:00+00:00,519.94,519.94,519.94,519.94,0,pre-market,False
2026-07-23T11:20:00+00:00,519.73,519.73,519.58,519.58,240,pre-market,False
2026-07-23T11:21:00+00:00,519.58,519.58,519.58,519.58,0,pre-market,False
2026-07-23T11:22:00+00:00,519.58,519.58,519.58,519.58,0,pre-market,False
2026-07-23T11:23:00+00:00,519.36,519.37,519.36,519.36,370,pre-market,False
2026-07-23T11:24:00+00:00,519.36,519.36,519.36,519.36,0,pre-market,False
2026-07-23T11:25:00+00:00,519.36,519.36,519.36,519.36,0,pre-market,False
2026-07-23T11:26:00+00:00,519.45,519.45,519.44,519.45,50,pre-market,False
2026-07-23T11:28:00+00:00,519.37,519.37,519.37,519.37,376,pre-market,False
2026-07-23T11:29:00+00:00,519.36,519.36,519.25,519.25,577,pre-market,False
2026-07-23T11:30:00+00:00,519.38,519.38,519.38,519.38,50,pre-market,False
2026-07-23T11:31:00+00:00,519.38,519.38,519.38,519.38,0,pre-market,False
2026-07-23T11:32:00+00:00,519.38,519.38,519.38,519.38,0,pre-market,False
2026-07-23T11:33:00+00:00,519.09,519.09,519.0,519.0,275,pre-market,False
2026-07-23T11:34:00+00:00,519.0,519.0,519.0,519.0,0,pre-market,False
2026-07-23T11:35:00+00:00,518.83,518.83,518.56,518.56,410,pre-market,False
2026-07-23T11:36:00+00:00,518.57,518.57,518.56,518.56,893,pre-market,False
2026-07-23T11:37:00+00:00,518.56,518.56,518.56,518.56,0,pre-market,False
2026-07-23T11:38:00+00:00,518.5,518.5,518.5,518.5,100,pre-market,False
2026-07-23T11:39:00+00:00,518.5,518.5,518.5,518.5,0,pre-market,False
2026-07-23T11:40:00+00:00,518.5,518.5,518.5,518.5,0,pre-market,False
2026-07-23T11:41:00+00:00,518.5,518.5,518.5,518.5,0,pre-market,False
2026-07-23T11:42:00+00:00,518.57,518.67,518.57,518.67,334,pre-market,False
2026-07-23T11:43:00+00:00,518.57,518.57,518.57,518.57,100,pre-market,False
2026-07-23T11:44:00+00:00,518.57,518.57,518.57,518.57,0,pre-market,False
2026-07-23T11:45:00+00:00,518.57,518.57,518.57,518.57,0,pre-market,False
2026-07-23T11:46:00+00:00,518.48,518.48,518.44,518.44,245,pre-market,False
2026-07-23T11:47:00+00:00,518.44,518.44,518.44,518.44,0,pre-market,False
2026-07-23T11:48:00+00:00,518.55,518.55,518.51,518.52,316,pre-market,False
2026-07-23T11:50:00+00:00,518.52,518.52,518.52,518.52,0,pre-market,False
2026-07-23T11:51:00+00:00,518.75,518.75,518.75,518.75,490,pre-market,False
2026-07-23T11:52:00+00:00,518.82,519.02,518.82,518.86,4169,pre-market,False
2026-07-23T11:53:00+00:00,518.88,518.88,518.88,518.88,50,pre-market,False
2026-07-23T11:54:00+00:00,518.88,518.88,518.88,518.88,0,pre-market,False
2026-07-23T11:56:00+00:00,518.88,518.88,518.88,518.88,0,pre-market,False
2026-07-23T11:57:00+00:00,518.88,518.88,518.88,518.88,0,pre-market,False
2026-07-23T11:58:00+00:00,518.86,518.86,518.86,518.86,100,pre-market,False
2026-07-23T11:59:00+00:00,518.86,518.86,518.86,518.86,0,pre-market,False
2026-07-23T12:00:00+00:00,518.86,518.86,518.86,518.86,0,pre-market,False
2026-07-23T12:01:00+00:00,518.86,518.86,518.86,518.86,0,pre-market,False
2026-07-23T12:02:00+00:00,518.86,518.86,518.86,518.86,0,pre-market,False
2026-07-23T12:03:00+00:00,518.61,518.61,518.58,518.58,550,pre-market,False
2026-07-23T12:04:00+00:00,518.58,518.58,518.58,518.58,0,pre-market,False
2026-07-23T12:05:00+00:00,518.58,518.58,518.58,518.58,0,pre-market,False
2026-07-23T12:06:00+00:00,518.58,518.58,518.58,518.58,0,pre-market,False
2026-07-23T12:07:00+00:00,518.58,518.58,518.58,518.58,0,pre-market,False
2026-07-23T12:08:00+00:00,518.58,518.58,518.58,518.58,0,pre-market,False
2026-07-23T12:09:00+00:00,518.58,518.58,518.58,518.58,0,pre-market,False
2026-07-23T12:10:00+00:00,518.58,518.58,518.58,518.58,0,pre-market,False
2026-07-23T12:11:00+00:00,518.2,518.2,518.2,518.2,100,pre-market,False
2026-07-23T12:12:00+00:00,518.25,518.29,518.01,518.02,1616,pre-market,False
2026-07-23T12:13:00+00:00,518.05,518.06,518.05,518.05,72,pre-market,False
2026-07-23T12:14:00+00:00,518.05,518.05,518.05,518.05,0,pre-market,False
2026-07-23T12:15:00+00:00,518.06,518.38,518.06,518.38,302,pre-market,False
2026-07-23T12:16:00+00:00,518.12,518.12,517.76,517.76,1226,pre-market,False
2026-07-23T12:17:00+00:00,518.01,518.07,518.01,518.06,765,pre-market,False
2026-07-23T12:18:00+00:00,517.99,517.99,517.99,517.99,968,pre-market,False
2026-07-23T12:19:00+00:00,517.94,517.94,517.94,517.94,55,pre-market,False
2026-07-23T12:20:00+00:00,517.94,517.94,517.94,517.94,0,pre-market,False
2026-07-23T12:21:00+00:00,517.94,517.94,517.94,517.94,0,pre-market,False
2026-07-23T12:22:00+00:00,517.94,517.94,517.94,517.94,0,pre-market,False
2026-07-23T12:23:00+00:00,517.58,517.58,517.32,517.4,2423,pre-market,False
2026-07-23T12:24:00+00:00,517.31,517.31,517.31,517.31,80,pre-market,False
2026-07-23T12:25:00+00:00,517.31,517.31,517.31,517.31,0,pre-market,False
2026-07-23T12:26:00+00:00,517.13,517.13,517.13,517.13,48,pre-market,False
2026-07-23T12:27:00+00:00,517.13,517.13,517.13,517.13,0,pre-market,False
2026-07-23T12:28:00+00:00,517.35,517.35,517.35,517.35,49,pre-market,False
2026-07-23T12:29:00+00:00,517.19,517.2,517.19,517.19,53,pre-market,False
2026-07-23T12:30:00+00:00,517.13,517.24,517.0,517.24,1652,pre-market,False
2026-07-23T12:31:00+00:00,517.13,517.15,517.13,517.14,1150,pre-market,False
2026-07-23T12:32:00+00:00,517.11,517.12,517.11,517.12,180,pre-market,False
2026-07-23T12:33:00+00:00,517.16,517.24,517.13,517.19,2122,pre-market,False
2026-07-23T12:34:00+00:00,517.19,517.19,517.19,517.19,0,pre-market,False
2026-07-23T12:35:00+00:00,517.19,517.19,517.18,517.19,200,pre-market,False
2026-07-23T12:36:00+00:00,517.2,517.2,516.98,516.98,1204,pre-market,False
2026-07-23T12:37:00+00:00,516.81,516.81,516.81,516.81,40,pre-market,False
2026-07-23T12:38:00+00:00,516.91,516.91,516.91,516.91,100,pre-market,False
2026-07-23T12:39:00+00:00,516.98,516.98,516.98,516.98,50,pre-market,False
2026-07-23T12:40:00+00:00,516.84,516.99,516.84,516.99,2808,pre-market,False
2026-07-23T12:41:00+00:00,516.9,516.98,516.9,516.98,9932,pre-market,False
2026-07-23T12:42:00+00:00,516.98,516.98,516.5,516.56,7098,pre-market,False
2026-07-23T12:43:00+00:00,516.56,516.56,516.56,516.56,0,pre-market,False
2026-07-23T12:44:00+00:00,516.81,516.81,516.77,516.77,1080,pre-market,False
2026-07-23T12:45:00+00:00,516.72,516.73,516.68,516.69,1216,pre-market,False
2026-07-23T12:46:00+00:00,516.69,516.69,516.69,516.69,0,pre-market,False
2026-07-23T12:47:00+00:00,516.66,516.66,516.59,516.59,1174,pre-market,False
2026-07-23T12:48:00+00:00,516.5,516.5,516.5,516.5,45,pre-market,False
2026-07-23T12:49:00+00:00,516.5,516.5,516.5,516.5,0,pre-market,False
2026-07-23T12:50:00+00:00,516.62,516.62,516.62,516.62,40,pre-market,False
2026-07-23T12:51:00+00:00,516.59,516.64,516.59,516.64,80,pre-market,False
2026-07-23T12:52:00+00:00,516.5,516.5,516.49,516.49,350,pre-market,False
2026-07-23T12:53:00+00:00,516.6,516.64,516.6,516.64,1040,pre-market,False
2026-07-23T12:54:00+00:00,516.64,516.64,516.64,516.64,0,pre-market,False
2026-07-23T12:55:00+00:00,516.4,516.42,516.3,516.3,644,pre-market,False
2026-07-23T12:56:00+00:00,516.42,516.42,516.42,516.42,100,pre-market,False
2026-07-23T12:57:00+00:00,516.42,516.42,516.42,516.42,0,pre-market,False
2026-07-23T12:58:00+00:00,516.45,516.45,516.22,516.3,696,pre-market,False
2026-07-23T12:59:00+00:00,516.22,516.22,516.22,516.22,100,pre-market,False
2026-07-23T13:00:00+00:00,516.3,516.3,516.3,516.3,50,pre-market,False
2026-07-23T13:01:00+00:00,516.03,516.04,515.98,515.98,1867,pre-market,False
2026-07-23T13:02:00+00:00,516.11,516.12,516.0,516.0,1439,pre-market,False
2026-07-23T13:03:00+00:00,516.0,516.08,515.99,516.02,2116,pre-market,False
2026-07-23T13:04:00+00:00,515.97,515.99,515.93,515.93,570,pre-market,False
2026-07-23T13:05:00+00:00,515.87,515.87,515.73,515.73,610,pre-market,False
2026-07-23T13:06:00+00:00,515.73,515.9,515.65,515.68,15079,pre-market,False
2026-07-23T13:07:00+00:00,515.65,515.74,515.64,515.74,718,pre-market,False
2026-07-23T13:08:00+00:00,515.95,515.98,515.85,515.88,400,pre-market,False
2026-07-23T13:09:00+00:00,515.88,515.88,515.88,515.88,0,pre-market,False
2026-07-23T13:10:00+00:00,515.7,515.7,515.63,515.64,750,pre-market,False
2026-07-23T13:11:00+00:00,515.6,515.6,515.47,515.47,216,pre-market,False
2026-07-23T13:12:00+00:00,515.47,515.47,515.47,515.47,0,pre-market,False
2026-07-23T13:13:00+00:00,515.6,515.6,515.6,515.6,40,pre-market,False
2026-07-23T13:14:00+00:00,515.38,515.39,515.38,515.38,100,pre-market,False
2026-07-23T13:31:00+00:00,515.22,515.68,514.82,515.59,42859,regular,False
2026-07-23T13:32:00+00:00,515.63,516.34,515.63,516.31,32416,regular,False
2026-07-23T13:33:00+00:00,516.29,517.45,516.24,517.4,41882,regular,False
2026-07-23T13:34:00+00:00,517.32,517.84,517.15,517.69,29780,regular,False
2026-07-23T13:35:00+00:00,517.72,518.08,517.56,517.75,24078,regular,False
2026-07-23T13:36:00+00:00,517.79,517.79,517.18,517.55,27545,regular,False
2026-07-23T13:37:00+00:00,517.58,517.98,517.54,517.81,28317,regular,False
2026-07-23T13:38:00+00:00,517.89,518.11,517.75,517.87,21159,regular,False
2026-07-23T13:39:00+00:00,517.91,517.95,517.64,517.8,32001,regular,False
2026-07-23T13:40:00+00:00,517.86,517.89,517.65,517.72,29801,regular,False
2026-07-23T13:41:00+00:00,517.7,517.84,517.55,517.8,23398,regular,False
2026-07-23T13:42:00+00:00,517.8,518.0,517.6,517.89,13404,regular,False
2026-07-23T13:43:00+00:00,517.93,518.17,517.9,517.9,13183,regular,False
2026-07-23T13:44:00+00:00,517.82,517.86,517.5,517.52,21494,regular,False
2026-07-23T13:45:00+00:00,517.57,517.61,517.01,517.3,30060,regular,False
2026-07-23T13:46:00+00:00,517.27,517.42,517.06,517.31,17941,regular,False
2026-07-23T13:47:00+00:00,517.16,517.24,516.93,517.01,17892,regular,False
2026-07-23T13:48:00+00:00,517.02,517.11,516.68,516.88,35891,regular,False
2026-07-23T13:49:00+00:00,516.81,516.88,516.37,516.47,13541,regular,False
2026-07-23T13:50:00+00:00,516.6,516.68,516.45,516.57,10501,regular,False
2026-07-23T13:51:00+00:00,516.58,516.67,516.33,516.34,14064,regular,False
2026-07-23T13:52:00+00:00,516.34,516.42,516.19,516.41,8046,regular,False
2026-07-23T13:53:00+00:00,516.36,516.44,516.17,516.26,12121,regular,False
2026-07-23T13:54:00+00:00,516.26,516.73,516.19,516.73,16897,regular,False
2026-07-23T13:55:00+00:00,516.73,517.0,516.57,516.59,28409,regular,False
2026-07-23T13:56:00+00:00,516.56,516.56,516.08,516.08,14857,regular,False
2026-07-23T13:57:00+00:00,516.04,516.17,515.79,516.03,28427,regular,False
2026-07-23T13:58:00+00:00,515.99,516.08,515.74,516.04,16630,regular,False
2026-07-23T13:59:00+00:00,516.06,516.26,516.04,516.14,14285,regular,False
2026-07-23T14:00:00+00:00,516.16,516.71,516.14,516.57,17398,regular,False
2026-07-23T14:01:00+00:00,516.58,516.58,516.25,516.25,18950,regular,False
2026-07-23T14:02:00+00:00,516.33,516.58,516.23,516.33,8903,regular,False
2026-07-23T14:03:00+00:00,516.34,516.53,516.24,516.36,7878,regular,False
2026-07-23T14:04:00+00:00,516.37,516.67,516.29,516.57,27575,regular,False
2026-07-23T14:05:00+00:00,516.59,516.59,516.24,516.43,31566,regular,False
2026-07-23T14:06:00+00:00,516.46,516.71,516.44,516.53,13684,regular,False
2026-07-23T14:07:00+00:00,516.52,516.63,516.35,516.45,3647,regular,False
2026-07-23T14:08:00+00:00,516.5,516.55,515.72,515.76,17134,regular,False
2026-07-23T14:09:00+00:00,515.84,516.0,515.55,515.91,11010,regular,False
2026-07-23T14:10:00+00:00,515.86,516.1,515.85,516.08,18600,regular,False
2026-07-23T14:11:00+00:00,516.05,516.45,516.0,516.45,16799,regular,False
2026-07-23T14:12:00+00:00,516.45,516.63,516.33,516.58,4094,regular,False
2026-07-23T14:13:00+00:00,516.74,516.97,516.54,516.54,7378,regular,False
2026-07-23T14:14:00+00:00,516.59,516.72,516.31,516.48,22996,regular,False
2026-07-23T14:15:00+00:00,516.46,516.6,516.29,516.4,4563,regular,False
2026-07-23T14:16:00+00:00,516.36,516.79,516.36,516.78,2369,regular,False
2026-07-23T14:17:00+00:00,516.8,516.88,516.6,516.82,8736,regular,False
2026-07-23T14:18:00+00:00,516.82,516.89,516.69,516.74,6279,regular,False
2026-07-23T14:19:00+00:00,516.74,516.74,516.4,516.49,18315,regular,False
2026-07-23T14:20:00+00:00,516.47,516.48,516.25,516.43,2393,regular,False
2026-07-23T14:21:00+00:00,516.3,516.6,516.3,516.6,15253,regular,False
2026-07-23T14:22:00+00:00,516.59,516.63,516.32,516.47,11153,regular,False
2026-07-23T14:23:00+00:00,516.54,516.54,516.27,516.3,4131,regular,False
2026-07-23T14:24:00+00:00,516.32,516.32,516.0,516.23,10916,regular,False
2026-07-23T14:25:00+00:00,516.16,516.29,516.12,516.25,3221,regular,False
2026-07-23T14:26:00+00:00,516.08,516.12,515.95,516.12,4328,regular,False
2026-07-23T14:27:00+00:00,516.04,516.12,515.92,516.12,4058,regular,False
2026-07-23T14:28:00+00:00,516.13,516.27,516.11,516.16,2712,regular,False
2026-07-23T14:29:00+00:00,516.19,516.41,516.17,516.4,2399,regular,False
2026-07-23T14:30:00+00:00,516.57,516.57,516.21,516.3,952,regular,False
2026-07-23T14:31:00+00:00,516.19,516.44,516.09,516.11,4558,regular,False
2026-07-23T14:32:00+00:00,516.02,516.02,515.98,516.0,456,regular,False
2026-07-23T14:33:00+00:00,515.93,516.1,515.93,516.02,2610,regular,False
2026-07-23T14:34:00+00:00,516.01,516.04,515.96,516.0,3026,regular,False
2026-07-23T14:35:00+00:00,516.03,516.04,515.76,515.86,12944,regular,False
2026-07-23T14:36:00+00:00,515.77,515.88,515.73,515.87,1587,regular,False
2026-07-23T14:37:00+00:00,515.88,516.49,515.88,516.48,4156,regular,False
2026-07-23T14:38:00+00:00,516.47,516.5,516.2,516.41,4356,regular,False
2026-07-23T14:39:00+00:00,516.42,516.82,516.42,516.75,4382,regular,False
2026-07-23T14:40:00+00:00,516.76,517.08,516.76,516.82,12183,regular,False
2026-07-23T14:41:00+00:00,516.7,516.77,516.51,516.63,4271,regular,False
2026-07-23T14:42:00+00:00,516.67,516.8,516.5,516.59,3540,regular,False
2026-07-23T14:43:00+00:00,516.71,516.73,516.47,516.47,2970,regular,False
2026-07-23T14:44:00+00:00,516.43,516.56,516.24,516.26,6334,regular,False
2026-07-23T14:45:00+00:00,516.2,516.32,516.16,516.29,1721,regular,False
2026-07-23T14:46:00+00:00,516.29,516.45,516.29,516.38,595,regular,False
2026-07-23T14:47:00+00:00,516.59,516.86,516.59,516.84,425,regular,False
2026-07-23T14:48:00+00:00,516.83,516.83,516.56,516.6,3167,regular,False
2026-07-23T14:49:00+00:00,516.64,516.65,516.48,516.48,1124,regular,False
2026-07-23T14:50:00+00:00,516.58,516.74,516.36,516.37,5041,regular,False
2026-07-23T14:51:00+00:00,516.34,516.34,516.0,516.07,15825,regular,False
2026-07-23T14:52:00+00:00,516.08,516.26,516.01,516.25,6072,regular,False
2026-07-23T14:53:00+00:00,516.19,516.37,516.14,516.34,3861,regular,False
2026-07-23T14:54:00+00:00,516.33,516.43,516.27,516.41,3418,regular,False
2026-07-23T14:55:00+00:00,516.43,516.52,516.41,516.44,3800,regular,False
2026-07-23T14:56:00+00:00,516.41,516.58,516.4,516.43,3294,regular,False
2026-07-23T14:57:00+00:00,516.42,516.56,516.42,516.56,3545,regular,False
2026-07-23T14:58:00+00:00,516.5,516.58,516.45,516.49,1808,regular,False
2026-07-23T14:59:00+00:00,516.57,516.72,516.53,516.7,5095,regular,False
2026-07-23T15:00:00+00:00,516.73,516.83,516.65,516.71,4600,regular,False
2026-07-23T15:01:00+00:00,516.69,516.69,516.31,516.43,2776,regular,False
2026-07-23T15:02:00+00:00,516.36,516.43,516.14,516.14,4391,regular,False
2026-07-23T15:03:00+00:00,516.18,516.34,516.13,516.19,2535,regular,False
2026-07-23T15:04:00+00:00,516.1,516.19,516.03,516.19,3328,regular,False
2026-07-23T15:05:00+00:00,516.13,516.14,515.82,515.82,4760,regular,False
2026-07-23T15:06:00+00:00,515.79,515.83,515.54,515.66,13506,regular,False
2026-07-23T15:07:00+00:00,515.64,516.02,515.64,515.95,4658,regular,False
2026-07-23T15:08:00+00:00,515.91,516.01,515.89,515.92,3752,regular,False
2026-07-23T15:09:00+00:00,515.97,516.07,515.96,515.99,8576,regular,False
2026-07-23T15:10:00+00:00,515.94,516.02,515.81,515.89,6148,regular,False
2026-07-23T15:11:00+00:00,515.83,515.85,515.71,515.73,2438,regular,False
2026-07-23T15:12:00+00:00,515.68,515.7,515.55,515.59,8093,regular,False
2026-07-23T15:13:00+00:00,515.61,515.77,515.61,515.7,9101,regular,False
2026-07-23T15:14:00+00:00,515.71,515.78,515.5,515.78,6789,regular,False
2026-07-23T15:15:00+00:00,515.63,515.93,515.6,515.76,5626,regular,False
2026-07-23T15:16:00+00:00,515.61,515.82,515.61,515.77,5602,regular,False
2026-07-23T15:17:00+00:00,515.75,515.96,515.75,515.89,8104,regular,False
2026-07-23T15:18:00+00:00,515.92,515.92,515.72,515.76,2349,regular,False
2026-07-23T15:19:00+00:00,515.78,515.83,515.67,515.73,11214,regular,False
2026-07-23T15:20:00+00:00,515.78,515.89,515.67,515.77,4248,regular,False
2026-07-23T15:21:00+00:00,515.81,515.85,515.55,515.56,4671,regular,False
2026-07-23T15:24:00+00:00,515.34,515.63,515.32,515.56,2609,regular,False
2026-07-23T15:25:00+00:00,515.53,515.54,515.27,515.28,15324,regular,False
2026-07-23T15:26:00+00:00,515.28,515.28,515.14,515.26,8876,regular,False
2026-07-23T15:27:00+00:00,515.21,515.39,515.2,515.39,2781,regular,False
2026-07-23T15:28:00+00:00,515.39,515.46,515.23,515.25,10374,regular,False
2026-07-23T15:29:00+00:00,515.27,515.31,515.21,515.21,1440,regular,False
2026-07-23T15:30:00+00:00,515.24,515.28,514.88,514.88,11522,regular,False
2026-07-23T15:31:00+00:00,514.88,515.06,514.72,514.88,12352,regular,False
2026-07-23T15:32:00+00:00,514.9,515.15,514.9,515.15,16081,regular,False
2026-07-23T15:33:00+00:00,515.23,515.43,515.11,515.3,30232,regular,False
2026-07-23T15:34:00+00:00,515.33,515.47,515.23,515.44,11257,regular,False
2026-07-23T15:35:00+00:00,515.51,515.7,515.48,515.64,6035,regular,False
2026-07-23T15:36:00+00:00,515.52,515.66,515.46,515.65,19446,regular,False
2026-07-23T15:37:00+00:00,515.72,516.01,515.53,515.84,11527,regular,False
2026-07-23T15:38:00+00:00,515.87,516.33,515.87,516.33,4365,regular,False
2026-07-23T15:39:00+00:00,516.31,516.47,516.17,516.4,4998,regular,False
2026-07-23T15:40:00+00:00,516.39,516.56,516.36,516.39,6831,regular,False
2026-07-23T15:41:00+00:00,516.33,516.66,516.24,516.63,5181,regular,False
2026-07-23T15:42:00+00:00,516.63,516.7,516.26,516.26,5009,regular,False
2026-07-23T15:43:00+00:00,516.26,516.3,515.98,515.99,4678,regular,False
2026-07-23T15:44:00+00:00,516.0,516.11,515.98,515.98,2270,regular,False
2026-07-23T15:45:00+00:00,515.97,516.04,515.77,515.99,3639,regular,False
2026-07-23T15:46:00+00:00,515.99,515.99,515.77,515.87,1998,regular,False
2026-07-23T15:47:00+00:00,515.83,516.02,515.82,515.88,1155,regular,False
2026-07-23T15:48:00+00:00,515.97,515.97,515.81,515.84,1108,regular,False
2026-07-23T15:49:00+00:00,515.88,516.02,515.83,515.99,320,regular,False
2026-07-23T15:50:00+00:00,515.92,516.06,515.92,516.0,485,regular,False
2026-07-23T15:51:00+00:00,516.0,516.0,515.84,515.88,602,regular,False
2026-07-23T15:52:00+00:00,515.87,515.98,515.85,515.85,4768,regular,False
2026-07-23T15:53:00+00:00,515.86,515.9,515.86,515.88,800,regular,False
2026-07-23T15:54:00+00:00,515.87,516.13,515.87,516.13,2040,regular,False
2026-07-23T15:55:00+00:00,516.16,516.27,516.16,516.21,1389,regular,False
2026-07-23T15:56:00+00:00,516.21,516.23,515.97,515.97,1244,regular,False
2026-07-23T15:57:00+00:00,516.04,516.05,515.96,516.03,1693,regular,False
2026-07-23T15:58:00+00:00,516.14,516.27,516.1,516.27,1362,regular,False
2026-07-23T15:59:00+00:00,516.29,516.36,516.27,516.36,430,regular,False
2026-07-23T16:00:00+00:00,516.44,516.45,516.25,516.31,577,regular,False
2026-07-23T16:01:00+00:00,516.21,516.26,516.21,516.26,1043,regular,False
2026-07-23T16:02:00+00:00,516.49,516.55,516.49,516.55,568,regular,False
2026-07-23T16:03:00+00:00,516.5,516.57,516.47,516.49,4235,regular,False
2026-07-23T16:04:00+00:00,516.43,516.43,516.32,516.32,504,regular,False
2026-07-23T16:05:00+00:00,516.33,516.36,516.11,516.12,2033,regular,False
2026-07-23T16:06:00+00:00,516.09,516.41,516.07,516.41,360,regular,False
2026-07-23T16:07:00+00:00,516.28,516.36,516.25,516.35,1626,regular,False
2026-07-23T16:08:00+00:00,516.42,516.64,516.42,516.63,440,regular,False
2026-07-23T16:09:00+00:00,516.64,516.75,516.57,516.75,3112,regular,False
2026-07-23T16:10:00+00:00,516.72,516.85,516.71,516.78,24915,regular,False
2026-07-23T16:11:00+00:00,516.82,516.92,516.78,516.87,2234,regular,False
2026-07-23T16:12:00+00:00,516.91,517.03,516.87,516.88,5035,regular,False
2026-07-23T16:13:00+00:00,516.87,517.0,516.86,516.87,2617,regular,False
2026-07-23T16:14:00+00:00,516.82,517.03,516.82,517.01,4612,regular,False
2026-07-23T16:15:00+00:00,517.01,517.07,516.98,517.07,3377,regular,False
2026-07-23T16:16:00+00:00,517.07,517.15,516.95,517.08,2036,regular,False
2026-07-23T16:17:00+00:00,517.2,517.2,517.17,517.17,314,regular,False
2026-07-23T16:18:00+00:00,517.01,517.03,516.95,516.95,1578,regular,False
2026-07-23T16:19:00+00:00,516.97,516.97,516.73,516.84,1563,regular,False
2026-07-23T16:20:00+00:00,516.94,517.04,516.9,517.02,2150,regular,False
2026-07-23T16:21:00+00:00,517.0,517.15,516.98,517.15,442,regular,False
2026-07-23T16:22:00+00:00,517.15,517.26,517.08,517.24,1529,regular,False
2026-07-23T16:23:00+00:00,517.26,517.5,517.24,517.47,2123,regular,False
2026-07-23T16:24:00+00:00,517.5,517.52,517.35,517.38,1226,regular,False
2026-07-23T16:25:00+00:00,517.38,517.44,517.35,517.38,5510,regular,False
2026-07-23T16:26:00+00:00,517.39,517.4,517.19,517.19,1846,regular,False
2026-07-23T16:27:00+00:00,517.25,517.29,517.21,517.28,3950,regular,False
2026-07-23T16:28:00+00:00,517.21,517.26,517.13,517.13,971,regular,False
2026-07-23T16:29:00+00:00,517.18,517.24,517.18,517.22,1124,regular,False
2026-07-23T16:30:00+00:00,517.19,517.21,517.11,517.21,2138,regular,False
2026-07-23T16:31:00+00:00,517.31,517.35,517.24,517.26,979,regular,False
2026-07-23T16:32:00+00:00,517.16,517.16,517.0,517.06,1069,regular,False
2026-07-23T16:33:00+00:00,517.02,517.09,517.0,517.02,13916,regular,False
2026-07-23T16:34:00+00:00,517.03,517.05,516.9,516.92,6091,regular,False
2026-07-23T16:35:00+00:00,516.93,517.01,516.83,516.98,6702,regular,False
2026-07-23T16:36:00+00:00,516.95,517.07,516.91,517.0,11312,regular,False
2026-07-23T16:37:00+00:00,517.0,517.0,516.78,516.81,1367,regular,False
2026-07-23T16:38:00+00:00,516.83,516.96,516.75,516.96,2190,regular,False
2026-07-23T16:39:00+00:00,516.98,517.1,516.97,517.1,2401,regular,False
2026-07-23T16:40:00+00:00,517.05,517.1,516.96,516.96,1343,regular,False
2026-07-23T16:41:00+00:00,517.01,517.02,516.86,516.86,704,regular,False
2026-07-23T16:42:00+00:00,516.85,516.85,516.69,516.7,2851,regular,False
2026-07-23T16:43:00+00:00,516.81,516.81,516.73,516.79,418,regular,False
2026-07-23T16:44:00+00:00,516.78,516.83,516.74,516.77,980,regular,False
2026-07-23T16:45:00+00:00,516.74,516.74,516.61,516.62,4763,regular,False
2026-07-23T16:46:00+00:00,516.62,516.73,516.62,516.65,1317,regular,False
2026-07-23T16:47:00+00:00,516.64,516.64,516.49,516.5,2032,regular,False
2026-07-23T16:48:00+00:00,516.48,516.49,516.28,516.33,5177,regular,False
2026-07-23T16:49:00+00:00,516.34,516.34,516.17,516.17,1469,regular,False
2026-07-23T16:50:00+00:00,516.15,516.16,516.08,516.13,1295,regular,False
2026-07-23T16:51:00+00:00,516.2,516.29,516.18,516.23,1237,regular,False
2026-07-23T16:52:00+00:00,516.25,516.49,516.25,516.34,539,regular,False
2026-07-23T16:53:00+00:00,516.24,516.24,516.13,516.17,897,regular,False
2026-07-23T16:54:00+00:00,516.22,516.42,516.2,516.42,1886,regular,False
2026-07-23T16:55:00+00:00,516.41,516.54,516.41,516.48,874,regular,False
2026-07-23T16:56:00+00:00,516.5,516.56,516.39,516.56,8112,regular,False
2026-07-23T16:57:00+00:00,516.64,516.65,516.53,516.54,695,regular,False
2026-07-23T16:58:00+00:00,516.52,516.55,516.5,516.51,992,regular,False
2026-07-23T16:59:00+00:00,516.6,516.82,516.6,516.78,1884,regular,False
2026-07-23T17:00:00+00:00,516.8,516.93,516.7,516.91,1635,regular,False
2026-07-23T17:01:00+00:00,516.92,516.92,516.85,516.9,407,regular,False
2026-07-23T17:02:00+00:00,516.9,516.9,516.72,516.86,1048,regular,False
2026-07-23T17:03:00+00:00,516.92,516.94,516.85,516.87,199,regular,False
2026-07-23T17:04:00+00:00,516.82,516.82,516.65,516.65,163,regular,False
2026-07-23T17:05:00+00:00,516.65,516.68,516.5,516.54,2217,regular,False
2026-07-23T17:06:00+00:00,516.53,516.62,516.5,516.52,1288,regular,False
2026-07-23T17:07:00+00:00,516.65,516.67,516.53,516.53,744,regular,False
2026-07-23T17:08:00+00:00,516.5,516.69,516.46,516.49,1001,regular,False
2026-07-23T17:09:00+00:00,516.45,516.69,516.41,516.69,4224,regular,False
2026-07-23T17:10:00+00:00,516.73,516.88,516.72,516.84,3169,regular,False
2026-07-23T17:11:00+00:00,516.81,516.81,516.65,516.67,2217,regular,False
2026-07-23T17:12:00+00:00,516.76,516.79,516.7,516.73,6317,regular,False
2026-07-23T17:13:00+00:00,516.74,516.76,516.57,516.58,5177,regular,False
2026-07-23T17:14:00+00:00,516.6,516.65,516.57,516.57,1984,regular,False
2026-07-23T17:15:00+00:00,516.58,516.66,516.51,516.6,4107,regular,False
2026-07-23T17:16:00+00:00,516.63,516.74,516.62,516.72,661,regular,False
2026-07-23T17:17:00+00:00,516.74,516.76,516.47,516.47,3762,regular,False
2026-07-23T17:18:00+00:00,516.47,516.64,516.43,516.51,1565,regular,False
2026-07-23T17:19:00+00:00,516.56,516.56,516.53,516.55,216,regular,False
2026-07-23T17:20:00+00:00,516.63,516.72,516.59,516.68,995,regular,False
2026-07-23T17:21:00+00:00,516.72,516.79,516.68,516.79,820,regular,False
2026-07-23T17:22:00+00:00,516.63,516.83,516.63,516.7,1289,regular,False
2026-07-23T17:23:00+00:00,516.68,516.85,516.66,516.82,794,regular,False
2026-07-23T17:24:00+00:00,516.8,516.8,516.79,516.8,40,regular,False
2026-07-23T17:25:00+00:00,516.87,516.92,516.86,516.92,529,regular,False
2026-07-23T17:26:00+00:00,516.88,516.91,516.88,516.88,467,regular,False
2026-07-23T17:27:00+00:00,516.89,516.89,516.63,516.63,793,regular,False
2026-07-23T17:28:00+00:00,516.65,516.65,516.61,516.64,680,regular,False
2026-07-23T17:29:00+00:00,516.65,516.65,516.63,516.65,150,regular,False
2026-07-23T17:30:00+00:00,516.55,516.56,516.44,516.5,1477,regular,False
2026-07-23T17:31:00+00:00,516.45,516.49,516.21,516.26,2483,regular,False
2026-07-23T17:32:00+00:00,516.26,516.27,516.18,516.18,1975,regular,False
2026-07-23T17:33:00+00:00,516.2,516.25,516.13,516.17,1700,regular,False
2026-07-23T17:34:00+00:00,516.14,516.15,516.0,516.03,4528,regular,False
2026-07-23T17:35:00+00:00,516.01,516.03,515.78,515.78,2669,regular,False
2026-07-23T17:36:00+00:00,515.74,515.84,515.72,515.78,1135,regular,False
2026-07-23T17:37:00+00:00,515.77,515.88,515.75,515.88,1070,regular,False
2026-07-23T17:38:00+00:00,515.89,516.04,515.89,516.03,549,regular,False
2026-07-23T17:39:00+00:00,515.91,515.95,515.82,515.82,1434,regular,False
2026-07-23T17:40:00+00:00,515.88,515.88,515.61,515.62,913,regular,False
2026-07-23T17:41:00+00:00,515.63,515.71,515.62,515.66,1202,regular,False
2026-07-23T17:42:00+00:00,515.68,515.71,515.67,515.7,208,regular,False
2026-07-23T17:43:00+00:00,515.7,515.77,515.7,515.75,666,regular,False
2026-07-23T17:44:00+00:00,515.81,515.81,515.74,515.74,778,regular,False
2026-07-23T17:45:00+00:00,515.74,515.93,515.61,515.93,3753,regular,False
2026-07-23T17:46:00+00:00,515.95,515.99,515.93,515.96,848,regular,False
2026-07-23T17:47:00+00:00,515.94,515.99,515.94,515.94,426,regular,False
2026-07-23T17:48:00+00:00,515.86,515.89,515.82,515.83,1163,regular,False
2026-07-23T17:49:00+00:00,515.92,516.03,515.91,515.93,804,regular,False
2026-07-23T17:50:00+00:00,515.74,515.82,515.74,515.81,650,regular,False
2026-07-23T17:51:00+00:00,515.8,515.8,515.75,515.75,1205,regular,False
2026-07-23T17:52:00+00:00,515.7,515.84,515.7,515.77,738,regular,False
2026-07-23T17:53:00+00:00,515.74,515.83,515.68,515.76,1773,regular,False
2026-07-23T17:54:00+00:00,515.67,515.71,515.64,515.64,2262,regular,False
2026-07-23T17:55:00+00:00,515.62,515.64,515.5,515.64,4962,regular,False
2026-07-23T17:56:00+00:00,515.64,515.65,515.45,515.46,3326,regular,False
2026-07-23T17:57:00+00:00,515.47,515.5,515.37,515.38,2901,regular,False
2026-07-23T17:58:00+00:00,515.39,515.43,515.36,515.41,2086,regular,False
2026-07-23T17:59:00+00:00,515.37,515.37,515.32,515.33,1249,regular,False
2026-07-23T18:00:00+00:00,515.31,515.41,515.3,515.35,2094,regular,False
2026-07-23T18:01:00+00:00,515.39,515.39,515.33,515.35,1187,regular,False
2026-07-23T18:02:00+00:00,515.32,515.33,515.29,515.32,508,regular,False
2026-07-23T18:03:00+00:00,515.37,515.45,515.34,515.43,5941,regular,False
2026-07-23T18:04:00+00:00,515.42,515.42,515.27,515.28,875,regular,False
2026-07-23T18:05:00+00:00,515.29,515.29,515.18,515.29,1989,regular,False
2026-07-23T18:06:00+00:00,515.33,515.46,515.27,515.46,1507,regular,False
2026-07-23T18:07:00+00:00,515.36,515.41,515.34,515.39,1400,regular,False
2026-07-23T18:08:00+00:00,515.43,515.53,515.43,515.53,670,regular,False
2026-07-23T18:09:00+00:00,515.53,515.56,515.42,515.45,2105,regular,False
2026-07-23T18:10:00+00:00,515.45,515.47,515.41,515.45,1782,regular,False
2026-07-23T18:11:00+00:00,515.46,515.53,515.41,515.44,6418,regular,False
2026-07-23T18:12:00+00:00,515.53,515.63,515.51,515.6,3284,regular,False
2026-07-23T18:13:00+00:00,515.55,515.57,515.48,515.51,4913,regular,False
2026-07-23T18:14:00+00:00,515.5,515.56,515.36,515.36,2984,regular,False
2026-07-23T18:15:00+00:00,515.37,515.46,515.35,515.46,1260,regular,False
2026-07-23T18:16:00+00:00,515.55,515.65,515.51,515.6,4169,regular,False
2026-07-23T18:17:00+00:00,515.59,515.62,515.4,515.4,4232,regular,False
2026-07-23T18:18:00+00:00,515.37,515.49,515.37,515.41,4280,regular,False
2026-07-23T18:19:00+00:00,515.39,515.53,515.39,515.51,32468,regular,False
2026-07-23T18:20:00+00:00,515.51,515.57,515.5,515.54,1040,regular,False
2026-07-23T18:21:00+00:00,515.55,515.66,515.51,515.66,2461,regular,False
2026-07-23T18:22:00+00:00,515.66,515.67,515.57,515.58,1236,regular,False
2026-07-23T18:23:00+00:00,515.54,515.62,515.54,515.61,566,regular,False
2026-07-23T18:24:00+00:00,515.69,515.71,515.65,515.66,321,regular,False
2026-07-23T18:25:00+00:00,515.64,515.64,515.55,515.57,496,regular,False
2026-07-23T18:26:00+00:00,515.63,515.63,515.5,515.5,690,regular,False
2026-07-23T18:27:00+00:00,515.56,515.63,515.55,515.57,1069,regular,False
2026-07-23T18:28:00+00:00,515.68,515.7,515.68,515.7,80,regular,False
2026-07-23T18:29:00+00:00,515.69,515.82,515.69,515.8,1272,regular,False
2026-07-23T18:30:00+00:00,515.89,515.89,515.78,515.88,11002,regular,False
2026-07-23T18:31:00+00:00,515.91,515.93,515.82,515.92,3320,regular,False
2026-07-23T18:32:00+00:00,515.9,515.9,515.77,515.78,171,regular,False
2026-07-23T18:33:00+00:00,515.76,515.78,515.76,515.78,280,regular,False
2026-07-23T18:34:00+00:00,515.79,515.86,515.79,515.81,3120,regular,False
2026-07-23T18:35:00+00:00,515.81,515.85,515.73,515.77,6007,regular,False
2026-07-23T18:36:00+00:00,515.77,515.81,515.62,515.66,12190,regular,False
2026-07-23T18:37:00+00:00,515.64,515.66,515.52,515.55,3342,regular,False
2026-07-23T18:38:00+00:00,515.6,515.62,515.54,515.56,2880,regular,False
2026-07-23T18:39:00+00:00,515.61,515.67,515.55,515.58,3139,regular,False
2026-07-23T18:40:00+00:00,515.54,515.59,515.51,515.55,4469,regular,False
2026-07-23T18:41:00+00:00,515.54,515.54,515.45,515.47,1426,regular,False
2026-07-23T18:42:00+00:00,515.5,515.61,515.46,515.61,1541,regular,False
2026-07-23T18:43:00+00:00,515.67,515.69,515.61,515.69,5280,regular,False
2026-07-23T18:44:00+00:00,515.69,515.73,515.68,515.73,4641,regular,False
2026-07-23T18:45:00+00:00,515.73,515.89,515.73,515.88,10757,regular,False
2026-07-23T18:46:00+00:00,515.87,515.94,515.86,515.91,5831,regular,False
2026-07-23T18:47:00+00:00,515.95,516.06,515.94,516.06,13469,regular,False
2026-07-23T18:48:00+00:00,516.08,516.19,516.03,516.18,5407,regular,False
2026-07-23T18:49:00+00:00,516.18,516.24,516.11,516.21,12528,regular,False
2026-07-23T18:50:00+00:00,516.19,516.23,516.08,516.08,20359,regular,False
2026-07-23T18:51:00+00:00,516.06,516.11,516.01,516.02,6500,regular,False
2026-07-23T18:52:00+00:00,516.07,516.09,515.97,515.99,5713,regular,False
2026-07-23T18:53:00+00:00,515.99,516.05,515.94,515.96,3179,regular,False
2026-07-23T18:54:00+00:00,515.96,515.97,515.8,515.82,7847,regular,False
2026-07-23T18:55:00+00:00,515.79,515.87,515.76,515.86,14518,regular,False
2026-07-23T18:56:00+00:00,515.87,515.88,515.78,515.87,18215,regular,False
2026-07-23T18:57:00+00:00,515.87,515.91,515.8,515.82,7811,regular,False
2026-07-23T18:58:00+00:00,515.83,515.87,515.78,515.87,8799,regular,False
2026-07-23T18:59:00+00:00,515.86,515.97,515.82,515.97,6256,regular,False
2026-07-23T19:00:00+00:00,516.02,516.21,515.99,516.18,4960,regular,False
2026-07-23T19:01:00+00:00,516.16,516.17,516.11,516.16,4450,regular,False
2026-07-23T19:02:00+00:00,516.14,516.21,516.14,516.21,1436,regular,False
2026-07-23T19:03:00+00:00,516.2,516.21,515.98,515.99,6855,regular,False
2026-07-23T19:04:00+00:00,515.98,516.1,515.98,516.02,64604,regular,False
2026-07-23T19:05:00+00:00,516.04,516.04,515.92,515.96,3627,regular,False
2026-07-23T19:06:00+00:00,515.93,515.99,515.9,515.97,2608,regular,False
2026-07-23T19:07:00+00:00,515.98,516.09,515.97,516.07,2417,regular,False
2026-07-23T19:08:00+00:00,516.07,516.22,516.06,516.17,16557,regular,False
2026-07-23T19:09:00+00:00,516.16,516.17,515.93,515.95,12586,regular,False
2026-07-23T19:10:00+00:00,515.94,515.94,515.84,515.88,12183,regular,False
2026-07-23T19:11:00+00:00,515.82,515.97,515.81,515.97,1516,regular,False
2026-07-23T19:12:00+00:00,515.96,516.02,515.96,516.01,2373,regular,False
2026-07-23T19:13:00+00:00,515.97,515.97,515.93,515.97,1086,regular,False
2026-07-23T19:14:00+00:00,515.98,516.01,515.9,515.97,4658,regular,False
2026-07-23T19:15:00+00:00,515.97,516.12,515.96,516.01,3679,regular,False
2026-07-23T19:16:00+00:00,516.02,516.08,515.99,516.0,2643,regular,False
2026-07-23T19:17:00+00:00,516.0,516.19,515.99,516.12,4247,regular,False
2026-07-23T19:18:00+00:00,516.13,516.16,516.02,516.11,6000,regular,False
2026-07-23T19:19:00+00:00,516.11,516.18,516.09,516.16,9090,regular,False
2026-07-23T19:20:00+00:00,516.18,516.39,516.16,516.39,36485,regular,False
2026-07-23T19:21:00+00:00,516.36,516.47,516.35,516.42,31947,regular,False
2026-07-23T19:22:00+00:00,516.42,516.43,516.32,516.35,23904,regular,False
2026-07-23T19:23:00+00:00,516.36,516.38,516.33,516.34,17553,regular,False
2026-07-23T19:24:00+00:00,516.35,516.47,516.35,516.47,16593,regular,False
2026-07-23T19:25:00+00:00,516.49,516.58,516.44,516.47,7237,regular,False
2026-07-23T19:26:00+00:00,516.49,516.49,516.38,516.4,2409,regular,False
2026-07-23T19:27:00+00:00,516.45,516.51,516.41,516.49,3482,regular,False
2026-07-23T19:28:00+00:00,516.47,516.56,516.33,516.34,9152,regular,False
2026-07-23T19:29:00+00:00,516.31,516.31,516.24,516.27,5091,regular,False
2026-07-23T19:30:00+00:00,516.23,516.38,516.19,516.32,8922,regular,False
2026-07-23T19:31:00+00:00,516.26,516.26,515.94,515.95,4266,regular,False
2026-07-23T19:32:00+00:00,515.97,516.08,515.96,515.97,6093,regular,False
2026-07-23T19:33:00+00:00,515.94,516.05,515.9,515.97,13377,regular,False
2026-07-23T19:34:00+00:00,515.93,516.11,515.93,516.08,2582,regular,False
2026-07-23T19:35:00+00:00,516.03,516.06,515.94,515.94,12343,regular,False
2026-07-23T19:36:00+00:00,515.85,515.9,515.85,515.89,3129,regular,False
2026-07-23T19:37:00+00:00,515.89,515.9,515.82,515.82,2282,regular,False
2026-07-23T19:38:00+00:00,515.77,515.82,515.71,515.73,3432,regular,False
2026-07-23T19:39:00+00:00,515.74,515.89,515.74,515.81,5601,regular,False
2026-07-23T19:40:00+00:00,515.84,515.87,515.75,515.78,6066,regular,False
2026-07-23T19:41:00+00:00,515.77,515.79,515.73,515.79,3459,regular,False
2026-07-23T19:42:00+00:00,515.79,515.79,515.61,515.65,10340,regular,False
2026-07-23T19:43:00+00:00,515.65,515.71,515.61,515.71,2853,regular,False
2026-07-23T19:44:00+00:00,515.72,515.74,515.66,515.66,3680,regular,False
2026-07-23T19:45:00+00:00,515.61,515.68,515.47,515.55,11271,regular,False
2026-07-23T19:46:00+00:00,515.56,515.56,515.37,515.4,15440,regular,False
2026-07-23T19:47:00+00:00,515.38,515.48,515.28,515.39,10526,regular,False
2026-07-23T19:48:00+00:00,515.38,515.45,515.29,515.32,11734,regular,False
2026-07-23T19:49:00+00:00,515.32,515.34,515.23,515.27,11013,regular,False
2026-07-23T19:50:00+00:00,515.28,515.83,515.22,515.75,32177,regular,False
2026-07-23T19:51:00+00:00,515.75,515.81,515.55,515.79,22996,regular,False
2026-07-23T19:52:00+00:00,515.82,515.85,515.67,515.75,16837,regular,False
2026-07-23T19:53:00+00:00,515.74,515.75,515.44,515.47,7871,regular,False
2026-07-23T19:54:00+00:00,515.48,515.71,515.46,515.71,11518,regular,False
2026-07-23T19:55:00+00:00,515.71,516.06,515.71,516.03,21366,regular,False
2026-07-23T19:56:00+00:00,516.04,516.12,515.98,516.07,18340,regular,False
2026-07-23T19:57:00+00:00,516.06,516.35,516.06,516.33,31732,regular,False
2026-07-23T19:58:00+00:00,516.34,516.55,516.23,516.4,48738,regular,False
2026-07-23T19:59:00+00:00,516.42,516.45,516.15,516.22,61074,regular,False
2026-07-23T20:00:00+00:00,516.26,516.31,516.26,516.27,61160,after-market,False
2026-07-23T20:01:00+00:00,516.27,516.27,516.27,516.27,0,after-market,False
2026-07-23T20:02:00+00:00,516.4,516.4,516.4,516.4,40,after-market,False
2026-07-23T20:03:00+00:00,516.37,516.38,516.37,516.37,50,after-market,False
2026-07-23T20:04:00+00:00,516.4,516.4,516.26,516.26,122,after-market,False
2026-07-23T20:05:00+00:00,516.24,516.24,516.24,516.24,100,after-market,False
2026-07-23T20:06:00+00:00,516.13,516.13,516.13,516.13,96,after-market,False
2026-07-23T20:07:00+00:00,516.13,516.13,516.13,516.13,0,after-market,False
2026-07-23T20:08:00+00:00,516.14,516.14,516.14,516.14,50,after-market,False
2026-07-23T20:09:00+00:00,516.21,516.21,516.21,516.21,80,after-market,False
2026-07-23T20:10:00+00:00,516.21,516.21,516.21,516.21,0,after-market,False
2026-07-23T20:12:00+00:00,516.21,516.21,516.21,516.21,0,after-market,False
2026-07-23T20:13:00+00:00,516.21,516.21,516.21,516.21,0,after-market,False
2026-07-23T20:14:00+00:00,516.29,516.29,516.26,516.28,383,after-market,False
2026-07-23T20:15:00+00:00,516.29,516.29,516.29,516.29,100,after-market,False
2026-07-23T20:17:00+00:00,516.36,516.36,516.36,516.36,100,after-market,False
2026-07-23T20:18:00+00:00,516.36,516.36,516.36,516.36,0,after-market,False
2026-07-23T20:20:00+00:00,516.36,516.36,516.36,516.36,0,after-market,False
2026-07-23T20:21:00+00:00,516.26,516.26,516.26,516.26,100,after-market,False
2026-07-23T20:24:00+00:00,516.26,516.26,516.26,516.26,0,after-market,False
2026-07-23T20:25:00+00:00,516.26,516.26,516.26,516.26,0,after-market,False
2026-07-23T20:27:00+00:00,516.26,516.26,516.26,516.26,0,after-market,False
2026-07-23T20:28:00+00:00,516.31,516.31,516.3,516.3,1140,after-market,False
2026-07-23T20:29:00+00:00,516.3,516.3,516.3,516.3,0,after-market,False
2026-07-23T20:30:00+00:00,516.3,516.3,516.3,516.3,0,after-market,False
2026-07-23T20:31:00+00:00,516.3,516.3,516.3,516.3,0,after-market,False
2026-07-23T20:32:00+00:00,516.3,516.3,516.3,516.3,0,after-market,False
2026-07-23T20:33:00+00:00,516.41,516.41,516.4,516.41,55,after-market,False
2026-07-23T20:35:00+00:00,516.41,516.41,516.41,516.41,0,after-market,False
2026-07-23T20:36:00+00:00,516.41,516.41,516.41,516.41,0,after-market,False
2026-07-23T20:37:00+00:00,516.41,516.41,516.41,516.41,0,after-market,False
2026-07-23T20:39:00+00:00,516.41,516.41,516.41,516.41,0,after-market,False
2026-07-23T20:40:00+00:00,516.41,516.41,516.41,516.41,0,after-market,False
2026-07-23T20:41:00+00:00,516.41,516.41,516.41,516.41,0,after-market,False
2026-07-23T20:43:00+00:00,516.41,516.41,516.41,516.41,0,after-market,False
2026-07-23T20:44:00+00:00,516.41,516.41,516.41,516.41,0,after-market,False
2026-07-23T20:45:00+00:00,516.25,516.25,516.25,516.25,100,after-market,False
2026-07-23T20:46:00+00:00,516.25,516.25,516.25,516.25,0,after-market,False
2026-07-23T20:49:00+00:00,516.25,516.25,516.25,516.25,0,after-market,False
2026-07-23T20:50:00+00:00,516.25,516.25,516.25,516.25,0,after-market,False
2026-07-23T20:54:00+00:00,516.35,516.35,516.35,516.35,100,after-market,False
2026-07-23T20:55:00+00:00,516.38,516.38,516.38,516.38,54,after-market,False
2026-07-23T20:57:00+00:00,516.38,516.39,516.38,516.38,294,after-market,False
2026-07-23T20:58:00+00:00,516.38,516.38,516.38,516.38,200,after-market,False
2026-07-23T21:00:00+00:00,516.54,516.54,516.54,516.54,55,after-market,False
2026-07-23T21:02:00+00:00,516.54,516.54,516.54,516.54,0,after-market,False
2026-07-23T21:03:00+00:00,516.54,516.54,516.54,516.54,0,after-market,False
2026-07-23T21:05:00+00:00,516.54,516.54,516.54,516.54,0,after-market,False
2026-07-23T21:06:00+00:00,516.8,516.8,516.8,516.8,300,after-market,False
2026-07-23T21:08:00+00:00,516.8,516.8,516.8,516.8,0,after-market,False
2026-07-23T21:09:00+00:00,516.8,516.8,516.8,516.8,0,after-market,False
2026-07-23T21:10:00+00:00,516.8,516.8,516.8,516.8,0,after-market,False
2026-07-23T21:11:00+00:00,516.8,516.8,516.8,516.8,0,after-market,False
2026-07-23T21:20:00+00:00,516.8,516.8,516.8,516.8,0,after-market,False
2026-07-23T21:21:00+00:00,516.8,516.8,516.8,516.8,0,after-market,False
2026-07-23T21:24:00+00:00,516.8,516.8,516.8,516.8,0,after-market,False
2026-07-23T21:26:00+00:00,516.8,516.8,516.8,516.8,0,after-market,False
2026-07-23T21:27:00+00:00,516.8,516.8,516.8,516.8,0,after-market,False
2026-07-23T21:29:00+00:00,516.8,516.8,516.8,516.8,0,after-market,False
2026-07-23T21:33:00+00:00,516.8,516.8,516.8,516.8,0,after-market,False
2026-07-23T21:37:00+00:00,516.8,516.8,516.8,516.8,0,after-market,False
2026-07-23T21:39:00+00:00,516.8,516.8,516.8,516.8,0,after-market,False
2026-07-23T21:43:00+00:00,516.8,516.8,516.8,516.8,0,after-market,False
2026-07-23T21:44:00+00:00,516.8,516.8,516.8,516.8,0,after-market,False
2026-07-23T21:45:00+00:00,516.8,516.8,516.8,516.8,0,after-market,False
2026-07-23T21:52:00+00:00,516.8,516.8,516.8,516.8,0,after-market,False
2026-07-23T21:53:00+00:00,516.8,516.8,516.8,516.8,0,after-market,False
2026-07-23T21:54:00+00:00,516.8,516.8,516.8,516.8,0,after-market,False
2026-07-23T21:55:00+00:00,516.8,516.8,516.8,516.8,0,after-market,False
2026-07-23T21:57:00+00:00,516.3,516.3,516.3,516.3,100,after-market,False
2026-07-23T21:58:00+00:00,516.3,516.3,516.3,516.3,0,after-market,False
2026-07-23T22:00:00+00:00,516.3,516.3,516.3,516.3,0,after-market,False
2026-07-23T22:01:00+00:00,516.3,516.3,516.3,516.3,0,after-market,False
2026-07-23T22:02:00+00:00,516.3,516.3,516.3,516.3,0,after-market,False
2026-07-23T22:03:00+00:00,516.3,516.3,516.3,516.3,0,after-market,False
2026-07-23T22:04:00+00:00,516.3,516.3,516.3,516.3,0,after-market,False
2026-07-23T22:06:00+00:00,516.3,516.3,516.3,516.3,0,after-market,False
2026-07-23T22:07:00+00:00,516.3,516.3,516.3,516.3,0,after-market,False
2026-07-23T22:09:00+00:00,516.3,516.3,516.3,516.3,0,after-market,False
2026-07-23T22:10:00+00:00,516.21,516.21,516.21,516.21,71,after-market,False
2026-07-23T22:11:00+00:00,516.21,516.21,516.21,516.21,0,after-market,False
2026-07-23T22:12:00+00:00,516.18,516.2,516.18,516.18,649,after-market,False
2026-07-23T22:13:00+00:00,516.16,516.16,516.16,516.16,69,after-market,False
2026-07-23T22:14:00+00:00,516.16,516.16,516.16,516.16,0,after-market,False
2026-07-23T22:15:00+00:00,516.16,516.16,516.16,516.16,0,after-market,False
2026-07-23T22:18:00+00:00,516.1,516.1,516.0,516.02,5976,after-market,False
2026-07-23T22:21:00+00:00,516.08,516.08,516.07,516.08,200,after-market,False
2026-07-23T22:23:00+00:00,516.24,516.24,516.23,516.24,100,after-market,False
2026-07-23T22:24:00+00:00,516.24,516.24,516.24,516.24,0,after-market,False
2026-07-23T22:25:00+00:00,516.24,516.24,516.24,516.24,0,after-market,False
2026-07-23T22:27:00+00:00,516.24,516.24,516.24,516.24,0,after-market,False
2026-07-23T22:29:00+00:00,516.24,516.24,516.24,516.24,0,after-market,False
2026-07-23T22:30:00+00:00,516.24,516.24,516.24,516.24,0,after-market,False
2026-07-23T22:33:00+00:00,516.24,516.24,516.24,516.24,0,after-market,False
2026-07-23T22:35:00+00:00,516.24,516.24,516.24,516.24,0,after-market,False
2026-07-23T22:37:00+00:00,516.24,516.24,516.24,516.24,0,after-market,False
2026-07-23T22:39:00+00:00,516.24,516.24,516.24,516.24,0,after-market,False
2026-07-23T22:40:00+00:00,516.24,516.24,516.24,516.24,0,after-market,False
2026-07-23T22:45:00+00:00,516.24,516.24,516.24,516.24,0,after-market,False
2026-07-23T22:46:00+00:00,516.21,516.22,516.21,516.22,195,after-market,False
2026-07-23T22:48:00+00:00,516.15,516.15,516.14,516.15,190,after-market,False
2026-07-23T22:51:00+00:00,516.15,516.15,516.15,516.15,0,after-market,False
2026-07-23T22:53:00+00:00,516.15,516.15,516.15,516.15,0,after-market,False
2026-07-23T22:54:00+00:00,516.15,516.15,516.15,516.15,0,after-market,False
2026-07-23T22:57:00+00:00,516.15,516.15,516.15,516.15,0,after-market,False
2026-07-23T22:58:00+00:00,516.15,516.15,516.15,516.15,0,after-market,False
2026-07-23T22:59:00+00:00,516.15,516.15,516.15,516.15,0,after-market,False
2026-07-23T23:01:00+00:00,516.15,516.15,516.15,516.15,0,after-market,False
2026-07-23T23:03:00+00:00,516.15,516.15,516.15,516.15,0,after-market,False
2026-07-23T23:04:00+00:00,516.15,516.15,516.15,516.15,0,after-market,False
2026-07-23T23:07:00+00:00,516.15,516.15,516.15,516.15,0,after-market,False
2026-07-23T23:09:00+00:00,516.15,516.15,516.15,516.15,0,after-market,False
2026-07-23T23:10:00+00:00,516.15,516.15,516.15,516.15,0,after-market,False
2026-07-23T23:11:00+00:00,516.05,516.05,516.05,516.05,56,after-market,False
2026-07-23T23:12:00+00:00,516.05,516.05,516.05,516.05,0,after-market,False
2026-07-23T23:14:00+00:00,516.12,516.12,516.12,516.12,1406,after-market,False
2026-07-23T23:16:00+00:00,516.12,516.12,516.12,516.12,0,after-market,False
2026-07-23T23:18:00+00:00,516.12,516.12,516.12,516.12,0,after-market,False
2026-07-23T23:19:00+00:00,516.12,516.12,516.12,516.12,0,after-market,False
2026-07-23T23:20:00+00:00,516.12,516.12,516.12,516.12,0,after-market,False
2026-07-23T23:22:00+00:00,516.12,516.12,516.12,516.12,0,after-market,False
2026-07-23T23:24:00+00:00,516.04,516.05,516.03,516.03,1968,after-market,False
2026-07-23T23:26:00+00:00,516.03,516.04,516.03,516.04,185,after-market,False
2026-07-23T23:27:00+00:00,516.04,516.04,516.04,516.04,0,after-market,False
2026-07-23T23:28:00+00:00,516.04,516.04,516.04,516.04,0,after-market,False
2026-07-23T23:29:00+00:00,516.1,516.1,516.1,516.1,100,after-market,False
2026-07-23T23:31:00+00:00,516.1,516.1,516.1,516.1,0,after-market,False
2026-07-23T23:33:00+00:00,516.13,516.15,516.09,516.09,897,after-market,False
2026-07-23T23:34:00+00:00,516.09,516.09,516.09,516.09,0,after-market,False
2026-07-23T23:36:00+00:00,516.09,516.09,516.09,516.09,0,after-market,False
2026-07-23T23:37:00+00:00,516.09,516.09,516.09,516.09,0,after-market,False
2026-07-23T23:39:00+00:00,516.09,516.09,516.09,516.09,0,after-market,False
2026-07-23T23:40:00+00:00,516.09,516.09,515.95,515.95,440,after-market,False
2026-07-23T23:41:00+00:00,516.09,516.09,516.09,516.09,80,after-market,False
2026-07-23T23:43:00+00:00,516.09,516.09,516.09,516.09,0,after-market,False
2026-07-23T23:45:00+00:00,516.09,516.09,516.09,516.09,0,after-market,False
2026-07-23T23:49:00+00:00,516.09,516.09,516.09,516.09,0,after-market,False
2026-07-23T23:50:00+00:00,516.12,516.13,516.12,516.12,148,after-market,False
2026-07-23T23:54:00+00:00,516.12,516.12,516.12,516.12,0,after-market,False
2026-07-23T23:55:00+00:00,515.97,515.97,515.95,515.95,2000,after-market,False
2026-07-23T23:56:00+00:00,515.95,515.95,515.95,515.95,0,after-market,False
2026-07-23T23:57:00+00:00,516.02,516.02,516.02,516.02,500,after-market,False
2026-07-23T23:59:00+00:00,516.02,516.02,516.02,516.02,0,after-market,False
2026-07-24T08:01:00+00:00,516.54,517.83,516.54,517.34,1292,pre-market,False
2026-07-24T08:02:00+00:00,517.59,518.54,517.4,518.23,700,pre-market,False
2026-07-24T08:05:00+00:00,518.23,518.23,518.23,518.23,0,pre-market,False
2026-07-24T08:06:00+00:00,518.23,518.23,518.23,518.23,0,pre-market,False
2026-07-24T08:07:00+00:00,518.23,518.23,518.23,518.23,0,pre-market,False
2026-07-24T08:09:00+00:00,518.23,518.23,518.23,518.23,0,pre-market,False
2026-07-24T08:11:00+00:00,518.23,518.23,518.23,518.23,0,pre-market,False
2026-07-24T08:12:00+00:00,518.23,518.23,518.23,518.23,0,pre-market,False
2026-07-24T08:15:00+00:00,518.12,518.12,518.12,518.12,117,pre-market,False
2026-07-24T08:18:00+00:00,518.12,518.12,518.12,518.12,0,pre-market,False
2026-07-24T08:19:00+00:00,518.13,518.13,518.13,518.13,40,pre-market,False
2026-07-24T08:26:00+00:00,518.2,518.21,518.2,518.21,157,pre-market,False
2026-07-24T08:29:00+00:00,518.56,518.56,518.56,518.56,50,pre-market,False
2026-07-24T08:30:00+00:00,518.56,518.56,518.56,518.56,0,pre-market,False
2026-07-24T08:32:00+00:00,518.56,518.56,518.56,518.56,0,pre-market,False
2026-07-24T08:34:00+00:00,518.77,518.77,518.77,518.77,346,pre-market,False
2026-07-24T08:40:00+00:00,518.77,518.77,518.77,518.77,0,pre-market,False
2026-07-24T08:41:00+00:00,518.77,518.77,518.77,518.77,0,pre-market,False
2026-07-24T08:42:00+00:00,518.77,518.77,518.77,518.77,0,pre-market,False
2026-07-24T08:43:00+00:00,518.77,518.77,518.77,518.77,0,pre-market,False
2026-07-24T08:44:00+00:00,518.77,518.77,518.77,518.77,0,pre-market,False
2026-07-24T08:47:00+00:00,518.77,518.77,518.77,518.77,0,pre-market,False
2026-07-24T08:48:00+00:00,518.77,518.77,518.77,518.77,0,pre-market,False
2026-07-24T08:54:00+00:00,518.77,518.77,518.77,518.77,0,pre-market,False
2026-07-24T08:56:00+00:00,518.77,518.77,518.77,518.77,0,pre-market,False
2026-07-24T08:59:00+00:00,518.77,518.77,518.77,518.77,0,pre-market,False
2026-07-24T09:01:00+00:00,518.77,518.77,518.77,518.77,0,pre-market,False
2026-07-24T09:02:00+00:00,518.77,518.77,518.77,518.77,0,pre-market,False
2026-07-24T09:05:00+00:00,518.77,518.77,518.77,518.77,0,pre-market,False
2026-07-24T09:07:00+00:00,518.77,518.77,518.77,518.77,0,pre-market,False
2026-07-24T09:09:00+00:00,518.98,518.98,518.98,518.98,40,pre-market,False
2026-07-24T09:11:00+00:00,518.98,518.98,518.98,518.98,0,pre-market,False
2026-07-24T09:19:00+00:00,518.79,518.79,518.79,518.79,100,pre-market,False
2026-07-24T09:21:00+00:00,518.79,518.79,518.79,518.79,0,pre-market,False
2026-07-24T09:25:00+00:00,519.14,519.14,519.14,519.14,40,pre-market,False
2026-07-24T09:26:00+00:00,519.14,519.14,519.14,519.14,0,pre-market,False
2026-07-24T09:35:00+00:00,519.18,519.18,519.18,519.18,317,pre-market,False
2026-07-24T09:36:00+00:00,519.18,519.18,519.18,519.18,0,pre-market,False
2026-07-24T09:37:00+00:00,519.18,519.18,519.18,519.18,0,pre-market,False
2026-07-24T09:39:00+00:00,519.15,519.15,519.15,519.15,252,pre-market,False
2026-07-24T09:40:00+00:00,519.15,519.15,519.15,519.15,0,pre-market,False
2026-07-24T09:41:00+00:00,519.15,519.15,519.15,519.15,0,pre-market,False
2026-07-24T09:46:00+00:00,519.15,519.15,519.15,519.15,0,pre-market,False
2026-07-24T09:48:00+00:00,519.15,519.15,519.15,519.15,0,pre-market,False
2026-07-24T09:49:00+00:00,519.15,519.15,519.15,519.15,0,pre-market,False
2026-07-24T09:50:00+00:00,519.14,519.14,519.14,519.14,40,pre-market,False
2026-07-24T09:56:00+00:00,519.14,519.14,519.14,519.14,0,pre-market,False
2026-07-24T10:03:00+00:00,519.14,519.14,519.14,519.14,0,pre-market,False
2026-07-24T10:06:00+00:00,519.14,519.14,519.14,519.14,0,pre-market,False
2026-07-24T10:08:00+00:00,519.14,519.14,519.14,519.14,0,pre-market,False
2026-07-24T10:09:00+00:00,519.19,519.19,519.19,519.19,200,pre-market,False
2026-07-24T10:11:00+00:00,519.14,519.14,519.13,519.13,322,pre-market,False
2026-07-24T10:12:00+00:00,519.13,519.13,519.13,519.13,0,pre-market,False
2026-07-24T10:14:00+00:00,519.13,519.13,519.13,519.13,0,pre-market,False
2026-07-24T10:16:00+00:00,519.13,519.13,519.13,519.13,0,pre-market,False
2026-07-24T10:21:00+00:00,519.05,519.05,519.05,519.05,116,pre-market,False
2026-07-24T10:24:00+00:00,519.07,519.07,519.07,519.07,126,pre-market,False
2026-07-24T10:26:00+00:00,519.07,519.07,519.07,519.07,0,pre-market,False
2026-07-24T10:29:00+00:00,519.07,519.07,519.07,519.07,0,pre-market,False
2026-07-24T10:33:00+00:00,519.07,519.07,519.07,519.07,0,pre-market,False
2026-07-24T10:35:00+00:00,519.07,519.07,519.07,519.07,0,pre-market,False
2026-07-24T10:38:00+00:00,519.07,519.07,519.07,519.07,0,pre-market,False
2026-07-24T10:39:00+00:00,519.07,519.07,519.07,519.07,0,pre-market,False
2026-07-24T10:41:00+00:00,519.07,519.07,519.07,519.07,0,pre-market,False
2026-07-24T10:45:00+00:00,519.16,519.16,519.16,519.16,470,pre-market,False
2026-07-24T10:52:00+00:00,519.16,519.16,519.16,519.16,0,pre-market,False
2026-07-24T10:53:00+00:00,519.16,519.16,519.16,519.16,0,pre-market,False
2026-07-24T10:54:00+00:00,519.16,519.16,519.16,519.16,0,pre-market,False
2026-07-24T10:56:00+00:00,519.16,519.19,519.16,519.19,492,pre-market,False
2026-07-24T10:57:00+00:00,519.19,519.19,519.19,519.19,0,pre-market,False
2026-07-24T10:58:00+00:00,519.24,519.24,519.15,519.15,1387,pre-market,False
2026-07-24T10:59:00+00:00,519.15,519.15,519.15,519.15,0,pre-market,False
2026-07-24T11:00:00+00:00,519.01,519.19,518.74,518.75,3282,pre-market,False
2026-07-24T11:01:00+00:00,518.72,518.74,518.5,518.73,2057,pre-market,False
2026-07-24T11:02:00+00:00,518.8,518.81,518.78,518.78,138,pre-market,False
2026-07-24T11:03:00+00:00,518.88,518.88,518.82,518.83,666,pre-market,False
2026-07-24T11:04:00+00:00,518.84,518.84,518.84,518.84,40,pre-market,False
2026-07-24T11:05:00+00:00,518.84,518.84,518.84,518.84,0,pre-market,False
2026-07-24T11:06:00+00:00,518.79,518.79,518.74,518.76,1066,pre-market,False
2026-07-24T11:07:00+00:00,518.81,518.81,518.69,518.69,357,pre-market,False
2026-07-24T11:08:00+00:00,518.66,518.67,518.66,518.66,242,pre-market,False
2026-07-24T11:09:00+00:00,518.71,518.81,518.71,518.8,928,pre-market,False
2026-07-24T11:10:00+00:00,518.8,518.8,518.8,518.8,0,pre-market,False
2026-07-24T11:11:00+00:00,518.8,518.8,518.8,518.8,0,pre-market,False
2026-07-24T11:13:00+00:00,518.8,518.8,518.8,518.8,0,pre-market,False
2026-07-24T11:14:00+00:00,518.52,518.52,518.51,518.51,351,pre-market,False
2026-07-24T11:15:00+00:00,518.51,518.51,518.51,518.51,0,pre-market,False
2026-07-24T11:16:00+00:00,518.51,518.51,518.51,518.51,0,pre-market,False
2026-07-24T11:17:00+00:00,518.51,518.51,518.51,518.51,0,pre-market,False
2026-07-24T11:18:00+00:00,518.67,518.67,518.67,518.67,196,pre-market,False
2026-07-24T11:19:00+00:00,518.67,518.67,518.67,518.67,0,pre-market,False
2026-07-24T11:21:00+00:00,518.48,518.48,518.48,518.48,40,pre-market,False
2026-07-24T11:22:00+00:00,518.48,518.48,518.48,518.48,40,pre-market,False
2026-07-24T11:24:00+00:00,518.44,518.51,518.44,518.51,137,pre-market,False
2026-07-24T11:25:00+00:00,518.48,518.51,518.48,518.5,520,pre-market,False
2026-07-24T11:26:00+00:00,518.5,518.5,518.5,518.5,0,pre-market,False
2026-07-24T11:27:00+00:00,518.5,518.5,518.5,518.5,0,pre-market,False
2026-07-24T11:29:00+00:00,518.5,518.5,518.5,518.5,0,pre-market,False
2026-07-24T11:30:00+00:00,518.5,518.5,518.5,518.5,0,pre-market,False
2026-07-24T11:31:00+00:00,518.45,518.45,518.45,518.45,100,pre-market,False
2026-07-24T11:33:00+00:00,518.43,518.43,518.42,518.42,318,pre-market,False
2026-07-24T11:34:00+00:00,518.42,518.42,518.42,518.42,0,pre-market,False
2026-07-24T11:35:00+00:00,518.42,518.42,518.42,518.42,0,pre-market,False
2026-07-24T11:36:00+00:00,518.42,518.42,518.42,518.42,0,pre-market,False
2026-07-24T11:37:00+00:00,518.42,518.42,518.42,518.42,0,pre-market,False
2026-07-24T11:38:00+00:00,518.42,518.42,518.42,518.42,0,pre-market,False
2026-07-24T11:39:00+00:00,518.42,518.42,518.42,518.42,0,pre-market,False
2026-07-24T11:40:00+00:00,518.34,518.34,518.34,518.34,59,pre-market,False
2026-07-24T11:41:00+00:00,518.34,518.34,518.34,518.34,0,pre-market,False
2026-07-24T11:42:00+00:00,518.34,518.34,518.34,518.34,0,pre-market,False
2026-07-24T11:43:00+00:00,518.3,518.3,518.3,518.3,120,pre-market,False
2026-07-24T11:44:00+00:00,518.3,518.3,518.3,518.3,0,pre-market,False
2026-07-24T11:45:00+00:00,518.3,518.3,518.3,518.3,0,pre-market,False
2026-07-24T11:47:00+00:00,518.3,518.3,518.3,518.3,0,pre-market,False
2026-07-24T11:50:00+00:00,518.36,518.36,518.34,518.34,2564,pre-market,False
2026-07-24T11:51:00+00:00,518.31,518.31,518.31,518.31,126,pre-market,False
2026-07-24T11:52:00+00:00,518.31,518.31,518.31,518.31,0,pre-market,False
2026-07-24T11:55:00+00:00,518.18,518.18,518.14,518.14,727,pre-market,False
2026-07-24T11:56:00+00:00,518.14,518.14,518.14,518.14,0,pre-market,False
2026-07-24T11:58:00+00:00,518.37,518.42,518.34,518.42,1315,pre-market,False
2026-07-24T11:59:00+00:00,519.01,519.13,518.86,518.96,1580,pre-market,False
2026-07-24T12:00:00+00:00,518.96,518.96,518.96,518.96,0,pre-market,False
2026-07-24T12:01:00+00:00,518.96,518.96,518.96,518.96,0,pre-market,False
2026-07-24T12:02:00+00:00,518.96,518.96,518.96,518.96,0,pre-market,False
2026-07-24T12:03:00+00:00,518.96,518.96,518.96,518.96,0,pre-market,False
2026-07-24T12:07:00+00:00,518.96,518.96,518.96,518.96,0,pre-market,False
2026-07-24T12:08:00+00:00,518.56,518.56,518.56,518.56,50,pre-market,False
2026-07-24T12:09:00+00:00,518.6,518.6,518.55,518.55,396,pre-market,False
2026-07-24T12:10:00+00:00,518.55,518.55,518.55,518.55,0,pre-market,False
2026-07-24T12:11:00+00:00,518.55,518.55,518.55,518.55,0,pre-market,False
2026-07-24T12:12:00+00:00,518.55,518.55,518.55,518.55,0,pre-market,False
2026-07-24T12:13:00+00:00,518.55,518.55,518.55,518.55,0,pre-market,False
2026-07-24T12:14:00+00:00,518.6,518.6,518.6,518.6,200,pre-market,False
2026-07-24T12:16:00+00:00,518.6,518.6,518.6,518.6,0,pre-market,False
2026-07-24T12:17:00+00:00,518.6,518.6,518.6,518.6,0,pre-market,False
2026-07-24T12:18:00+00:00,518.6,518.6,518.6,518.6,0,pre-market,False
2026-07-24T12:19:00+00:00,518.65,518.65,518.65,518.65,200,pre-market,False
2026-07-24T12:22:00+00:00,518.65,518.65,518.65,518.65,0,pre-market,False
2026-07-24T12:24:00+00:00,518.67,518.67,518.67,518.67,1000,pre-market,False
2026-07-24T12:25:00+00:00,518.66,518.66,518.46,518.46,1374,pre-market,False
2026-07-24T12:26:00+00:00,518.69,518.69,518.69,518.69,68,pre-market,False
2026-07-24T12:27:00+00:00,518.69,518.69,518.69,518.69,0,pre-market,False
2026-07-24T12:28:00+00:00,518.69,518.69,518.69,518.69,0,pre-market,False
2026-07-24T12:29:00+00:00,518.69,518.69,518.69,518.69,0,pre-market,False
2026-07-24T12:30:00+00:00,518.69,518.69,518.69,518.69,0,pre-market,False
2026-07-24T12:33:00+00:00,518.7,518.7,518.7,518.7,190,pre-market,False
2026-07-24T12:34:00+00:00,518.7,518.7,518.7,518.7,0,pre-market,False
2026-07-24T12:35:00+00:00,518.7,518.7,518.7,518.7,0,pre-market,False
2026-07-24T12:36:00+00:00,518.7,518.7,518.7,518.7,0,pre-market,False
2026-07-24T12:37:00+00:00,518.64,518.64,518.64,518.64,500,pre-market,False
2026-07-24T12:39:00+00:00,518.61,518.61,518.6,518.61,100,pre-market,False
2026-07-24T12:40:00+00:00,518.61,518.61,518.61,518.61,0,pre-market,False
2026-07-24T12:41:00+00:00,518.47,518.47,518.47,518.47,242,pre-market,False
2026-07-24T12:42:00+00:00,518.47,518.47,518.47,518.47,0,pre-market,False
2026-07-24T12:43:00+00:00,518.47,518.47,518.47,518.47,0,pre-market,False
2026-07-24T12:44:00+00:00,518.47,518.47,518.47,518.47,0,pre-market,False
2026-07-24T12:46:00+00:00,518.47,518.47,518.47,518.47,0,pre-market,False
2026-07-24T12:47:00+00:00,518.47,518.47,518.47,518.47,0,pre-market,False
2026-07-24T12:48:00+00:00,518.47,518.47,518.47,518.47,0,pre-market,False
2026-07-24T12:49:00+00:00,518.47,518.47,518.47,518.47,0,pre-market,False
2026-07-24T12:50:00+00:00,518.47,518.47,518.47,518.47,0,pre-market,False
2026-07-24T12:51:00+00:00,518.15,518.15,518.1,518.1,515,pre-market,False
2026-07-24T12:52:00+00:00,518.0,518.0,517.99,517.99,649,pre-market,False
2026-07-24T12:53:00+00:00,517.99,517.99,517.99,517.99,0,pre-market,False
2026-07-24T12:54:00+00:00,517.94,517.94,517.93,517.94,140,pre-market,False
2026-07-24T12:55:00+00:00,517.91,517.91,517.91,517.91,121,pre-market,False
2026-07-24T12:56:00+00:00,517.84,517.84,517.83,517.84,582,pre-market,False
2026-07-24T12:57:00+00:00,517.84,517.84,517.84,517.84,0,pre-market,False
2026-07-24T12:58:00+00:00,517.84,517.84,517.84,517.84,0,pre-market,False
2026-07-24T12:59:00+00:00,517.84,517.84,517.84,517.84,0,pre-market,False
2026-07-24T13:00:00+00:00,517.84,517.84,517.84,517.84,0,pre-market,False
2026-07-24T13:01:00+00:00,517.84,517.84,517.84,517.84,0,pre-market,False
2026-07-24T13:03:00+00:00,517.84,517.84,517.84,517.84,0,pre-market,False
2026-07-24T13:04:00+00:00,517.84,517.84,517.84,517.84,0,pre-market,False
2026-07-24T13:05:00+00:00,517.7,517.7,517.7,517.7,490,pre-market,False
2026-07-24T13:07:00+00:00,517.7,517.7,517.7,517.7,0,pre-market,False
2026-07-24T13:08:00+00:00,517.7,517.7,517.7,517.7,0,pre-market,False
2026-07-24T13:09:00+00:00,517.69,517.69,517.63,517.63,360,pre-market,False
2026-07-24T13:10:00+00:00,517.63,517.63,517.63,517.63,0,pre-market,False
2026-07-24T13:11:00+00:00,517.63,517.63,517.63,517.63,0,pre-market,False
2026-07-24T13:12:00+00:00,517.63,517.63,517.63,517.63,0,pre-market,False
2026-07-24T13:13:00+00:00,517.63,517.63,517.63,517.63,0,pre-market,False
2026-07-24T13:31:00+00:00,517.35,517.54,517.03,517.36,33519,regular,False
2026-07-24T13:32:00+00:00,517.32,517.86,517.09,517.13,43667,regular,False
2026-07-24T13:33:00+00:00,517.12,517.28,516.96,517.04,18175,regular,False
2026-07-24T13:34:00+00:00,517.07,517.31,516.54,516.62,23905,regular,False
2026-07-24T13:35:00+00:00,516.59,517.05,516.58,516.91,38265,regular,False
2026-07-24T13:36:00+00:00,516.94,517.18,516.9,517.08,44420,regular,False
2026-07-24T13:37:00+00:00,517.06,517.74,517.05,517.63,24733,regular,False
2026-07-24T13:38:00+00:00,517.66,517.66,517.25,517.5,30219,regular,False
2026-07-24T13:39:00+00:00,517.43,517.45,517.19,517.24,13385,regular,False
2026-07-24T13:40:00+00:00,517.24,517.49,517.06,517.48,24390,regular,False
2026-07-24T13:41:00+00:00,517.55,517.76,517.5,517.71,9829,regular,False
2026-07-24T13:42:00+00:00,517.71,517.81,517.44,517.47,19463,regular,False
2026-07-24T13:43:00+00:00,517.43,517.51,517.31,517.38,6478,regular,False
2026-07-24T13:44:00+00:00,517.28,517.36,517.15,517.15,6464,regular,False
2026-07-24T13:45:00+00:00,517.1,517.52,516.88,517.52,7395,regular,False
2026-07-24T13:46:00+00:00,517.54,517.92,517.49,517.88,8639,regular,False
2026-07-24T13:47:00+00:00,517.9,518.09,517.85,518.01,6250,regular,False
2026-07-24T13:48:00+00:00,517.99,518.3,517.98,518.04,6107,regular,False
2026-07-24T13:49:00+00:00,518.13,518.13,517.69,517.89,8839,regular,False
2026-07-24T13:50:00+00:00,517.94,518.06,517.42,517.61,55033,regular,False
2026-07-24T13:51:00+00:00,517.63,517.63,517.16,517.19,76687,regular,False
2026-07-24T13:52:00+00:00,517.16,517.21,516.95,517.03,18081,regular,False
2026-07-24T13:53:00+00:00,516.92,517.43,516.89,517.31,12545,regular,False
2026-07-24T13:54:00+00:00,517.28,517.42,517.24,517.31,10110,regular,False
2026-07-24T13:55:00+00:00,517.35,517.36,517.04,517.06,18972,regular,False
2026-07-24T13:56:00+00:00,517.04,517.35,517.04,517.23,6016,regular,False
2026-07-24T13:57:00+00:00,517.21,517.46,517.21,517.37,7317,regular,False
2026-07-24T13:58:00+00:00,517.37,517.65,517.37,517.65,27385,regular,False
2026-07-24T13:59:00+00:00,517.65,517.67,517.39,517.39,11283,regular,False
2026-07-24T14:00:00+00:00,517.37,517.6,517.22,517.52,4146,regular,False
2026-07-24T14:01:00+00:00,517.51,517.64,517.45,517.48,4115,regular,False
2026-07-24T14:02:00+00:00,517.55,517.79,517.51,517.54,5841,regular,False
2026-07-24T14:03:00+00:00,517.5,517.74,517.35,517.74,5011,regular,False
2026-07-24T14:04:00+00:00,517.74,517.75,517.23,517.23,8689,regular,False
2026-07-24T14:05:00+00:00,517.22,517.37,517.13,517.37,5572,regular,False
2026-07-24T14:06:00+00:00,517.39,517.44,517.25,517.29,5253,regular,False
2026-07-24T14:07:00+00:00,517.35,517.5,517.33,517.41,4871,regular,False
2026-07-24T14:08:00+00:00,517.5,517.86,517.5,517.79,48293,regular,False
2026-07-24T14:09:00+00:00,517.84,518.24,517.81,518.16,4824,regular,False
2026-07-24T14:10:00+00:00,518.15,518.39,518.13,518.28,14918,regular,False
2026-07-24T14:11:00+00:00,518.26,518.27,518.02,518.02,57501,regular,False
2026-07-24T14:12:00+00:00,517.98,518.1,517.79,517.79,3688,regular,False
2026-07-24T14:13:00+00:00,517.79,518.06,517.77,517.93,8762,regular,False
2026-07-24T14:14:00+00:00,518.01,518.31,518.01,518.15,8951,regular,False
2026-07-24T14:15:00+00:00,518.18,518.36,518.18,518.2,8007,regular,False
2026-07-24T14:16:00+00:00,518.17,518.23,518.08,518.09,5402,regular,False
2026-07-24T14:17:00+00:00,518.04,518.08,517.66,517.8,8009,regular,False
2026-07-24T14:18:00+00:00,517.84,517.93,517.51,517.59,6353,regular,False
2026-07-24T14:19:00+00:00,517.57,517.66,517.42,517.66,9100,regular,False
2026-07-24T14:20:00+00:00,517.67,517.67,517.45,517.61,12124,regular,False
2026-07-24T14:21:00+00:00,517.57,517.96,517.52,517.88,7548,regular,False
2026-07-24T14:22:00+00:00,517.92,517.97,517.85,517.93,430,regular,False
2026-07-24T14:23:00+00:00,518.0,518.03,517.92,517.98,4828,regular,False
2026-07-24T14:24:00+00:00,517.96,517.97,517.79,517.87,6206,regular,False
2026-07-24T14:25:00+00:00,517.87,517.9,517.53,517.6,5129,regular,False
2026-07-24T14:26:00+00:00,517.61,517.81,517.61,517.7,2151,regular,False
2026-07-24T14:27:00+00:00,517.68,517.81,517.44,517.44,2781,regular,False
2026-07-24T14:28:00+00:00,517.42,517.6,517.41,517.59,1470,regular,False
2026-07-24T14:29:00+00:00,517.51,517.57,517.35,517.36,840,regular,False
2026-07-24T14:30:00+00:00,517.42,517.43,517.2,517.23,5547,regular,False
2026-07-24T14:31:00+00:00,517.16,517.27,517.12,517.25,3384,regular,False
2026-07-24T14:32:00+00:00,517.29,517.49,517.29,517.37,5880,regular,False
2026-07-24T14:33:00+00:00,517.35,517.39,517.21,517.3,4563,regular,False
2026-07-24T14:34:00+00:00,517.32,517.35,517.08,517.09,15734,regular,False
2026-07-24T14:35:00+00:00,517.05,517.27,517.01,517.12,6000,regular,False
2026-07-24T14:36:00+00:00,517.16,517.19,517.06,517.09,4299,regular,False
2026-07-24T14:37:00+00:00,517.05,517.2,517.02,517.18,5477,regular,False
2026-07-24T14:38:00+00:00,517.16,517.2,517.11,517.11,1638,regular,False
2026-07-24T14:39:00+00:00,517.15,517.17,516.92,516.96,5631,regular,False
2026-07-24T14:40:00+00:00,516.92,517.2,516.92,517.2,4367,regular,False
2026-07-24T14:41:00+00:00,517.11,517.23,516.93,517.07,13582,regular,False
2026-07-24T14:42:00+00:00,517.1,517.11,516.89,516.92,1429,regular,False
2026-07-24T14:43:00+00:00,516.95,517.0,516.78,516.84,1608,regular,False
2026-07-24T14:44:00+00:00,516.75,516.89,516.27,516.27,20886,regular,False
2026-07-24T14:45:00+00:00,516.35,516.6,516.29,516.39,16326,regular,False
2026-07-24T14:46:00+00:00,516.35,516.73,516.3,516.73,6220,regular,False
2026-07-24T14:47:00+00:00,516.78,516.79,516.58,516.58,5175,regular,False
2026-07-24T14:48:00+00:00,516.5,516.61,516.49,516.57,47996,regular,False
2026-07-24T14:49:00+00:00,516.65,516.95,516.65,516.89,3917,regular,False
2026-07-24T14:50:00+00:00,517.01,517.25,516.99,517.24,3920,regular,False
2026-07-24T14:51:00+00:00,517.21,517.43,517.17,517.38,3731,regular,False
2026-07-24T14:52:00+00:00,517.41,517.41,517.13,517.16,3257,regular,False
2026-07-24T14:53:00+00:00,517.19,517.39,517.19,517.32,1445,regular,False
2026-07-24T14:54:00+00:00,517.27,517.27,517.13,517.16,580,regular,False
2026-07-24T14:55:00+00:00,517.25,517.38,517.25,517.3,6893,regular,False
2026-07-24T14:56:00+00:00,517.29,517.31,517.25,517.3,1490,regular,False
2026-07-24T14:57:00+00:00,517.37,517.82,517.36,517.78,5506,regular,False
2026-07-24T14:58:00+00:00,517.78,517.96,517.64,517.95,1296,regular,False
2026-07-24T14:59:00+00:00,517.96,518.14,517.92,518.13,2768,regular,False
2026-07-24T15:00:00+00:00,518.11,518.21,517.96,518.21,54230,regular,False
2026-07-24T15:01:00+00:00,518.19,518.19,518.0,518.05,4749,regular,False
2026-07-24T15:02:00+00:00,518.03,518.03,517.87,518.0,6727,regular,False
2026-07-24T15:03:00+00:00,518.0,518.01,517.86,517.94,7096,regular,False
2026-07-24T15:04:00+00:00,518.01,518.02,517.86,517.98,526,regular,False
2026-07-24T15:05:00+00:00,517.99,518.18,517.97,518.16,1373,regular,False
2026-07-24T15:06:00+00:00,518.15,518.26,517.99,517.99,3689,regular,False
2026-07-24T15:07:00+00:00,517.93,518.09,517.86,518.07,6919,regular,False
2026-07-24T15:08:00+00:00,518.12,518.25,518.11,518.12,5359,regular,False
2026-07-24T15:09:00+00:00,518.09,518.11,517.88,517.92,2746,regular,False
2026-07-24T15:10:00+00:00,517.79,518.64,517.79,518.59,13684,regular,False
2026-07-24T15:11:00+00:00,518.5,519.12,518.5,518.68,15566,regular,False
2026-07-24T15:12:00+00:00,518.69,518.93,518.69,518.86,1655,regular,False
2026-07-24T15:13:00+00:00,518.74,518.76,518.65,518.65,44508,regular,False
2026-07-24T15:14:00+00:00,518.7,519.51,518.7,519.31,29066,regular,False
2026-07-24T15:15:00+00:00,519.26,520.01,519.23,520.01,28590,regular,False
2026-07-24T15:16:00+00:00,519.89,519.98,519.55,519.55,4600,regular,False
2026-07-24T15:17:00+00:00,519.61,519.72,519.53,519.56,4093,regular,False
2026-07-24T15:18:00+00:00,519.54,519.69,519.25,519.4,9083,regular,False
2026-07-24T15:19:00+00:00,519.36,519.46,518.97,519.12,7138,regular,False
2026-07-24T15:20:00+00:00,519.07,519.61,519.05,519.46,5667,regular,False
2026-07-24T15:21:00+00:00,519.46,519.59,519.46,519.56,4374,regular,False
2026-07-24T15:22:00+00:00,519.55,519.77,519.51,519.64,1870,regular,False
2026-07-24T15:23:00+00:00,519.69,519.91,519.69,519.88,4639,regular,False
2026-07-24T15:24:00+00:00,519.89,519.97,519.81,519.82,45132,regular,False
2026-07-24T15:25:00+00:00,519.79,519.91,519.77,519.9,4531,regular,False
2026-07-24T15:26:00+00:00,519.92,520.02,519.91,520.01,3897,regular,False
2026-07-24T15:27:00+00:00,520.01,520.15,520.01,520.15,1393,regular,False
2026-07-24T15:28:00+00:00,520.25,520.36,520.25,520.25,4383,regular,False
2026-07-24T15:29:00+00:00,520.19,520.23,520.09,520.17,3182,regular,False
2026-07-24T15:30:00+00:00,520.12,520.17,520.03,520.04,6851,regular,False
2026-07-24T15:31:00+00:00,520.1,520.23,520.1,520.2,1650,regular,False
2026-07-24T15:32:00+00:00,520.16,520.16,519.93,519.98,2224,regular,False
2026-07-24T15:33:00+00:00,519.96,520.03,519.88,520.02,5663,regular,False
2026-07-24T15:34:00+00:00,520.01,520.08,519.84,519.84,11997,regular,False
2026-07-24T15:35:00+00:00,519.8,519.91,519.79,519.89,11166,regular,False
2026-07-24T15:36:00+00:00,519.94,520.16,519.94,520.15,3548,regular,False
2026-07-24T15:37:00+00:00,520.17,520.21,520.0,520.18,8414,regular,False
2026-07-24T15:38:00+00:00,520.19,520.39,520.18,520.37,3928,regular,False
2026-07-24T15:39:00+00:00,520.38,520.48,520.38,520.46,2051,regular,False
2026-07-24T15:40:00+00:00,520.43,520.5,520.39,520.39,11042,regular,False
2026-07-24T15:41:00+00:00,520.38,520.45,520.16,520.23,9348,regular,False
2026-07-24T15:42:00+00:00,520.21,520.39,520.16,520.33,3036,regular,False
2026-07-24T15:43:00+00:00,520.32,520.37,520.0,520.08,6517,regular,False
2026-07-24T15:44:00+00:00,520.08,520.14,520.04,520.04,2452,regular,False
2026-07-24T15:45:00+00:00,520.06,520.2,520.06,520.11,2728,regular,False
2026-07-24T15:46:00+00:00,520.14,520.25,520.12,520.18,2649,regular,False
2026-07-24T15:47:00+00:00,520.15,520.23,519.96,520.02,4229,regular,False
2026-07-24T15:48:00+00:00,519.97,520.03,519.86,519.96,19420,regular,False
2026-07-24T15:49:00+00:00,519.97,520.03,519.95,520.0,855,regular,False
2026-07-24T15:50:00+00:00,520.07,520.29,520.07,520.29,3438,regular,False
2026-07-24T15:51:00+00:00,520.27,520.3,520.07,520.07,997,regular,False
2026-07-24T15:52:00+00:00,520.05,520.05,519.84,519.92,2028,regular,False
2026-07-24T15:53:00+00:00,519.94,520.03,519.94,520.03,459,regular,False
2026-07-24T15:54:00+00:00,520.07,520.07,520.04,520.05,284,regular,False
2026-07-24T15:55:00+00:00,520.03,520.11,519.93,519.93,1689,regular,False
2026-07-24T15:56:00+00:00,520.0,520.05,519.96,520.04,3032,regular,False
2026-07-24T15:57:00+00:00,520.04,520.13,520.04,520.12,340,regular,False
2026-07-24T15:58:00+00:00,520.09,520.17,519.99,520.15,1928,regular,False
2026-07-24T15:59:00+00:00,520.15,520.18,520.07,520.14,1355,regular,False
2026-07-24T16:00:00+00:00,520.11,520.15,519.97,520.01,2927,regular,False
2026-07-24T16:01:00+00:00,520.08,520.14,520.04,520.1,8204,regular,False
2026-07-24T16:02:00+00:00,520.07,520.07,519.95,519.99,3689,regular,False
2026-07-24T16:03:00+00:00,519.95,519.96,519.92,519.92,505,regular,False
2026-07-24T16:04:00+00:00,519.93,520.09,519.93,520.09,829,regular,False
2026-07-24T16:05:00+00:00,520.09,520.09,520.02,520.02,1843,regular,False
2026-07-24T16:06:00+00:00,520.0,520.0,519.88,519.94,2801,regular,False
2026-07-24T16:07:00+00:00,519.92,520.17,519.85,520.12,46569,regular,False
2026-07-24T16:08:00+00:00,520.15,520.17,520.02,520.02,5116,regular,False
2026-07-24T16:09:00+00:00,520.01,520.06,519.96,519.96,2248,regular,False
2026-07-24T16:10:00+00:00,519.99,520.08,519.99,520.08,650,regular,False
2026-07-24T16:11:00+00:00,520.16,520.18,520.1,520.12,1010,regular,False
2026-07-24T16:12:00+00:00,520.08,520.14,520.03,520.09,2268,regular,False
2026-07-24T16:13:00+00:00,520.08,520.11,519.82,519.91,14638,regular,False
2026-07-24T16:14:00+00:00,519.88,520.11,519.87,520.06,5010,regular,False
2026-07-24T16:15:00+00:00,519.99,520.09,519.99,520.08,2529,regular,False
2026-07-24T16:16:00+00:00,520.09,520.16,520.05,520.16,650,regular,False
2026-07-24T16:17:00+00:00,520.18,520.24,520.17,520.21,2860,regular,False
2026-07-24T16:18:00+00:00,520.18,520.39,520.18,520.38,3663,regular,False
2026-07-24T16:19:00+00:00,520.36,520.46,520.34,520.4,4907,regular,False
2026-07-24T16:20:00+00:00,520.4,520.52,520.39,520.52,2227,regular,False
2026-07-24T16:21:00+00:00,520.52,520.53,520.36,520.36,1955,regular,False
2026-07-24T16:22:00+00:00,520.39,520.45,520.38,520.45,2249,regular,False
2026-07-24T16:23:00+00:00,520.45,520.49,520.45,520.45,255,regular,False
2026-07-24T16:24:00+00:00,520.36,520.38,520.36,520.37,202,regular,False
2026-07-24T16:25:00+00:00,520.36,520.44,520.35,520.4,1783,regular,False
2026-07-24T16:26:00+00:00,520.45,520.49,520.4,520.48,1083,regular,False
2026-07-24T16:27:00+00:00,520.49,520.56,520.49,520.53,1506,regular,False
2026-07-24T16:28:00+00:00,520.48,520.48,520.38,520.38,1416,regular,False
2026-07-24T16:29:00+00:00,520.37,520.44,520.37,520.39,3031,regular,False
2026-07-24T16:30:00+00:00,520.38,520.4,520.0,520.1,13158,regular,False
2026-07-24T16:31:00+00:00,520.17,520.29,520.14,520.24,4885,regular,False
2026-07-24T16:32:00+00:00,520.23,520.23,520.13,520.21,1449,regular,False
2026-07-24T16:33:00+00:00,520.2,520.22,519.96,519.99,1068,regular,False
2026-07-24T16:34:00+00:00,520.03,520.04,519.94,519.95,788,regular,False
2026-07-24T16:35:00+00:00,519.97,519.99,519.95,519.95,1984,regular,False
2026-07-24T16:36:00+00:00,519.98,520.01,519.9,519.91,460,regular,False
2026-07-24T16:37:00+00:00,519.93,520.06,519.91,520.06,930,regular,False
2026-07-24T16:38:00+00:00,520.04,520.07,519.95,519.95,1039,regular,False
2026-07-24T16:39:00+00:00,519.83,519.94,519.82,519.82,1383,regular,False
2026-07-24T16:40:00+00:00,519.79,519.8,519.62,519.64,4442,regular,False
2026-07-24T16:41:00+00:00,519.6,519.72,519.59,519.63,5114,regular,False
2026-07-24T16:42:00+00:00,519.69,519.69,519.6,519.6,438,regular,False
2026-07-24T16:43:00+00:00,519.71,519.72,519.54,519.61,2136,regular,False
2026-07-24T16:44:00+00:00,519.62,519.62,519.43,519.44,1045,regular,False
2026-07-24T16:45:00+00:00,519.45,519.51,519.43,519.51,2170,regular,False
2026-07-24T16:46:00+00:00,519.44,519.48,519.4,519.41,679,regular,False
2026-07-24T16:47:00+00:00,519.4,519.4,519.21,519.23,1890,regular,False
2026-07-24T16:48:00+00:00,519.19,519.25,519.16,519.24,2121,regular,False
2026-07-24T16:49:00+00:00,519.26,519.3,519.07,519.2,2719,regular,False
2026-07-24T16:50:00+00:00,519.17,519.18,519.1,519.12,4208,regular,False
2026-07-24T16:51:00+00:00,519.14,519.25,519.14,519.21,2124,regular,False
2026-07-24T16:52:00+00:00,519.26,519.26,519.06,519.06,3438,regular,False
2026-07-24T16:53:00+00:00,519.09,519.1,518.9,519.02,5554,regular,False
2026-07-24T16:54:00+00:00,519.0,519.12,518.99,519.02,3821,regular,False
2026-07-24T16:55:00+00:00,519.0,519.15,518.95,519.07,4725,regular,False
2026-07-24T16:56:00+00:00,519.08,519.13,519.01,519.13,989,regular,False
2026-07-24T16:57:00+00:00,519.18,519.42,519.18,519.38,91008,regular,False
2026-07-24T16:58:00+00:00,519.38,519.55,519.33,519.51,4502,regular,False
2026-07-24T16:59:00+00:00,519.49,519.49,519.31,519.32,930,regular,False
2026-07-24T17:00:00+00:00,519.32,519.38,519.19,519.21,5322,regular,False
2026-07-24T17:01:00+00:00,519.22,519.24,519.02,519.24,893,regular,False
2026-07-24T17:02:00+00:00,519.2,519.3,519.19,519.21,860,regular,False
2026-07-24T17:03:00+00:00,519.21,519.21,519.1,519.14,550,regular,False
2026-07-24T17:04:00+00:00,519.13,519.16,519.08,519.11,2012,regular,False
2026-07-24T17:05:00+00:00,519.08,519.24,519.08,519.17,1357,regular,False
2026-07-24T17:06:00+00:00,519.16,519.16,518.71,518.94,35469,regular,False
2026-07-24T17:07:00+00:00,518.89,518.89,518.76,518.76,1190,regular,False
2026-07-24T17:08:00+00:00,518.78,518.84,518.57,518.72,3635,regular,False
2026-07-24T17:09:00+00:00,518.7,518.74,518.59,518.65,2864,regular,False
2026-07-24T17:10:00+00:00,518.55,518.7,518.55,518.61,598,regular,False
2026-07-24T17:11:00+00:00,518.66,518.88,518.66,518.78,2251,regular,False
2026-07-24T17:12:00+00:00,518.88,518.88,518.83,518.84,1009,regular,False
2026-07-24T17:13:00+00:00,518.8,518.93,518.78,518.92,2925,regular,False
2026-07-24T17:14:00+00:00,518.99,519.08,518.98,519.06,1520,regular,False
2026-07-24T17:15:00+00:00,519.05,519.07,518.91,518.93,1751,regular,False
2026-07-24T17:16:00+00:00,518.94,519.02,518.91,518.99,782,regular,False
2026-07-24T17:17:00+00:00,519.06,519.19,519.05,519.18,870,regular,False
2026-07-24T17:18:00+00:00,519.26,519.32,519.22,519.26,2406,regular,False
2026-07-24T17:19:00+00:00,519.2,519.27,519.2,519.27,400,regular,False
2026-07-24T17:20:00+00:00,519.23,519.26,519.17,519.25,330,regular,False
2026-07-24T17:21:00+00:00,519.22,519.32,519.22,519.25,764,regular,False
2026-07-24T17:22:00+00:00,519.18,519.26,519.03,519.04,3615,regular,False
2026-07-24T17:23:00+00:00,519.13,519.19,519.06,519.07,2549,regular,False
2026-07-24T17:24:00+00:00,519.04,519.13,518.94,519.12,5273,regular,False
2026-07-24T17:25:00+00:00,519.11,519.13,519.04,519.13,985,regular,False
2026-07-24T17:26:00+00:00,519.25,519.35,519.25,519.35,683,regular,False
2026-07-24T17:27:00+00:00,519.4,519.48,519.39,519.42,1924,regular,False
2026-07-24T17:28:00+00:00,519.46,519.5,519.41,519.42,4506,regular,False
2026-07-24T17:29:00+00:00,519.42,519.56,519.4,519.55,2498,regular,False
2026-07-24T17:30:00+00:00,519.54,519.56,519.42,519.49,1221,regular,False
2026-07-24T17:31:00+00:00,519.49,519.52,519.43,519.48,1091,regular,False
2026-07-24T17:32:00+00:00,519.49,519.49,519.31,519.32,580,regular,False
2026-07-24T17:33:00+00:00,519.4,519.54,519.4,519.54,2246,regular,False
2026-07-24T17:34:00+00:00,519.51,519.61,519.51,519.59,3020,regular,False
2026-07-24T17:35:00+00:00,519.6,519.65,519.56,519.56,1071,regular,False
2026-07-24T17:36:00+00:00,519.54,519.58,519.46,519.53,930,regular,False
2026-07-24T17:37:00+00:00,519.5,519.5,519.34,519.34,906,regular,False
2026-07-24T17:38:00+00:00,519.37,519.48,519.36,519.48,400,regular,False
2026-07-24T17:39:00+00:00,519.47,519.47,519.36,519.4,878,regular,False
2026-07-24T17:40:00+00:00,519.39,519.39,519.27,519.3,770,regular,False
2026-07-24T17:41:00+00:00,519.28,519.37,519.23,519.37,400,regular,False
2026-07-24T17:42:00+00:00,519.4,519.4,519.33,519.35,540,regular,False
2026-07-24T17:43:00+00:00,519.35,519.36,519.34,519.36,160,regular,False
2026-07-24T17:44:00+00:00,519.32,519.32,519.21,519.21,487,regular,False
2026-07-24T17:45:00+00:00,519.18,519.25,519.15,519.2,2215,regular,False
2026-07-24T17:46:00+00:00,519.21,519.3,519.21,519.24,2605,regular,False
2026-07-24T17:47:00+00:00,519.25,519.29,519.21,519.21,1043,regular,False
2026-07-24T17:48:00+00:00,519.18,519.2,519.08,519.15,3103,regular,False
2026-07-24T17:49:00+00:00,519.14,519.2,519.12,519.2,1064,regular,False
2026-07-24T17:50:00+00:00,519.22,519.25,519.13,519.24,392,regular,False
2026-07-24T17:51:00+00:00,519.28,519.29,519.07,519.09,2953,regular,False
2026-07-24T17:52:00+00:00,519.08,519.1,519.01,519.03,2940,regular,False
2026-07-24T17:53:00+00:00,519.04,519.13,519.04,519.08,2671,regular,False
2026-07-24T17:54:00+00:00,519.1,519.19,519.08,519.17,1143,regular,False
2026-07-24T17:55:00+00:00,519.16,519.25,519.14,519.18,900,regular,False
2026-07-24T17:56:00+00:00,519.18,519.32,519.18,519.28,910,regular,False
2026-07-24T17:57:00+00:00,519.31,519.31,519.21,519.21,743,regular,False
2026-07-24T17:58:00+00:00,519.28,519.36,519.28,519.32,1870,regular,False
2026-07-24T17:59:00+00:00,519.28,519.29,519.15,519.16,1192,regular,False
2026-07-24T18:00:00+00:00,519.15,519.21,519.15,519.19,955,regular,False
2026-07-24T18:01:00+00:00,519.24,519.24,519.09,519.1,1135,regular,False
2026-07-24T18:02:00+00:00,519.08,519.08,519.01,519.01,8119,regular,False
2026-07-24T18:03:00+00:00,519.05,519.08,519.05,519.06,1116,regular,False
2026-07-24T18:04:00+00:00,519.07,519.16,519.07,519.14,1640,regular,False
2026-07-24T18:05:00+00:00,519.11,519.14,519.05,519.12,3537,regular,False
2026-07-24T18:06:00+00:00,519.14,519.2,519.12,519.2,499,regular,False
2026-07-24T18:07:00+00:00,519.23,519.36,519.23,519.36,1204,regular,False
2026-07-24T18:08:00+00:00,519.37,519.43,519.37,519.38,1484,regular,False
2026-07-24T18:09:00+00:00,519.38,519.42,519.34,519.34,240,regular,False
2026-07-24T18:10:00+00:00,519.36,519.36,519.27,519.28,1314,regular,False
2026-07-24T18:11:00+00:00,519.27,519.3,519.21,519.22,773,regular,False
2026-07-24T18:12:00+00:00,519.26,519.27,519.16,519.19,1480,regular,False
2026-07-24T18:13:00+00:00,519.21,519.22,519.13,519.13,379,regular,False
2026-07-24T18:14:00+00:00,519.16,519.19,519.12,519.13,957,regular,False
2026-07-24T18:15:00+00:00,519.08,519.14,519.06,519.07,599,regular,False
2026-07-24T18:16:00+00:00,519.07,519.11,519.05,519.11,690,regular,False
2026-07-24T18:17:00+00:00,519.19,519.19,519.12,519.14,1325,regular,False
2026-07-24T18:18:00+00:00,519.08,519.11,519.0,519.11,46576,regular,False
2026-07-24T18:19:00+00:00,519.15,519.15,518.89,518.92,4939,regular,False
2026-07-24T18:20:00+00:00,518.9,518.9,518.73,518.74,3151,regular,False
2026-07-24T18:21:00+00:00,518.7,518.79,518.68,518.7,1981,regular,False
2026-07-24T18:22:00+00:00,518.78,518.83,518.77,518.8,9225,regular,False
2026-07-24T18:23:00+00:00,518.84,518.84,518.73,518.83,4569,regular,False
2026-07-24T18:24:00+00:00,518.84,518.87,518.82,518.87,800,regular,False
2026-07-24T18:25:00+00:00,518.83,518.86,518.66,518.71,1702,regular,False
2026-07-24T18:26:00+00:00,518.74,518.74,518.6,518.63,2607,regular,False
2026-07-24T18:27:00+00:00,518.6,518.62,518.56,518.56,641,regular,False
2026-07-24T18:28:00+00:00,518.51,518.52,518.45,518.45,1891,regular,False
2026-07-24T18:29:00+00:00,518.47,518.57,518.38,518.38,4761,regular,False
2026-07-24T18:30:00+00:00,518.36,518.43,518.32,518.35,44860,regular,False
2026-07-24T18:31:00+00:00,518.32,518.36,518.14,518.23,11850,regular,False
2026-07-24T18:32:00+00:00,518.19,518.27,518.17,518.17,2346,regular,False
2026-07-24T18:33:00+00:00,518.13,518.19,517.87,517.88,4228,regular,False
2026-07-24T18:34:00+00:00,517.89,517.92,517.73,517.76,8591,regular,False
2026-07-24T18:35:00+00:00,517.7,517.8,517.62,517.79,2734,regular,False
2026-07-24T18:36:00+00:00,517.83,517.99,517.73,517.79,2942,regular,False
2026-07-24T18:37:00+00:00,517.84,517.95,517.81,517.89,1373,regular,False
2026-07-24T18:38:00+00:00,517.9,518.16,517.9,518.12,3862,regular,False
2026-07-24T18:39:00+00:00,518.11,518.14,517.85,518.05,15034,regular,False
2026-07-24T18:40:00+00:00,518.03,518.04,517.76,517.79,3419,regular,False
2026-07-24T18:41:00+00:00,517.84,517.85,517.73,517.73,2804,regular,False
2026-07-24T18:42:00+00:00,517.7,517.87,517.68,517.84,4000,regular,False
2026-07-24T18:43:00+00:00,517.84,517.89,517.82,517.87,2175,regular,False
2026-07-24T18:44:00+00:00,517.87,517.96,517.87,517.88,2844,regular,False
2026-07-24T18:45:00+00:00,517.89,518.13,517.89,518.13,4369,regular,False
2026-07-24T18:46:00+00:00,518.13,518.23,518.12,518.18,2168,regular,False
2026-07-24T18:47:00+00:00,518.12,518.32,518.12,518.29,43707,regular,False
2026-07-24T18:48:00+00:00,518.27,518.29,518.02,518.02,2082,regular,False
2026-07-24T18:49:00+00:00,518.06,518.07,518.03,518.07,701,regular,False
2026-07-24T18:50:00+00:00,518.08,518.11,517.98,518.08,6406,regular,False
2026-07-24T18:51:00+00:00,518.11,518.22,518.09,518.1,837,regular,False
2026-07-24T18:52:00+00:00,518.06,518.13,518.03,518.13,860,regular,False
2026-07-24T18:53:00+00:00,518.14,518.14,518.1,518.14,6886,regular,False
2026-07-24T18:54:00+00:00,518.13,518.15,518.05,518.13,908,regular,False
2026-07-24T18:55:00+00:00,518.1,518.16,518.09,518.15,7956,regular,False
2026-07-24T18:56:00+00:00,518.17,518.37,518.13,518.32,5289,regular,False
2026-07-24T18:57:00+00:00,518.31,518.39,518.31,518.35,3886,regular,False
2026-07-24T18:58:00+00:00,518.33,518.34,518.32,518.32,520,regular,False
2026-07-24T18:59:00+00:00,518.32,518.36,518.27,518.27,1760,regular,False
2026-07-24T19:00:00+00:00,518.31,518.32,518.16,518.29,1558,regular,False
2026-07-24T19:01:00+00:00,518.28,518.46,518.26,518.35,3944,regular,False
2026-07-24T19:02:00+00:00,518.38,518.38,518.18,518.23,1665,regular,False
2026-07-24T19:03:00+00:00,518.25,518.27,518.11,518.16,1661,regular,False
2026-07-24T19:04:00+00:00,518.18,518.31,518.18,518.28,3395,regular,False
2026-07-24T19:05:00+00:00,518.26,518.33,518.25,518.33,2377,regular,False
2026-07-24T19:06:00+00:00,518.37,518.39,518.33,518.36,835,regular,False
2026-07-24T19:07:00+00:00,518.36,518.37,518.23,518.25,1471,regular,False
2026-07-24T19:08:00+00:00,518.27,518.31,518.24,518.25,5259,regular,False
2026-07-24T19:09:00+00:00,518.26,518.28,518.13,518.17,2226,regular,False
2026-07-24T19:10:00+00:00,518.1,518.24,518.08,518.21,5417,regular,False
2026-07-24T19:11:00+00:00,518.21,518.28,518.17,518.26,3073,regular,False
2026-07-24T19:12:00+00:00,518.25,518.51,518.24,518.38,9157,regular,False
2026-07-24T19:13:00+00:00,518.31,518.37,518.27,518.28,1128,regular,False
2026-07-24T19:14:00+00:00,518.26,518.26,518.2,518.2,322,regular,False
2026-07-24T19:15:00+00:00,518.19,518.19,518.13,518.14,1135,regular,False
2026-07-24T19:16:00+00:00,518.12,518.14,518.07,518.11,5214,regular,False
2026-07-24T19:17:00+00:00,518.14,518.19,518.09,518.17,1554,regular,False
2026-07-24T19:18:00+00:00,518.23,518.27,518.2,518.23,3848,regular,False
2026-07-24T19:19:00+00:00,518.24,518.34,518.22,518.33,5286,regular,False
2026-07-24T19:20:00+00:00,518.34,518.35,518.17,518.27,1715,regular,False
2026-07-24T19:21:00+00:00,518.24,518.4,518.24,518.38,1387,regular,False
2026-07-24T19:22:00+00:00,518.41,518.41,518.31,518.31,263,regular,False
2026-07-24T19:23:00+00:00,518.27,518.27,518.11,518.11,6780,regular,False
2026-07-24T19:24:00+00:00,518.12,518.12,517.87,517.95,5437,regular,False
2026-07-24T19:25:00+00:00,517.92,518.0,517.89,518.0,1473,regular,False
2026-07-24T19:26:00+00:00,517.98,518.03,517.96,518.03,705,regular,False
2026-07-24T19:27:00+00:00,518.05,518.19,518.01,518.11,934,regular,False
2026-07-24T19:28:00+00:00,517.99,517.99,517.99,517.99,389,regular,False
2026-07-24T19:29:00+00:00,518.08,518.14,518.04,518.07,1511,regular,False
2026-07-24T19:30:00+00:00,518.18,518.24,518.15,518.21,1516,regular,False
2026-07-24T19:31:00+00:00,518.21,518.29,518.18,518.26,3958,regular,False
2026-07-24T19:32:00+00:00,518.27,518.41,518.27,518.37,3574,regular,False
2026-07-24T19:33:00+00:00,518.38,518.48,518.32,518.36,7905,regular,False
2026-07-24T19:34:00+00:00,518.3,518.4,518.25,518.26,1270,regular,False
2026-07-24T19:35:00+00:00,518.25,518.74,518.23,518.67,13288,regular,False
2026-07-24T19:36:00+00:00,518.63,518.68,518.42,518.55,5351,regular,False
2026-07-24T19:37:00+00:00,518.56,518.78,518.55,518.68,7522,regular,False
2026-07-24T19:38:00+00:00,518.61,518.67,518.58,518.6,3226,regular,False
2026-07-24T19:39:00+00:00,518.61,518.66,518.47,518.49,3010,regular,False
2026-07-24T19:40:00+00:00,518.48,518.66,518.48,518.57,9069,regular,False
2026-07-24T19:41:00+00:00,518.58,518.62,518.53,518.62,13208,regular,False
2026-07-24T19:42:00+00:00,518.6,518.6,518.49,518.53,3260,regular,False
2026-07-24T19:43:00+00:00,518.53,518.57,518.39,518.48,9321,regular,False
2026-07-24T19:44:00+00:00,518.48,518.59,518.47,518.59,2252,regular,False
2026-07-24T19:45:00+00:00,518.56,518.69,518.49,518.49,2322,regular,False
2026-07-24T19:46:00+00:00,518.54,518.58,518.5,518.5,1418,regular,False
2026-07-24T19:47:00+00:00,518.44,518.56,518.43,518.43,2958,regular,False
2026-07-24T19:48:00+00:00,518.44,518.55,518.41,518.53,2890,regular,False
2026-07-24T19:49:00+00:00,518.53,518.82,518.52,518.8,9609,regular,False
2026-07-24T19:50:00+00:00,518.81,518.88,518.55,518.6,7915,regular,False
2026-07-24T19:51:00+00:00,518.57,518.59,518.46,518.5,6274,regular,False
2026-07-24T19:52:00+00:00,518.47,518.57,518.4,518.57,3201,regular,False
2026-07-24T19:53:00+00:00,518.56,518.76,518.54,518.69,7047,regular,False
2026-07-24T19:54:00+00:00,518.69,518.88,518.69,518.84,7269,regular,False
2026-07-24T19:55:00+00:00,518.86,518.86,518.55,518.57,15771,regular,False
2026-07-24T19:56:00+00:00,518.61,518.62,518.48,518.53,20704,regular,False
2026-07-24T19:57:00+00:00,518.53,518.59,518.5,518.58,13964,regular,False
2026-07-24T19:58:00+00:00,518.53,518.66,518.49,518.58,15448,regular,False
2026-07-24T19:59:00+00:00,518.57,518.86,518.4,518.79,80978,regular,False
2026-07-24T20:01:00+00:00,518.82,518.83,518.82,518.82,5000,after-market,False
2026-07-24T20:02:00+00:00,518.82,518.82,518.82,518.82,0,after-market,False
2026-07-24T20:04:00+00:00,518.82,518.82,518.82,518.82,0,after-market,False
2026-07-24T20:05:00+00:00,518.82,518.82,518.82,518.82,0,after-market,False
2026-07-24T20:06:00+00:00,518.51,518.51,518.5,518.51,50,after-market,False
2026-07-24T20:07:00+00:00,518.46,518.5,518.46,518.49,2040,after-market,False
2026-07-24T20:08:00+00:00,518.49,518.49,518.49,518.49,0,after-market,False
2026-07-24T20:09:00+00:00,518.47,518.47,518.47,518.47,50,after-market,False
2026-07-24T20:10:00+00:00,518.52,518.52,518.46,518.46,150,after-market,False
2026-07-24T20:11:00+00:00,518.46,518.46,518.46,518.46,0,after-market,False
2026-07-24T20:12:00+00:00,518.61,518.61,518.61,518.61,100,after-market,False
2026-07-24T20:13:00+00:00,518.63,518.63,518.63,518.63,100,after-market,False
2026-07-24T20:14:00+00:00,518.61,518.62,518.61,518.61,85,after-market,False
2026-07-24T20:15:00+00:00,518.61,518.61,518.61,518.61,0,after-market,False
2026-07-24T20:18:00+00:00,518.6,518.61,518.6,518.61,180,after-market,False
2026-07-24T20:19:00+00:00,518.6,518.6,518.6,518.6,2400,after-market,False
2026-07-24T20:20:00+00:00,518.6,518.6,518.6,518.6,0,after-market,False
2026-07-24T20:23:00+00:00,518.74,518.74,518.74,518.74,120,after-market,False
2026-07-24T20:26:00+00:00,518.74,518.74,518.74,518.74,0,after-market,False
2026-07-24T20:29:00+00:00,518.39,518.39,518.36,518.36,80,after-market,False
2026-07-24T20:30:00+00:00,518.36,518.36,518.36,518.36,0,after-market,False
2026-07-24T20:31:00+00:00,518.36,518.36,518.36,518.36,0,after-market,False
2026-07-24T20:32:00+00:00,518.36,518.36,518.36,518.36,0,after-market,False
2026-07-24T20:34:00+00:00,518.36,518.36,518.36,518.36,0,after-market,False
2026-07-24T20:35:00+00:00,518.36,518.36,518.36,518.36,0,after-market,False
2026-07-24T20:38:00+00:00,518.28,518.28,518.22,518.22,1056,after-market,False
2026-07-24T20:39:00+00:00,518.29,518.29,518.29,518.29,1000,after-market,False
2026-07-24T20:40:00+00:00,518.26,518.26,518.26,518.26,970,after-market,False
2026-07-24T20:41:00+00:00,518.26,518.26,518.26,518.26,0,after-market,False
2026-07-24T20:43:00+00:00,518.25,518.28,518.25,518.27,140,after-market,False
2026-07-24T20:44:00+00:00,518.27,518.27,518.27,518.27,0,after-market,False
2026-07-24T20:46:00+00:00,518.37,518.37,518.37,518.37,50,after-market,False
2026-07-24T20:47:00+00:00,518.37,518.37,518.37,518.37,0,after-market,False
2026-07-24T20:48:00+00:00,518.37,518.37,518.37,518.37,0,after-market,False
2026-07-24T20:50:00+00:00,518.37,518.37,518.37,518.37,0,after-market,False
2026-07-24T20:51:00+00:00,518.37,518.37,518.37,518.37,0,after-market,False
2026-07-24T20:52:00+00:00,518.37,518.37,518.37,518.37,0,after-market,False
2026-07-24T20:54:00+00:00,518.37,518.37,518.37,518.37,0,after-market,False
2026-07-24T20:56:00+00:00,518.37,518.37,518.37,518.37,0,after-market,False
2026-07-24T20:59:00+00:00,518.37,518.37,518.37,518.37,0,after-market,False
2026-07-24T21:01:00+00:00,518.69,518.69,518.69,518.69,250,after-market,False
2026-07-24T21:03:00+00:00,518.69,518.69,518.69,518.69,0,after-market,False
2026-07-24T21:04:00+00:00,518.69,518.69,518.69,518.69,0,after-market,False
2026-07-24T21:05:00+00:00,518.69,518.69,518.69,518.69,0,after-market,False
2026-07-24T21:10:00+00:00,518.69,518.69,518.69,518.69,0,after-market,False
2026-07-24T21:15:00+00:00,518.69,518.69,518.69,518.69,0,after-market,False
2026-07-24T21:17:00+00:00,518.69,518.69,518.69,518.69,0,after-market,False
2026-07-24T21:22:00+00:00,518.69,518.69,518.69,518.69,0,after-market,False
2026-07-24T21:26:00+00:00,518.69,518.69,518.69,518.69,0,after-market,False
2026-07-24T21:29:00+00:00,518.69,518.69,518.69,518.69,0,after-market,False
2026-07-24T21:30:00+00:00,518.69,518.69,518.69,518.69,0,after-market,False
2026-07-24T21:40:00+00:00,518.69,518.69,518.69,518.69,0,after-market,False
2026-07-24T21:43:00+00:00,518.35,518.35,518.35,518.35,500,after-market,False
2026-07-24T21:48:00+00:00,518.35,518.35,518.35,518.35,0,after-market,False
2026-07-24T21:54:00+00:00,518.35,518.35,518.35,518.35,0,after-market,False
2026-07-24T22:10:00+00:00,518.35,518.35,518.35,518.35,0,after-market,False
2026-07-24T22:11:00+00:00,518.35,518.35,518.35,518.35,0,after-market,False
2026-07-24T22:14:00+00:00,518.35,518.35,518.35,518.35,0,after-market,False
2026-07-24T22:16:00+00:00,518.35,518.35,518.35,518.35,0,after-market,False
2026-07-24T22:18:00+00:00,518.35,518.35,518.35,518.35,0,after-market,False
2026-07-24T22:22:00+00:00,518.35,518.35,518.35,518.35,0,after-market,False
2026-07-24T22:23:00+00:00,518.35,518.35,518.35,518.35,0,after-market,False
2026-07-24T22:25:00+00:00,518.35,518.35,518.35,518.35,0,after-market,False
2026-07-24T22:30:00+00:00,518.35,518.35,518.35,518.35,0,after-market,False
2026-07-24T22:32:00+00:00,518.35,518.35,518.35,518.35,0,after-market,False
2026-07-24T22:39:00+00:00,518.38,518.38,518.35,518.35,1100,after-market,False
2026-07-24T22:40:00+00:00,518.35,518.35,518.35,518.35,0,after-market,False
2026-07-24T22:42:00+00:00,518.35,518.35,518.35,518.35,0,after-market,False
2026-07-24T22:43:00+00:00,518.35,518.35,518.35,518.35,0,after-market,False
2026-07-24T22:45:00+00:00,518.35,518.35,518.35,518.35,0,after-market,False
2026-07-24T22:47:00+00:00,518.35,518.35,518.35,518.35,0,after-market,False
2026-07-24T22:55:00+00:00,518.35,518.35,518.35,518.35,0,after-market,False
2026-07-24T22:56:00+00:00,518.35,518.35,518.35,518.35,0,after-market,False
2026-07-24T22:57:00+00:00,518.35,518.35,518.35,518.35,0,after-market,False
2026-07-24T23:02:00+00:00,518.35,518.35,518.35,518.35,0,after-market,False
2026-07-24T23:08:00+00:00,518.55,518.55,518.55,518.55,51,after-market,False
2026-07-24T23:09:00+00:00,518.55,518.55,518.55,518.55,0,after-market,False
2026-07-24T23:10:00+00:00,518.55,518.55,518.55,518.55,0,after-market,False
2026-07-24T23:11:00+00:00,518.55,518.55,518.55,518.55,0,after-market,False
2026-07-24T23:12:00+00:00,518.58,518.58,518.58,518.58,600,after-market,False
2026-07-24T23:16:00+00:00,518.58,518.58,518.58,518.58,0,after-market,False
2026-07-24T23:20:00+00:00,518.53,518.53,518.53,518.53,49,after-market,False
2026-07-24T23:21:00+00:00,518.53,518.53,518.53,518.53,0,after-market,False
2026-07-24T23:22:00+00:00,518.53,518.53,518.53,518.53,50,after-market,False
2026-07-24T23:23:00+00:00,518.53,518.53,518.53,518.53,0,after-market,False
2026-07-24T23:24:00+00:00,518.53,518.53,518.53,518.53,0,after-market,False
2026-07-24T23:25:00+00:00,518.53,518.53,518.53,518.53,50,after-market,False
2026-07-24T23:26:00+00:00,518.53,518.53,518.53,518.53,0,after-market,False
2026-07-24T23:27:00+00:00,518.53,518.53,518.53,518.53,0,after-market,False
2026-07-24T23:31:00+00:00,518.53,518.53,518.53,518.53,0,after-market,False
2026-07-24T23:32:00+00:00,518.53,518.53,518.53,518.53,0,after-market,False
2026-07-24T23:33:00+00:00,518.53,518.53,518.53,518.53,0,after-market,False
2026-07-24T23:34:00+00:00,518.53,518.53,518.53,518.53,0,after-market,False
2026-07-24T23:36:00+00:00,518.58,518.58,518.58,518.58,1100,after-market,False
2026-07-24T23:41:00+00:00,518.58,518.58,518.58,518.58,0,after-market,False
2026-07-24T23:46:00+00:00,518.58,518.58,518.58,518.58,0,after-market,False
2026-07-24T23:48:00+00:00,518.58,518.58,518.58,518.58,0,after-market,False
2026-07-24T23:52:00+00:00,518.58,518.58,518.58,518.58,0,after-market,False
2026-07-24T23:55:00+00:00,518.58,518.58,518.58,518.58,0,after-market,False
2026-07-24T23:58:00+00:00,518.58,518.58,518.58,518.58,0,after-market,False
2026-07-24T23:59:00+00:00,518.58,518.58,518.58,518.58,600,after-market,False
2026-07-27T08:00:00+00:00,522.4,522.83,522.4,522.83,710,pre-market,False
2026-07-27T08:01:00+00:00,523.35,523.35,522.2,522.87,1943,pre-market,False
2026-07-27T08:02:00+00:00,523.33,523.41,523.08,523.29,550,pre-market,False
2026-07-27T08:03:00+00:00,523.29,523.29,523.29,523.29,0,pre-market,False
2026-07-27T08:04:00+00:00,522.65,522.65,522.65,522.65,200,pre-market,False
2026-07-27T08:05:00+00:00,522.64,523.35,522.64,523.35,333,pre-market,False
2026-07-27T08:06:00+00:00,523.35,523.35,523.35,523.35,0,pre-market,False
2026-07-27T08:07:00+00:00,523.35,523.35,523.35,523.35,0,pre-market,False
2026-07-27T08:08:00+00:00,523.35,523.35,523.35,523.35,0,pre-market,False
2026-07-27T08:09:00+00:00,523.35,523.35,523.35,523.35,0,pre-market,False
2026-07-27T08:10:00+00:00,523.35,523.35,523.35,523.35,0,pre-market,False
2026-07-27T08:11:00+00:00,523.35,523.35,523.35,523.35,0,pre-market,False
2026-07-27T08:12:00+00:00,523.35,523.35,523.35,523.35,0,pre-market,False
2026-07-27T08:13:00+00:00,523.35,523.35,523.35,523.35,0,pre-market,False
2026-07-27T08:14:00+00:00,523.35,523.35,523.35,523.35,0,pre-market,False
2026-07-27T08:15:00+00:00,523.35,523.35,523.35,523.35,0,pre-market,False
2026-07-27T08:16:00+00:00,523.35,523.35,523.35,523.35,0,pre-market,False
2026-07-27T08:17:00+00:00,523.35,523.35,523.35,523.35,0,pre-market,False
2026-07-27T08:18:00+00:00,523.35,523.35,523.35,523.35,0,pre-market,False
2026-07-27T08:19:00+00:00,523.33,523.33,523.33,523.33,180,pre-market,False
2026-07-27T08:20:00+00:00,523.28,523.28,523.28,523.28,100,pre-market,False
2026-07-27T08:21:00+00:00,523.33,523.33,523.33,523.33,100,pre-market,False
2026-07-27T08:22:00+00:00,523.33,523.33,523.33,523.33,0,pre-market,False
2026-07-27T08:23:00+00:00,523.33,523.33,523.33,523.33,0,pre-market,False
2026-07-27T08:24:00+00:00,523.33,523.33,523.33,523.33,0,pre-market,False
2026-07-27T08:25:00+00:00,523.33,523.33,523.33,523.33,0,pre-market,False
2026-07-27T08:26:00+00:00,523.33,523.33,523.33,523.33,0,pre-market,False
2026-07-27T08:27:00+00:00,523.33,523.33,523.33,523.33,0,pre-market,False
2026-07-27T08:28:00+00:00,523.33,523.33,523.33,523.33,0,pre-market,False
2026-07-27T08:29:00+00:00,523.33,523.33,523.33,523.33,0,pre-market,False
2026-07-27T08:30:00+00:00,523.33,523.33,523.33,523.33,0,pre-market,False
2026-07-27T08:31:00+00:00,523.33,523.33,523.33,523.33,0,pre-market,False
2026-07-27T08:32:00+00:00,523.31,523.31,523.31,523.31,50,pre-market,False
2026-07-27T08:33:00+00:00,523.31,523.31,523.31,523.31,0,pre-market,False
2026-07-27T08:34:00+00:00,523.31,523.31,523.31,523.31,0,pre-market,False
2026-07-27T08:35:00+00:00,523.31,523.31,523.31,523.31,0,pre-market,False
2026-07-27T08:36:00+00:00,523.31,523.31,523.31,523.31,0,pre-market,False
2026-07-27T08:37:00+00:00,523.31,523.31,523.31,523.31,0,pre-market,False
2026-07-27T08:38:00+00:00,523.32,523.32,523.32,523.32,100,pre-market,False
2026-07-27T08:39:00+00:00,523.32,523.32,523.32,523.32,0,pre-market,False
2026-07-27T08:40:00+00:00,523.32,523.32,523.32,523.32,0,pre-market,False
2026-07-27T08:41:00+00:00,523.32,523.32,523.32,523.32,0,pre-market,False
2026-07-27T08:42:00+00:00,523.32,523.32,523.32,523.32,0,pre-market,False
2026-07-27T08:43:00+00:00,523.72,523.72,523.72,523.72,90,pre-market,False
2026-07-27T08:44:00+00:00,523.72,523.72,523.72,523.72,0,pre-market,False
2026-07-27T08:45:00+00:00,523.72,523.72,523.72,523.72,0,pre-market,False
2026-07-27T08:46:00+00:00,523.72,523.72,523.72,523.72,0,pre-market,False
2026-07-27T08:47:00+00:00,523.67,523.67,523.67,523.67,99,pre-market,False
2026-07-27T08:48:00+00:00,523.67,523.67,523.67,523.67,0,pre-market,False
2026-07-27T08:49:00+00:00,523.67,523.67,523.67,523.67,0,pre-market,False
2026-07-27T08:50:00+00:00,523.67,523.67,523.67,523.67,0,pre-market,False
2026-07-27T08:51:00+00:00,523.67,523.67,523.67,523.67,0,pre-market,False
2026-07-27T08:52:00+00:00,523.67,523.67,523.67,523.67,0,pre-market,False
2026-07-27T08:53:00+00:00,523.67,523.67,523.67,523.67,0,pre-market,False
2026-07-27T08:54:00+00:00,523.67,523.67,523.67,523.67,0,pre-market,False
2026-07-27T08:55:00+00:00,523.67,523.67,523.67,523.67,0,pre-market,False
2026-07-27T08:56:00+00:00,523.67,523.67,523.67,523.67,0,pre-market,False
2026-07-27T08:57:00+00:00,523.67,523.67,523.67,523.67,0,pre-market,False
2026-07-27T08:58:00+00:00,523.67,523.67,523.67,523.67,0,pre-market,False
2026-07-27T08:59:00+00:00,523.67,523.67,523.67,523.67,0,pre-market,False
2026-07-27T09:00:00+00:00,523.67,523.67,523.67,523.67,0,pre-market,False
2026-07-27T09:01:00+00:00,523.67,523.67,523.67,523.67,0,pre-market,False
2026-07-27T09:02:00+00:00,523.67,523.67,523.67,523.67,0,pre-market,False
2026-07-27T09:03:00+00:00,523.6,523.6,523.6,523.6,82,pre-market,False
2026-07-27T09:04:00+00:00,523.6,523.6,523.6,523.6,0,pre-market,False
2026-07-27T09:05:00+00:00,523.6,523.6,523.6,523.6,0,pre-market,False
2026-07-27T09:06:00+00:00,523.6,523.6,523.6,523.6,0,pre-market,False
2026-07-27T09:07:00+00:00,523.6,523.6,523.6,523.6,0,pre-market,False
2026-07-27T09:08:00+00:00,523.6,523.6,523.6,523.6,0,pre-market,False
2026-07-27T09:09:00+00:00,523.6,523.6,523.6,523.6,0,pre-market,False
2026-07-27T09:10:00+00:00,523.6,523.6,523.6,523.6,0,pre-market,False
2026-07-27T09:11:00+00:00,523.6,523.6,523.6,523.6,0,pre-market,False
2026-07-27T09:12:00+00:00,523.6,523.6,523.6,523.6,0,pre-market,False
2026-07-27T09:13:00+00:00,523.6,523.6,523.6,523.6,0,pre-market,False
2026-07-27T09:14:00+00:00,523.6,523.6,523.6,523.6,0,pre-market,False
2026-07-27T09:15:00+00:00,523.6,523.6,523.6,523.6,0,pre-market,False
2026-07-27T09:16:00+00:00,523.6,523.6,523.6,523.6,0,pre-market,False
2026-07-27T09:17:00+00:00,523.6,523.6,523.6,523.6,0,pre-market,False
2026-07-27T09:18:00+00:00,523.6,523.6,523.6,523.6,0,pre-market,False
2026-07-27T09:19:00+00:00,523.6,523.6,523.6,523.6,0,pre-market,False
2026-07-27T09:20:00+00:00,523.6,523.6,523.6,523.6,0,pre-market,False
2026-07-27T09:21:00+00:00,523.6,523.6,523.6,523.6,0,pre-market,False
2026-07-27T09:22:00+00:00,523.6,523.6,523.6,523.6,0,pre-market,False
2026-07-27T09:23:00+00:00,523.82,523.83,523.82,523.82,390,pre-market,False
2026-07-27T09:24:00+00:00,523.82,523.82,523.82,523.82,0,pre-market,False
2026-07-27T09:25:00+00:00,523.82,523.82,523.82,523.82,0,pre-market,False
2026-07-27T09:26:00+00:00,523.82,523.82,523.82,523.82,0,pre-market,False
2026-07-27T09:27:00+00:00,523.82,523.82,523.82,523.82,0,pre-market,False
2026-07-27T09:28:00+00:00,523.82,523.82,523.82,523.82,0,pre-market,False
2026-07-27T09:29:00+00:00,523.82,523.82,523.82,523.82,0,pre-market,False
2026-07-27T09:30:00+00:00,523.82,523.82,523.82,523.82,0,pre-market,False
2026-07-27T09:31:00+00:00,523.82,523.82,523.82,523.82,0,pre-market,False
2026-07-27T09:32:00+00:00,523.82,523.82,523.82,523.82,0,pre-market,False
2026-07-27T09:33:00+00:00,523.82,523.82,523.82,523.82,0,pre-market,False
2026-07-27T09:34:00+00:00,523.82,523.82,523.82,523.82,0,pre-market,False
2026-07-27T09:35:00+00:00,523.82,523.82,523.82,523.82,0,pre-market,False
2026-07-27T09:36:00+00:00,523.82,523.82,523.82,523.82,0,pre-market,False
2026-07-27T09:37:00+00:00,524.05,524.06,524.05,524.06,140,pre-market,False
2026-07-27T09:38:00+00:00,524.06,524.06,524.06,524.06,0,pre-market,False
2026-07-27T09:39:00+00:00,524.06,524.06,524.06,524.06,0,pre-market,False
2026-07-27T09:40:00+00:00,524.06,524.06,524.06,524.06,0,pre-market,False
2026-07-27T09:41:00+00:00,524.06,524.06,524.06,524.06,0,pre-market,False
2026-07-27T09:42:00+00:00,524.06,524.06,524.06,524.06,0,pre-market,False
2026-07-27T09:43:00+00:00,524.06,524.06,524.06,524.06,0,pre-market,False
2026-07-27T09:44:00+00:00,524.06,524.06,524.06,524.06,0,pre-market,False
2026-07-27T09:45:00+00:00,524.06,524.06,524.06,524.06,0,pre-market,False
2026-07-27T09:46:00+00:00,524.06,524.06,524.06,524.06,0,pre-market,False
2026-07-27T09:47:00+00:00,524.06,524.06,524.06,524.06,0,pre-market,False
2026-07-27T09:48:00+00:00,524.06,524.06,524.06,524.06,0,pre-market,False
2026-07-27T09:49:00+00:00,524.06,524.06,524.06,524.06,0,pre-market,False
2026-07-27T09:50:00+00:00,524.06,524.06,524.06,524.06,0,pre-market,False
2026-07-27T09:51:00+00:00,524.06,524.06,524.06,524.06,0,pre-market,False
2026-07-27T09:52:00+00:00,524.06,524.06,524.06,524.06,0,pre-market,False
2026-07-27T09:53:00+00:00,524.06,524.06,524.06,524.06,0,pre-market,False
2026-07-27T09:54:00+00:00,524.06,524.06,524.06,524.06,0,pre-market,False
2026-07-27T09:55:00+00:00,524.06,524.06,524.06,524.06,0,pre-market,False
2026-07-27T09:56:00+00:00,524.06,524.06,524.06,524.06,0,pre-market,False
2026-07-27T09:57:00+00:00,524.06,524.06,524.06,524.06,0,pre-market,False
2026-07-27T09:58:00+00:00,524.06,524.06,524.06,524.06,0,pre-market,False
2026-07-27T09:59:00+00:00,524.06,524.06,524.06,524.06,0,pre-market,False
2026-07-27T10:00:00+00:00,524.06,524.06,524.06,524.06,0,pre-market,False
2026-07-27T10:01:00+00:00,524.06,524.06,524.06,524.06,0,pre-market,False
2026-07-27T10:02:00+00:00,524.06,524.06,524.06,524.06,0,pre-market,False
2026-07-27T10:03:00+00:00,524.06,524.06,524.06,524.06,0,pre-market,False
2026-07-27T10:04:00+00:00,524.06,524.06,524.06,524.06,0,pre-market,False
2026-07-27T10:05:00+00:00,524.06,524.06,524.06,524.06,0,pre-market,False
2026-07-27T10:06:00+00:00,524.29,524.29,524.29,524.29,60,pre-market,False
2026-07-27T10:07:00+00:00,524.29,524.29,524.29,524.29,0,pre-market,False
2026-07-27T10:08:00+00:00,524.29,524.29,524.29,524.29,0,pre-market,False
2026-07-27T10:09:00+00:00,524.29,524.29,524.29,524.29,0,pre-market,False
2026-07-27T10:10:00+00:00,524.29,524.29,524.29,524.29,0,pre-market,False
2026-07-27T10:11:00+00:00,524.29,524.29,524.29,524.29,0,pre-market,False
2026-07-27T10:12:00+00:00,524.29,524.29,524.29,524.29,0,pre-market,False
2026-07-27T10:13:00+00:00,524.29,524.29,524.29,524.29,0,pre-market,False
2026-07-27T10:14:00+00:00,524.29,524.29,524.29,524.29,0,pre-market,False
2026-07-27T10:15:00+00:00,524.18,524.18,524.18,524.18,84,pre-market,False
2026-07-27T10:16:00+00:00,524.18,524.18,524.18,524.18,0,pre-market,False
2026-07-27T10:17:00+00:00,524.18,524.18,524.18,524.18,0,pre-market,False
2026-07-27T10:18:00+00:00,524.18,524.18,524.18,524.18,0,pre-market,False
2026-07-27T10:19:00+00:00,524.29,524.3,524.29,524.3,130,pre-market,False
2026-07-27T10:20:00+00:00,524.3,524.3,524.3,524.3,0,pre-market,False
2026-07-27T10:21:00+00:00,524.3,524.3,524.3,524.3,0,pre-market,False
2026-07-27T10:22:00+00:00,524.19,524.19,524.19,524.19,339,pre-market,False
2026-07-27T10:23:00+00:00,524.19,524.19,524.19,524.19,0,pre-market,False
2026-07-27T10:24:00+00:00,524.19,524.19,524.19,524.19,0,pre-market,False
2026-07-27T10:25:00+00:00,524.19,524.19,524.19,524.19,0,pre-market,False
2026-07-27T10:26:00+00:00,524.19,524.19,524.19,524.19,0,pre-market,False
2026-07-27T10:27:00+00:00,524.19,524.19,524.19,524.19,0,pre-market,False
2026-07-27T10:28:00+00:00,524.19,524.19,524.18,524.19,160,pre-market,False
2026-07-27T10:29:00+00:00,524.19,524.19,524.19,524.19,0,pre-market,False
2026-07-27T10:30:00+00:00,524.19,524.19,524.19,524.19,0,pre-market,False
2026-07-27T10:31:00+00:00,524.19,524.19,524.19,524.19,0,pre-market,False
2026-07-27T10:32:00+00:00,524.19,524.19,524.19,524.19,0,pre-market,False
2026-07-27T10:33:00+00:00,524.19,524.19,524.19,524.19,0,pre-market,False
2026-07-27T10:34:00+00:00,524.19,524.19,524.19,524.19,0,pre-market,False
2026-07-27T10:35:00+00:00,524.14,524.14,524.14,524.14,120,pre-market,False
2026-07-27T10:36:00+00:00,524.14,524.14,524.14,524.14,0,pre-market,False
2026-07-27T10:37:00+00:00,524.14,524.14,524.14,524.14,0,pre-market,False
2026-07-27T10:38:00+00:00,524.14,524.14,524.14,524.14,0,pre-market,False
2026-07-27T10:39:00+00:00,524.14,524.14,524.14,524.14,0,pre-market,False
2026-07-27T10:40:00+00:00,524.14,524.14,524.14,524.14,0,pre-market,False
2026-07-27T10:41:00+00:00,524.14,524.14,524.14,524.14,0,pre-market,False
2026-07-27T10:42:00+00:00,524.14,524.14,524.14,524.14,0,pre-market,False
2026-07-27T10:43:00+00:00,524.14,524.14,524.14,524.14,0,pre-market,False
2026-07-27T10:44:00+00:00,524.14,524.14,524.14,524.14,0,pre-market,False
2026-07-27T10:45:00+00:00,524.14,524.14,524.14,524.14,0,pre-market,False
2026-07-27T10:46:00+00:00,524.14,524.14,524.14,524.14,0,pre-market,False
2026-07-27T10:47:00+00:00,524.14,524.14,524.14,524.14,0,pre-market,False
2026-07-27T10:48:00+00:00,524.14,524.14,524.14,524.14,0,pre-market,False
2026-07-27T10:49:00+00:00,524.14,524.14,524.14,524.14,0,pre-market,False
2026-07-27T10:50:00+00:00,524.14,524.14,524.14,524.14,0,pre-market,False
2026-07-27T10:51:00+00:00,524.14,524.14,524.14,524.14,0,pre-market,False
2026-07-27T10:52:00+00:00,524.14,524.14,524.14,524.14,0,pre-market,False
2026-07-27T10:53:00+00:00,524.47,524.55,524.47,524.54,1949,pre-market,False
2026-07-27T10:54:00+00:00,524.54,524.54,524.54,524.54,0,pre-market,False
2026-07-27T10:55:00+00:00,524.58,524.58,524.58,524.58,200,pre-market,False
2026-07-27T10:56:00+00:00,524.58,524.58,524.58,524.58,0,pre-market,False
2026-07-27T10:57:00+00:00,524.58,524.58,524.58,524.58,0,pre-market,False
2026-07-27T10:58:00+00:00,524.58,524.58,524.58,524.58,0,pre-market,False
2026-07-27T10:59:00+00:00,524.49,524.49,524.49,524.49,500,pre-market,False
2026-07-27T11:00:00+00:00,524.51,524.58,524.48,524.58,2778,pre-market,False
2026-07-27T11:01:00+00:00,524.64,524.67,524.64,524.65,489,pre-market,False
2026-07-27T11:02:00+00:00,524.65,524.65,524.65,524.65,0,pre-market,False
2026-07-27T11:03:00+00:00,524.38,524.39,524.38,524.38,50,pre-market,False
2026-07-27T11:04:00+00:00,524.41,524.41,524.41,524.41,200,pre-market,False
2026-07-27T11:05:00+00:00,524.41,524.41,524.41,524.41,0,pre-market,False
2026-07-27T11:06:00+00:00,524.38,524.38,524.38,524.38,40,pre-market,False
2026-07-27T11:07:00+00:00,524.44,524.44,524.44,524.44,2000,pre-market,False
2026-07-27T11:08:00+00:00,524.44,524.44,524.44,524.44,0,pre-market,False
2026-07-27T11:09:00+00:00,524.54,524.59,524.54,524.59,210,pre-market,False
2026-07-27T11:10:00+00:00,524.59,524.59,524.59,524.59,0,pre-market,False
2026-07-27T11:11:00+00:00,524.55,524.62,524.55,524.62,240,pre-market,False
2026-07-27T11:12:00+00:00,524.62,524.62,524.62,524.62,0,pre-market,False
2026-07-27T11:13:00+00:00,524.47,524.47,524.45,524.46,5650,pre-market,False
2026-07-27T11:14:00+00:00,524.46,524.48,524.46,524.48,1000,pre-market,False
2026-07-27T11:15:00+00:00,524.48,524.48,524.48,524.48,0,pre-market,False
2026-07-27T11:16:00+00:00,524.48,524.48,524.48,524.48,0,pre-market,False
2026-07-27T11:17:00+00:00,524.48,524.48,524.48,524.48,0,pre-market,False
2026-07-27T11:18:00+00:00,524.48,524.48,524.48,524.48,0,pre-market,False
2026-07-27T11:19:00+00:00,524.48,524.48,524.48,524.48,0,pre-market,False
2026-07-27T11:20:00+00:00,524.57,524.57,524.57,524.57,200,pre-market,False
2026-07-27T11:21:00+00:00,524.57,524.57,524.57,524.57,0,pre-market,False
2026-07-27T11:22:00+00:00,524.55,524.6,524.55,524.6,500,pre-market,False
2026-07-27T11:23:00+00:00,524.6,524.6,524.6,524.6,0,pre-market,False
2026-07-27T11:24:00+00:00,524.6,524.6,524.6,524.6,0,pre-market,False
2026-07-27T11:25:00+00:00,524.6,524.6,524.6,524.6,0,pre-market,False
2026-07-27T11:26:00+00:00,524.6,524.6,524.6,524.6,0,pre-market,False
2026-07-27T11:27:00+00:00,524.6,524.6,524.6,524.6,0,pre-market,False
2026-07-27T11:28:00+00:00,524.43,524.44,524.43,524.44,465,pre-market,False
2026-07-27T11:29:00+00:00,524.48,524.48,524.1,524.1,3160,pre-market,False
2026-07-27T11:30:00+00:00,524.3,524.38,524.3,524.38,308,pre-market,False
2026-07-27T11:31:00+00:00,524.56,524.56,524.56,524.56,100,pre-market,False
2026-07-27T11:32:00+00:00,524.56,524.56,524.56,524.56,0,pre-market,False
2026-07-27T11:33:00+00:00,524.56,524.56,524.56,524.56,0,pre-market,False
2026-07-27T11:34:00+00:00,524.31,524.34,524.31,524.34,260,pre-market,False
2026-07-27T11:35:00+00:00,524.53,524.53,524.52,524.53,76,pre-market,False
2026-07-27T11:36:00+00:00,524.53,524.53,524.53,524.53,0,pre-market,False
2026-07-27T11:37:00+00:00,524.53,524.53,524.53,524.53,0,pre-market,False
2026-07-27T11:38:00+00:00,524.55,524.55,524.55,524.55,50,pre-market,False
2026-07-27T11:39:00+00:00,524.55,524.55,524.55,524.55,0,pre-market,False
2026-07-27T11:40:00+00:00,524.55,524.55,524.55,524.55,0,pre-market,False
2026-07-27T11:41:00+00:00,524.55,524.55,524.55,524.55,0,pre-market,False
2026-07-27T11:42:00+00:00,524.55,524.55,524.55,524.55,0,pre-market,False
2026-07-27T11:43:00+00:00,524.42,524.44,524.16,524.25,2010,pre-market,False
2026-07-27T11:44:00+00:00,524.25,524.25,524.25,524.25,0,pre-market,False
2026-07-27T11:45:00+00:00,524.25,524.25,524.25,524.25,0,pre-market,False
2026-07-27T11:46:00+00:00,524.25,524.25,524.25,524.25,0,pre-market,False
2026-07-27T11:47:00+00:00,524.25,524.25,524.25,524.25,0,pre-market,False
2026-07-27T11:48:00+00:00,524.25,524.25,524.25,524.25,0,pre-market,False
2026-07-27T11:49:00+00:00,524.25,524.25,524.25,524.25,0,pre-market,False
2026-07-27T11:50:00+00:00,524.45,524.45,524.45,524.45,56,pre-market,False
2026-07-27T11:51:00+00:00,524.45,524.45,524.45,524.45,0,pre-market,False
2026-07-27T11:52:00+00:00,524.45,524.45,524.45,524.45,0,pre-market,False
2026-07-27T11:53:00+00:00,524.45,524.45,524.45,524.45,0,pre-market,False
2026-07-27T11:54:00+00:00,524.45,524.45,524.45,524.45,0,pre-market,False
2026-07-27T11:55:00+00:00,524.45,524.45,524.45,524.45,0,pre-market,False
2026-07-27T11:56:00+00:00,524.45,524.45,524.45,524.45,0,pre-market,False
2026-07-27T11:57:00+00:00,524.45,524.45,524.45,524.45,0,pre-market,False
2026-07-27T11:58:00+00:00,524.45,524.45,524.45,524.45,0,pre-market,False
2026-07-27T11:59:00+00:00,524.45,524.45,524.45,524.45,0,pre-market,False
2026-07-27T12:00:00+00:00,524.45,524.45,524.45,524.45,0,pre-market,False
2026-07-27T12:01:00+00:00,524.47,524.48,524.47,524.47,120,pre-market,False
2026-07-27T12:02:00+00:00,524.47,524.47,524.47,524.47,0,pre-market,False
2026-07-27T12:03:00+00:00,524.47,524.47,524.47,524.47,0,pre-market,False
2026-07-27T12:04:00+00:00,524.47,524.47,524.47,524.47,0,pre-market,False
2026-07-27T12:05:00+00:00,524.47,524.47,524.47,524.47,0,pre-market,False
2026-07-27T12:06:00+00:00,524.47,524.47,524.47,524.47,0,pre-market,False
2026-07-27T12:07:00+00:00,524.47,524.47,524.47,524.47,0,pre-market,False
2026-07-27T12:08:00+00:00,524.66,524.84,524.65,524.84,1099,pre-market,False
2026-07-27T12:09:00+00:00,524.73,524.75,524.61,524.69,1647,pre-market,False
2026-07-27T12:10:00+00:00,524.67,524.67,524.57,524.57,550,pre-market,False
2026-07-27T12:11:00+00:00,524.57,524.57,524.57,524.57,0,pre-market,False
2026-07-27T12:12:00+00:00,524.28,524.29,524.28,524.28,596,pre-market,False
2026-07-27T12:13:00+00:00,524.07,524.08,524.07,524.07,500,pre-market,False
2026-07-27T12:14:00+00:00,524.09,524.09,524.05,524.05,520,pre-market,False
2026-07-27T12:15:00+00:00,524.14,524.14,524.14,524.14,320,pre-market,False
2026-07-27T12:16:00+00:00,524.15,524.15,524.14,524.15,40,pre-market,False
2026-07-27T12:17:00+00:00,524.15,524.15,524.15,524.15,0,pre-market,False
2026-07-27T12:18:00+00:00,524.15,524.15,524.15,524.15,0,pre-market,False
2026-07-27T12:19:00+00:00,524.15,524.15,524.15,524.15,0,pre-market,False
2026-07-27T12:20:00+00:00,524.15,524.15,524.15,524.15,0,pre-market,False
2026-07-27T12:21:00+00:00,524.25,524.25,524.25,524.25,140,pre-market,False
2026-07-27T12:22:00+00:00,524.25,524.25,524.25,524.25,0,pre-market,False
2026-07-27T12:23:00+00:00,524.41,524.5,524.41,524.5,790,pre-market,False
2026-07-27T12:24:00+00:00,524.5,524.5,524.5,524.5,100,pre-market,False
2026-07-27T12:25:00+00:00,524.53,524.6,524.53,524.6,604,pre-market,False
2026-07-27T12:26:00+00:00,524.6,524.6,524.6,524.6,0,pre-market,False
2026-07-27T12:27:00+00:00,524.6,524.6,524.6,524.6,0,pre-market,False
2026-07-27T12:28:00+00:00,524.68,524.69,524.67,524.69,575,pre-market,False
2026-07-27T12:29:00+00:00,524.55,524.55,524.55,524.55,100,pre-market,False
2026-07-27T12:30:00+00:00,524.55,524.55,524.55,524.55,0,pre-market,False
2026-07-27T12:31:00+00:00,524.55,524.55,524.55,524.55,0,pre-market,False
2026-07-27T12:32:00+00:00,524.34,524.34,524.27,524.32,2008,pre-market,False
2026-07-27T12:33:00+00:00,524.32,524.32,524.32,524.32,0,pre-market,False
2026-07-27T12:34:00+00:00,524.32,524.32,524.32,524.32,0,pre-market,False
2026-07-27T12:35:00+00:00,524.59,524.59,524.59,524.59,198,pre-market,False
2026-07-27T12:36:00+00:00,524.63,524.63,524.58,524.58,220,pre-market,False
2026-07-27T12:37:00+00:00,524.58,524.58,524.58,524.58,0,pre-market,False
2026-07-27T12:38:00+00:00,524.58,524.58,524.58,524.58,0,pre-market,False
2026-07-27T12:39:00+00:00,524.58,524.58,524.58,524.58,0,pre-market,False
2026-07-27T12:40:00+00:00,524.58,524.58,524.58,524.58,0,pre-market,False
2026-07-27T12:41:00+00:00,524.58,524.58,524.58,524.58,0,pre-market,False
2026-07-27T12:42:00+00:00,524.58,524.58,524.58,524.58,0,pre-market,False
2026-07-27T12:43:00+00:00,524.48,524.48,524.48,524.48,80,pre-market,False
2026-07-27T12:44:00+00:00,524.51,524.53,524.51,524.53,200,pre-market,False
2026-07-27T12:45:00+00:00,524.57,524.75,524.57,524.72,1280,pre-market,False
2026-07-27T12:46:00+00:00,524.72,524.72,524.72,524.72,0,pre-market,False
2026-07-27T12:47:00+00:00,524.72,524.72,524.72,524.72,0,pre-market,False
2026-07-27T12:48:00+00:00,524.72,524.88,524.72,524.88,700,pre-market,False
2026-07-27T12:49:00+00:00,524.89,524.89,524.85,524.85,80,pre-market,False
2026-07-27T12:50:00+00:00,524.85,524.85,524.85,524.85,0,pre-market,False
2026-07-27T12:51:00+00:00,524.67,524.67,524.67,524.67,700,pre-market,False
2026-07-27T12:52:00+00:00,524.77,524.79,524.77,524.78,445,pre-market,False
2026-07-27T12:53:00+00:00,524.82,524.82,524.82,524.82,50,pre-market,False
2026-07-27T12:54:00+00:00,524.82,524.82,524.82,524.82,0,pre-market,False
2026-07-27T12:55:00+00:00,524.82,524.82,524.82,524.82,0,pre-market,False
2026-07-27T12:56:00+00:00,524.83,524.83,524.82,524.82,166,pre-market,False
2026-07-27T12:57:00+00:00,524.79,524.8,524.79,524.8,80,pre-market,False
2026-07-27T12:58:00+00:00,524.76,524.8,524.76,524.8,210,pre-market,False
2026-07-27T12:59:00+00:00,524.85,524.9,524.85,524.9,350,pre-market,False
2026-07-27T13:00:00+00:00,524.96,525.02,524.92,524.92,7927,pre-market,False
2026-07-27T13:01:00+00:00,524.94,524.94,524.94,524.94,770,pre-market,False
2026-07-27T13:02:00+00:00,524.98,524.99,524.95,524.96,730,pre-market,False
2026-07-27T13:03:00+00:00,524.9,524.96,524.9,524.96,128,pre-market,False
2026-07-27T13:04:00+00:00,524.88,524.88,524.88,524.88,830,pre-market,False
2026-07-27T13:05:00+00:00,524.88,524.88,524.88,524.88,0,pre-market,False
2026-07-27T13:06:00+00:00,524.88,524.88,524.88,524.88,0,pre-market,False
2026-07-27T13:07:00+00:00,524.79,524.79,524.79,524.79,40,pre-market,False
2026-07-27T13:08:00+00:00,524.79,524.79,524.79,524.79,0,pre-market,False
2026-07-27T13:09:00+00:00,524.79,524.79,524.79,524.79,0,pre-market,False
2026-07-27T13:10:00+00:00,524.9,524.93,524.85,524.92,1066,pre-market,False
2026-07-27T13:11:00+00:00,525.07,525.1,525.07,525.1,205,pre-market,False
2026-07-27T13:12:00+00:00,525.1,525.13,525.1,525.13,126,pre-market,False
2026-07-27T13:13:00+00:00,525.13,525.13,525.13,525.13,100,pre-market,False
2026-07-27T13:14:00+00:00,524.98,524.98,524.98,524.98,80,pre-market,False
2026-07-27T13:15:00+00:00,524.98,524.98,524.98,524.98,0,pre-market,False
2026-07-27T13:16:00+00:00,524.8,524.8,524.77,524.77,485,pre-market,False
2026-07-27T13:17:00+00:00,524.77,524.77,524.69,524.69,832,pre-market,False
2026-07-27T13:18:00+00:00,524.7,524.7,524.7,524.7,280,pre-market,False
2026-07-27T13:19:00+00:00,524.57,524.57,524.57,524.57,300,pre-market,False
2026-07-27T13:20:00+00:00,524.63,524.7,524.63,524.7,627,pre-market,False
2026-07-27T13:21:00+00:00,524.7,524.7,524.7,524.7,0,pre-market,False
2026-07-27T13:22:00+00:00,524.76,524.85,524.76,524.85,2240,pre-market,False
2026-07-27T13:23:00+00:00,524.91,524.94,524.91,524.92,400,pre-market,False
2026-07-27T13:24:00+00:00,524.95,524.95,524.95,524.95,126,pre-market,False
2026-07-27T13:25:00+00:00,524.87,524.95,524.87,524.95,1488,pre-market,False
2026-07-27T13:26:00+00:00,524.86,525.07,524.86,525.07,4436,pre-market,False
2026-07-27T13:27:00+00:00,525.1,525.2,524.99,525.2,3507,pre-market,False
2026-07-27T13:28:00+00:00,525.18,525.23,525.09,525.17,4110,pre-market,False
2026-07-27T13:29:00+00:00,525.11,525.11,524.69,524.69,9509,pre-market,False
2026-07-27T13:31:00+00:00,524.69,525.14,524.69,524.99,39954,regular,False
2026-07-27T13:32:00+00:00,525.03,525.25,524.9,525.08,24491,regular,False
2026-07-27T13:33:00+00:00,525.12,525.27,524.44,524.46,99438,regular,False
2026-07-27T13:34:00+00:00,524.49,524.78,524.29,524.71,20349,regular,False
2026-07-27T13:35:00+00:00,524.72,525.02,524.68,524.88,14803,regular,False
2026-07-27T13:36:00+00:00,524.87,525.34,524.8,525.08,12126,regular,False
2026-07-27T13:37:00+00:00,525.1,525.11,524.62,524.66,7275,regular,False
2026-07-27T13:38:00+00:00,524.6,524.95,524.56,524.93,14135,regular,False
2026-07-27T13:39:00+00:00,525.0,525.08,524.75,524.78,20087,regular,False
2026-07-27T13:40:00+00:00,524.73,525.17,524.71,524.93,9159,regular,False
2026-07-27T13:41:00+00:00,524.97,525.13,524.91,525.02,10669,regular,False
2026-07-27T13:42:00+00:00,525.08,525.11,524.78,524.96,9681,regular,False
2026-07-27T13:43:00+00:00,525.0,525.0,524.51,524.59,10044,regular,False
2026-07-27T13:44:00+00:00,524.62,524.66,524.21,524.22,15604,regular,False
2026-07-27T13:45:00+00:00,524.25,524.61,524.24,524.61,19069,regular,False
2026-07-27T13:46:00+00:00,524.54,524.64,524.12,524.17,9663,regular,False
2026-07-27T13:47:00+00:00,524.09,524.34,524.03,524.19,6717,regular,False
2026-07-27T13:48:00+00:00,524.13,524.39,524.11,524.2,14712,regular,False
2026-07-27T13:49:00+00:00,524.18,524.51,524.18,524.37,8021,regular,False
2026-07-27T13:50:00+00:00,524.41,524.46,524.17,524.17,9766,regular,False
2026-07-27T13:51:00+00:00,524.16,524.33,524.1,524.33,6901,regular,False
2026-07-27T13:52:00+00:00,524.3,524.4,524.05,524.15,56087,regular,False
2026-07-27T13:53:00+00:00,524.11,524.25,524.05,524.18,58266,regular,False
2026-07-27T13:54:00+00:00,524.22,524.28,524.07,524.09,14868,regular,False
2026-07-27T13:55:00+00:00,524.08,524.09,523.74,523.9,17940,regular,False
2026-07-27T13:56:00+00:00,523.88,523.96,523.74,523.74,12297,regular,False
2026-07-27T13:57:00+00:00,523.76,523.87,523.43,523.46,19533,regular,False
2026-07-27T13:58:00+00:00,523.48,523.71,523.42,523.49,18009,regular,False
2026-07-27T13:59:00+00:00,523.47,523.66,523.3,523.31,16014,regular,False
2026-07-27T14:00:00+00:00,523.31,523.39,522.94,523.28,13749,regular,False
2026-07-27T14:01:00+00:00,523.3,523.43,523.09,523.41,10750,regular,False
2026-07-27T14:02:00+00:00,523.37,523.6,523.3,523.56,9972,regular,False
2026-07-27T14:03:00+00:00,523.6,524.04,523.6,523.79,5225,regular,False
2026-07-27T14:04:00+00:00,523.78,523.81,523.55,523.59,6564,regular,False
2026-07-27T14:05:00+00:00,523.61,523.8,523.61,523.71,8747,regular,False
2026-07-27T14:06:00+00:00,523.66,523.67,523.19,523.27,21666,regular,False
2026-07-27T14:07:00+00:00,523.28,523.41,523.04,523.17,7488,regular,False
2026-07-27T14:08:00+00:00,523.16,523.28,523.1,523.11,4017,regular,False
2026-07-27T14:09:00+00:00,523.08,523.23,523.01,523.21,6431,regular,False
2026-07-27T14:10:00+00:00,523.0,523.01,522.86,522.89,8068,regular,False
2026-07-27T14:11:00+00:00,522.91,523.1,522.82,523.09,7573,regular,False
2026-07-27T14:12:00+00:00,523.06,523.11,522.9,523.0,10072,regular,False
2026-07-27T14:13:00+00:00,523.04,523.17,522.94,523.06,10324,regular,False
2026-07-27T14:14:00+00:00,523.05,523.27,523.04,523.25,3380,regular,False
2026-07-27T14:15:00+00:00,523.28,523.47,523.14,523.16,2649,regular,False
2026-07-27T14:16:00+00:00,523.18,523.26,523.18,523.2,3461,regular,False
2026-07-27T14:17:00+00:00,523.15,523.15,522.85,522.95,7624,regular,False
2026-07-27T14:18:00+00:00,522.94,523.02,522.72,522.93,6207,regular,False
2026-07-27T14:19:00+00:00,523.14,523.25,523.03,523.03,7071,regular,False
2026-07-27T14:20:00+00:00,523.0,523.01,522.62,522.65,3209,regular,False
2026-07-27T14:21:00+00:00,522.66,522.96,522.66,522.96,10192,regular,False
2026-07-27T14:22:00+00:00,523.0,523.0,522.78,522.78,10964,regular,False
2026-07-27T14:23:00+00:00,522.81,522.95,522.63,522.63,3527,regular,False
2026-07-27T14:24:00+00:00,522.66,522.69,522.35,522.43,2628,regular,False
2026-07-27T14:25:00+00:00,522.49,522.5,522.14,522.31,3608,regular,False
2026-07-27T14:26:00+00:00,522.29,522.52,522.28,522.45,12910,regular,False
2026-07-27T14:27:00+00:00,522.45,522.46,522.28,522.28,7586,regular,False
2026-07-27T14:28:00+00:00,522.26,522.3,522.08,522.11,15106,regular,False
2026-07-27T14:29:00+00:00,522.1,522.1,521.7,521.75,38500,regular,False
2026-07-27T14:30:00+00:00,521.78,521.79,521.43,521.54,14404,regular,False
2026-07-27T14:31:00+00:00,521.56,521.61,521.37,521.53,15988,regular,False
2026-07-27T14:32:00+00:00,521.42,521.74,521.42,521.66,9795,regular,False
2026-07-27T14:33:00+00:00,521.69,521.7,521.4,521.45,5414,regular,False
2026-07-27T14:34:00+00:00,521.42,521.53,521.29,521.42,2603,regular,False
2026-07-27T14:35:00+00:00,521.35,521.38,521.14,521.37,22175,regular,False
2026-07-27T14:36:00+00:00,521.37,521.44,521.03,521.07,8370,regular,False
2026-07-27T14:37:00+00:00,521.06,521.06,520.89,521.05,15124,regular,False
2026-07-27T14:38:00+00:00,521.11,521.35,521.05,521.27,20419,regular,False
2026-07-27T14:39:00+00:00,521.32,521.52,521.32,521.42,10801,regular,False
2026-07-27T14:40:00+00:00,521.38,521.41,520.97,520.98,7455,regular,False
2026-07-27T14:41:00+00:00,521.02,521.04,520.64,520.73,3237,regular,False
2026-07-27T14:42:00+00:00,520.78,520.92,520.64,520.64,2394,regular,False
2026-07-27T14:43:00+00:00,520.64,520.95,520.49,520.94,5583,regular,False
2026-07-27T14:44:00+00:00,520.95,521.12,520.72,520.78,2909,regular,False
2026-07-27T14:45:00+00:00,520.8,521.12,520.72,520.72,5127,regular,False
2026-07-27T14:46:00+00:00,520.66,520.95,520.62,520.91,5647,regular,False
2026-07-27T14:47:00+00:00,520.92,520.92,520.59,520.64,14020,regular,False
2026-07-27T14:48:00+00:00,520.64,520.78,520.47,520.77,6221,regular,False
2026-07-27T14:49:00+00:00,520.69,520.87,520.64,520.81,4812,regular,False
2026-07-27T14:50:00+00:00,520.8,520.83,520.53,520.67,14099,regular,False
2026-07-27T14:51:00+00:00,520.62,520.86,520.62,520.71,13361,regular,False
2026-07-27T14:52:00+00:00,520.68,520.82,520.57,520.78,5070,regular,False
2026-07-27T14:53:00+00:00,520.79,520.83,520.71,520.77,3602,regular,False
2026-07-27T14:54:00+00:00,520.76,521.04,520.76,520.99,9124,regular,False
2026-07-27T14:55:00+00:00,521.01,521.17,520.93,521.16,15425,regular,False
2026-07-27T14:56:00+00:00,521.13,521.24,521.04,521.08,17768,regular,False
2026-07-27T14:57:00+00:00,521.07,521.22,521.07,521.13,4211,regular,False
2026-07-27T14:58:00+00:00,521.16,521.35,521.09,521.35,4133,regular,False
2026-07-27T14:59:00+00:00,521.34,521.71,521.34,521.63,10186,regular,False
2026-07-27T15:00:00+00:00,521.62,521.62,521.33,521.47,17001,regular,False
2026-07-27T15:01:00+00:00,521.48,521.72,521.46,521.72,3489,regular,False
2026-07-27T15:02:00+00:00,521.69,521.85,521.53,521.53,4188,regular,False
2026-07-27T15:03:00+00:00,521.61,521.61,521.41,521.42,5718,regular,False
2026-07-27T15:04:00+00:00,521.42,521.63,521.4,521.63,5972,regular,False
2026-07-27T15:05:00+00:00,521.52,521.91,521.52,521.87,2534,regular,False
2026-07-27T15:06:00+00:00,521.88,521.95,521.77,521.79,3397,regular,False
2026-07-27T15:07:00+00:00,521.69,521.85,521.69,521.75,5947,regular,False
2026-07-27T15:08:00+00:00,521.72,521.77,521.56,521.59,3446,regular,False
2026-07-27T15:09:00+00:00,521.64,521.64,521.27,521.27,2572,regular,False
2026-07-27T15:10:00+00:00,521.27,521.36,521.23,521.29,5351,regular,False
2026-07-27T15:11:00+00:00,521.28,521.68,521.28,521.51,2565,regular,False
2026-07-27T15:12:00+00:00,521.51,521.69,521.51,521.62,1216,regular,False
2026-07-27T15:13:00+00:00,521.76,521.9,521.75,521.9,1421,regular,False
2026-07-27T15:14:00+00:00,522.0,522.08,521.77,521.77,7268,regular,False
2026-07-27T15:15:00+00:00,521.78,521.79,521.49,521.49,1942,regular,False
2026-07-27T15:16:00+00:00,521.49,521.52,521.44,521.47,3748,regular,False
2026-07-27T15:17:00+00:00,521.51,521.51,521.2,521.24,3570,regular,False
2026-07-27T15:18:00+00:00,521.25,521.28,520.92,521.01,1930,regular,False
2026-07-27T15:19:00+00:00,521.09,521.21,521.09,521.18,1064,regular,False
2026-07-27T15:20:00+00:00,521.2,521.32,521.14,521.21,6369,regular,False
2026-07-27T15:21:00+00:00,521.25,521.3,521.06,521.07,4469,regular,False
2026-07-27T15:22:00+00:00,521.0,521.22,520.94,521.16,1149,regular,False
2026-07-27T15:23:00+00:00,521.14,521.14,520.76,520.77,1575,regular,False
2026-07-27T15:24:00+00:00,520.74,520.79,520.67,520.73,4367,regular,False
2026-07-27T15:25:00+00:00,520.73,520.76,520.66,520.71,1470,regular,False
2026-07-27T15:26:00+00:00,520.69,520.88,520.63,520.85,2618,regular,False
2026-07-27T15:27:00+00:00,520.87,521.02,520.85,520.92,4753,regular,False
2026-07-27T15:28:00+00:00,520.87,520.88,520.78,520.83,2534,regular,False
2026-07-27T15:29:00+00:00,520.85,521.0,520.84,520.96,2174,regular,False
2026-07-27T15:30:00+00:00,520.95,520.95,520.69,520.72,9524,regular,False
2026-07-27T15:31:00+00:00,520.77,520.9,520.77,520.82,1956,regular,False
2026-07-27T15:32:00+00:00,520.74,520.96,520.63,520.63,4170,regular,False
2026-07-27T15:33:00+00:00,520.56,520.59,520.37,520.37,2822,regular,False
2026-07-27T15:34:00+00:00,520.38,520.41,520.21,520.23,2721,regular,False
2026-07-27T15:35:00+00:00,520.21,520.27,520.02,520.02,10911,regular,False
2026-07-27T15:36:00+00:00,520.01,520.05,519.85,519.86,5225,regular,False
2026-07-27T15:37:00+00:00,519.78,519.8,519.51,519.51,7815,regular,False
2026-07-27T15:38:00+00:00,519.49,519.61,519.43,519.61,1424,regular,False
2026-07-27T15:39:00+00:00,519.73,519.92,519.73,519.8,3721,regular,False
2026-07-27T15:40:00+00:00,519.83,519.86,519.67,519.7,11877,regular,False
2026-07-27T15:41:00+00:00,519.79,519.99,519.76,519.99,6567,regular,False
2026-07-27T15:42:00+00:00,520.01,520.21,519.96,520.19,3788,regular,False
2026-07-27T15:43:00+00:00,520.18,520.23,519.92,519.92,3865,regular,False
2026-07-27T15:44:00+00:00,519.99,520.16,519.95,520.04,1754,regular,False
2026-07-27T15:45:00+00:00,520.18,520.19,519.88,519.88,4866,regular,False
2026-07-27T15:46:00+00:00,519.84,519.9,519.76,519.81,1708,regular,False
2026-07-27T15:47:00+00:00,519.79,519.79,519.55,519.59,6953,regular,False
2026-07-27T15:48:00+00:00,519.8,519.86,519.73,519.85,2040,regular,False
2026-07-27T15:49:00+00:00,519.76,519.85,519.67,519.67,2446,regular,False
2026-07-27T15:50:00+00:00,519.77,519.91,519.69,519.72,3699,regular,False
2026-07-27T15:51:00+00:00,519.81,520.01,519.81,519.9,5401,regular,False
2026-07-27T15:52:00+00:00,519.87,519.97,519.74,519.77,5942,regular,False
2026-07-27T15:53:00+00:00,519.78,519.87,519.7,519.82,2241,regular,False
2026-07-27T15:54:00+00:00,519.83,519.87,519.77,519.78,2385,regular,False
2026-07-27T15:55:00+00:00,519.86,519.88,519.76,519.86,3482,regular,False
2026-07-27T15:56:00+00:00,519.9,519.91,519.71,519.71,3696,regular,False
2026-07-27T15:57:00+00:00,519.72,519.79,519.68,519.71,7552,regular,False
2026-07-27T15:58:00+00:00,519.72,519.72,519.47,519.6,2632,regular,False
2026-07-27T15:59:00+00:00,519.64,519.78,519.63,519.73,2649,regular,False
2026-07-27T16:00:00+00:00,519.76,519.91,519.69,519.71,2899,regular,False
2026-07-27T16:01:00+00:00,519.8,519.83,519.72,519.72,614,regular,False
2026-07-27T16:02:00+00:00,519.8,519.8,519.6,519.67,2046,regular,False
2026-07-27T16:03:00+00:00,519.67,519.78,519.67,519.72,1240,regular,False
2026-07-27T16:04:00+00:00,519.8,519.94,519.76,519.94,2977,regular,False
2026-07-27T16:05:00+00:00,519.96,520.09,519.96,520.0,3286,regular,False
2026-07-27T16:06:00+00:00,520.03,520.03,519.84,519.84,1768,regular,False
2026-07-27T16:07:00+00:00,519.98,520.02,519.9,520.02,1077,regular,False
2026-07-27T16:08:00+00:00,519.95,520.24,519.95,520.24,3205,regular,False
2026-07-27T16:09:00+00:00,520.23,520.31,520.2,520.31,396,regular,False
2026-07-27T16:10:00+00:00,520.35,520.46,520.33,520.36,3515,regular,False
2026-07-27T16:11:00+00:00,520.37,520.43,520.34,520.41,2695,regular,False
2026-07-27T16:12:00+00:00,520.37,520.48,520.35,520.44,1660,regular,False
2026-07-27T16:13:00+00:00,520.43,520.43,520.09,520.11,3196,regular,False
2026-07-27T16:14:00+00:00,520.05,520.05,519.85,519.94,5813,regular,False
2026-07-27T16:15:00+00:00,519.88,519.95,519.77,519.77,4721,regular,False
2026-07-27T16:16:00+00:00,519.8,519.8,519.5,519.61,3516,regular,False
2026-07-27T16:17:00+00:00,519.6,519.78,519.57,519.78,980,regular,False
2026-07-27T16:18:00+00:00,519.76,519.91,519.76,519.87,5772,regular,False
2026-07-27T16:19:00+00:00,519.91,519.91,519.75,519.82,1280,regular,False
2026-07-27T16:20:00+00:00,519.79,520.02,519.72,519.99,4383,regular,False
2026-07-27T16:21:00+00:00,519.98,520.17,519.91,519.95,5769,regular,False
2026-07-27T16:22:00+00:00,519.94,520.07,519.87,520.07,1287,regular,False
2026-07-27T16:23:00+00:00,520.07,520.11,519.97,520.11,2362,regular,False
2026-07-27T16:24:00+00:00,520.12,520.28,520.12,520.18,17231,regular,False
2026-07-27T16:25:00+00:00,520.18,521.27,520.16,521.27,40554,regular,False
2026-07-27T16:26:00+00:00,521.2,521.33,520.79,520.79,14864,regular,False
2026-07-27T16:27:00+00:00,520.84,521.17,520.84,521.13,2302,regular,False
2026-07-27T16:28:00+00:00,521.09,521.2,520.96,520.96,2978,regular,False
2026-07-27T16:29:00+00:00,521.0,521.02,520.72,520.79,2868,regular,False
2026-07-27T16:30:00+00:00,520.78,521.09,520.78,520.96,2448,regular,False
2026-07-27T16:31:00+00:00,520.98,521.0,520.98,521.0,459,regular,False
2026-07-27T16:32:00+00:00,521.08,521.16,520.94,521.0,8822,regular,False
2026-07-27T16:33:00+00:00,521.01,521.01,520.74,520.85,736,regular,False
2026-07-27T16:34:00+00:00,520.91,521.23,520.91,521.23,4139,regular,False
2026-07-27T16:35:00+00:00,521.21,521.26,521.15,521.17,4469,regular,False
2026-07-27T16:36:00+00:00,521.14,521.33,521.09,521.22,3707,regular,False
2026-07-27T16:37:00+00:00,521.31,521.42,521.17,521.17,3582,regular,False
2026-07-27T16:38:00+00:00,521.21,521.21,521.08,521.16,1475,regular,False
2026-07-27T16:39:00+00:00,521.08,521.09,520.86,520.9,2040,regular,False
2026-07-27T16:40:00+00:00,520.93,520.97,520.92,520.93,838,regular,False
2026-07-27T16:41:00+00:00,520.95,520.96,520.84,520.86,2644,regular,False
2026-07-27T16:42:00+00:00,520.85,520.86,520.78,520.79,1413,regular,False
2026-07-27T16:43:00+00:00,520.71,520.74,520.53,520.55,1716,regular,False
2026-07-27T16:44:00+00:00,520.54,520.61,520.5,520.61,1147,regular,False
2026-07-27T16:45:00+00:00,520.62,520.73,520.62,520.73,2726,regular,False
2026-07-27T16:46:00+00:00,520.74,520.87,520.73,520.87,1696,regular,False
2026-07-27T16:47:00+00:00,520.86,520.93,520.84,520.87,1692,regular,False
2026-07-27T16:48:00+00:00,520.86,520.9,520.63,520.63,3778,regular,False
2026-07-27T16:49:00+00:00,520.62,520.68,520.55,520.57,1732,regular,False
2026-07-27T16:50:00+00:00,520.44,520.44,520.12,520.12,4074,regular,False
2026-07-27T16:51:00+00:00,520.19,520.27,520.14,520.16,1126,regular,False
2026-07-27T16:52:00+00:00,520.18,520.2,520.0,520.08,2229,regular,False
2026-07-27T16:53:00+00:00,520.02,520.04,519.96,519.98,2340,regular,False
2026-07-27T16:54:00+00:00,519.93,520.08,519.93,520.08,1583,regular,False
2026-07-27T16:55:00+00:00,520.03,520.04,519.8,519.81,4137,regular,False
2026-07-27T16:56:00+00:00,519.91,519.98,519.9,519.97,768,regular,False
2026-07-27T16:57:00+00:00,520.04,520.12,519.98,520.02,1321,regular,False
2026-07-27T16:58:00+00:00,520.01,520.12,520.01,520.06,455,regular,False
2026-07-27T16:59:00+00:00,520.07,520.07,519.92,520.02,3492,regular,False
2026-07-27T17:00:00+00:00,519.93,519.94,519.77,519.9,6102,regular,False
2026-07-27T17:01:00+00:00,520.0,520.0,519.83,519.83,1950,regular,False
2026-07-27T17:02:00+00:00,519.84,519.85,519.48,519.5,7261,regular,False
2026-07-27T17:03:00+00:00,519.54,519.57,519.46,519.56,5834,regular,False
2026-07-27T17:04:00+00:00,519.68,519.68,519.55,519.62,4997,regular,False
2026-07-27T17:05:00+00:00,519.55,519.65,519.55,519.63,855,regular,False
2026-07-27T17:06:00+00:00,519.66,519.71,519.56,519.69,477,regular,False
2026-07-27T17:07:00+00:00,519.71,519.73,519.68,519.69,2061,regular,False
2026-07-27T17:08:00+00:00,519.78,519.78,519.67,519.67,1587,regular,False
2026-07-27T17:09:00+00:00,519.68,519.72,519.62,519.62,1215,regular,False
2026-07-27T17:10:00+00:00,519.64,519.65,519.61,519.61,290,regular,False
2026-07-27T17:11:00+00:00,519.66,519.69,519.59,519.63,1336,regular,False
2026-07-27T17:12:00+00:00,519.61,519.78,519.61,519.76,3373,regular,False
2026-07-27T17:13:00+00:00,519.81,519.86,519.65,519.68,2468,regular,False
2026-07-27T17:14:00+00:00,519.76,519.84,519.66,519.7,4815,regular,False
2026-07-27T17:15:00+00:00,519.69,519.75,519.67,519.75,1589,regular,False
2026-07-27T17:16:00+00:00,519.75,519.75,519.53,519.55,1988,regular,False
2026-07-27T17:17:00+00:00,519.56,519.56,519.38,519.38,4446,regular,False
2026-07-27T17:18:00+00:00,519.42,519.42,519.29,519.36,2228,regular,False
2026-07-27T17:19:00+00:00,519.36,519.48,519.33,519.47,1136,regular,False
2026-07-27T17:20:00+00:00,519.47,519.73,519.41,519.73,5296,regular,False
2026-07-27T17:21:00+00:00,519.75,519.82,519.73,519.76,5028,regular,False
2026-07-27T17:22:00+00:00,519.74,519.85,519.64,519.82,9025,regular,False
2026-07-27T17:23:00+00:00,519.81,519.86,519.62,519.63,4847,regular,False
2026-07-27T17:24:00+00:00,519.6,519.78,519.6,519.72,2557,regular,False
2026-07-27T17:25:00+00:00,519.74,519.77,519.68,519.77,1754,regular,False
2026-07-27T17:26:00+00:00,519.77,519.77,519.64,519.77,4601,regular,False
2026-07-27T17:27:00+00:00,519.8,519.82,519.69,519.74,14412,regular,False
2026-07-27T17:28:00+00:00,519.76,519.81,519.67,519.68,1377,regular,False
2026-07-27T17:29:00+00:00,519.71,519.71,519.47,519.48,2140,regular,False
2026-07-27T17:30:00+00:00,519.45,519.5,519.44,519.49,2460,regular,False
2026-07-27T17:31:00+00:00,519.46,519.71,519.46,519.61,3015,regular,False
2026-07-27T17:32:00+00:00,519.6,519.89,519.58,519.89,1119,regular,False
2026-07-27T17:33:00+00:00,519.88,519.94,519.84,519.9,1444,regular,False
2026-07-27T17:34:00+00:00,519.94,519.97,519.91,519.93,1819,regular,False
2026-07-27T17:35:00+00:00,520.01,520.07,519.96,520.01,10325,regular,False
2026-07-27T17:36:00+00:00,520.0,520.05,519.81,519.82,5005,regular,False
2026-07-27T17:37:00+00:00,519.81,519.85,519.71,519.73,3420,regular,False
2026-07-27T17:38:00+00:00,519.75,520.01,519.69,520.01,4379,regular,False
2026-07-27T17:39:00+00:00,519.92,520.0,519.84,519.84,2121,regular,False
2026-07-27T17:40:00+00:00,519.83,519.9,519.75,519.75,4554,regular,False
2026-07-27T17:41:00+00:00,519.8,519.95,519.8,519.94,2018,regular,False
2026-07-27T17:42:00+00:00,519.92,519.92,519.8,519.8,1848,regular,False
2026-07-27T17:43:00+00:00,519.77,519.93,519.76,519.93,2023,regular,False
2026-07-27T17:44:00+00:00,519.97,519.97,519.93,519.93,124,regular,False
2026-07-27T17:45:00+00:00,519.96,519.96,519.87,519.9,1955,regular,False
2026-07-27T17:46:00+00:00,519.93,520.07,519.92,519.92,1455,regular,False
2026-07-27T17:47:00+00:00,519.96,520.04,519.96,520.04,676,regular,False
2026-07-27T17:48:00+00:00,520.08,520.11,519.91,519.92,2218,regular,False
2026-07-27T17:49:00+00:00,519.92,519.96,519.9,519.91,267,regular,False
2026-07-27T17:50:00+00:00,520.02,520.02,519.92,519.92,809,regular,False
2026-07-27T17:51:00+00:00,519.97,520.0,519.96,520.0,1188,regular,False
2026-07-27T17:52:00+00:00,520.01,520.26,520.01,520.25,2094,regular,False
2026-07-27T17:53:00+00:00,520.26,520.31,520.19,520.21,760,regular,False
2026-07-27T17:54:00+00:00,520.26,520.28,520.2,520.25,2614,regular,False
2026-07-27T17:55:00+00:00,520.29,520.3,520.16,520.29,6048,regular,False
2026-07-27T17:56:00+00:00,520.24,520.43,520.21,520.41,4836,regular,False
2026-07-27T17:57:00+00:00,520.4,520.43,520.27,520.27,6931,regular,False
2026-07-27T17:58:00+00:00,520.32,520.39,520.31,520.35,11989,regular,False
2026-07-27T17:59:00+00:00,520.32,520.44,520.32,520.36,13258,regular,False
2026-07-27T18:00:00+00:00,520.38,520.41,520.21,520.27,6101,regular,False
2026-07-27T18:01:00+00:00,520.25,520.38,520.25,520.36,7099,regular,False
2026-07-27T18:02:00+00:00,520.28,520.28,520.22,520.22,830,regular,False
2026-07-27T18:03:00+00:00,520.23,520.4,520.23,520.4,1738,regular,False
2026-07-27T18:04:00+00:00,520.42,520.44,520.32,520.32,700,regular,False
2026-07-27T18:05:00+00:00,520.3,520.47,520.29,520.47,2320,regular,False
2026-07-27T18:06:00+00:00,520.47,520.52,520.37,520.4,2200,regular,False
2026-07-27T18:07:00+00:00,520.47,520.48,520.4,520.4,500,regular,False
2026-07-27T18:08:00+00:00,520.36,520.37,520.29,520.29,2398,regular,False
2026-07-27T18:09:00+00:00,520.33,520.37,520.28,520.33,2810,regular,False
2026-07-27T18:10:00+00:00,520.37,520.37,520.29,520.31,720,regular,False
2026-07-27T18:11:00+00:00,520.31,520.36,520.26,520.26,2707,regular,False
2026-07-27T18:12:00+00:00,520.28,520.3,520.25,520.3,988,regular,False
2026-07-27T18:13:00+00:00,520.29,520.37,520.26,520.33,4731,regular,False
2026-07-27T18:14:00+00:00,520.33,520.41,520.32,520.33,5449,regular,False
2026-07-27T18:15:00+00:00,520.31,520.35,520.03,520.08,4042,regular,False
2026-07-27T18:16:00+00:00,520.13,520.13,519.99,520.02,655,regular,False
2026-07-27T18:17:00+00:00,520.0,520.15,520.0,520.14,651,regular,False
2026-07-27T18:18:00+00:00,520.13,520.18,520.09,520.17,1468,regular,False
2026-07-27T18:19:00+00:00,520.15,520.22,520.1,520.1,1600,regular,False
2026-07-27T18:20:00+00:00,520.05,520.17,520.03,520.07,793,regular,False
2026-07-27T18:21:00+00:00,520.02,520.08,520.02,520.07,661,regular,False
2026-07-27T18:22:00+00:00,520.14,520.14,520.07,520.07,441,regular,False
2026-07-27T18:23:00+00:00,520.08,520.2,520.08,520.13,250,regular,False
2026-07-27T18:24:00+00:00,520.15,520.32,520.15,520.32,360,regular,False
2026-07-27T18:25:00+00:00,520.34,520.43,520.33,520.42,948,regular,False
2026-07-27T18:26:00+00:00,520.49,520.49,520.36,520.36,1080,regular,False
2026-07-27T18:27:00+00:00,520.32,520.33,520.31,520.33,342,regular,False
2026-07-27T18:28:00+00:00,520.33,520.4,520.33,520.37,1383,regular,False
2026-07-27T18:29:00+00:00,520.33,520.46,520.27,520.46,1070,regular,False
2026-07-27T18:30:00+00:00,520.44,520.46,520.29,520.29,937,regular,False
2026-07-27T18:31:00+00:00,520.28,520.35,520.25,520.26,430,regular,False
2026-07-27T18:32:00+00:00,520.24,520.25,520.23,520.23,664,regular,False
2026-07-27T18:33:00+00:00,520.24,520.3,520.24,520.25,185,regular,False
2026-07-27T18:34:00+00:00,520.2,520.21,520.05,520.05,582,regular,False
2026-07-27T18:35:00+00:00,520.02,520.04,519.97,520.02,1759,regular,False
2026-07-27T18:36:00+00:00,520.13,520.13,520.03,520.08,1543,regular,False
2026-07-27T18:37:00+00:00,520.05,520.11,520.05,520.08,766,regular,False
2026-07-27T18:38:00+00:00,520.11,520.11,520.01,520.02,423,regular,False
2026-07-27T18:39:00+00:00,519.97,520.0,519.96,519.98,508,regular,False
2026-07-27T18:40:00+00:00,519.93,520.0,519.93,519.95,562,regular,False
2026-07-27T18:41:00+00:00,519.94,520.43,519.94,520.08,37789,regular,False
2026-07-27T18:42:00+00:00,520.15,520.17,520.07,520.16,1086,regular,False
2026-07-27T18:43:00+00:00,520.12,520.25,520.11,520.24,1083,regular,False
2026-07-27T18:44:00+00:00,520.22,520.25,520.16,520.16,1460,regular,False
2026-07-27T18:45:00+00:00,520.19,520.24,520.17,520.17,1252,regular,False
2026-07-27T18:46:00+00:00,520.21,520.25,520.16,520.16,813,regular,False
2026-07-27T18:47:00+00:00,520.19,520.2,520.05,520.09,2439,regular,False
2026-07-27T18:48:00+00:00,520.07,520.11,520.06,520.11,2334,regular,False
2026-07-27T18:49:00+00:00,520.13,520.18,519.98,520.01,5814,regular,False
2026-07-27T18:50:00+00:00,520.14,520.24,520.13,520.17,6775,regular,False
2026-07-27T18:51:00+00:00,520.2,520.29,520.17,520.29,6271,regular,False
2026-07-27T18:52:00+00:00,520.25,520.56,520.25,520.5,7390,regular,False
2026-07-27T18:53:00+00:00,520.56,520.66,520.52,520.66,2624,regular,False
2026-07-27T18:54:00+00:00,520.69,520.79,520.67,520.67,4833,regular,False
2026-07-27T18:55:00+00:00,520.68,521.11,520.68,521.05,5575,regular,False
2026-07-27T18:56:00+00:00,521.03,521.09,520.95,520.95,4187,regular,False
2026-07-27T18:57:00+00:00,520.96,521.04,520.89,520.96,4970,regular,False
2026-07-27T18:58:00+00:00,520.97,521.01,520.82,520.97,12110,regular,False
2026-07-27T18:59:00+00:00,520.97,521.11,520.94,521.09,3967,regular,False
2026-07-27T19:00:00+00:00,521.15,521.21,521.05,521.12,2572,regular,False
2026-07-27T19:01:00+00:00,521.12,521.19,521.07,521.13,6642,regular,False
2026-07-27T19:02:00+00:00,521.12,521.19,520.99,521.0,2315,regular,False
2026-07-27T19:03:00+00:00,520.97,521.02,520.88,520.89,4126,regular,False
2026-07-27T19:04:00+00:00,520.87,520.96,520.66,520.66,1708,regular,False
2026-07-27T19:05:00+00:00,520.68,520.69,520.62,520.69,700,regular,False
2026-07-27T19:06:00+00:00,520.72,520.96,520.69,520.96,2560,regular,False
2026-07-27T19:07:00+00:00,521.04,521.19,521.01,521.17,7664,regular,False
2026-07-27T19:08:00+00:00,521.18,521.19,521.11,521.13,8848,regular,False
2026-07-27T19:09:00+00:00,521.14,521.23,521.13,521.18,4225,regular,False
2026-07-27T19:10:00+00:00,521.21,521.29,521.19,521.25,1871,regular,False
2026-07-27T19:11:00+00:00,521.23,521.24,521.01,521.02,2703,regular,False
2026-07-27T19:12:00+00:00,521.04,521.07,520.94,520.99,1251,regular,False
2026-07-27T19:13:00+00:00,520.97,521.05,520.96,520.99,1706,regular,False
2026-07-27T19:14:00+00:00,521.05,521.07,521.0,521.05,4736,regular,False
2026-07-27T19:15:00+00:00,521.1,521.14,521.09,521.1,899,regular,False
2026-07-27T19:16:00+00:00,521.13,521.18,521.11,521.11,735,regular,False
2026-07-27T19:17:00+00:00,521.1,521.14,521.09,521.14,480,regular,False
2026-07-27T19:18:00+00:00,521.17,521.25,521.15,521.23,2245,regular,False
2026-07-27T19:19:00+00:00,521.23,521.28,521.23,521.26,972,regular,False
2026-07-27T19:20:00+00:00,521.35,521.48,521.34,521.41,915,regular,False
2026-07-27T19:21:00+00:00,521.38,521.38,521.27,521.32,2364,regular,False
2026-07-27T19:22:00+00:00,521.33,521.38,521.27,521.27,2447,regular,False
2026-07-27T19:23:00+00:00,521.28,521.31,521.24,521.24,337,regular,False
2026-07-27T19:24:00+00:00,521.29,521.29,521.28,521.28,408,regular,False
2026-07-27T19:25:00+00:00,521.27,521.3,521.23,521.24,960,regular,False
2026-07-27T19:26:00+00:00,521.21,521.21,521.09,521.19,3410,regular,False
2026-07-27T19:27:00+00:00,521.15,521.2,521.14,521.18,2688,regular,False
2026-07-27T19:28:00+00:00,521.24,521.3,521.21,521.21,460,regular,False
2026-07-27T19:29:00+00:00,521.26,521.29,521.22,521.29,500,regular,False
2026-07-27T19:30:00+00:00,521.27,521.34,521.21,521.3,7108,regular,False
2026-07-27T19:31:00+00:00,521.32,521.4,521.31,521.37,389,regular,False
2026-07-27T19:32:00+00:00,521.39,521.41,521.32,521.41,884,regular,False
2026-07-27T19:33:00+00:00,521.4,521.41,521.31,521.41,2462,regular,False
2026-07-27T19:34:00+00:00,521.4,521.5,521.39,521.39,3695,regular,False
2026-07-27T19:35:00+00:00,521.35,521.47,521.34,521.43,12757,regular,False
2026-07-27T19:36:00+00:00,521.44,521.46,521.35,521.35,2539,regular,False
2026-07-27T19:37:00+00:00,521.37,521.37,521.27,521.3,1787,regular,False
2026-07-27T19:38:00+00:00,521.28,521.42,521.28,521.42,2171,regular,False
2026-07-27T19:39:00+00:00,521.4,521.4,521.27,521.27,1299,regular,False
2026-07-27T19:40:00+00:00,521.34,521.4,521.28,521.4,1316,regular,False
2026-07-27T19:41:00+00:00,521.39,521.43,521.37,521.38,2015,regular,False
2026-07-27T19:42:00+00:00,521.43,521.5,521.33,521.33,3091,regular,False
2026-07-27T19:43:00+00:00,521.31,521.42,521.3,521.33,5746,regular,False
2026-07-27T19:44:00+00:00,521.34,521.43,521.34,521.41,3400,regular,False
2026-07-27T19:45:00+00:00,521.41,521.46,521.28,521.35,3141,regular,False
2026-07-27T19:46:00+00:00,521.34,521.34,521.2,521.2,2388,regular,False
2026-07-27T19:47:00+00:00,521.22,521.37,521.19,521.37,1966,regular,False
2026-07-27T19:48:00+00:00,521.35,521.37,521.21,521.24,2013,regular,False
2026-07-27T19:49:00+00:00,521.23,521.42,521.22,521.37,1399,regular,False
2026-07-27T19:50:00+00:00,521.35,521.4,521.25,521.28,3368,regular,False
2026-07-27T19:51:00+00:00,521.22,521.22,521.07,521.09,3279,regular,False
2026-07-27T19:52:00+00:00,521.09,521.14,521.04,521.12,3331,regular,False
2026-07-27T19:53:00+00:00,521.14,521.14,521.06,521.1,1793,regular,False
2026-07-27T19:54:00+00:00,521.13,521.21,521.04,521.07,8003,regular,False
2026-07-27T19:55:00+00:00,521.11,521.15,520.95,521.0,41482,regular,False
2026-07-27T19:56:00+00:00,521.01,521.08,520.97,521.08,7607,regular,False
2026-07-27T19:57:00+00:00,521.07,521.12,520.99,521.06,21451,regular,False
2026-07-27T19:58:00+00:00,521.02,521.19,520.97,521.19,19533,regular,False
2026-07-27T19:59:00+00:00,521.22,521.43,521.16,521.34,86507,regular,False
2026-07-27T20:01:00+00:00,521.5,521.5,521.5,521.5,0,after-market,False
2026-07-27T20:02:00+00:00,521.35,521.35,521.35,521.35,195,after-market,False
2026-07-27T20:03:00+00:00,521.35,521.35,521.35,521.35,0,after-market,False
2026-07-27T20:04:00+00:00,521.35,521.35,521.35,521.35,0,after-market,False
2026-07-27T20:05:00+00:00,521.26,521.26,521.26,521.26,100,after-market,False
2026-07-27T20:06:00+00:00,521.26,521.26,521.26,521.26,804,after-market,False
2026-07-27T20:07:00+00:00,521.06,521.06,521.06,521.06,88,after-market,False
2026-07-27T20:08:00+00:00,521.06,521.06,521.06,521.06,0,after-market,False
2026-07-27T20:09:00+00:00,521.06,521.06,521.06,521.06,0,after-market,False
2026-07-27T20:10:00+00:00,521.06,521.06,521.06,521.06,0,after-market,False
2026-07-27T20:11:00+00:00,521.06,521.06,521.06,521.06,0,after-market,False
2026-07-27T20:12:00+00:00,521.06,521.06,521.06,521.06,0,after-market,False
2026-07-27T20:13:00+00:00,521.14,521.14,521.14,521.14,190,after-market,False
2026-07-27T20:14:00+00:00,521.19,521.23,521.19,521.23,226,after-market,False
2026-07-27T20:15:00+00:00,521.23,521.23,521.23,521.23,0,after-market,False
2026-07-27T20:16:00+00:00,521.25,521.3,521.25,521.3,355,after-market,False
2026-07-27T20:17:00+00:00,521.31,521.31,521.31,521.31,100,after-market,False
2026-07-27T20:18:00+00:00,521.31,521.31,521.31,521.31,0,after-market,False
2026-07-27T20:19:00+00:00,521.31,521.31,521.31,521.31,0,after-market,False
2026-07-27T20:20:00+00:00,521.31,521.31,521.31,521.31,0,after-market,False
2026-07-27T20:21:00+00:00,521.31,521.31,521.31,521.31,0,after-market,False
2026-07-27T20:22:00+00:00,521.26,521.26,521.18,521.18,180,after-market,False
2026-07-27T20:23:00+00:00,521.18,521.18,521.18,521.18,0,after-market,False
2026-07-27T20:24:00+00:00,521.18,521.18,521.18,521.18,0,after-market,False
2026-07-27T20:25:00+00:00,521.27,521.27,521.27,521.27,110,after-market,False
2026-07-27T20:26:00+00:00,521.27,521.27,521.27,521.27,0,after-market,False
2026-07-27T20:27:00+00:00,521.27,521.27,521.27,521.27,0,after-market,False
2026-07-27T20:28:00+00:00,521.27,521.27,521.27,521.27,0,after-market,False
2026-07-27T20:29:00+00:00,521.27,521.27,521.27,521.27,0,after-market,False
2026-07-27T20:30:00+00:00,521.27,521.27,521.27,521.27,0,after-market,False
2026-07-27T20:31:00+00:00,521.27,521.27,521.27,521.27,0,after-market,False
2026-07-27T20:32:00+00:00,521.27,521.27,521.27,521.27,0,after-market,False
2026-07-27T20:33:00+00:00,521.27,521.27,521.27,521.27,0,after-market,False
2026-07-27T20:34:00+00:00,521.27,521.27,521.27,521.27,0,after-market,False
2026-07-27T20:35:00+00:00,521.27,521.27,521.27,521.27,0,after-market,False
2026-07-27T20:36:00+00:00,521.27,521.27,521.27,521.27,0,after-market,False
2026-07-27T20:37:00+00:00,521.27,521.27,521.27,521.27,0,after-market,False
2026-07-27T20:38:00+00:00,521.27,521.27,521.27,521.27,0,after-market,False
2026-07-27T20:39:00+00:00,521.27,521.27,521.27,521.27,0,after-market,False
2026-07-27T20:40:00+00:00,521.27,521.27,521.27,521.27,0,after-market,False
2026-07-27T20:41:00+00:00,521.27,521.27,521.27,521.27,0,after-market,False
2026-07-27T20:42:00+00:00,521.27,521.27,521.27,521.27,0,after-market,False
2026-07-27T20:43:00+00:00,521.27,521.27,521.27,521.27,0,after-market,False
2026-07-27T20:44:00+00:00,521.27,521.27,521.27,521.27,0,after-market,False
2026-07-27T20:45:00+00:00,521.27,521.27,521.27,521.27,0,after-market,False
2026-07-27T20:46:00+00:00,521.27,521.27,521.27,521.27,0,after-market,False
2026-07-27T20:47:00+00:00,521.27,521.27,521.27,521.27,0,after-market,False
2026-07-27T20:48:00+00:00,521.27,521.27,521.27,521.27,0,after-market,False
2026-07-27T20:49:00+00:00,521.27,521.27,521.27,521.27,0,after-market,False
2026-07-27T20:50:00+00:00,521.68,521.68,521.68,521.68,51,after-market,False
2026-07-27T20:51:00+00:00,521.68,521.68,521.68,521.68,0,after-market,False
2026-07-27T20:52:00+00:00,521.68,521.68,521.68,521.68,0,after-market,False
2026-07-27T20:53:00+00:00,521.68,521.68,521.68,521.68,0,after-market,False
2026-07-27T20:54:00+00:00,521.68,521.68,521.68,521.68,0,after-market,False
2026-07-27T20:55:00+00:00,521.65,521.65,521.65,521.65,242,after-market,False
2026-07-27T20:56:00+00:00,521.65,521.65,521.65,521.65,0,after-market,False
2026-07-27T20:57:00+00:00,521.65,521.65,521.65,521.65,0,after-market,False
2026-07-27T20:58:00+00:00,521.65,521.65,521.65,521.65,0,after-market,False
2026-07-27T20:59:00+00:00,521.65,521.65,521.65,521.65,0,after-market,False
2026-07-27T21:00:00+00:00,521.65,521.65,521.65,521.65,0,after-market,False
2026-07-27T21:01:00+00:00,521.65,521.65,521.65,521.65,0,after-market,False
2026-07-27T21:02:00+00:00,521.65,521.65,521.65,521.65,0,after-market,False
2026-07-27T21:03:00+00:00,521.65,521.65,521.65,521.65,0,after-market,False
2026-07-27T21:04:00+00:00,521.65,521.65,521.65,521.65,0,after-market,False
2026-07-27T21:05:00+00:00,521.65,521.65,521.65,521.65,0,after-market,False
2026-07-27T21:06:00+00:00,521.65,521.65,521.65,521.65,0,after-market,False
2026-07-27T21:07:00+00:00,521.65,521.65,521.65,521.65,0,after-market,False
2026-07-27T21:08:00+00:00,521.65,521.65,521.65,521.65,0,after-market,False
2026-07-27T21:09:00+00:00,521.65,521.65,521.65,521.65,0,after-market,False
2026-07-27T21:10:00+00:00,521.65,521.65,521.65,521.65,0,after-market,False
2026-07-27T21:11:00+00:00,521.65,521.65,521.65,521.65,0,after-market,False
2026-07-27T21:12:00+00:00,521.65,521.65,521.65,521.65,0,after-market,False
2026-07-27T21:13:00+00:00,521.65,521.65,521.65,521.65,0,after-market,False
2026-07-27T21:14:00+00:00,521.65,521.65,521.65,521.65,0,after-market,False
2026-07-27T21:15:00+00:00,521.65,521.65,521.65,521.65,0,after-market,False
2026-07-27T21:16:00+00:00,521.65,521.65,521.65,521.65,0,after-market,False
2026-07-27T21:17:00+00:00,521.65,521.65,521.65,521.65,0,after-market,False
2026-07-27T21:18:00+00:00,521.65,521.65,521.65,521.65,0,after-market,False
2026-07-27T21:19:00+00:00,521.65,521.65,521.65,521.65,0,after-market,False
2026-07-27T21:20:00+00:00,521.65,521.65,521.65,521.65,0,after-market,False
2026-07-27T21:21:00+00:00,521.65,521.65,521.65,521.65,0,after-market,False
2026-07-27T21:22:00+00:00,521.65,521.65,521.65,521.65,0,after-market,False
2026-07-27T21:23:00+00:00,521.65,521.65,521.65,521.65,0,after-market,False
2026-07-27T21:24:00+00:00,521.65,521.65,521.65,521.65,0,after-market,False
2026-07-27T21:25:00+00:00,521.65,521.65,521.65,521.65,0,after-market,False
2026-07-27T21:26:00+00:00,521.65,521.65,521.65,521.65,0,after-market,False
2026-07-27T21:27:00+00:00,521.65,521.65,521.65,521.65,0,after-market,False
2026-07-27T21:28:00+00:00,521.65,521.65,521.65,521.65,0,after-market,False
2026-07-27T21:29:00+00:00,521.65,521.65,521.65,521.65,0,after-market,False
2026-07-27T21:30:00+00:00,521.65,521.65,521.65,521.65,0,after-market,False
2026-07-27T21:31:00+00:00,521.65,521.65,521.65,521.65,0,after-market,False
2026-07-27T21:32:00+00:00,521.65,521.65,521.65,521.65,0,after-market,False
2026-07-27T21:33:00+00:00,521.65,521.65,521.65,521.65,0,after-market,False
2026-07-27T21:34:00+00:00,521.65,521.65,521.65,521.65,0,after-market,False
2026-07-27T21:35:00+00:00,521.65,521.65,521.65,521.65,0,after-market,False
2026-07-27T21:36:00+00:00,521.65,521.65,521.65,521.65,0,after-market,False
2026-07-27T21:37:00+00:00,521.65,521.65,521.65,521.65,0,after-market,False
2026-07-27T21:38:00+00:00,521.65,521.65,521.65,521.65,0,after-market,False
2026-07-27T21:39:00+00:00,521.65,521.65,521.65,521.65,0,after-market,False
2026-07-27T21:40:00+00:00,521.65,521.65,521.65,521.65,0,after-market,False
2026-07-27T21:41:00+00:00,521.65,521.65,521.65,521.65,0,after-market,False
2026-07-27T21:42:00+00:00,521.65,521.65,521.65,521.65,0,after-market,False
2026-07-27T21:43:00+00:00,521.65,521.65,521.65,521.65,0,after-market,False
2026-07-27T21:44:00+00:00,521.65,521.65,521.65,521.65,0,after-market,False
2026-07-27T21:45:00+00:00,521.65,521.65,521.65,521.65,0,after-market,False
2026-07-27T21:46:00+00:00,521.65,521.65,521.65,521.65,0,after-market,False
2026-07-27T21:47:00+00:00,521.65,521.65,521.65,521.65,0,after-market,False
2026-07-27T21:48:00+00:00,521.65,521.65,521.65,521.65,0,after-market,False
2026-07-27T21:49:00+00:00,521.65,521.65,521.65,521.65,0,after-market,False
2026-07-27T21:50:00+00:00,521.65,521.65,521.65,521.65,0,after-market,False
2026-07-27T21:51:00+00:00,521.65,521.65,521.65,521.65,0,after-market,False
2026-07-27T21:52:00+00:00,521.65,521.65,521.65,521.65,0,after-market,False
2026-07-27T21:53:00+00:00,521.65,521.65,521.65,521.65,0,after-market,False
2026-07-27T21:54:00+00:00,521.65,521.65,521.65,521.65,0,after-market,False
2026-07-27T21:55:00+00:00,521.65,521.65,521.65,521.65,0,after-market,False
2026-07-27T21:56:00+00:00,521.65,521.65,521.65,521.65,0,after-market,False
2026-07-27T21:57:00+00:00,521.65,521.65,521.65,521.65,0,after-market,False
2026-07-27T21:58:00+00:00,521.65,521.65,521.65,521.65,0,after-market,False
2026-07-27T21:59:00+00:00,521.65,521.65,521.65,521.65,0,after-market,False
2026-07-27T22:00:00+00:00,521.63,521.63,521.55,521.63,1180,after-market,False
2026-07-27T22:01:00+00:00,521.63,521.63,521.63,521.63,0,after-market,False
2026-07-27T22:02:00+00:00,521.63,521.63,521.63,521.63,0,after-market,False
2026-07-27T22:03:00+00:00,521.63,521.63,521.63,521.63,0,after-market,False
2026-07-27T22:04:00+00:00,521.63,521.63,521.63,521.63,0,after-market,False
2026-07-27T22:05:00+00:00,521.63,521.63,521.63,521.63,0,after-market,False
2026-07-27T22:06:00+00:00,521.63,521.63,521.63,521.63,0,after-market,False
2026-07-27T22:07:00+00:00,521.64,521.64,521.64,521.64,90,after-market,False
2026-07-27T22:08:00+00:00,521.64,521.64,521.64,521.64,0,after-market,False
2026-07-27T22:09:00+00:00,521.64,521.64,521.64,521.64,0,after-market,False
2026-07-27T22:10:00+00:00,521.64,521.64,521.64,521.64,0,after-market,False
2026-07-27T22:11:00+00:00,521.64,521.64,521.64,521.64,0,after-market,False
2026-07-27T22:12:00+00:00,521.64,521.64,521.64,521.64,0,after-market,False
2026-07-27T22:13:00+00:00,521.64,521.64,521.64,521.64,0,after-market,False
2026-07-27T22:14:00+00:00,521.64,521.64,521.64,521.64,0,after-market,False
2026-07-27T22:15:00+00:00,521.64,521.64,521.64,521.64,0,after-market,False
2026-07-27T22:16:00+00:00,521.64,521.64,521.64,521.64,0,after-market,False
2026-07-27T22:17:00+00:00,521.64,521.64,521.64,521.64,0,after-market,False
2026-07-27T22:18:00+00:00,521.64,521.64,521.64,521.64,0,after-market,False
2026-07-27T22:19:00+00:00,521.64,521.64,521.64,521.64,0,after-market,False
2026-07-27T22:20:00+00:00,521.64,521.64,521.64,521.64,0,after-market,False
2026-07-27T22:21:00+00:00,521.64,521.64,521.64,521.64,0,after-market,False
2026-07-27T22:22:00+00:00,521.64,521.64,521.64,521.64,0,after-market,False
2026-07-27T22:23:00+00:00,521.64,521.7,521.64,521.7,2624,after-market,False
2026-07-27T22:24:00+00:00,521.65,521.65,521.65,521.65,50,after-market,False
2026-07-27T22:25:00+00:00,521.65,521.65,521.65,521.65,0,after-market,False
2026-07-27T22:26:00+00:00,521.65,521.65,521.65,521.65,0,after-market,False
2026-07-27T22:27:00+00:00,521.65,521.65,521.65,521.65,0,after-market,False
2026-07-27T22:28:00+00:00,521.65,521.65,521.65,521.65,0,after-market,False
2026-07-27T22:29:00+00:00,521.65,521.65,521.65,521.65,0,after-market,False
2026-07-27T22:30:00+00:00,521.65,521.65,521.65,521.65,0,after-market,False
2026-07-27T22:31:00+00:00,521.67,521.82,521.67,521.82,1861,after-market,False
2026-07-27T22:32:00+00:00,521.82,521.82,521.82,521.82,0,after-market,False
2026-07-27T22:33:00+00:00,521.82,521.82,521.82,521.82,0,after-market,False
2026-07-27T22:34:00+00:00,521.82,521.82,521.82,521.82,0,after-market,False
2026-07-27T22:35:00+00:00,521.82,521.82,521.82,521.82,0,after-market,False
2026-07-27T22:36:00+00:00,521.82,521.82,521.82,521.82,0,after-market,False
2026-07-27T22:37:00+00:00,521.82,521.82,521.82,521.82,0,after-market,False
2026-07-27T22:38:00+00:00,521.82,521.82,521.82,521.82,0,after-market,False
2026-07-27T22:39:00+00:00,521.82,521.82,521.82,521.82,0,after-market,False
2026-07-27T22:40:00+00:00,521.82,521.82,521.82,521.82,0,after-market,False
2026-07-27T22:41:00+00:00,521.82,521.82,521.82,521.82,0,after-market,False
2026-07-27T22:42:00+00:00,521.82,521.82,521.82,521.82,0,after-market,False
2026-07-27T22:43:00+00:00,521.65,521.65,521.65,521.65,100,after-market,False
2026-07-27T22:44:00+00:00,521.65,521.65,521.65,521.65,0,after-market,False
2026-07-27T22:45:00+00:00,521.65,521.65,521.65,521.65,0,after-market,False
2026-07-27T22:46:00+00:00,521.65,521.65,521.65,521.65,0,after-market,False
2026-07-27T22:47:00+00:00,521.65,521.65,521.65,521.65,0,after-market,False
2026-07-27T22:48:00+00:00,521.65,521.65,521.65,521.65,0,after-market,False
2026-07-27T22:49:00+00:00,521.65,521.65,521.65,521.65,0,after-market,False
2026-07-27T22:50:00+00:00,521.47,521.47,521.47,521.47,80,after-market,False
2026-07-27T22:51:00+00:00,521.52,521.52,521.52,521.52,40,after-market,False
2026-07-27T22:52:00+00:00,521.53,521.53,521.53,521.53,105,after-market,False
2026-07-27T22:53:00+00:00,521.53,521.53,521.53,521.53,0,after-market,False
2026-07-27T22:54:00+00:00,521.53,521.53,521.53,521.53,0,after-market,False
2026-07-27T22:55:00+00:00,521.53,521.53,521.53,521.53,0,after-market,False
2026-07-27T22:56:00+00:00,521.53,521.53,521.53,521.53,0,after-market,False
2026-07-27T22:57:00+00:00,521.53,521.53,521.53,521.53,0,after-market,False
2026-07-27T22:58:00+00:00,521.53,521.53,521.53,521.53,0,after-market,False
2026-07-27T22:59:00+00:00,521.53,521.53,521.53,521.53,0,after-market,False
2026-07-27T23:00:00+00:00,521.53,521.53,521.53,521.53,0,after-market,False
2026-07-27T23:01:00+00:00,521.36,521.39,521.36,521.39,1290,after-market,False
2026-07-27T23:02:00+00:00,521.39,521.39,521.39,521.39,0,after-market,False
2026-07-27T23:03:00+00:00,521.39,521.39,521.39,521.39,0,after-market,False
2026-07-27T23:04:00+00:00,521.39,521.39,521.39,521.39,0,after-market,False
2026-07-27T23:05:00+00:00,521.42,521.42,521.42,521.42,789,after-market,False
2026-07-27T23:06:00+00:00,521.42,521.42,521.42,521.42,0,after-market,False
2026-07-27T23:07:00+00:00,521.42,521.42,521.42,521.42,0,after-market,False
2026-07-27T23:08:00+00:00,521.42,521.42,521.42,521.42,0,after-market,False
2026-07-27T23:09:00+00:00,521.42,521.42,521.42,521.42,0,after-market,False
2026-07-27T23:10:00+00:00,521.42,521.42,521.42,521.42,0,after-market,False
2026-07-27T23:11:00+00:00,521.42,521.42,521.42,521.42,0,after-market,False
2026-07-27T23:12:00+00:00,521.42,521.42,521.42,521.42,0,after-market,False
2026-07-27T23:13:00+00:00,521.42,521.42,521.42,521.42,0,after-market,False
2026-07-27T23:14:00+00:00,521.43,521.43,521.43,521.43,89,after-market,False
2026-07-27T23:15:00+00:00,521.41,521.41,521.41,521.41,90,after-market,False
2026-07-27T23:16:00+00:00,521.38,521.38,521.38,521.38,90,after-market,False
2026-07-27T23:17:00+00:00,521.38,521.38,521.38,521.38,0,after-market,False
2026-07-27T23:18:00+00:00,521.38,521.38,521.38,521.38,0,after-market,False
2026-07-27T23:19:00+00:00,521.38,521.38,521.38,521.38,0,after-market,False
2026-07-27T23:20:00+00:00,521.44,521.44,521.44,521.44,90,after-market,False
2026-07-27T23:21:00+00:00,521.44,521.44,521.44,521.44,0,after-market,False
2026-07-27T23:22:00+00:00,521.44,521.44,521.44,521.44,0,after-market,False
2026-07-27T23:23:00+00:00,521.44,521.44,521.44,521.44,0,after-market,False
2026-07-27T23:24:00+00:00,521.44,521.44,521.44,521.44,0,after-market,False
2026-07-27T23:25:00+00:00,521.44,521.44,521.44,521.44,0,after-market,False
2026-07-27T23:26:00+00:00,521.44,521.44,521.44,521.44,0,after-market,False
2026-07-27T23:27:00+00:00,521.44,521.44,521.44,521.44,0,after-market,False
2026-07-27T23:28:00+00:00,521.44,521.44,521.44,521.44,0,after-market,False
2026-07-27T23:29:00+00:00,521.44,521.44,521.44,521.44,0,after-market,False
2026-07-27T23:30:00+00:00,521.44,521.44,521.44,521.44,0,after-market,False
2026-07-27T23:31:00+00:00,521.44,521.44,521.44,521.44,0,after-market,False
2026-07-27T23:32:00+00:00,521.6,521.6,521.6,521.6,85,after-market,False
2026-07-27T23:33:00+00:00,521.6,521.6,521.6,521.6,0,after-market,False
2026-07-27T23:34:00+00:00,521.6,521.6,521.6,521.6,0,after-market,False
2026-07-27T23:35:00+00:00,521.58,521.58,521.58,521.58,55,after-market,False
2026-07-27T23:36:00+00:00,521.58,521.58,521.58,521.58,0,after-market,False
2026-07-27T23:37:00+00:00,521.58,521.58,521.58,521.58,0,after-market,False
2026-07-27T23:38:00+00:00,521.58,521.58,521.58,521.58,0,after-market,False
2026-07-27T23:39:00+00:00,521.59,521.59,521.59,521.59,90,after-market,False
2026-07-27T23:40:00+00:00,521.59,521.59,521.59,521.59,0,after-market,False
2026-07-27T23:41:00+00:00,521.59,521.59,521.59,521.59,0,after-market,False
2026-07-27T23:42:00+00:00,521.56,521.56,521.56,521.56,90,after-market,False
2026-07-27T23:43:00+00:00,521.57,521.57,521.56,521.57,40,after-market,False
2026-07-27T23:44:00+00:00,521.57,521.57,521.57,521.57,0,after-market,False
2026-07-27T23:45:00+00:00,521.52,521.52,521.52,521.52,90,after-market,False
2026-07-27T23:46:00+00:00,521.5,521.5,521.48,521.48,180,after-market,False
2026-07-27T23:47:00+00:00,521.42,521.42,521.42,521.42,90,after-market,False
2026-07-27T23:48:00+00:00,521.39,521.39,521.39,521.39,90,after-market,False
2026-07-27T23:49:00+00:00,521.39,521.39,521.39,521.39,0,after-market,False
2026-07-27T23:50:00+00:00,521.39,521.39,521.39,521.39,0,after-market,False
2026-07-27T23:51:00+00:00,521.39,521.39,521.39,521.39,0,after-market,False
2026-07-27T23:52:00+00:00,521.57,521.57,521.57,521.57,90,after-market,False
2026-07-27T23:53:00+00:00,521.57,521.57,521.57,521.57,0,after-market,False
2026-07-27T23:54:00+00:00,521.57,521.57,521.57,521.57,0,after-market,False
2026-07-27T23:55:00+00:00,521.57,521.57,521.57,521.57,0,after-market,False
2026-07-27T23:56:00+00:00,521.58,521.6,521.58,521.6,290,after-market,False
2026-07-27T23:57:00+00:00,521.6,521.6,521.6,521.6,0,after-market,False
2026-07-27T23:58:00+00:00,521.6,521.6,521.6,521.6,0,after-market,False
2026-07-27T23:59:00+00:00,521.55,521.55,521.55,521.55,2530,after-market,False
2026-07-28T08:00:00+00:00,522.06,522.06,522.06,522.06,92,pre-market,False
2026-07-28T08:01:00+00:00,521.56,521.77,520.97,521.77,2448,pre-market,False
2026-07-28T08:02:00+00:00,521.55,522.32,521.45,521.9,6336,pre-market,False
2026-07-28T08:03:00+00:00,521.9,521.9,521.9,521.9,0,pre-market,False
2026-07-28T08:04:00+00:00,521.9,521.9,521.9,521.9,0,pre-market,False
2026-07-28T08:05:00+00:00,521.9,521.9,521.9,521.9,0,pre-market,False
2026-07-28T08:06:00+00:00,521.9,521.9,521.9,521.9,0,pre-market,False
2026-07-28T08:07:00+00:00,521.9,521.9,521.9,521.9,0,pre-market,False
2026-07-28T08:08:00+00:00,521.9,521.9,521.9,521.9,0,pre-market,False
2026-07-28T08:09:00+00:00,521.9,521.9,521.9,521.9,0,pre-market,False
2026-07-28T08:10:00+00:00,521.9,521.9,521.9,521.9,0,pre-market,False
2026-07-28T08:11:00+00:00,521.9,521.9,521.9,521.9,0,pre-market,False
2026-07-28T08:12:00+00:00,521.9,521.9,521.9,521.9,0,pre-market,False
2026-07-28T08:13:00+00:00,521.9,521.9,521.9,521.9,0,pre-market,False
2026-07-28T08:14:00+00:00,521.9,521.9,521.9,521.9,0,pre-market,False
2026-07-28T08:15:00+00:00,521.9,521.9,521.9,521.9,0,pre-market,False
2026-07-28T08:16:00+00:00,521.9,521.9,521.9,521.9,0,pre-market,False
2026-07-28T08:17:00+00:00,521.9,521.9,521.9,521.9,0,pre-market,False
2026-07-28T08:18:00+00:00,521.9,521.9,521.9,521.9,0,pre-market,False
2026-07-28T08:19:00+00:00,522.06,522.06,522.05,522.05,95,pre-market,False
2026-07-28T08:20:00+00:00,522.05,522.05,522.05,522.05,0,pre-market,False
2026-07-28T08:21:00+00:00,522.05,522.05,522.05,522.05,0,pre-market,False
2026-07-28T08:22:00+00:00,522.05,522.05,522.05,522.05,0,pre-market,False
2026-07-28T08:23:00+00:00,522.05,522.05,522.05,522.05,0,pre-market,False
2026-07-28T08:24:00+00:00,522.05,522.05,522.05,522.05,0,pre-market,False
2026-07-28T08:25:00+00:00,522.05,522.05,522.05,522.05,0,pre-market,False
2026-07-28T08:26:00+00:00,522.05,522.05,522.05,522.05,0,pre-market,False
2026-07-28T08:27:00+00:00,522.05,522.05,522.05,522.05,0,pre-market,False
2026-07-28T08:28:00+00:00,522.05,522.05,522.05,522.05,0,pre-market,False
2026-07-28T08:29:00+00:00,522.05,522.05,522.05,522.05,0,pre-market,False
2026-07-28T08:30:00+00:00,522.05,522.05,522.05,522.05,0,pre-market,False
2026-07-28T08:31:00+00:00,522.05,522.05,522.05,522.05,0,pre-market,False
2026-07-28T08:32:00+00:00,522.05,522.05,522.05,522.05,0,pre-market,False
2026-07-28T08:33:00+00:00,522.31,522.31,522.31,522.31,40,pre-market,False
2026-07-28T08:34:00+00:00,522.31,522.31,522.31,522.31,0,pre-market,False
2026-07-28T08:35:00+00:00,522.31,522.31,522.31,522.31,0,pre-market,False
2026-07-28T08:36:00+00:00,522.31,522.31,522.31,522.31,0,pre-market,False
2026-07-28T08:37:00+00:00,522.31,522.31,522.31,522.31,0,pre-market,False
2026-07-28T08:38:00+00:00,522.44,522.44,522.43,522.43,546,pre-market,False
2026-07-28T08:39:00+00:00,522.43,522.43,522.43,522.43,0,pre-market,False
2026-07-28T08:40:00+00:00,522.43,522.43,522.43,522.43,0,pre-market,False
2026-07-28T08:41:00+00:00,522.43,522.43,522.43,522.43,0,pre-market,False
2026-07-28T08:42:00+00:00,522.43,522.43,522.43,522.43,0,pre-market,False
2026-07-28T08:43:00+00:00,522.43,522.43,522.43,522.43,0,pre-market,False
2026-07-28T08:44:00+00:00,522.43,522.43,522.43,522.43,0,pre-market,False
2026-07-28T08:45:00+00:00,522.43,522.43,522.43,522.43,0,pre-market,False
2026-07-28T08:46:00+00:00,522.43,522.43,522.43,522.43,0,pre-market,False
2026-07-28T08:47:00+00:00,522.59,522.67,522.59,522.67,280,pre-market,False
2026-07-28T08:48:00+00:00,522.79,522.79,522.79,522.79,40,pre-market,False
2026-07-28T08:49:00+00:00,522.79,522.79,522.79,522.79,0,pre-market,False
2026-07-28T08:50:00+00:00,522.79,522.79,522.79,522.79,0,pre-market,False
2026-07-28T08:51:00+00:00,522.79,522.79,522.79,522.79,0,pre-market,False
2026-07-28T08:52:00+00:00,522.79,522.79,522.79,522.79,0,pre-market,False
2026-07-28T08:53:00+00:00,522.79,522.79,522.79,522.79,0,pre-market,False
2026-07-28T08:54:00+00:00,522.79,522.79,522.79,522.79,0,pre-market,False
2026-07-28T08:55:00+00:00,522.79,522.79,522.79,522.79,0,pre-market,False
2026-07-28T08:56:00+00:00,522.79,522.79,522.79,522.79,0,pre-market,False
2026-07-28T08:57:00+00:00,522.79,522.79,522.79,522.79,0,pre-market,False
2026-07-28T08:58:00+00:00,522.79,522.79,522.79,522.79,0,pre-market,False
2026-07-28T08:59:00+00:00,522.38,522.38,522.38,522.38,119,pre-market,False
2026-07-28T09:00:00+00:00,522.38,522.38,522.38,522.38,0,pre-market,False
2026-07-28T09:01:00+00:00,522.38,522.38,522.38,522.38,0,pre-market,False
2026-07-28T09:02:00+00:00,522.38,522.38,522.38,522.38,0,pre-market,False
2026-07-28T09:03:00+00:00,522.38,522.38,522.38,522.38,0,pre-market,False
2026-07-28T09:04:00+00:00,522.38,522.38,522.38,522.38,0,pre-market,False
2026-07-28T09:05:00+00:00,522.38,522.38,522.38,522.38,0,pre-market,False
2026-07-28T09:06:00+00:00,522.38,522.38,522.38,522.38,0,pre-market,False
2026-07-28T09:07:00+00:00,522.38,522.38,522.38,522.38,0,pre-market,False
2026-07-28T09:08:00+00:00,522.38,522.38,522.38,522.38,0,pre-market,False
2026-07-28T09:09:00+00:00,522.38,522.38,522.38,522.38,0,pre-market,False
2026-07-28T09:10:00+00:00,522.38,522.38,522.38,522.38,0,pre-market,False
2026-07-28T09:11:00+00:00,522.38,522.38,522.38,522.38,0,pre-market,False
2026-07-28T09:12:00+00:00,522.38,522.38,522.38,522.38,0,pre-market,False
2026-07-28T09:13:00+00:00,522.38,522.38,522.38,522.38,0,pre-market,False
2026-07-28T09:14:00+00:00,522.57,522.57,522.57,522.57,126,pre-market,False
2026-07-28T09:15:00+00:00,522.57,522.57,522.57,522.57,0,pre-market,False
2026-07-28T09:16:00+00:00,522.57,522.57,522.57,522.57,0,pre-market,False
2026-07-28T09:17:00+00:00,522.57,522.57,522.57,522.57,0,pre-market,False
2026-07-28T09:18:00+00:00,522.57,522.57,522.57,522.57,0,pre-market,False
2026-07-28T09:19:00+00:00,522.57,522.57,522.57,522.57,0,pre-market,False
2026-07-28T09:20:00+00:00,522.57,522.57,522.57,522.57,0,pre-market,False
2026-07-28T09:21:00+00:00,522.57,522.57,522.57,522.57,0,pre-market,False
2026-07-28T09:22:00+00:00,522.57,522.57,522.57,522.57,0,pre-market,False
2026-07-28T09:23:00+00:00,522.57,522.57,522.57,522.57,0,pre-market,False
2026-07-28T09:24:00+00:00,522.57,522.57,522.57,522.57,0,pre-market,False
2026-07-28T09:25:00+00:00,522.57,522.57,522.57,522.57,0,pre-market,False
2026-07-28T09:26:00+00:00,522.8,522.8,522.8,522.8,160,pre-market,False
2026-07-28T09:27:00+00:00,522.8,522.8,522.8,522.8,0,pre-market,False
2026-07-28T09:28:00+00:00,522.8,522.8,522.8,522.8,0,pre-market,False
2026-07-28T09:29:00+00:00,522.81,522.81,522.81,522.81,100,pre-market,False
2026-07-28T09:30:00+00:00,522.81,522.81,522.81,522.81,0,pre-market,False
2026-07-28T09:31:00+00:00,522.81,522.81,522.81,522.81,0,pre-market,False
2026-07-28T09:32:00+00:00,522.87,522.87,522.87,522.87,100,pre-market,False
2026-07-28T09:33:00+00:00,522.87,522.87,522.87,522.87,0,pre-market,False
2026-07-28T09:34:00+00:00,522.87,522.87,522.87,522.87,0,pre-market,False
2026-07-28T09:35:00+00:00,522.87,522.87,522.87,522.87,0,pre-market,False
2026-07-28T09:36:00+00:00,522.87,522.87,522.87,522.87,0,pre-market,False
2026-07-28T09:37:00+00:00,522.87,522.87,522.87,522.87,0,pre-market,False
2026-07-28T09:38:00+00:00,523.03,523.03,523.03,523.03,48,pre-market,False
2026-07-28T09:39:00+00:00,523.03,523.03,523.03,523.03,0,pre-market,False
2026-07-28T09:40:00+00:00,523.03,523.03,523.03,523.03,0,pre-market,False
2026-07-28T09:41:00+00:00,523.03,523.03,523.03,523.03,0,pre-market,False
2026-07-28T09:42:00+00:00,523.03,523.03,523.03,523.03,0,pre-market,False
2026-07-28T09:43:00+00:00,523.03,523.03,523.03,523.03,0,pre-market,False
2026-07-28T09:44:00+00:00,523.03,523.03,523.03,523.03,0,pre-market,False
2026-07-28T09:45:00+00:00,523.03,523.03,523.03,523.03,0,pre-market,False
2026-07-28T09:46:00+00:00,523.03,523.03,523.03,523.03,0,pre-market,False
2026-07-28T09:47:00+00:00,523.03,523.03,523.03,523.03,0,pre-market,False
2026-07-28T09:48:00+00:00,523.03,523.03,523.03,523.03,0,pre-market,False
2026-07-28T09:49:00+00:00,523.08,523.13,523.08,523.13,412,pre-market,False
2026-07-28T09:50:00+00:00,523.13,523.13,523.13,523.13,0,pre-market,False
2026-07-28T09:51:00+00:00,523.13,523.13,523.13,523.13,0,pre-market,False
2026-07-28T09:52:00+00:00,523.13,523.13,523.13,523.13,0,pre-market,False
2026-07-28T09:53:00+00:00,523.13,523.13,523.13,523.13,0,pre-market,False
2026-07-28T09:54:00+00:00,523.13,523.13,523.13,523.13,0,pre-market,False
2026-07-28T09:55:00+00:00,523.13,523.13,523.13,523.13,0,pre-market,False
2026-07-28T09:56:00+00:00,523.13,523.13,523.13,523.13,0,pre-market,False
2026-07-28T09:57:00+00:00,523.13,523.13,523.13,523.13,0,pre-market,False
2026-07-28T09:58:00+00:00,523.13,523.13,523.13,523.13,0,pre-market,False
2026-07-28T09:59:00+00:00,523.13,523.13,523.13,523.13,0,pre-market,False
2026-07-28T10:00:00+00:00,523.13,523.13,523.13,523.13,0,pre-market,False
2026-07-28T10:01:00+00:00,523.13,523.13,523.13,523.13,0,pre-market,False
2026-07-28T10:02:00+00:00,523.13,523.13,523.13,523.13,0,pre-market,False
2026-07-28T10:03:00+00:00,523.13,523.13,523.13,523.13,0,pre-market,False
2026-07-28T10:04:00+00:00,523.13,523.13,523.13,523.13,0,pre-market,False
2026-07-28T10:05:00+00:00,523.13,523.13,523.13,523.13,0,pre-market,False
2026-07-28T10:06:00+00:00,523.13,523.13,523.13,523.13,0,pre-market,False
2026-07-28T10:07:00+00:00,523.13,523.13,523.13,523.13,0,pre-market,False
2026-07-28T10:08:00+00:00,523.13,523.13,523.13,523.13,0,pre-market,False
2026-07-28T10:09:00+00:00,523.13,523.13,523.13,523.13,0,pre-market,False
2026-07-28T10:10:00+00:00,523.13,523.13,523.13,523.13,0,pre-market,False
2026-07-28T10:11:00+00:00,523.13,523.13,523.13,523.13,0,pre-market,False
2026-07-28T10:12:00+00:00,523.13,523.13,523.13,523.13,0,pre-market,False
2026-07-28T10:13:00+00:00,523.13,523.13,523.13,523.13,0,pre-market,False
2026-07-28T10:14:00+00:00,523.13,523.13,523.13,523.13,0,pre-market,False
2026-07-28T10:15:00+00:00,523.13,523.13,523.13,523.13,0,pre-market,False
2026-07-28T10:16:00+00:00,523.13,523.13,523.13,523.13,0,pre-market,False
2026-07-28T10:17:00+00:00,523.13,523.13,523.13,523.13,0,pre-market,False
2026-07-28T10:18:00+00:00,523.13,523.13,523.13,523.13,0,pre-market,False
2026-07-28T10:19:00+00:00,523.13,523.13,523.13,523.13,0,pre-market,False
2026-07-28T10:20:00+00:00,523.13,523.13,523.13,523.13,0,pre-market,False
2026-07-28T10:21:00+00:00,523.13,523.13,523.13,523.13,0,pre-market,False
2026-07-28T10:22:00+00:00,523.13,523.13,523.13,523.13,0,pre-market,False
2026-07-28T10:23:00+00:00,523.13,523.13,523.13,523.13,0,pre-market,False
2026-07-28T10:24:00+00:00,523.13,523.13,523.13,523.13,0,pre-market,False
2026-07-28T10:25:00+00:00,523.13,523.13,523.13,523.13,0,pre-market,False
2026-07-28T10:26:00+00:00,523.13,523.13,523.13,523.13,0,pre-market,False
2026-07-28T10:27:00+00:00,523.13,523.13,523.13,523.13,0,pre-market,False
2026-07-28T10:28:00+00:00,523.13,523.13,523.13,523.13,0,pre-market,False
2026-07-28T10:29:00+00:00,523.13,523.13,523.13,523.13,0,pre-market,False
2026-07-28T10:30:00+00:00,523.13,523.13,523.13,523.13,0,pre-market,False
2026-07-28T10:31:00+00:00,523.13,523.13,523.13,523.13,0,pre-market,False
2026-07-28T10:32:00+00:00,522.84,522.84,522.84,522.84,250,pre-market,False
2026-07-28T10:33:00+00:00,522.84,522.84,522.84,522.84,0,pre-market,False
2026-07-28T10:34:00+00:00,522.63,522.69,522.6,522.69,2569,pre-market,False
2026-07-28T10:35:00+00:00,522.69,522.69,522.69,522.69,0,pre-market,False
2026-07-28T10:36:00+00:00,522.69,522.69,522.69,522.69,0,pre-market,False
2026-07-28T10:37:00+00:00,522.69,522.69,522.69,522.69,0,pre-market,False
2026-07-28T10:38:00+00:00,522.69,522.69,522.69,522.69,0,pre-market,False
2026-07-28T10:39:00+00:00,522.69,522.69,522.69,522.69,0,pre-market,False
2026-07-28T10:40:00+00:00,522.69,522.69,522.69,522.69,0,pre-market,False
2026-07-28T10:41:00+00:00,522.69,522.69,522.69,522.69,0,pre-market,False
2026-07-28T10:42:00+00:00,522.69,522.69,522.69,522.69,0,pre-market,False
2026-07-28T10:43:00+00:00,522.69,522.69,522.69,522.69,0,pre-market,False
2026-07-28T10:44:00+00:00,522.69,522.69,522.69,522.69,0,pre-market,False
2026-07-28T10:45:00+00:00,522.69,522.69,522.69,522.69,0,pre-market,False
2026-07-28T10:46:00+00:00,522.69,522.69,522.69,522.69,0,pre-market,False
2026-07-28T10:47:00+00:00,522.69,522.69,522.69,522.69,0,pre-market,False
2026-07-28T10:48:00+00:00,522.69,522.69,522.69,522.69,0,pre-market,False
2026-07-28T10:49:00+00:00,522.81,522.86,522.81,522.86,1142,pre-market,False
2026-07-28T10:50:00+00:00,522.86,522.86,522.86,522.86,0,pre-market,False
2026-07-28T10:51:00+00:00,522.79,522.79,522.78,522.78,116,pre-market,False
2026-07-28T10:52:00+00:00,522.78,522.78,522.78,522.78,0,pre-market,False
2026-07-28T10:53:00+00:00,522.78,522.78,522.78,522.78,0,pre-market,False
2026-07-28T10:54:00+00:00,522.78,522.78,522.78,522.78,0,pre-market,False
2026-07-28T10:55:00+00:00,522.78,522.78,522.78,522.78,0,pre-market,False
2026-07-28T10:56:00+00:00,522.77,522.77,522.77,522.77,105,pre-market,False
2026-07-28T10:57:00+00:00,522.77,522.77,522.77,522.77,0,pre-market,False
2026-07-28T10:58:00+00:00,522.97,522.98,522.97,522.98,170,pre-market,False
2026-07-28T10:59:00+00:00,522.97,523.17,522.97,523.17,1338,pre-market,False
2026-07-28T11:00:00+00:00,523.18,523.84,523.12,523.84,4508,pre-market,False
2026-07-28T11:01:00+00:00,523.68,523.84,523.56,523.58,2888,pre-market,False
2026-07-28T11:02:00+00:00,523.68,524.0,523.56,524.0,8010,pre-market,False
2026-07-28T11:03:00+00:00,524.04,524.04,524.02,524.02,349,pre-market,False
2026-07-28T11:04:00+00:00,524.04,524.13,524.04,524.13,446,pre-market,False
2026-07-28T11:05:00+00:00,524.2,524.2,524.2,524.2,170,pre-market,False
2026-07-28T11:06:00+00:00,524.13,524.18,524.08,524.08,4327,pre-market,False
2026-07-28T11:07:00+00:00,524.3,524.3,524.16,524.16,798,pre-market,False
2026-07-28T11:08:00+00:00,524.24,524.24,524.1,524.2,3516,pre-market,False
2026-07-28T11:09:00+00:00,524.2,524.2,524.2,524.2,1004,pre-market,False
2026-07-28T11:10:00+00:00,524.2,524.2,524.2,524.2,0,pre-market,False
2026-07-28T11:11:00+00:00,524.06,524.06,524.03,524.03,290,pre-market,False
2026-07-28T11:12:00+00:00,524.14,524.14,524.14,524.14,100,pre-market,False
2026-07-28T11:13:00+00:00,523.95,523.95,523.93,523.93,996,pre-market,False
2026-07-28T11:14:00+00:00,523.93,524.08,523.93,524.08,2922,pre-market,False
2026-07-28T11:15:00+00:00,524.45,524.77,524.45,524.77,652,pre-market,False
2026-07-28T11:16:00+00:00,524.77,524.77,524.77,524.77,0,pre-market,False
2026-07-28T11:17:00+00:00,524.6,524.61,524.6,524.61,671,pre-market,False
2026-07-28T11:18:00+00:00,525.0,525.14,525.0,525.12,2486,pre-market,False
2026-07-28T11:19:00+00:00,524.99,524.99,524.98,524.99,136,pre-market,False
2026-07-28T11:20:00+00:00,524.93,524.93,524.93,524.93,160,pre-market,False
2026-07-28T11:21:00+00:00,524.84,524.85,524.8,524.8,500,pre-market,False
2026-07-28T11:22:00+00:00,524.8,524.8,524.8,524.8,0,pre-market,False
2026-07-28T11:23:00+00:00,524.8,524.8,524.8,524.8,0,pre-market,False
2026-07-28T11:24:00+00:00,524.8,524.8,524.8,524.8,0,pre-market,False
2026-07-28T11:25:00+00:00,524.73,524.79,524.73,524.75,426,pre-market,False
2026-07-28T11:26:00+00:00,524.75,524.75,524.75,524.75,0,pre-market,False
2026-07-28T11:27:00+00:00,524.58,524.59,524.58,524.58,48,pre-market,False
2026-07-28T11:28:00+00:00,524.58,524.58,524.58,524.58,0,pre-market,False
2026-07-28T11:29:00+00:00,524.58,524.58,524.58,524.58,0,pre-market,False
2026-07-28T11:30:00+00:00,524.64,524.73,524.15,524.67,7468,pre-market,False
2026-07-28T11:31:00+00:00,524.54,524.54,524.54,524.54,200,pre-market,False
2026-07-28T11:32:00+00:00,524.45,524.45,524.45,524.45,81,pre-market,False
2026-07-28T11:33:00+00:00,524.56,524.77,524.55,524.77,312,pre-market,False
2026-07-28T11:34:00+00:00,524.77,524.77,524.77,524.77,0,pre-market,False
2026-07-28T11:35:00+00:00,524.75,524.8,524.75,524.79,842,pre-market,False
2026-07-28T11:36:00+00:00,524.85,525.3,524.85,525.3,1655,pre-market,False
2026-07-28T11:37:00+00:00,525.07,525.11,525.07,525.11,441,pre-market,False
2026-07-28T11:38:00+00:00,525.12,525.12,525.04,525.04,1184,pre-market,False
2026-07-28T11:39:00+00:00,525.04,525.04,525.04,525.04,0,pre-market,False
2026-07-28T11:40:00+00:00,524.35,524.36,524.35,524.35,100,pre-market,False
2026-07-28T11:41:00+00:00,524.25,524.25,524.25,524.25,90,pre-market,False
2026-07-28T11:42:00+00:00,524.25,524.25,524.25,524.25,0,pre-market,False
2026-07-28T11:43:00+00:00,524.33,524.33,524.33,524.33,1000,pre-market,False
2026-07-28T11:44:00+00:00,524.33,524.33,524.33,524.33,0,pre-market,False
2026-07-28T11:45:00+00:00,524.6,524.6,524.6,524.6,90,pre-market,False
2026-07-28T11:46:00+00:00,524.69,524.72,524.69,524.72,1098,pre-market,False
2026-07-28T11:47:00+00:00,524.72,524.72,524.72,524.72,0,pre-market,False
2026-07-28T11:48:00+00:00,524.97,524.98,524.97,524.97,100,pre-market,False
2026-07-28T11:49:00+00:00,524.97,524.97,524.97,524.97,0,pre-market,False
2026-07-28T11:50:00+00:00,524.97,524.97,524.97,524.97,0,pre-market,False
2026-07-28T11:51:00+00:00,524.97,524.97,524.97,524.97,0,pre-market,False
2026-07-28T11:52:00+00:00,524.75,524.75,524.75,524.75,40,pre-market,False
2026-07-28T11:53:00+00:00,524.75,524.75,524.75,524.75,0,pre-market,False
2026-07-28T11:54:00+00:00,524.79,524.79,524.79,524.79,500,pre-market,False
2026-07-28T11:55:00+00:00,524.79,524.79,524.79,524.79,0,pre-market,False
2026-07-28T11:56:00+00:00,524.76,524.79,524.76,524.78,1782,pre-market,False
2026-07-28T11:57:00+00:00,524.78,524.89,524.78,524.89,1158,pre-market,False
2026-07-28T11:58:00+00:00,524.96,525.2,524.94,525.19,1072,pre-market,False
2026-07-28T11:59:00+00:00,525.2,525.2,525.2,525.2,172,pre-market,False
2026-07-28T12:00:00+00:00,525.23,525.23,525.23,525.23,100,pre-market,False
2026-07-28T12:01:00+00:00,525.29,525.29,525.25,525.25,1157,pre-market,False
2026-07-28T12:02:00+00:00,525.25,525.25,525.25,525.25,0,pre-market,False
2026-07-28T12:03:00+00:00,525.25,525.25,525.25,525.25,0,pre-market,False
2026-07-28T12:04:00+00:00,525.29,525.43,525.29,525.42,830,pre-market,False
2026-07-28T12:05:00+00:00,525.47,525.5,525.47,525.49,120,pre-market,False
2026-07-28T12:06:00+00:00,525.46,525.49,525.46,525.49,414,pre-market,False
2026-07-28T12:07:00+00:00,525.49,525.49,525.49,525.49,0,pre-market,False
2026-07-28T12:08:00+00:00,525.5,525.56,525.5,525.56,237,pre-market,False
2026-07-28T12:09:00+00:00,525.56,525.56,525.56,525.56,0,pre-market,False
2026-07-28T12:10:00+00:00,521.52,525.35,521.52,525.33,3720,pre-market,False
2026-07-28T12:11:00+00:00,525.33,525.33,525.33,525.33,88,pre-market,False
2026-07-28T12:12:00+00:00,525.33,525.33,525.33,525.33,0,pre-market,False
2026-07-28T12:13:00+00:00,525.33,525.33,525.33,525.33,0,pre-market,False
2026-07-28T12:14:00+00:00,525.33,525.33,525.33,525.33,0,pre-market,False
2026-07-28T12:15:00+00:00,525.38,525.38,525.37,525.38,75,pre-market,False
2026-07-28T12:16:00+00:00,525.38,525.38,525.38,525.38,0,pre-market,False
2026-07-28T12:17:00+00:00,525.35,525.35,525.35,525.35,50,pre-market,False
2026-07-28T12:18:00+00:00,525.29,525.29,525.29,525.29,46,pre-market,False
2026-07-28T12:19:00+00:00,525.31,525.35,525.31,525.35,1069,pre-market,False
2026-07-28T12:20:00+00:00,525.41,525.41,525.41,525.41,340,pre-market,False
2026-07-28T12:21:00+00:00,525.58,525.6,525.58,525.6,280,pre-market,False
2026-07-28T12:22:00+00:00,525.7,525.8,525.69,525.69,1520,pre-market,False
2026-07-28T12:23:00+00:00,525.71,525.74,525.71,525.74,1473,pre-market,False
2026-07-28T12:24:00+00:00,525.71,525.71,525.7,525.7,200,pre-market,False
2026-07-28T12:25:00+00:00,525.7,525.7,525.7,525.7,0,pre-market,False
2026-07-28T12:26:00+00:00,525.86,525.87,525.86,525.86,180,pre-market,False
2026-07-28T12:27:00+00:00,525.84,525.85,525.84,525.84,100,pre-market,False
2026-07-28T12:28:00+00:00,525.84,525.84,525.84,525.84,0,pre-market,False
2026-07-28T12:29:00+00:00,525.9,525.93,525.9,525.93,150,pre-market,False
2026-07-28T12:30:00+00:00,526.0,526.0,525.99,526.0,822,pre-market,False
2026-07-28T12:31:00+00:00,525.92,525.92,525.91,525.91,170,pre-market,False
2026-07-28T12:32:00+00:00,525.99,525.99,525.99,525.99,50,pre-market,False
2026-07-28T12:33:00+00:00,526.01,526.02,526.01,526.01,160,pre-market,False
2026-07-28T12:34:00+00:00,525.98,525.98,525.6,525.91,7105,pre-market,False
2026-07-28T12:35:00+00:00,526.04,526.06,526.0,526.06,1852,pre-market,False
2026-07-28T12:36:00+00:00,526.06,526.06,526.06,526.06,0,pre-market,False
2026-07-28T12:37:00+00:00,526.06,526.06,526.06,526.06,0,pre-market,False
2026-07-28T12:38:00+00:00,526.06,526.06,526.06,526.06,0,pre-market,False
2026-07-28T12:39:00+00:00,526.06,526.06,526.06,526.06,0,pre-market,False
2026-07-28T12:40:00+00:00,526.06,526.06,526.06,526.06,0,pre-market,False
2026-07-28T12:41:00+00:00,526.06,526.06,526.06,526.06,0,pre-market,False
2026-07-28T12:42:00+00:00,526.06,526.06,526.06,526.06,0,pre-market,False
2026-07-28T12:43:00+00:00,526.17,526.31,526.17,526.3,140,pre-market,False
2026-07-28T12:44:00+00:00,526.36,526.38,526.36,526.37,713,pre-market,False
2026-07-28T12:45:00+00:00,526.37,526.39,526.37,526.39,440,pre-market,False
2026-07-28T12:46:00+00:00,526.44,526.52,526.42,526.48,1396,pre-market,False
2026-07-28T12:47:00+00:00,526.48,526.48,526.48,526.48,0,pre-market,False
2026-07-28T12:48:00+00:00,526.48,526.48,526.48,526.48,0,pre-market,False
2026-07-28T12:49:00+00:00,526.5,526.52,526.5,526.51,1764,pre-market,False
2026-07-28T12:50:00+00:00,526.5,526.5,526.5,526.5,99,pre-market,False
2026-07-28T12:51:00+00:00,526.43,526.47,526.42,526.47,635,pre-market,False
2026-07-28T12:52:00+00:00,526.48,526.56,526.48,526.55,681,pre-market,False
2026-07-28T12:53:00+00:00,526.44,526.44,526.39,526.4,300,pre-market,False
2026-07-28T12:54:00+00:00,526.4,526.4,526.4,526.4,0,pre-market,False
2026-07-28T12:55:00+00:00,526.4,526.4,526.4,526.4,0,pre-market,False
2026-07-28T12:56:00+00:00,526.4,526.4,526.4,526.4,0,pre-market,False
2026-07-28T12:57:00+00:00,526.4,526.4,526.4,526.4,0,pre-market,False
2026-07-28T12:58:00+00:00,526.4,526.4,526.4,526.4,0,pre-market,False
2026-07-28T12:59:00+00:00,526.4,526.4,526.4,526.4,0,pre-market,False
2026-07-28T13:00:00+00:00,526.2,526.21,526.18,526.18,874,pre-market,False
2026-07-28T13:01:00+00:00,526.08,526.08,526.02,526.02,1286,pre-market,False
2026-07-28T13:02:00+00:00,526.12,526.18,526.12,526.18,1950,pre-market,False
2026-07-28T13:03:00+00:00,526.22,526.22,526.16,526.16,1933,pre-market,False
2026-07-28T13:04:00+00:00,526.26,526.26,526.25,526.26,100,pre-market,False
2026-07-28T13:05:00+00:00,526.26,526.26,526.26,526.26,0,pre-market,False
2026-07-28T13:06:00+00:00,526.26,526.26,526.26,526.26,0,pre-market,False
2026-07-28T13:07:00+00:00,526.18,526.25,526.17,526.18,2335,pre-market,False
2026-07-28T13:08:00+00:00,526.21,526.21,526.14,526.14,150,pre-market,False
2026-07-28T13:09:00+00:00,526.2,526.2,526.2,526.2,1470,pre-market,False
2026-07-28T13:10:00+00:00,526.08,526.08,526.07,526.07,490,pre-market,False
2026-07-28T13:11:00+00:00,526.07,526.07,526.07,526.07,0,pre-market,False
2026-07-28T13:12:00+00:00,526.07,526.07,526.07,526.07,0,pre-market,False
2026-07-28T13:13:00+00:00,526.05,526.06,526.03,526.04,606,pre-market,False
2026-07-28T13:14:00+00:00,526.02,526.02,526.02,526.02,378,pre-market,False
2026-07-28T13:15:00+00:00,525.97,525.97,525.96,525.97,50,pre-market,False
2026-07-28T13:16:00+00:00,526.0,526.11,526.0,526.02,2968,pre-market,False
2026-07-28T13:17:00+00:00,526.06,526.1,526.06,526.1,340,pre-market,False
2026-07-28T13:18:00+00:00,526.38,526.43,526.38,526.39,654,pre-market,False
2026-07-28T13:19:00+00:00,526.2,526.2,526.17,526.17,542,pre-market,False
2026-07-28T13:20:00+00:00,526.3,526.34,526.3,526.34,301,pre-market,False
2026-07-28T13:21:00+00:00,526.31,526.31,526.3,526.3,499,pre-market,False
2026-07-28T13:22:00+00:00,526.3,526.3,526.3,526.3,0,pre-market,False
2026-07-28T13:23:00+00:00,526.18,526.18,526.18,526.18,138,pre-market,False
2026-07-28T13:24:00+00:00,526.18,526.18,526.18,526.18,0,pre-market,False
2026-07-28T13:25:00+00:00,526.4,526.4,526.34,526.39,930,pre-market,False
2026-07-28T13:26:00+00:00,526.39,526.39,526.39,526.39,0,pre-market,False
2026-07-28T13:27:00+00:00,526.4,526.47,526.29,526.29,1420,pre-market,False
2026-07-28T13:28:00+00:00,526.5,526.5,526.31,526.31,1690,pre-market,False
2026-07-28T13:29:00+00:00,526.18,526.28,525.99,526.09,8974,pre-market,False
2026-07-28T13:31:00+00:00,525.09,525.09,524.51,524.8,167392,regular,False
2026-07-28T13:32:00+00:00,524.81,524.99,524.3,524.37,59161,regular,False
2026-07-28T13:33:00+00:00,524.31,524.91,524.31,524.43,86684,regular,False
2026-07-28T13:34:00+00:00,524.47,524.72,524.45,524.61,13001,regular,False
2026-07-28T13:35:00+00:00,524.61,525.46,524.61,525.34,73236,regular,False
2026-07-28T13:36:00+00:00,525.33,525.35,524.86,524.87,18484,regular,False
2026-07-28T13:37:00+00:00,524.95,525.21,524.73,524.77,40643,regular,False
2026-07-28T13:38:00+00:00,524.75,524.75,524.19,524.2,26336,regular,False
2026-07-28T13:39:00+00:00,524.27,524.48,524.23,524.48,21290,regular,False
2026-07-28T13:40:00+00:00,524.47,524.63,524.37,524.49,17681,regular,False
2026-07-28T13:41:00+00:00,524.45,524.59,524.2,524.24,10562,regular,False
2026-07-28T13:42:00+00:00,524.26,524.43,524.22,524.33,15017,regular,False
2026-07-28T13:43:00+00:00,524.34,524.36,523.67,523.82,51264,regular,False
2026-07-28T13:44:00+00:00,523.83,524.31,523.77,524.31,7702,regular,False
2026-07-28T13:45:00+00:00,524.31,524.6,524.17,524.28,11952,regular,False
2026-07-28T13:46:00+00:00,524.3,524.42,524.17,524.4,8812,regular,False
2026-07-28T13:47:00+00:00,524.44,524.72,524.16,524.18,11806,regular,False
2026-07-28T13:48:00+00:00,524.17,525.06,524.17,524.99,5500,regular,False
2026-07-28T13:49:00+00:00,525.07,525.14,524.86,525.13,16257,regular,False
2026-07-28T13:50:00+00:00,525.17,525.41,524.77,524.8,15077,regular,False
2026-07-28T13:51:00+00:00,524.8,524.87,524.57,524.67,7631,regular,False
2026-07-28T13:52:00+00:00,524.66,524.87,524.59,524.69,5707,regular,False
2026-07-28T13:53:00+00:00,524.68,524.85,524.39,524.84,12909,regular,False
2026-07-28T13:54:00+00:00,524.88,524.97,524.65,524.8,4492,regular,False
2026-07-28T13:55:00+00:00,524.76,524.85,524.61,524.61,5406,regular,False
2026-07-28T13:56:00+00:00,524.69,524.85,524.68,524.8,7384,regular,False
2026-07-28T13:57:00+00:00,524.82,524.82,524.6,524.7,6001,regular,False
2026-07-28T13:58:00+00:00,524.68,524.74,524.59,524.7,8412,regular,False
2026-07-28T13:59:00+00:00,524.7,524.94,524.51,524.81,9059,regular,False
2026-07-28T14:00:00+00:00,524.9,525.23,524.9,525.13,9056,regular,False
2026-07-28T14:01:00+00:00,525.09,525.24,524.86,524.86,5166,regular,False
2026-07-28T14:02:00+00:00,524.94,525.12,524.91,524.97,3524,regular,False
2026-07-28T14:03:00+00:00,525.1,525.31,524.99,525.26,4821,regular,False
2026-07-28T14:04:00+00:00,525.23,525.39,525.22,525.27,2388,regular,False
2026-07-28T14:05:00+00:00,525.18,525.31,525.14,525.31,3758,regular,False
2026-07-28T14:06:00+00:00,525.39,525.39,525.13,525.24,5034,regular,False
2026-07-28T14:07:00+00:00,525.22,525.5,525.18,525.37,5897,regular,False
2026-07-28T14:08:00+00:00,525.36,525.57,525.11,525.54,12745,regular,False
2026-07-28T14:09:00+00:00,525.56,525.64,525.32,525.32,13076,regular,False
2026-07-28T14:10:00+00:00,525.33,525.7,525.32,525.61,12419,regular,False
2026-07-28T14:11:00+00:00,525.63,525.75,525.5,525.55,8711,regular,False
2026-07-28T14:12:00+00:00,525.53,525.64,525.22,525.24,4158,regular,False
2026-07-28T14:13:00+00:00,525.25,525.41,525.22,525.25,5400,regular,False
2026-07-28T14:14:00+00:00,525.24,525.25,525.12,525.24,9186,regular,False
2026-07-28T14:15:00+00:00,525.41,525.96,525.41,525.87,12036,regular,False
2026-07-28T14:16:00+00:00,525.85,525.85,525.59,525.59,7916,regular,False
2026-07-28T14:17:00+00:00,525.65,525.67,525.4,525.48,49663,regular,False
2026-07-28T14:18:00+00:00,525.52,525.73,525.46,525.59,6931,regular,False
2026-07-28T14:19:00+00:00,525.64,525.69,525.43,525.43,6640,regular,False
2026-07-28T14:20:00+00:00,525.46,525.59,525.43,525.44,3611,regular,False
2026-07-28T14:21:00+00:00,525.45,525.59,525.28,525.52,5648,regular,False
2026-07-28T14:22:00+00:00,525.56,525.72,525.42,525.5,12748,regular,False
2026-07-28T14:23:00+00:00,525.48,525.83,525.45,525.83,5754,regular,False
2026-07-28T14:24:00+00:00,525.87,525.96,525.72,525.72,5344,regular,False
2026-07-28T14:25:00+00:00,525.76,525.87,525.67,525.73,2277,regular,False
2026-07-28T14:26:00+00:00,525.76,525.76,525.55,525.62,10946,regular,False
2026-07-28T14:27:00+00:00,525.63,525.68,525.5,525.5,5575,regular,False
2026-07-28T14:28:00+00:00,525.5,525.52,525.36,525.36,2492,regular,False
2026-07-28T14:29:00+00:00,525.34,525.55,525.32,525.51,1205,regular,False
2026-07-28T14:30:00+00:00,525.54,525.63,525.4,525.4,7557,regular,False
2026-07-28T14:31:00+00:00,525.33,525.55,525.33,525.45,6989,regular,False
2026-07-28T14:32:00+00:00,525.51,525.52,525.23,525.31,4762,regular,False
2026-07-28T14:33:00+00:00,525.24,525.33,525.2,525.32,3026,regular,False
2026-07-28T14:34:00+00:00,525.4,525.47,525.13,525.15,5519,regular,False
2026-07-28T14:35:00+00:00,525.14,525.15,524.95,525.14,10576,regular,False
2026-07-28T14:36:00+00:00,525.19,525.49,525.17,525.48,8393,regular,False
2026-07-28T14:37:00+00:00,525.51,525.7,525.34,525.39,7847,regular,False
2026-07-28T14:38:00+00:00,525.37,525.41,525.05,525.06,3010,regular,False
2026-07-28T14:39:00+00:00,525.07,525.07,524.74,524.74,21374,regular,False
2026-07-28T14:40:00+00:00,524.74,525.0,524.7,525.0,6395,regular,False
2026-07-28T14:41:00+00:00,524.99,525.26,524.95,525.26,5605,regular,False
2026-07-28T14:42:00+00:00,525.28,525.33,525.0,525.1,4044,regular,False
2026-07-28T14:43:00+00:00,525.04,525.32,525.04,525.22,4066,regular,False
2026-07-28T14:44:00+00:00,525.24,525.31,525.06,525.06,2520,regular,False
2026-07-28T14:45:00+00:00,525.08,525.25,524.93,524.97,3750,regular,False
2026-07-28T14:46:00+00:00,524.94,525.05,524.93,525.01,3321,regular,False
2026-07-28T14:47:00+00:00,525.04,525.13,524.93,525.13,5524,regular,False
2026-07-28T14:48:00+00:00,525.09,525.21,525.04,525.19,8823,regular,False
2026-07-28T14:49:00+00:00,525.25,525.38,525.16,525.3,3635,regular,False
2026-07-28T14:50:00+00:00,525.33,525.44,525.28,525.44,5939,regular,False
2026-07-28T14:51:00+00:00,525.42,525.61,525.41,525.57,4089,regular,False
2026-07-28T14:52:00+00:00,525.62,525.64,525.24,525.39,10227,regular,False
2026-07-28T14:53:00+00:00,525.47,525.75,525.47,525.68,8054,regular,False
2026-07-28T14:54:00+00:00,525.7,525.77,525.62,525.71,1779,regular,False
2026-07-28T14:55:00+00:00,525.8,526.08,525.79,526.06,6408,regular,False
2026-07-28T14:56:00+00:00,526.05,526.05,525.75,525.75,2005,regular,False
2026-07-28T14:57:00+00:00,525.72,525.72,525.47,525.48,45866,regular,False
2026-07-28T14:58:00+00:00,525.52,525.52,525.18,525.2,1864,regular,False
2026-07-28T14:59:00+00:00,525.18,525.3,525.03,525.1,2657,regular,False
2026-07-28T15:00:00+00:00,525.06,525.29,525.05,525.29,1368,regular,False
2026-07-28T15:01:00+00:00,525.35,525.38,525.25,525.36,1579,regular,False
2026-07-28T15:02:00+00:00,525.37,525.37,525.21,525.23,2033,regular,False
2026-07-28T15:03:00+00:00,525.2,525.2,524.86,524.89,135836,regular,False
2026-07-28T15:04:00+00:00,524.88,524.94,524.72,524.82,5247,regular,False
2026-07-28T15:05:00+00:00,524.82,524.88,524.74,524.87,4163,regular,False
2026-07-28T15:06:00+00:00,524.96,525.16,524.96,525.08,4461,regular,False
2026-07-28T15:07:00+00:00,525.08,525.14,524.99,525.09,3852,regular,False
2026-07-28T15:08:00+00:00,525.14,525.14,525.04,525.06,1512,regular,False
2026-07-28T15:09:00+00:00,525.05,525.25,524.99,525.24,5841,regular,False
2026-07-28T15:10:00+00:00,525.24,525.66,525.24,525.28,19003,regular,False
2026-07-28T15:11:00+00:00,525.33,525.64,525.2,525.58,102939,regular,False
2026-07-28T15:12:00+00:00,525.58,526.19,525.55,525.98,22404,regular,False
2026-07-28T15:13:00+00:00,525.99,525.99,525.7,525.8,8764,regular,False
2026-07-28T15:14:00+00:00,525.89,526.08,525.89,525.91,15466,regular,False
2026-07-28T15:15:00+00:00,525.94,526.22,525.94,526.17,9166,regular,False
2026-07-28T15:16:00+00:00,526.18,526.43,526.18,526.32,25043,regular,False
2026-07-28T15:17:00+00:00,526.3,526.38,526.0,526.36,12403,regular,False
2026-07-28T15:18:00+00:00,526.35,526.82,526.32,526.79,19231,regular,False
2026-07-28T15:19:00+00:00,526.74,526.83,526.64,526.81,5448,regular,False
2026-07-28T15:20:00+00:00,526.83,527.22,526.83,527.16,33469,regular,False
2026-07-28T15:21:00+00:00,527.09,527.19,526.96,527.02,7961,regular,False
2026-07-28T15:22:00+00:00,527.0,527.21,526.97,526.97,5610,regular,False
2026-07-28T15:23:00+00:00,526.96,527.03,526.82,526.97,16046,regular,False
2026-07-28T15:24:00+00:00,526.99,527.33,526.95,527.29,7560,regular,False
2026-07-28T15:25:00+00:00,527.29,527.32,527.19,527.31,4555,regular,False
2026-07-28T15:26:00+00:00,527.33,527.69,527.33,527.64,11927,regular,False
2026-07-28T15:27:00+00:00,527.62,527.62,527.39,527.4,3297,regular,False
2026-07-28T15:28:00+00:00,527.36,527.4,527.04,527.18,138455,regular,False
2026-07-28T15:29:00+00:00,527.18,527.19,527.08,527.17,6124,regular,False
2026-07-28T15:30:00+00:00,527.12,527.36,527.08,527.19,4629,regular,False
2026-07-28T15:31:00+00:00,527.21,527.25,527.12,527.25,1872,regular,False
2026-07-28T15:32:00+00:00,527.2,527.2,526.91,526.98,3667,regular,False
2026-07-28T15:33:00+00:00,527.02,527.22,526.99,527.22,1829,regular,False
2026-07-28T15:34:00+00:00,527.16,527.2,527.06,527.07,1615,regular,False
2026-07-28T15:35:00+00:00,527.08,527.24,527.04,527.24,2430,regular,False
2026-07-28T15:36:00+00:00,527.28,527.44,527.25,527.42,7009,regular,False
2026-07-28T15:37:00+00:00,527.41,527.62,527.41,527.53,89783,regular,False
2026-07-28T15:38:00+00:00,527.5,527.62,527.45,527.45,53846,regular,False
2026-07-28T15:39:00+00:00,527.45,527.59,527.4,527.5,3502,regular,False
2026-07-28T15:40:00+00:00,527.5,527.63,527.47,527.63,3142,regular,False
2026-07-28T15:41:00+00:00,527.68,527.69,527.48,527.63,19849,regular,False
2026-07-28T15:42:00+00:00,527.63,527.69,527.51,527.59,6084,regular,False
2026-07-28T15:43:00+00:00,527.56,527.74,527.56,527.7,5400,regular,False
2026-07-28T15:44:00+00:00,527.69,527.8,527.66,527.8,11663,regular,False
2026-07-28T15:45:00+00:00,527.77,527.82,527.69,527.74,2437,regular,False
2026-07-28T15:46:00+00:00,527.78,527.88,527.74,527.86,11124,regular,False
2026-07-28T15:47:00+00:00,527.86,527.88,527.76,527.77,2856,regular,False
2026-07-28T15:48:00+00:00,527.76,527.93,527.76,527.87,20719,regular,False
2026-07-28T15:49:00+00:00,527.92,527.97,527.9,527.97,2264,regular,False
2026-07-28T15:50:00+00:00,527.98,528.02,527.65,527.71,5365,regular,False
2026-07-28T15:51:00+00:00,527.72,527.78,527.63,527.77,3866,regular,False
2026-07-28T15:52:00+00:00,527.78,527.86,527.74,527.86,1875,regular,False
2026-07-28T15:53:00+00:00,527.85,528.09,527.84,528.06,4611,regular,False
2026-07-28T15:54:00+00:00,528.05,528.06,527.94,528.01,2968,regular,False
2026-07-28T15:55:00+00:00,528.05,528.07,527.97,528.0,2950,regular,False
2026-07-28T15:56:00+00:00,528.01,528.05,527.9,528.05,2218,regular,False
2026-07-28T15:57:00+00:00,528.07,528.17,528.01,528.17,2586,regular,False
2026-07-28T15:58:00+00:00,528.18,528.19,528.04,528.08,3161,regular,False
2026-07-28T15:59:00+00:00,528.08,528.17,528.07,528.07,5709,regular,False
2026-07-28T16:00:00+00:00,528.07,528.11,527.96,528.09,8089,regular,False
2026-07-28T16:01:00+00:00,528.09,528.09,527.93,527.95,2152,regular,False
2026-07-28T16:02:00+00:00,527.95,527.98,527.81,527.82,2755,regular,False
2026-07-28T16:03:00+00:00,527.84,527.89,527.81,527.87,859,regular,False
2026-07-28T16:04:00+00:00,527.86,527.88,527.79,527.8,1597,regular,False
2026-07-28T16:05:00+00:00,527.82,527.86,527.72,527.81,6007,regular,False
2026-07-28T16:06:00+00:00,527.83,528.07,527.82,528.07,4674,regular,False
2026-07-28T16:07:00+00:00,528.05,528.05,527.97,527.97,1614,regular,False
2026-07-28T16:08:00+00:00,527.98,528.02,527.93,527.98,2014,regular,False
2026-07-28T16:09:00+00:00,527.99,528.04,527.94,527.96,2041,regular,False
2026-07-28T16:10:00+00:00,527.99,528.0,527.89,527.9,1206,regular,False
2026-07-28T16:11:00+00:00,527.9,528.06,527.89,528.06,5151,regular,False
2026-07-28T16:12:00+00:00,528.07,528.11,528.03,528.05,2041,regular,False
2026-07-28T16:13:00+00:00,528.06,528.08,528.0,528.0,1550,regular,False
2026-07-28T16:14:00+00:00,528.01,528.07,528.0,528.07,3048,regular,False
2026-07-28T16:15:00+00:00,528.06,528.1,527.99,528.01,3724,regular,False
2026-07-28T16:16:00+00:00,527.99,527.99,527.77,527.88,102664,regular,False
2026-07-28T16:17:00+00:00,527.9,527.94,527.78,527.78,9364,regular,False
2026-07-28T16:18:00+00:00,527.79,527.87,527.71,527.73,9169,regular,False
2026-07-28T16:19:00+00:00,527.73,527.98,527.72,527.97,6970,regular,False
2026-07-28T16:20:00+00:00,527.98,528.04,527.9,527.96,5822,regular,False
2026-07-28T16:21:00+00:00,527.95,528.05,527.95,528.03,4598,regular,False
2026-07-28T16:22:00+00:00,528.03,528.05,527.89,527.89,2554,regular,False
2026-07-28T16:23:00+00:00,527.88,527.97,527.85,527.95,5395,regular,False
2026-07-28T16:24:00+00:00,527.95,527.95,527.87,527.94,1574,regular,False
2026-07-28T16:25:00+00:00,527.96,528.04,527.94,528.04,737,regular,False
2026-07-28T16:26:00+00:00,528.04,528.04,528.01,528.03,1297,regular,False
2026-07-28T16:27:00+00:00,528.06,528.08,527.93,527.93,1520,regular,False
2026-07-28T16:28:00+00:00,527.97,528.0,527.92,527.92,353,regular,False
2026-07-28T16:29:00+00:00,527.94,527.94,527.78,527.78,557,regular,False
2026-07-28T16:30:00+00:00,527.82,527.88,527.79,527.87,749,regular,False
2026-07-28T16:31:00+00:00,527.87,527.9,527.84,527.84,1268,regular,False
2026-07-28T16:32:00+00:00,527.83,527.91,527.82,527.89,1752,regular,False
2026-07-28T16:33:00+00:00,527.91,527.93,527.81,527.81,1700,regular,False
2026-07-28T16:34:00+00:00,527.82,527.89,527.8,527.81,2489,regular,False
2026-07-28T16:35:00+00:00,527.83,527.92,527.83,527.86,844,regular,False
2026-07-28T16:36:00+00:00,527.88,527.92,527.76,527.76,1100,regular,False
2026-07-28T16:37:00+00:00,527.75,527.84,527.73,527.82,1699,regular,False
2026-07-28T16:38:00+00:00,527.85,527.95,527.76,527.91,3267,regular,False
2026-07-28T16:39:00+00:00,527.89,527.91,527.84,527.88,1392,regular,False
2026-07-28T16:40:00+00:00,527.89,527.94,527.82,527.82,4987,regular,False
2026-07-28T16:41:00+00:00,527.84,528.0,527.8,528.0,5336,regular,False
2026-07-28T16:42:00+00:00,528.0,528.06,527.98,528.04,2236,regular,False
2026-07-28T16:43:00+00:00,528.06,528.09,528.02,528.09,1360,regular,False
2026-07-28T16:44:00+00:00,528.08,528.1,527.95,527.98,5803,regular,False
2026-07-28T16:45:00+00:00,528.01,528.05,527.82,527.84,3766,regular,False
2026-07-28T16:46:00+00:00,527.83,527.9,527.68,527.7,2821,regular,False
2026-07-28T16:47:00+00:00,527.75,527.81,527.73,527.75,1616,regular,False
2026-07-28T16:48:00+00:00,527.76,527.76,527.62,527.64,1894,regular,False
2026-07-28T16:49:00+00:00,527.67,527.8,527.66,527.8,1699,regular,False
2026-07-28T16:50:00+00:00,527.77,528.0,527.77,527.99,2258,regular,False
2026-07-28T16:51:00+00:00,528.07,528.16,528.06,528.15,2011,regular,False
2026-07-28T16:52:00+00:00,528.14,528.14,528.12,528.12,2380,regular,False
2026-07-28T16:53:00+00:00,528.12,528.12,528.06,528.06,3023,regular,False
2026-07-28T16:54:00+00:00,528.08,528.1,528.04,528.1,1636,regular,False
2026-07-28T16:55:00+00:00,528.1,528.17,528.05,528.15,12665,regular,False
2026-07-28T16:56:00+00:00,528.17,528.25,528.09,528.24,4123,regular,False
2026-07-28T16:57:00+00:00,528.24,528.24,528.17,528.21,881,regular,False
2026-07-28T16:58:00+00:00,528.19,528.23,528.16,528.23,1351,regular,False
2026-07-28T16:59:00+00:00,528.21,528.23,528.14,528.2,3283,regular,False
2026-07-28T17:00:00+00:00,528.18,528.3,528.14,528.28,2331,regular,False
2026-07-28T17:01:00+00:00,528.3,528.37,528.28,528.28,1608,regular,False
2026-07-28T17:02:00+00:00,528.23,528.23,528.11,528.18,2314,regular,False
2026-07-28T17:03:00+00:00,528.19,528.21,528.12,528.17,5620,regular,False
2026-07-28T17:04:00+00:00,528.17,528.23,528.17,528.2,1350,regular,False
2026-07-28T17:05:00+00:00,528.22,528.38,528.19,528.36,1637,regular,False
2026-07-28T17:06:00+00:00,528.32,528.4,528.12,528.23,7455,regular,False
2026-07-28T17:07:00+00:00,528.22,528.23,528.1,528.15,5587,regular,False
2026-07-28T17:08:00+00:00,528.17,528.21,528.07,528.08,3378,regular,False
2026-07-28T17:09:00+00:00,528.07,528.08,527.97,527.98,1527,regular,False
2026-07-28T17:10:00+00:00,527.94,527.94,527.73,527.81,3108,regular,False
2026-07-28T17:11:00+00:00,527.83,527.99,527.77,527.97,4694,regular,False
2026-07-28T17:12:00+00:00,527.96,528.02,527.94,527.95,1456,regular,False
2026-07-28T17:13:00+00:00,527.97,527.98,527.76,527.77,2256,regular,False
2026-07-28T17:14:00+00:00,527.78,527.82,527.7,527.82,9666,regular,False
2026-07-28T17:15:00+00:00,527.82,527.97,527.81,527.9,2589,regular,False
2026-07-28T17:16:00+00:00,527.9,527.96,527.88,527.96,1298,regular,False
2026-07-28T17:17:00+00:00,527.99,527.99,527.8,527.8,2700,regular,False
2026-07-28T17:18:00+00:00,527.84,527.87,527.79,527.8,2155,regular,False
2026-07-28T17:19:00+00:00,527.83,528.0,527.8,527.99,5757,regular,False
2026-07-28T17:20:00+00:00,527.96,528.3,527.9,528.26,34678,regular,False
2026-07-28T17:21:00+00:00,528.25,528.47,528.14,528.14,5686,regular,False
2026-07-28T17:22:00+00:00,528.19,528.19,528.02,528.09,2073,regular,False
2026-07-28T17:23:00+00:00,528.13,528.34,528.13,528.2,7095,regular,False
2026-07-28T17:24:00+00:00,528.24,528.27,528.06,528.06,2450,regular,False
2026-07-28T17:25:00+00:00,528.07,528.07,527.97,527.98,6338,regular,False
2026-07-28T17:26:00+00:00,527.99,528.09,527.98,528.09,10467,regular,False
2026-07-28T17:27:00+00:00,528.1,528.22,528.1,528.13,9394,regular,False
2026-07-28T17:28:00+00:00,528.11,528.14,527.91,527.91,3051,regular,False
2026-07-28T17:29:00+00:00,527.9,527.93,527.79,527.79,3254,regular,False
2026-07-28T17:30:00+00:00,527.76,527.8,527.62,527.62,3764,regular,False
2026-07-28T17:31:00+00:00,527.62,527.62,527.53,527.54,8021,regular,False
2026-07-28T17:32:00+00:00,527.52,527.6,527.51,527.55,2352,regular,False
2026-07-28T17:33:00+00:00,527.56,527.83,527.54,527.81,5213,regular,False
2026-07-28T17:34:00+00:00,527.85,527.97,527.84,527.93,1956,regular,False
2026-07-28T17:35:00+00:00,527.93,528.06,527.93,527.95,2446,regular,False
2026-07-28T17:36:00+00:00,527.89,527.94,527.87,527.91,1249,regular,False
2026-07-28T17:37:00+00:00,527.94,528.0,527.94,527.98,1934,regular,False
2026-07-28T17:38:00+00:00,527.97,527.98,527.87,527.93,1549,regular,False
2026-07-28T17:39:00+00:00,527.91,527.91,527.72,527.74,1966,regular,False
2026-07-28T17:40:00+00:00,527.74,527.87,527.74,527.84,16117,regular,False
2026-07-28T17:41:00+00:00,527.83,527.83,527.7,527.7,1995,regular,False
2026-07-28T17:42:00+00:00,527.65,527.66,527.55,527.56,851,regular,False
2026-07-28T17:43:00+00:00,527.55,527.55,527.37,527.37,3544,regular,False
2026-07-28T17:44:00+00:00,527.37,527.37,527.31,527.35,2506,regular,False
2026-07-28T17:45:00+00:00,527.34,527.42,527.28,527.29,1438,regular,False
2026-07-28T17:46:00+00:00,527.31,527.38,527.31,527.37,392,regular,False
2026-07-28T17:47:00+00:00,527.43,527.48,527.38,527.4,1214,regular,False
2026-07-28T17:48:00+00:00,527.44,527.66,527.41,527.63,11140,regular,False
2026-07-28T17:49:00+00:00,527.63,527.69,527.51,527.67,2970,regular,False
2026-07-28T17:50:00+00:00,527.65,527.65,527.44,527.49,1672,regular,False
2026-07-28T17:51:00+00:00,527.47,527.51,527.44,527.49,1400,regular,False
2026-07-28T17:52:00+00:00,527.48,527.55,527.43,527.43,1376,regular,False
2026-07-28T17:53:00+00:00,527.44,527.49,527.41,527.44,3805,regular,False
2026-07-28T17:54:00+00:00,527.44,527.45,527.28,527.32,6762,regular,False
2026-07-28T17:55:00+00:00,527.33,527.4,527.19,527.2,1560,regular,False
2026-07-28T17:56:00+00:00,527.23,527.41,527.23,527.41,1534,regular,False
2026-07-28T17:57:00+00:00,527.43,527.45,527.37,527.38,1530,regular,False
2026-07-28T17:58:00+00:00,527.38,527.38,527.27,527.34,2112,regular,False
2026-07-28T17:59:00+00:00,527.37,527.4,527.36,527.38,1400,regular,False
2026-07-28T18:00:00+00:00,527.36,527.56,527.32,527.56,724,regular,False
2026-07-28T18:01:00+00:00,527.52,527.58,527.5,527.5,2188,regular,False
2026-07-28T18:02:00+00:00,527.54,527.58,527.38,527.38,1385,regular,False
2026-07-28T18:03:00+00:00,527.41,527.48,527.39,527.47,1428,regular,False
2026-07-28T18:04:00+00:00,527.45,527.45,527.35,527.38,701,regular,False
2026-07-28T18:05:00+00:00,527.44,527.46,527.37,527.37,1099,regular,False
2026-07-28T18:06:00+00:00,527.37,527.45,527.37,527.41,2300,regular,False
2026-07-28T18:07:00+00:00,527.41,527.41,527.29,527.31,1396,regular,False
2026-07-28T18:08:00+00:00,527.25,527.28,527.22,527.25,2372,regular,False
2026-07-28T18:09:00+00:00,527.25,527.28,527.22,527.28,4404,regular,False
2026-07-28T18:10:00+00:00,527.28,527.35,527.16,527.17,3398,regular,False
2026-07-28T18:11:00+00:00,527.19,527.21,527.09,527.11,1045,regular,False
2026-07-28T18:12:00+00:00,527.11,527.22,527.11,527.18,1362,regular,False
2026-07-28T18:13:00+00:00,527.2,527.2,527.03,527.1,2094,regular,False
2026-07-28T18:14:00+00:00,527.1,527.1,526.98,526.98,1591,regular,False
2026-07-28T18:15:00+00:00,526.94,527.09,526.93,527.09,1746,regular,False
2026-07-28T18:16:00+00:00,527.09,527.18,527.04,527.15,2111,regular,False
2026-07-28T18:17:00+00:00,527.14,527.14,526.99,527.04,1896,regular,False
2026-07-28T18:18:00+00:00,527.11,527.18,527.1,527.18,1993,regular,False
2026-07-28T18:19:00+00:00,527.16,527.23,527.15,527.16,1268,regular,False
2026-07-28T18:20:00+00:00,527.17,527.21,527.06,527.18,1790,regular,False
2026-07-28T18:21:00+00:00,527.17,527.17,526.97,526.97,1473,regular,False
2026-07-28T18:22:00+00:00,527.0,527.1,527.0,527.06,3613,regular,False
2026-07-28T18:23:00+00:00,527.12,527.13,526.83,526.84,3026,regular,False
2026-07-28T18:24:00+00:00,526.85,526.95,526.83,526.87,988,regular,False
2026-07-28T18:25:00+00:00,526.8,526.86,526.8,526.86,1313,regular,False
2026-07-28T18:26:00+00:00,526.93,526.93,526.86,526.86,680,regular,False
2026-07-28T18:27:00+00:00,526.87,526.98,526.87,526.97,1054,regular,False
2026-07-28T18:28:00+00:00,527.0,527.02,526.88,526.98,1564,regular,False
2026-07-28T18:29:00+00:00,526.97,527.03,526.96,526.96,1335,regular,False
2026-07-28T18:30:00+00:00,526.93,527.05,526.9,527.05,2968,regular,False
2026-07-28T18:31:00+00:00,527.04,527.04,526.91,526.98,3507,regular,False
2026-07-28T18:32:00+00:00,526.99,527.06,526.94,526.96,1210,regular,False
2026-07-28T18:33:00+00:00,526.98,527.1,526.93,526.95,1256,regular,False
2026-07-28T18:34:00+00:00,526.99,527.17,526.98,527.14,2774,regular,False
2026-07-28T18:35:00+00:00,527.13,527.15,527.03,527.05,1214,regular,False
2026-07-28T18:36:00+00:00,527.11,527.11,527.06,527.11,450,regular,False
2026-07-28T18:37:00+00:00,527.11,527.29,527.1,527.29,1149,regular,False
2026-07-28T18:38:00+00:00,527.28,527.28,527.24,527.28,1338,regular,False
2026-07-28T18:39:00+00:00,527.28,527.28,527.16,527.21,1327,regular,False
2026-07-28T18:40:00+00:00,527.22,527.22,526.95,526.96,1030,regular,False
2026-07-28T18:41:00+00:00,526.98,527.08,526.97,527.03,1277,regular,False
2026-07-28T18:42:00+00:00,527.03,527.12,527.02,527.08,4911,regular,False
2026-07-28T18:43:00+00:00,527.08,527.21,527.07,527.18,2310,regular,False
2026-07-28T18:44:00+00:00,527.24,527.27,527.21,527.24,1697,regular,False
2026-07-28T18:45:00+00:00,527.24,527.41,527.24,527.41,4529,regular,False
2026-07-28T18:46:00+00:00,527.41,527.52,527.36,527.51,9998,regular,False
2026-07-28T18:47:00+00:00,527.5,527.59,527.5,527.55,3204,regular,False
2026-07-28T18:48:00+00:00,527.55,527.56,527.49,527.56,1484,regular,False
2026-07-28T18:49:00+00:00,527.53,527.58,527.48,527.5,4586,regular,False
2026-07-28T18:50:00+00:00,527.5,527.53,527.42,527.46,6559,regular,False
2026-07-28T18:51:00+00:00,527.47,527.6,527.47,527.6,4074,regular,False
2026-07-28T18:52:00+00:00,527.6,527.6,527.51,527.51,1561,regular,False
2026-07-28T18:53:00+00:00,527.52,527.62,527.45,527.48,3121,regular,False
2026-07-28T18:54:00+00:00,527.48,527.52,527.41,527.42,1638,regular,False
2026-07-28T18:55:00+00:00,527.44,527.46,527.35,527.46,2100,regular,False
2026-07-28T18:56:00+00:00,527.44,527.5,527.41,527.41,1379,regular,False
2026-07-28T18:57:00+00:00,527.49,527.57,527.48,527.53,920,regular,False
2026-07-28T18:58:00+00:00,527.55,527.55,527.47,527.49,691,regular,False
2026-07-28T18:59:00+00:00,527.5,527.5,527.43,527.44,880,regular,False
2026-07-28T19:00:00+00:00,527.4,527.45,527.29,527.33,4482,regular,False
2026-07-28T19:01:00+00:00,527.35,527.36,527.26,527.32,3436,regular,False
2026-07-28T19:02:00+00:00,527.33,527.43,527.31,527.43,4455,regular,False
2026-07-28T19:03:00+00:00,527.42,527.47,527.38,527.41,4047,regular,False
2026-07-28T19:04:00+00:00,527.39,527.4,527.23,527.39,14469,regular,False
2026-07-28T19:05:00+00:00,527.38,527.46,527.34,527.4,3631,regular,False
2026-07-28T19:06:00+00:00,527.42,527.49,527.39,527.39,6109,regular,False
2026-07-28T19:07:00+00:00,527.41,527.56,527.39,527.54,5076,regular,False
2026-07-28T19:08:00+00:00,527.56,527.56,527.43,527.43,5835,regular,False
2026-07-28T19:09:00+00:00,527.39,527.4,527.3,527.34,1643,regular,False
2026-07-28T19:10:00+00:00,527.38,527.51,527.35,527.35,2545,regular,False
2026-07-28T19:11:00+00:00,527.37,527.43,527.36,527.43,1240,regular,False
2026-07-28T19:12:00+00:00,527.43,527.5,527.38,527.5,3272,regular,False
2026-07-28T19:13:00+00:00,527.5,527.51,527.36,527.4,1842,regular,False
2026-07-28T19:14:00+00:00,527.38,527.38,527.27,527.33,3593,regular,False
2026-07-28T19:15:00+00:00,527.33,527.39,527.32,527.33,3651,regular,False
2026-07-28T19:16:00+00:00,527.31,527.42,527.28,527.42,1933,regular,False
2026-07-28T19:17:00+00:00,527.43,527.53,527.43,527.47,5722,regular,False
2026-07-28T19:18:00+00:00,527.48,527.56,527.45,527.56,7009,regular,False
2026-07-28T19:19:00+00:00,527.54,527.54,527.42,527.45,3105,regular,False
2026-07-28T19:20:00+00:00,527.48,527.52,527.45,527.52,2184,regular,False
2026-07-28T19:21:00+00:00,527.5,527.53,527.46,527.49,2129,regular,False
2026-07-28T19:22:00+00:00,527.48,527.5,527.34,527.37,2434,regular,False
2026-07-28T19:23:00+00:00,527.37,527.4,527.3,527.35,6435,regular,False
2026-07-28T19:24:00+00:00,527.37,527.43,527.36,527.36,46732,regular,False
2026-07-28T19:25:00+00:00,527.36,527.36,527.23,527.25,52932,regular,False
2026-07-28T19:26:00+00:00,527.22,527.24,527.12,527.13,14137,regular,False
2026-07-28T19:27:00+00:00,527.1,527.14,527.09,527.13,9061,regular,False
2026-07-28T19:28:00+00:00,527.14,527.21,527.12,527.21,8096,regular,False
2026-07-28T19:29:00+00:00,527.21,527.25,527.18,527.18,2621,regular,False
2026-07-28T19:30:00+00:00,527.18,527.18,527.03,527.14,8391,regular,False
2026-07-28T19:31:00+00:00,527.15,527.17,527.09,527.15,10791,regular,False
2026-07-28T19:32:00+00:00,527.17,527.24,527.17,527.21,3876,regular,False
2026-07-28T19:33:00+00:00,527.22,527.28,527.19,527.19,1552,regular,False
2026-07-28T19:34:00+00:00,527.17,527.25,527.14,527.22,2713,regular,False
2026-07-28T19:35:00+00:00,527.22,527.34,527.19,527.28,2548,regular,False
2026-07-28T19:36:00+00:00,527.31,527.36,527.25,527.32,5807,regular,False
2026-07-28T19:37:00+00:00,527.33,527.43,527.32,527.38,3662,regular,False
2026-07-28T19:38:00+00:00,527.35,527.37,527.18,527.2,4554,regular,False
2026-07-28T19:39:00+00:00,527.2,527.23,527.11,527.15,6108,regular,False
2026-07-28T19:40:00+00:00,527.14,527.28,527.14,527.22,2314,regular,False
2026-07-28T19:41:00+00:00,527.22,527.25,527.12,527.25,4184,regular,False
2026-07-28T19:42:00+00:00,527.25,527.25,527.16,527.16,3880,regular,False
2026-07-28T19:43:00+00:00,527.18,527.3,527.18,527.27,3698,regular,False
2026-07-28T19:44:00+00:00,527.26,527.28,527.21,527.28,5112,regular,False
2026-07-28T19:45:00+00:00,527.29,527.3,527.05,527.07,9077,regular,False
2026-07-28T19:46:00+00:00,527.08,527.13,527.07,527.12,6806,regular,False
2026-07-28T19:47:00+00:00,527.11,527.16,527.08,527.09,5415,regular,False
2026-07-28T19:48:00+00:00,527.07,527.08,527.0,527.01,5209,regular,False
2026-07-28T19:49:00+00:00,527.02,527.13,526.97,527.08,9193,regular,False
2026-07-28T19:50:00+00:00,527.07,527.2,527.01,527.07,10922,regular,False
2026-07-28T19:51:00+00:00,527.05,527.11,527.05,527.06,3701,regular,False
2026-07-28T19:52:00+00:00,527.06,527.15,527.05,527.15,5706,regular,False
2026-07-28T19:53:00+00:00,527.14,527.17,527.08,527.11,5481,regular,False
2026-07-28T19:54:00+00:00,527.13,527.29,527.08,527.29,8795,regular,False
2026-07-28T19:55:00+00:00,527.27,527.33,527.17,527.24,19042,regular,False
2026-07-28T19:56:00+00:00,527.24,527.38,527.24,527.27,8273,regular,False
2026-07-28T19:57:00+00:00,527.27,527.35,527.2,527.31,25870,regular,False
2026-07-28T19:58:00+00:00,527.3,527.39,527.22,527.22,37794,regular,False
2026-07-28T19:59:00+00:00,527.22,527.23,526.67,526.94,118478,regular,False
2026-07-28T20:00:00+00:00,526.89,527.04,526.84,526.85,111425,after-market,False
2026-07-28T20:01:00+00:00,526.98,526.98,526.98,526.98,100,after-market,False
2026-07-28T20:02:00+00:00,526.96,526.96,526.96,526.96,60,after-market,False
2026-07-28T20:03:00+00:00,526.97,526.97,526.97,526.97,90,after-market,False
2026-07-28T20:04:00+00:00,527.02,527.02,527.01,527.02,970,after-market,False
2026-07-28T20:05:00+00:00,527.1,527.1,526.65,526.65,6605,after-market,False
2026-07-28T20:06:00+00:00,526.62,526.8,526.62,526.8,910,after-market,False
2026-07-28T20:07:00+00:00,526.77,526.78,526.77,526.77,474,after-market,False
2026-07-28T20:08:00+00:00,526.93,526.93,526.93,526.93,1000,after-market,False
2026-07-28T20:09:00+00:00,526.93,526.93,526.93,526.93,0,after-market,False
2026-07-28T20:10:00+00:00,526.93,526.93,526.93,526.93,0,after-market,False
2026-07-28T20:11:00+00:00,526.93,526.93,526.93,526.93,0,after-market,False
2026-07-28T20:12:00+00:00,526.93,526.93,526.93,526.93,0,after-market,False
2026-07-28T20:13:00+00:00,526.99,526.99,526.99,526.99,120,after-market,False
2026-07-28T20:14:00+00:00,526.99,526.99,526.99,526.99,0,after-market,False
2026-07-28T20:15:00+00:00,526.79,526.81,526.79,526.8,1580,after-market,False
2026-07-28T20:16:00+00:00,526.8,526.8,526.8,526.8,0,after-market,False
2026-07-28T20:17:00+00:00,526.89,526.9,526.87,526.9,4675,after-market,False
2026-07-28T20:18:00+00:00,526.9,526.9,526.9,526.9,0,after-market,False
2026-07-28T20:19:00+00:00,526.9,526.9,526.9,526.9,760,after-market,False
2026-07-28T20:20:00+00:00,526.9,526.9,526.9,526.9,0,after-market,False
2026-07-28T20:21:00+00:00,526.9,526.9,526.9,526.9,1500,after-market,False
2026-07-28T20:22:00+00:00,526.9,526.9,526.9,526.9,2384,after-market,False
2026-07-28T20:23:00+00:00,526.9,526.9,526.9,526.9,0,after-market,False
2026-07-28T20:24:00+00:00,526.9,526.9,526.9,526.9,0,after-market,False
2026-07-28T20:25:00+00:00,526.83,526.94,526.83,526.94,216,after-market,False
2026-07-28T20:26:00+00:00,527.05,527.05,527.02,527.05,1106,after-market,False
2026-07-28T20:27:00+00:00,527.05,527.05,527.05,527.05,100,after-market,False
2026-07-28T20:28:00+00:00,527.0,527.0,527.0,527.0,245,after-market,False
2026-07-28T20:29:00+00:00,527.01,527.01,527.01,527.01,90,after-market,False
2026-07-28T20:30:00+00:00,527.01,527.01,527.01,527.01,0,after-market,False
2026-07-28T20:31:00+00:00,527.0,527.02,527.0,527.02,130,after-market,False
2026-07-28T20:32:00+00:00,526.97,526.97,526.93,526.93,118,after-market,False
2026-07-28T20:33:00+00:00,526.97,526.97,526.97,526.97,90,after-market,False
2026-07-28T20:34:00+00:00,526.97,526.97,526.97,526.97,0,after-market,False
2026-07-28T20:35:00+00:00,527.0,527.0,527.0,527.0,53,after-market,False
2026-07-28T20:36:00+00:00,526.98,526.98,526.98,526.98,79,after-market,False
2026-07-28T20:37:00+00:00,526.86,526.9,526.86,526.88,533,after-market,False
2026-07-28T20:38:00+00:00,526.69,526.69,526.69,526.69,240,after-market,False
2026-07-28T20:39:00+00:00,526.69,526.69,526.69,526.69,0,after-market,False
2026-07-28T20:40:00+00:00,526.69,526.69,526.69,526.69,0,after-market,False
2026-07-28T20:41:00+00:00,526.69,526.69,526.69,526.69,0,after-market,False
2026-07-28T20:42:00+00:00,526.73,526.73,526.66,526.66,1872,after-market,False
2026-07-28T20:43:00+00:00,526.66,526.66,526.66,526.66,0,after-market,False
2026-07-28T20:44:00+00:00,526.66,526.66,526.66,526.66,0,after-market,False
2026-07-28T20:45:00+00:00,526.66,526.66,526.66,526.66,0,after-market,False
2026-07-28T20:46:00+00:00,526.66,526.66,526.66,526.66,0,after-market,False
2026-07-28T20:47:00+00:00,526.66,526.66,526.66,526.66,0,after-market,False
2026-07-28T20:48:00+00:00,526.66,526.66,526.66,526.66,0,after-market,False
2026-07-28T20:49:00+00:00,526.77,526.77,526.74,526.75,839,after-market,False
2026-07-28T20:50:00+00:00,526.75,526.75,526.75,526.75,0,after-market,False
2026-07-28T20:51:00+00:00,526.75,526.75,526.75,526.75,0,after-market,False
2026-07-28T20:52:00+00:00,526.75,526.75,526.75,526.75,0,after-market,False
2026-07-28T20:53:00+00:00,526.75,526.75,526.75,526.75,0,after-market,False
2026-07-28T20:54:00+00:00,526.75,526.75,526.75,526.75,0,after-market,False
2026-07-28T20:55:00+00:00,526.7,526.7,526.7,526.7,249,after-market,False
2026-07-28T20:56:00+00:00,526.7,526.7,526.7,526.7,0,after-market,False
2026-07-28T20:57:00+00:00,526.7,526.7,526.7,526.7,0,after-market,False
2026-07-28T20:58:00+00:00,526.67,526.67,526.66,526.67,150,after-market,False
2026-07-28T20:59:00+00:00,526.67,526.67,526.67,526.67,0,after-market,False
2026-07-28T21:00:00+00:00,526.64,526.64,526.64,526.64,95,after-market,False
2026-07-28T21:01:00+00:00,526.64,526.64,526.64,526.64,0,after-market,False
2026-07-28T21:02:00+00:00,526.64,526.64,526.64,526.64,0,after-market,False
2026-07-28T21:03:00+00:00,526.64,526.64,526.64,526.64,0,after-market,False
2026-07-28T21:04:00+00:00,526.64,526.64,526.64,526.64,0,after-market,False
2026-07-28T21:05:00+00:00,526.64,526.64,526.64,526.64,0,after-market,False
2026-07-28T21:06:00+00:00,526.64,526.64,526.64,526.64,0,after-market,False
2026-07-28T21:07:00+00:00,526.64,526.64,526.64,526.64,0,after-market,False
2026-07-28T21:08:00+00:00,526.64,526.64,526.64,526.64,0,after-market,False
2026-07-28T21:09:00+00:00,526.64,526.64,526.64,526.64,0,after-market,False
2026-07-28T21:10:00+00:00,526.64,526.64,526.64,526.64,0,after-market,False
2026-07-28T21:11:00+00:00,526.64,526.64,526.64,526.64,0,after-market,False
2026-07-28T21:12:00+00:00,526.64,526.64,526.64,526.64,0,after-market,False
2026-07-28T21:13:00+00:00,526.6,526.6,526.6,526.6,170,after-market,False
2026-07-28T21:14:00+00:00,526.6,526.6,526.6,526.6,1000,after-market,False
2026-07-28T21:15:00+00:00,526.6,526.6,526.6,526.6,1000,after-market,False
2026-07-28T21:16:00+00:00,526.6,526.6,526.6,526.6,0,after-market,False
2026-07-28T21:17:00+00:00,526.6,526.6,526.6,526.6,0,after-market,False
2026-07-28T21:18:00+00:00,526.87,526.87,526.87,526.87,50,after-market,False
2026-07-28T21:19:00+00:00,526.87,526.87,526.87,526.87,0,after-market,False
2026-07-28T21:20:00+00:00,526.75,526.75,526.75,526.75,100,after-market,False
2026-07-28T21:21:00+00:00,526.6,526.6,526.6,526.6,300,after-market,False
2026-07-28T21:22:00+00:00,526.6,526.6,526.6,526.6,0,after-market,False
2026-07-28T21:23:00+00:00,526.6,526.6,526.6,526.6,0,after-market,False
2026-07-28T21:24:00+00:00,526.6,526.6,526.6,526.6,0,after-market,False
2026-07-28T21:25:00+00:00,526.6,526.6,526.6,526.6,0,after-market,False
2026-07-28T21:26:00+00:00,526.6,526.6,526.6,526.6,0,after-market,False
2026-07-28T21:27:00+00:00,526.6,526.6,526.6,526.6,0,after-market,False
2026-07-28T21:28:00+00:00,526.6,526.6,526.6,526.6,0,after-market,False
2026-07-28T21:29:00+00:00,526.75,526.75,526.75,526.75,160,after-market,False
2026-07-28T21:30:00+00:00,526.75,526.75,526.75,526.75,0,after-market,False
2026-07-28T21:31:00+00:00,526.75,526.75,526.75,526.75,0,after-market,False
2026-07-28T21:32:00+00:00,526.74,526.74,526.74,526.74,130,after-market,False
2026-07-28T21:33:00+00:00,526.73,526.75,526.73,526.75,410,after-market,False
2026-07-28T21:34:00+00:00,527.2,527.2,527.2,527.2,40,after-market,False
2026-07-28T21:35:00+00:00,527.2,527.2,527.2,527.2,0,after-market,False
2026-07-28T21:36:00+00:00,527.2,527.2,527.2,527.2,0,after-market,False
2026-07-28T21:37:00+00:00,527.2,527.2,527.2,527.2,0,after-market,False
2026-07-28T21:38:00+00:00,527.2,527.2,527.2,527.2,0,after-market,False
2026-07-28T21:39:00+00:00,527.2,527.2,527.2,527.2,0,after-market,False
2026-07-28T21:40:00+00:00,527.2,527.2,527.2,527.2,0,after-market,False
2026-07-28T21:41:00+00:00,527.2,527.2,527.2,527.2,0,after-market,False
2026-07-28T21:42:00+00:00,527.2,527.2,527.2,527.2,0,after-market,False
2026-07-28T21:43:00+00:00,527.2,527.2,527.2,527.2,0,after-market,False
2026-07-28T21:44:00+00:00,527.2,527.2,527.2,527.2,0,after-market,False
2026-07-28T21:45:00+00:00,527.2,527.2,527.2,527.2,0,after-market,False
2026-07-28T21:46:00+00:00,527.2,527.2,527.2,527.2,0,after-market,False
2026-07-28T21:47:00+00:00,526.61,526.61,526.6,526.6,228,after-market,False
2026-07-28T21:48:00+00:00,526.6,526.6,526.6,526.6,0,after-market,False
2026-07-28T21:49:00+00:00,526.6,526.6,526.6,526.6,0,after-market,False
2026-07-28T21:50:00+00:00,527.18,527.18,527.18,527.18,100,after-market,False
2026-07-28T21:51:00+00:00,526.7,526.7,526.7,526.7,460,after-market,False
2026-07-28T21:52:00+00:00,526.7,526.7,526.7,526.7,0,after-market,False
2026-07-28T21:53:00+00:00,526.7,526.7,526.7,526.7,0,after-market,False
2026-07-28T21:54:00+00:00,526.7,526.7,526.7,526.7,0,after-market,False
2026-07-28T21:55:00+00:00,526.7,526.7,526.7,526.7,0,after-market,False
2026-07-28T21:56:00+00:00,526.7,526.7,526.7,526.7,0,after-market,False
2026-07-28T21:57:00+00:00,526.7,526.7,526.7,526.7,0,after-market,False
2026-07-28T21:58:00+00:00,527.0,527.0,527.0,527.0,100,after-market,False
2026-07-28T21:59:00+00:00,527.0,527.0,527.0,527.0,0,after-market,False
2026-07-28T22:00:00+00:00,526.6,526.86,526.6,526.86,1167,after-market,False
2026-07-28T22:01:00+00:00,526.86,526.86,526.86,526.86,0,after-market,False
2026-07-28T22:02:00+00:00,526.86,526.86,526.86,526.86,0,after-market,False
2026-07-28T22:03:00+00:00,526.86,526.86,526.86,526.86,0,after-market,False
2026-07-28T22:04:00+00:00,526.84,526.88,526.84,526.88,190,after-market,False
2026-07-28T22:05:00+00:00,526.91,526.91,526.91,526.91,100,after-market,False
2026-07-28T22:06:00+00:00,526.91,526.91,526.91,526.91,0,after-market,False
2026-07-28T22:07:00+00:00,526.91,526.91,526.91,526.91,0,after-market,False
2026-07-28T22:08:00+00:00,526.91,526.91,526.91,526.91,0,after-market,False
2026-07-28T22:09:00+00:00,526.91,526.91,526.91,526.91,0,after-market,False
2026-07-28T22:10:00+00:00,526.91,526.91,526.91,526.91,0,after-market,False
2026-07-28T22:11:00+00:00,526.91,526.91,526.91,526.91,0,after-market,False
2026-07-28T22:12:00+00:00,526.91,526.91,526.91,526.91,0,after-market,False
2026-07-28T22:13:00+00:00,526.83,526.83,526.83,526.83,140,after-market,False
2026-07-28T22:14:00+00:00,526.83,526.83,526.83,526.83,0,after-market,False
2026-07-28T22:15:00+00:00,526.83,526.83,526.83,526.83,0,after-market,False
2026-07-28T22:16:00+00:00,526.65,526.65,526.65,526.65,100,after-market,False
2026-07-28T22:17:00+00:00,526.65,526.65,526.65,526.65,0,after-market,False
2026-07-28T22:18:00+00:00,526.65,526.65,526.65,526.65,0,after-market,False
2026-07-28T22:19:00+00:00,526.65,526.65,526.65,526.65,0,after-market,False
2026-07-28T22:20:00+00:00,526.65,526.65,526.65,526.65,0,after-market,False
2026-07-28T22:21:00+00:00,526.65,526.65,526.65,526.65,0,after-market,False
2026-07-28T22:22:00+00:00,526.65,526.65,526.65,526.65,0,after-market,False
2026-07-28T22:23:00+00:00,526.39,526.39,526.22,526.22,3651,after-market,False
2026-07-28T22:24:00+00:00,526.22,526.22,526.22,526.22,0,after-market,False
2026-07-28T22:25:00+00:00,526.22,526.22,526.22,526.22,0,after-market,False
2026-07-28T22:26:00+00:00,526.16,526.16,526.16,526.16,100,after-market,False
2026-07-28T22:27:00+00:00,526.3,526.3,526.3,526.3,90,after-market,False
2026-07-28T22:28:00+00:00,526.3,526.3,526.3,526.3,0,after-market,False
2026-07-28T22:29:00+00:00,526.3,526.3,526.3,526.3,0,after-market,False
2026-07-28T22:30:00+00:00,526.3,526.3,526.3,526.3,0,after-market,False
2026-07-28T22:31:00+00:00,526.3,526.3,526.3,526.3,0,after-market,False
2026-07-28T22:32:00+00:00,526.04,526.04,526.04,526.04,100,after-market,False
2026-07-28T22:33:00+00:00,526.02,526.04,526.02,526.03,2890,after-market,False
2026-07-28T22:34:00+00:00,526.03,526.03,526.03,526.03,0,after-market,False
2026-07-28T22:35:00+00:00,526.02,526.02,526.02,526.02,100,after-market,False
2026-07-28T22:36:00+00:00,526.02,526.02,526.02,526.02,0,after-market,False
2026-07-28T22:37:00+00:00,526.02,526.02,526.02,526.02,0,after-market,False
2026-07-28T22:38:00+00:00,526.02,526.02,526.02,526.02,0,after-market,False
2026-07-28T22:39:00+00:00,526.02,526.02,526.02,526.02,0,after-market,False
2026-07-28T22:40:00+00:00,526.02,526.02,526.02,526.02,0,after-market,False
2026-07-28T22:41:00+00:00,526.02,526.02,526.02,526.02,0,after-market,False
2026-07-28T22:42:00+00:00,526.02,526.02,526.02,526.02,0,after-market,False
2026-07-28T22:43:00+00:00,526.02,526.02,526.02,526.02,0,after-market,False
2026-07-28T22:44:00+00:00,525.95,525.95,525.95,525.95,58,after-market,False
2026-07-28T22:45:00+00:00,525.95,525.95,525.95,525.95,0,after-market,False
2026-07-28T22:46:00+00:00,525.97,525.97,525.97,525.97,40,after-market,False
2026-07-28T22:47:00+00:00,525.97,525.97,525.97,525.97,0,after-market,False
2026-07-28T22:48:00+00:00,526.09,526.09,526.09,526.09,50,after-market,False
2026-07-28T22:49:00+00:00,526.09,526.09,526.09,526.09,0,after-market,False
2026-07-28T22:50:00+00:00,526.2,526.21,526.17,526.17,400,after-market,False
2026-07-28T22:51:00+00:00,526.17,526.17,526.17,526.17,0,after-market,False
2026-07-28T22:52:00+00:00,526.17,526.17,526.17,526.17,0,after-market,False
2026-07-28T22:53:00+00:00,526.28,526.29,526.23,526.23,1078,after-market,False
2026-07-28T22:54:00+00:00,526.5,526.5,526.34,526.35,582,after-market,False
2026-07-28T22:55:00+00:00,526.35,526.35,526.35,526.35,0,after-market,False
2026-07-28T22:56:00+00:00,526.35,526.35,526.35,526.35,0,after-market,False
2026-07-28T22:57:00+00:00,526.35,526.35,526.35,526.35,0,after-market,False
2026-07-28T22:58:00+00:00,526.35,526.35,526.35,526.35,0,after-market,False
2026-07-28T22:59:00+00:00,526.35,526.35,526.35,526.35,0,after-market,False
2026-07-28T23:00:00+00:00,526.35,526.35,526.35,526.35,0,after-market,False
2026-07-28T23:01:00+00:00,526.35,526.35,526.35,526.35,0,after-market,False
2026-07-28T23:02:00+00:00,526.35,526.35,526.35,526.35,0,after-market,False
2026-07-28T23:03:00+00:00,526.33,526.33,526.33,526.33,100,after-market,False
2026-07-28T23:04:00+00:00,526.33,526.33,526.33,526.33,0,after-market,False
2026-07-28T23:05:00+00:00,526.39,526.39,526.39,526.39,240,after-market,False
2026-07-28T23:06:00+00:00,526.39,526.39,526.39,526.39,0,after-market,False
2026-07-28T23:07:00+00:00,526.29,526.29,526.26,526.26,400,after-market,False
2026-07-28T23:08:00+00:00,526.26,526.26,526.26,526.26,0,after-market,False
2026-07-28T23:09:00+00:00,526.35,526.35,526.35,526.35,50,after-market,False
2026-07-28T23:10:00+00:00,526.35,526.35,526.35,526.35,0,after-market,False
2026-07-28T23:11:00+00:00,526.35,526.35,526.35,526.35,0,after-market,False
2026-07-28T23:12:00+00:00,526.35,526.35,526.35,526.35,0,after-market,False
2026-07-28T23:13:00+00:00,526.35,526.35,526.35,526.35,0,after-market,False
2026-07-28T23:14:00+00:00,526.46,526.46,526.46,526.46,90,after-market,False
2026-07-28T23:15:00+00:00,526.46,526.46,526.46,526.46,0,after-market,False
2026-07-28T23:16:00+00:00,526.46,526.46,526.46,526.46,0,after-market,False
2026-07-28T23:17:00+00:00,526.46,526.46,526.46,526.46,0,after-market,False
2026-07-28T23:18:00+00:00,526.46,526.46,526.46,526.46,0,after-market,False
2026-07-28T23:19:00+00:00,526.39,526.39,526.39,526.39,90,after-market,False
2026-07-28T23:20:00+00:00,526.34,526.34,526.33,526.33,180,after-market,False
2026-07-28T23:21:00+00:00,526.33,526.33,526.33,526.33,0,after-market,False
2026-07-28T23:22:00+00:00,526.33,526.33,526.33,526.33,0,after-market,False
2026-07-28T23:23:00+00:00,526.33,526.33,526.33,526.33,0,after-market,False
2026-07-28T23:24:00+00:00,526.33,526.33,526.33,526.33,0,after-market,False
2026-07-28T23:25:00+00:00,526.33,526.33,526.33,526.33,0,after-market,False
2026-07-28T23:26:00+00:00,526.33,526.33,526.33,526.33,0,after-market,False
2026-07-28T23:27:00+00:00,526.33,526.33,526.33,526.33,0,after-market,False
2026-07-28T23:28:00+00:00,526.33,526.33,526.33,526.33,0,after-market,False
2026-07-28T23:29:00+00:00,526.33,526.33,526.33,526.33,0,after-market,False
2026-07-28T23:30:00+00:00,526.33,526.33,526.33,526.33,0,after-market,False
2026-07-28T23:31:00+00:00,526.33,526.33,526.33,526.33,0,after-market,False
2026-07-28T23:32:00+00:00,526.33,526.33,526.33,526.33,0,after-market,False
2026-07-28T23:33:00+00:00,526.57,526.57,526.57,526.57,58,after-market,False
2026-07-28T23:34:00+00:00,526.57,526.57,526.57,526.57,0,after-market,False
2026-07-28T23:35:00+00:00,526.57,526.57,526.57,526.57,0,after-market,False
2026-07-28T23:36:00+00:00,526.57,526.57,526.57,526.57,0,after-market,False
2026-07-28T23:37:00+00:00,526.57,526.57,526.57,526.57,0,after-market,False
2026-07-28T23:38:00+00:00,526.57,526.57,526.57,526.57,0,after-market,False
2026-07-28T23:39:00+00:00,526.57,526.57,526.57,526.57,0,after-market,False
2026-07-28T23:40:00+00:00,526.57,526.57,526.57,526.57,0,after-market,False
2026-07-28T23:41:00+00:00,526.57,526.57,526.57,526.57,0,after-market,False
2026-07-28T23:42:00+00:00,526.57,526.57,526.57,526.57,0,after-market,False
2026-07-28T23:43:00+00:00,526.57,526.57,526.57,526.57,0,after-market,False
2026-07-28T23:44:00+00:00,526.72,527.01,526.72,527.0,340,after-market,False
2026-07-28T23:45:00+00:00,527.0,527.0,527.0,527.0,0,after-market,False
2026-07-28T23:46:00+00:00,527.02,527.02,527.02,527.02,100,after-market,False
2026-07-28T23:47:00+00:00,527.09,527.09,527.09,527.09,100,after-market,False
2026-07-28T23:48:00+00:00,527.09,527.09,527.09,527.09,0,after-market,False
2026-07-28T23:49:00+00:00,527.18,527.18,527.18,527.18,100,after-market,False
2026-07-28T23:50:00+00:00,527.22,527.22,527.22,527.22,100,after-market,False
2026-07-28T23:51:00+00:00,527.22,527.22,527.22,527.22,0,after-market,False
2026-07-28T23:52:00+00:00,527.22,527.22,527.22,527.22,0,after-market,False
2026-07-28T23:53:00+00:00,527.22,527.22,527.22,527.22,0,after-market,False
2026-07-28T23:54:00+00:00,527.22,527.22,527.22,527.22,0,after-market,False
2026-07-28T23:55:00+00:00,527.33,527.33,527.33,527.33,170,after-market,False
2026-07-28T23:56:00+00:00,527.36,527.37,527.36,527.36,50,after-market,False
2026-07-28T23:57:00+00:00,527.4,527.4,527.33,527.33,644,after-market,False
2026-07-28T23:58:00+00:00,527.33,527.34,527.33,527.33,200,after-market,False
2026-07-28T23:59:00+00:00,527.33,527.34,527.33,527.33,0,after-market,False
2026-07-29T08:00:00+00:00,527.01,527.01,527.01,527.01,40,pre-market,False
2026-07-29T08:01:00+00:00,527.1,527.1,527.09,527.09,91,pre-market,False
2026-07-29T08:02:00+00:00,525.79,525.79,525.73,525.73,247,pre-market,False
2026-07-29T08:03:00+00:00,525.88,526.49,525.61,526.49,1423,pre-market,False
2026-07-29T08:04:00+00:00,526.49,527.46,526.27,527.09,1852,pre-market,False
2026-07-29T08:05:00+00:00,526.98,527.43,526.82,527.43,3939,pre-market,False
2026-07-29T08:06:00+00:00,527.43,527.43,527.43,527.43,0,pre-market,False
2026-07-29T08:07:00+00:00,527.43,527.43,527.43,527.43,0,pre-market,False
2026-07-29T08:08:00+00:00,527.43,527.43,527.43,527.43,0,pre-market,False
2026-07-29T08:09:00+00:00,527.43,527.43,527.43,527.43,0,pre-market,False
2026-07-29T08:10:00+00:00,527.43,527.43,527.43,527.43,0,pre-market,False
2026-07-29T08:11:00+00:00,527.43,527.43,527.43,527.43,0,pre-market,False
2026-07-29T08:12:00+00:00,527.43,527.43,527.43,527.43,0,pre-market,False
2026-07-29T08:13:00+00:00,527.43,527.43,527.43,527.43,0,pre-market,False
2026-07-29T08:14:00+00:00,527.43,527.43,527.43,527.43,0,pre-market,False
2026-07-29T08:15:00+00:00,527.43,527.43,527.43,527.43,0,pre-market,False
2026-07-29T08:16:00+00:00,527.43,527.43,527.43,527.43,0,pre-market,False
2026-07-29T08:17:00+00:00,527.43,527.43,527.43,527.43,0,pre-market,False
2026-07-29T08:18:00+00:00,527.43,527.43,527.43,527.43,0,pre-market,False
2026-07-29T08:19:00+00:00,527.43,527.43,527.43,527.43,0,pre-market,False
2026-07-29T08:20:00+00:00,527.43,527.43,527.43,527.43,0,pre-market,False
2026-07-29T08:21:00+00:00,527.43,527.43,527.43,527.43,0,pre-market,False
2026-07-29T08:22:00+00:00,527.43,527.43,527.43,527.43,0,pre-market,False
2026-07-29T08:23:00+00:00,527.43,527.43,527.43,527.43,0,pre-market,False
2026-07-29T08:24:00+00:00,527.43,527.43,527.43,527.43,0,pre-market,False
2026-07-29T08:25:00+00:00,527.43,527.43,527.43,527.43,0,pre-market,False
2026-07-29T08:26:00+00:00,527.43,527.43,527.43,527.43,0,pre-market,False
2026-07-29T08:27:00+00:00,527.43,527.43,527.43,527.43,0,pre-market,False
2026-07-29T08:28:00+00:00,527.43,527.43,527.43,527.43,0,pre-market,False
2026-07-29T08:29:00+00:00,527.43,527.43,527.43,527.43,0,pre-market,False
2026-07-29T08:30:00+00:00,527.43,527.43,527.43,527.43,0,pre-market,False
2026-07-29T08:31:00+00:00,527.43,527.43,527.43,527.43,0,pre-market,False
2026-07-29T08:32:00+00:00,527.29,527.3,527.29,527.3,177,pre-market,False
2026-07-29T08:33:00+00:00,527.3,527.3,527.3,527.3,0,pre-market,False
2026-07-29T08:34:00+00:00,527.3,527.3,527.3,527.3,0,pre-market,False
2026-07-29T08:35:00+00:00,527.3,527.3,527.3,527.3,0,pre-market,False
2026-07-29T08:36:00+00:00,527.3,527.3,527.3,527.3,0,pre-market,False
2026-07-29T08:37:00+00:00,527.3,527.3,527.3,527.3,0,pre-market,False
2026-07-29T08:38:00+00:00,527.3,527.3,527.3,527.3,0,pre-market,False
2026-07-29T08:39:00+00:00,527.3,527.3,527.3,527.3,0,pre-market,False
2026-07-29T08:40:00+00:00,527.3,527.3,527.3,527.3,0,pre-market,False
2026-07-29T08:41:00+00:00,527.3,527.3,527.3,527.3,0,pre-market,False
2026-07-29T08:42:00+00:00,527.3,527.3,527.3,527.3,0,pre-market,False
2026-07-29T08:43:00+00:00,527.3,527.3,527.3,527.3,0,pre-market,False
2026-07-29T08:44:00+00:00,527.3,527.3,527.3,527.3,0,pre-market,False
2026-07-29T08:45:00+00:00,527.3,527.3,527.3,527.3,0,pre-market,False
2026-07-29T08:46:00+00:00,527.3,527.3,527.3,527.3,0,pre-market,False
2026-07-29T08:47:00+00:00,527.3,527.3,527.3,527.3,0,pre-market,False
2026-07-29T08:48:00+00:00,527.3,527.3,527.3,527.3,0,pre-market,False
2026-07-29T08:49:00+00:00,527.3,527.3,527.3,527.3,0,pre-market,False
2026-07-29T08:50:00+00:00,527.3,527.3,527.3,527.3,0,pre-market,False
2026-07-29T08:51:00+00:00,527.3,527.3,527.3,527.3,0,pre-market,False
2026-07-29T08:52:00+00:00,527.3,527.3,527.3,527.3,0,pre-market,False
2026-07-29T08:53:00+00:00,527.3,527.3,527.3,527.3,0,pre-market,False
2026-07-29T08:54:00+00:00,527.3,527.3,527.3,527.3,0,pre-market,False
2026-07-29T08:55:00+00:00,527.3,527.3,527.3,527.3,0,pre-market,False
2026-07-29T08:56:00+00:00,527.3,527.3,527.3,527.3,0,pre-market,False
2026-07-29T08:57:00+00:00,527.3,527.3,527.3,527.3,0,pre-market,False
2026-07-29T08:58:00+00:00,527.3,527.3,527.3,527.3,0,pre-market,False
2026-07-29T08:59:00+00:00,527.3,527.3,527.3,527.3,0,pre-market,False
2026-07-29T09:00:00+00:00,527.3,527.3,527.3,527.3,0,pre-market,False
2026-07-29T09:01:00+00:00,527.3,527.3,527.3,527.3,0,pre-market,False
2026-07-29T09:02:00+00:00,527.3,527.3,527.3,527.3,0,pre-market,False
2026-07-29T09:03:00+00:00,527.3,527.3,527.3,527.3,0,pre-market,False
2026-07-29T09:04:00+00:00,527.3,527.3,527.3,527.3,0,pre-market,False
2026-07-29T09:05:00+00:00,527.3,527.3,527.3,527.3,0,pre-market,False
2026-07-29T09:06:00+00:00,527.3,527.3,527.3,527.3,0,pre-market,False
2026-07-29T09:07:00+00:00,527.3,527.3,527.3,527.3,0,pre-market,False
2026-07-29T09:08:00+00:00,527.04,527.04,527.04,527.04,206,pre-market,False
2026-07-29T09:09:00+00:00,526.93,526.93,526.93,526.93,352,pre-market,False
2026-07-29T09:10:00+00:00,526.93,526.93,526.93,526.93,0,pre-market,False
2026-07-29T09:11:00+00:00,526.93,526.93,526.93,526.93,0,pre-market,False
2026-07-29T09:12:00+00:00,526.93,526.93,526.93,526.93,0,pre-market,False
2026-07-29T09:13:00+00:00,526.93,526.93,526.93,526.93,0,pre-market,False
2026-07-29T09:14:00+00:00,526.93,526.93,526.93,526.93,0,pre-market,False
2026-07-29T09:15:00+00:00,526.93,526.93,526.93,526.93,0,pre-market,False
2026-07-29T09:16:00+00:00,526.93,526.93,526.93,526.93,0,pre-market,False
2026-07-29T09:17:00+00:00,526.93,526.93,526.93,526.93,0,pre-market,False
2026-07-29T09:18:00+00:00,526.93,526.93,526.93,526.93,0,pre-market,False
2026-07-29T09:19:00+00:00,526.93,526.93,526.93,526.93,0,pre-market,False
2026-07-29T09:20:00+00:00,526.93,526.93,526.93,526.93,0,pre-market,False
2026-07-29T09:21:00+00:00,526.93,526.93,526.93,526.93,0,pre-market,False
2026-07-29T09:22:00+00:00,526.93,526.93,526.93,526.93,0,pre-market,False
2026-07-29T09:23:00+00:00,526.93,526.93,526.93,526.93,0,pre-market,False
2026-07-29T09:24:00+00:00,526.56,526.56,526.56,526.56,40,pre-market,False
2026-07-29T09:25:00+00:00,526.56,526.56,526.56,526.56,0,pre-market,False
2026-07-29T09:26:00+00:00,526.56,526.56,526.56,526.56,0,pre-market,False
2026-07-29T09:27:00+00:00,526.56,526.56,526.56,526.56,0,pre-market,False
2026-07-29T09:28:00+00:00,526.56,526.56,526.56,526.56,0,pre-market,False
2026-07-29T09:29:00+00:00,526.56,526.56,526.56,526.56,0,pre-market,False
2026-07-29T09:30:00+00:00,526.56,526.56,526.56,526.56,0,pre-market,False
2026-07-29T09:31:00+00:00,526.56,526.56,526.56,526.56,0,pre-market,False
2026-07-29T09:32:00+00:00,526.56,526.56,526.56,526.56,0,pre-market,False
2026-07-29T09:33:00+00:00,526.56,526.56,526.56,526.56,0,pre-market,False
2026-07-29T09:34:00+00:00,526.56,526.56,526.56,526.56,0,pre-market,False
2026-07-29T09:35:00+00:00,526.56,526.56,526.56,526.56,0,pre-market,False
2026-07-29T09:36:00+00:00,526.15,526.15,526.15,526.15,100,pre-market,False
2026-07-29T09:37:00+00:00,526.15,526.15,526.15,526.15,0,pre-market,False
2026-07-29T09:38:00+00:00,526.11,526.12,526.11,526.12,1970,pre-market,False
2026-07-29T09:39:00+00:00,526.0,526.02,526.0,526.02,125,pre-market,False
2026-07-29T09:40:00+00:00,526.02,526.02,526.02,526.02,0,pre-market,False
2026-07-29T09:41:00+00:00,526.02,526.02,526.02,526.02,0,pre-market,False
2026-07-29T09:42:00+00:00,526.02,526.02,526.02,526.02,0,pre-market,False
2026-07-29T09:43:00+00:00,526.09,526.09,526.07,526.07,436,pre-market,False
2026-07-29T09:44:00+00:00,526.07,526.07,526.07,526.07,0,pre-market,False
2026-07-29T09:45:00+00:00,526.07,526.07,526.07,526.07,0,pre-market,False
2026-07-29T09:46:00+00:00,526.07,526.07,526.07,526.07,0,pre-market,False
2026-07-29T09:47:00+00:00,526.07,526.07,526.07,526.07,0,pre-market,False
2026-07-29T09:48:00+00:00,526.34,526.34,526.32,526.33,1364,pre-market,False
2026-07-29T09:49:00+00:00,526.33,526.33,526.33,526.33,0,pre-market,False
2026-07-29T09:50:00+00:00,526.33,526.33,526.33,526.33,0,pre-market,False
2026-07-29T09:51:00+00:00,526.33,526.33,526.33,526.33,0,pre-market,False
2026-07-29T09:52:00+00:00,526.33,526.33,526.33,526.33,0,pre-market,False
2026-07-29T09:53:00+00:00,526.33,526.33,526.33,526.33,0,pre-market,False
2026-07-29T09:54:00+00:00,526.33,526.33,526.33,526.33,0,pre-market,False
2026-07-29T09:55:00+00:00,526.59,526.6,526.51,526.53,2433,pre-market,False
2026-07-29T09:56:00+00:00,526.53,526.53,526.53,526.53,0,pre-market,False
2026-07-29T09:57:00+00:00,526.36,526.36,526.18,526.32,1780,pre-market,False
2026-07-29T09:58:00+00:00,526.45,526.45,526.45,526.45,80,pre-market,False
2026-07-29T09:59:00+00:00,526.45,526.45,526.45,526.45,0,pre-market,False
2026-07-29T10:00:00+00:00,526.45,526.45,526.45,526.45,0,pre-market,False
2026-07-29T10:01:00+00:00,526.45,526.45,526.45,526.45,0,pre-market,False
2026-07-29T10:02:00+00:00,526.45,526.45,526.45,526.45,0,pre-market,False
2026-07-29T10:03:00+00:00,526.45,526.45,526.45,526.45,0,pre-market,False
2026-07-29T10:04:00+00:00,526.45,526.45,526.45,526.45,0,pre-market,False
2026-07-29T10:05:00+00:00,526.45,526.45,526.45,526.45,0,pre-market,False
2026-07-29T10:06:00+00:00,526.08,526.08,526.03,526.04,387,pre-market,False
2026-07-29T10:07:00+00:00,525.82,525.84,525.82,525.83,447,pre-market,False
2026-07-29T10:08:00+00:00,525.83,525.83,525.83,525.83,0,pre-market,False
2026-07-29T10:09:00+00:00,525.83,525.83,525.83,525.83,0,pre-market,False
2026-07-29T10:10:00+00:00,525.83,525.83,525.83,525.83,0,pre-market,False
2026-07-29T10:11:00+00:00,525.83,525.83,525.83,525.83,0,pre-market,False
2026-07-29T10:12:00+00:00,525.83,525.83,525.83,525.83,0,pre-market,False
2026-07-29T10:13:00+00:00,525.83,525.83,525.83,525.83,0,pre-market,False
2026-07-29T10:14:00+00:00,525.83,525.83,525.83,525.83,0,pre-market,False
2026-07-29T10:15:00+00:00,525.83,525.83,525.83,525.83,0,pre-market,False
2026-07-29T10:16:00+00:00,525.83,525.83,525.83,525.83,0,pre-market,False
2026-07-29T10:17:00+00:00,525.83,525.83,525.83,525.83,0,pre-market,False
2026-07-29T10:18:00+00:00,525.83,525.83,525.83,525.83,0,pre-market,False
2026-07-29T10:19:00+00:00,525.83,525.83,525.83,525.83,0,pre-market,False
2026-07-29T10:20:00+00:00,525.83,525.83,525.83,525.83,0,pre-market,False
2026-07-29T10:21:00+00:00,525.83,525.83,525.83,525.83,0,pre-market,False
2026-07-29T10:22:00+00:00,525.83,525.83,525.83,525.83,0,pre-market,False
2026-07-29T10:23:00+00:00,525.83,525.83,525.83,525.83,0,pre-market,False
2026-07-29T10:24:00+00:00,525.83,525.83,525.83,525.83,0,pre-market,False
2026-07-29T10:25:00+00:00,525.83,525.83,525.83,525.83,0,pre-market,False
2026-07-29T10:26:00+00:00,525.83,525.83,525.83,525.83,0,pre-market,False
2026-07-29T10:27:00+00:00,525.83,525.83,525.83,525.83,0,pre-market,False
2026-07-29T10:28:00+00:00,525.83,525.83,525.83,525.83,0,pre-market,False
2026-07-29T10:29:00+00:00,525.83,525.83,525.83,525.83,0,pre-market,False
2026-07-29T10:30:00+00:00,525.83,525.83,525.83,525.83,0,pre-market,False
2026-07-29T10:31:00+00:00,525.83,525.83,525.83,525.83,0,pre-market,False
2026-07-29T10:32:00+00:00,525.83,525.83,525.83,525.83,0,pre-market,False
2026-07-29T10:33:00+00:00,525.83,525.83,525.83,525.83,0,pre-market,False
2026-07-29T10:34:00+00:00,525.83,525.83,525.83,525.83,0,pre-market,False
2026-07-29T10:35:00+00:00,525.83,525.83,525.83,525.83,0,pre-market,False
2026-07-29T10:36:00+00:00,525.83,525.83,525.83,525.83,0,pre-market,False
2026-07-29T10:37:00+00:00,525.83,525.83,525.83,525.83,0,pre-market,False
2026-07-29T10:38:00+00:00,525.83,525.83,525.83,525.83,0,pre-market,False
2026-07-29T10:39:00+00:00,525.8,525.8,525.71,525.72,2173,pre-market,False
2026-07-29T10:40:00+00:00,525.72,525.72,525.72,525.72,0,pre-market,False
2026-07-29T10:41:00+00:00,525.72,525.72,525.72,525.72,0,pre-market,False
2026-07-29T10:42:00+00:00,525.89,525.89,525.89,525.89,45,pre-market,False
2026-07-29T10:43:00+00:00,525.89,525.89,525.89,525.89,0,pre-market,False
2026-07-29T10:44:00+00:00,525.89,525.89,525.89,525.89,0,pre-market,False
2026-07-29T10:45:00+00:00,525.85,525.85,525.84,525.84,216,pre-market,False
2026-07-29T10:46:00+00:00,525.84,525.84,525.84,525.84,0,pre-market,False
2026-07-29T10:47:00+00:00,525.84,525.84,525.84,525.84,0,pre-market,False
2026-07-29T10:48:00+00:00,525.79,525.81,525.79,525.79,383,pre-market,False
2026-07-29T10:49:00+00:00,525.79,525.79,525.79,525.79,0,pre-market,False
2026-07-29T10:50:00+00:00,525.79,525.79,525.79,525.79,0,pre-market,False
2026-07-29T10:51:00+00:00,525.73,525.73,525.73,525.73,50,pre-market,False
2026-07-29T10:52:00+00:00,525.73,525.73,525.73,525.73,0,pre-market,False
2026-07-29T10:53:00+00:00,525.73,525.73,525.73,525.73,0,pre-market,False
2026-07-29T10:54:00+00:00,525.73,525.73,525.73,525.73,0,pre-market,False
2026-07-29T10:55:00+00:00,525.48,525.48,525.48,525.48,300,pre-market,False
2026-07-29T10:56:00+00:00,525.52,525.52,525.52,525.52,40,pre-market,False
2026-07-29T10:57:00+00:00,525.52,525.52,525.52,525.52,0,pre-market,False
2026-07-29T10:58:00+00:00,525.52,525.52,525.52,525.52,0,pre-market,False
2026-07-29T10:59:00+00:00,525.52,525.52,525.52,525.52,0,pre-market,False
2026-07-29T11:00:00+00:00,525.73,525.73,525.51,525.52,1168,pre-market,False
2026-07-29T11:01:00+00:00,525.52,525.52,525.42,525.42,1585,pre-market,False
2026-07-29T11:02:00+00:00,525.42,525.42,525.42,525.42,0,pre-market,False
2026-07-29T11:03:00+00:00,525.42,525.42,525.42,525.42,0,pre-market,False
2026-07-29T11:04:00+00:00,525.5,525.5,525.49,525.5,938,pre-market,False
2026-07-29T11:05:00+00:00,525.46,525.46,525.4,525.4,420,pre-market,False
2026-07-29T11:06:00+00:00,525.34,525.34,525.29,525.29,180,pre-market,False
2026-07-29T11:07:00+00:00,525.28,525.33,525.28,525.33,180,pre-market,False
2026-07-29T11:08:00+00:00,525.54,525.54,525.54,525.54,40,pre-market,False
2026-07-29T11:09:00+00:00,525.53,525.55,525.53,525.55,200,pre-market,False
2026-07-29T11:10:00+00:00,525.55,525.55,525.55,525.55,0,pre-market,False
2026-07-29T11:11:00+00:00,525.55,525.55,525.55,525.55,0,pre-market,False
2026-07-29T11:12:00+00:00,525.55,525.55,525.55,525.55,0,pre-market,False
2026-07-29T11:13:00+00:00,525.55,525.55,525.55,525.55,0,pre-market,False
2026-07-29T11:14:00+00:00,525.55,525.55,525.55,525.55,0,pre-market,False
2026-07-29T11:15:00+00:00,525.55,525.55,525.55,525.55,0,pre-market,False
2026-07-29T11:16:00+00:00,525.55,525.55,525.55,525.55,0,pre-market,False
2026-07-29T11:17:00+00:00,525.36,525.41,525.36,525.41,2285,pre-market,False
2026-07-29T11:18:00+00:00,525.41,525.41,525.41,525.41,0,pre-market,False
2026-07-29T11:19:00+00:00,525.41,525.41,525.41,525.41,0,pre-market,False
2026-07-29T11:20:00+00:00,525.41,525.41,525.41,525.41,0,pre-market,False
2026-07-29T11:21:00+00:00,525.46,525.49,525.41,525.49,1178,pre-market,False
2026-07-29T11:22:00+00:00,525.49,525.49,525.49,525.49,0,pre-market,False
2026-07-29T11:23:00+00:00,525.48,525.48,525.47,525.48,200,pre-market,False
2026-07-29T11:24:00+00:00,525.48,525.48,525.48,525.48,0,pre-market,False
2026-07-29T11:25:00+00:00,525.48,525.48,525.48,525.48,0,pre-market,False
2026-07-29T11:26:00+00:00,525.48,525.48,525.48,525.48,0,pre-market,False
2026-07-29T11:27:00+00:00,525.48,525.48,525.48,525.48,0,pre-market,False
2026-07-29T11:28:00+00:00,525.48,525.48,525.48,525.48,0,pre-market,False
2026-07-29T11:29:00+00:00,525.48,525.48,525.48,525.48,0,pre-market,False
2026-07-29T11:30:00+00:00,525.46,525.46,525.45,525.46,237,pre-market,False
2026-07-29T11:31:00+00:00,525.46,525.46,525.46,525.46,0,pre-market,False
2026-07-29T11:32:00+00:00,525.46,525.46,525.46,525.46,0,pre-market,False
2026-07-29T11:33:00+00:00,525.34,525.34,525.34,525.34,70,pre-market,False
2026-07-29T11:34:00+00:00,525.34,525.34,525.34,525.34,0,pre-market,False
2026-07-29T11:35:00+00:00,525.29,525.3,525.29,525.29,351,pre-market,False
2026-07-29T11:36:00+00:00,525.29,525.29,525.29,525.29,0,pre-market,False
2026-07-29T11:37:00+00:00,525.29,525.29,525.29,525.29,0,pre-market,False
2026-07-29T11:38:00+00:00,525.29,525.29,525.29,525.29,0,pre-market,False
2026-07-29T11:39:00+00:00,525.23,525.23,525.22,525.22,630,pre-market,False
2026-07-29T11:40:00+00:00,525.22,525.22,525.22,525.22,0,pre-market,False
2026-07-29T11:41:00+00:00,525.22,525.22,525.22,525.22,0,pre-market,False
2026-07-29T11:42:00+00:00,525.19,525.2,525.19,525.2,717,pre-market,False
2026-07-29T11:43:00+00:00,525.26,525.26,525.25,525.25,166,pre-market,False
2026-07-29T11:44:00+00:00,525.27,525.27,525.27,525.27,75,pre-market,False
2026-07-29T11:45:00+00:00,525.27,525.27,525.27,525.27,0,pre-market,False
2026-07-29T11:46:00+00:00,525.2,525.2,525.12,525.12,979,pre-market,False
2026-07-29T11:47:00+00:00,525.35,525.37,525.35,525.37,247,pre-market,False
2026-07-29T11:48:00+00:00,525.4,525.42,525.4,525.42,547,pre-market,False
2026-07-29T11:49:00+00:00,525.42,525.42,525.42,525.42,0,pre-market,False
2026-07-29T11:50:00+00:00,525.34,525.34,525.3,525.3,226,pre-market,False
2026-07-29T11:51:00+00:00,525.38,525.38,525.37,525.38,140,pre-market,False
2026-07-29T11:52:00+00:00,525.38,525.38,525.38,525.38,0,pre-market,False
2026-07-29T11:53:00+00:00,525.38,525.38,525.38,525.38,0,pre-market,False
2026-07-29T11:54:00+00:00,525.38,525.38,525.38,525.38,0,pre-market,False
2026-07-29T11:55:00+00:00,525.38,525.38,525.38,525.38,0,pre-market,False
2026-07-29T11:56:00+00:00,525.38,525.38,525.38,525.38,0,pre-market,False
2026-07-29T11:57:00+00:00,525.38,525.38,525.38,525.38,0,pre-market,False
2026-07-29T11:58:00+00:00,525.38,525.38,525.38,525.38,0,pre-market,False
2026-07-29T11:59:00+00:00,525.38,525.38,525.38,525.38,0,pre-market,False
2026-07-29T12:00:00+00:00,525.38,525.38,525.38,525.38,0,pre-market,False
2026-07-29T12:01:00+00:00,525.05,525.05,525.05,525.05,980,pre-market,False
2026-07-29T12:02:00+00:00,524.98,525.0,524.98,525.0,1000,pre-market,False
2026-07-29T12:03:00+00:00,525.0,525.0,525.0,525.0,0,pre-market,False
2026-07-29T12:04:00+00:00,525.0,525.0,525.0,525.0,0,pre-market,False
2026-07-29T12:05:00+00:00,525.0,525.0,525.0,525.0,0,pre-market,False
2026-07-29T12:06:00+00:00,525.0,525.0,525.0,525.0,0,pre-market,False
2026-07-29T12:07:00+00:00,524.77,524.77,524.76,524.76,3055,pre-market,False
2026-07-29T12:08:00+00:00,524.76,524.76,524.76,524.76,0,pre-market,False
2026-07-29T12:09:00+00:00,524.68,524.68,524.68,524.68,394,pre-market,False
2026-07-29T12:10:00+00:00,524.68,524.68,524.68,524.68,0,pre-market,False
2026-07-29T12:11:00+00:00,524.68,524.68,524.68,524.68,0,pre-market,False
2026-07-29T12:12:00+00:00,524.68,524.68,524.68,524.68,0,pre-market,False
2026-07-29T12:13:00+00:00,524.68,524.68,524.68,524.68,0,pre-market,False
2026-07-29T12:14:00+00:00,524.82,524.82,524.77,524.77,212,pre-market,False
2026-07-29T12:15:00+00:00,524.5,524.5,524.5,524.5,100,pre-market,False
2026-07-29T12:16:00+00:00,524.5,524.5,523.38,523.38,10044,pre-market,False
2026-07-29T12:17:00+00:00,523.27,523.27,523.13,523.14,177,pre-market,False
2026-07-29T12:18:00+00:00,523.14,523.14,523.14,523.14,0,pre-market,False
2026-07-29T12:19:00+00:00,523.47,523.47,523.47,523.47,40,pre-market,False
2026-07-29T12:20:00+00:00,523.47,523.49,523.4,523.49,3012,pre-market,False
2026-07-29T12:21:00+00:00,523.46,523.46,523.3,523.46,1420,pre-market,False
2026-07-29T12:22:00+00:00,523.46,523.49,523.3,523.49,1200,pre-market,False
2026-07-29T12:23:00+00:00,523.5,523.61,523.5,523.61,1920,pre-market,False
2026-07-29T12:24:00+00:00,523.48,523.48,523.48,523.48,497,pre-market,False
2026-07-29T12:25:00+00:00,523.48,523.48,523.48,523.48,0,pre-market,False
2026-07-29T12:26:00+00:00,523.48,523.48,523.48,523.48,0,pre-market,False
2026-07-29T12:27:00+00:00,523.48,523.48,523.48,523.48,0,pre-market,False
2026-07-29T12:28:00+00:00,523.48,523.48,523.48,523.48,0,pre-market,False
2026-07-29T12:29:00+00:00,523.78,523.78,523.65,523.7,2327,pre-market,False
2026-07-29T12:30:00+00:00,523.4,523.43,523.29,523.43,680,pre-market,False
2026-07-29T12:31:00+00:00,523.54,523.6,523.52,523.59,270,pre-market,False
2026-07-29T12:32:00+00:00,523.61,523.61,523.61,523.61,40,pre-market,False
2026-07-29T12:33:00+00:00,523.58,523.58,523.58,523.58,90,pre-market,False
2026-07-29T12:34:00+00:00,523.58,523.58,523.58,523.58,0,pre-market,False
2026-07-29T12:35:00+00:00,523.84,523.85,523.81,523.81,490,pre-market,False
2026-07-29T12:36:00+00:00,523.81,523.81,523.81,523.81,0,pre-market,False
2026-07-29T12:37:00+00:00,523.81,523.81,523.81,523.81,0,pre-market,False
2026-07-29T12:38:00+00:00,523.5,523.5,523.5,523.5,100,pre-market,False
2026-07-29T12:39:00+00:00,523.5,523.5,523.5,523.5,0,pre-market,False
2026-07-29T12:40:00+00:00,523.56,523.56,523.56,523.56,40,pre-market,False
2026-07-29T12:41:00+00:00,523.6,523.61,523.6,523.61,173,pre-market,False
2026-07-29T12:42:00+00:00,523.65,523.66,523.65,523.66,355,pre-market,False
2026-07-29T12:43:00+00:00,523.66,523.66,523.66,523.66,0,pre-market,False
2026-07-29T12:44:00+00:00,523.82,523.82,523.82,523.82,100,pre-market,False
2026-07-29T12:45:00+00:00,523.7,523.7,523.65,523.68,846,pre-market,False
2026-07-29T12:46:00+00:00,523.68,523.68,523.68,523.68,0,pre-market,False
2026-07-29T12:47:00+00:00,523.64,523.64,523.64,523.64,695,pre-market,False
2026-07-29T12:48:00+00:00,523.72,523.72,523.72,523.72,100,pre-market,False
2026-07-29T12:49:00+00:00,523.72,523.72,523.72,523.72,0,pre-market,False
2026-07-29T12:50:00+00:00,523.72,523.72,523.72,523.72,0,pre-market,False
2026-07-29T12:51:00+00:00,523.7,523.71,523.7,523.7,456,pre-market,False
2026-07-29T12:52:00+00:00,523.7,523.7,523.7,523.7,0,pre-market,False
2026-07-29T12:53:00+00:00,523.51,523.51,523.5,523.5,120,pre-market,False
2026-07-29T12:54:00+00:00,523.42,523.43,523.3,523.43,401,pre-market,False
2026-07-29T12:55:00+00:00,523.34,523.36,523.33,523.35,1804,pre-market,False
2026-07-29T12:56:00+00:00,523.35,523.35,523.35,523.35,0,pre-market,False
2026-07-29T12:57:00+00:00,523.35,523.35,523.35,523.35,0,pre-market,False
2026-07-29T12:58:00+00:00,523.35,523.35,523.35,523.35,0,pre-market,False
2026-07-29T12:59:00+00:00,523.45,523.45,523.4,523.4,80,pre-market,False
2026-07-29T13:00:00+00:00,523.27,523.3,523.27,523.29,139,pre-market,False
2026-07-29T13:01:00+00:00,523.29,523.29,523.29,523.29,0,pre-market,False
2026-07-29T13:02:00+00:00,523.31,523.32,523.1,523.1,752,pre-market,False
2026-07-29T13:03:00+00:00,523.0,523.0,522.97,522.99,776,pre-market,False
2026-07-29T13:04:00+00:00,522.8,522.8,522.78,522.79,800,pre-market,False
2026-07-29T13:05:00+00:00,522.79,522.79,522.79,522.79,0,pre-market,False
2026-07-29T13:06:00+00:00,522.75,522.76,522.74,522.76,1392,pre-market,False
2026-07-29T13:07:00+00:00,522.88,522.9,522.83,522.89,2033,pre-market,False
2026-07-29T13:08:00+00:00,522.88,522.88,522.85,522.85,2662,pre-market,False
2026-07-29T13:09:00+00:00,522.7,522.7,522.7,522.7,3453,pre-market,False
2026-07-29T13:10:00+00:00,522.7,522.7,522.7,522.7,0,pre-market,False
2026-07-29T13:11:00+00:00,522.79,522.79,522.75,522.75,144,pre-market,False
2026-07-29T13:12:00+00:00,522.7,522.7,522.7,522.7,200,pre-market,False
2026-07-29T13:13:00+00:00,522.6,522.62,522.6,522.61,250,pre-market,False
2026-07-29T13:14:00+00:00,522.58,522.59,522.58,522.59,226,pre-market,False
2026-07-29T13:15:00+00:00,522.57,522.57,522.56,522.56,440,pre-market,False
2026-07-29T13:16:00+00:00,522.56,522.56,522.56,522.56,0,pre-market,False
2026-07-29T13:17:00+00:00,522.5,522.51,522.5,522.51,330,pre-market,False
2026-07-29T13:18:00+00:00,522.55,522.55,522.51,522.51,196,pre-market,False
2026-07-29T13:19:00+00:00,522.61,522.61,522.61,522.61,200,pre-market,False
2026-07-29T13:20:00+00:00,522.42,522.42,522.38,522.38,135,pre-market,False
2026-07-29T13:21:00+00:00,522.49,522.7,522.49,522.68,1330,pre-market,False
2026-07-29T13:22:00+00:00,522.73,522.92,522.73,522.91,324,pre-market,False
2026-07-29T13:23:00+00:00,522.9,522.96,522.88,522.88,3448,pre-market,False
2026-07-29T13:24:00+00:00,522.76,522.82,522.76,522.79,302,pre-market,False
2026-07-29T13:25:00+00:00,522.89,522.94,522.86,522.89,1595,pre-market,False
2026-07-29T13:26:00+00:00,522.98,523.06,522.97,523.05,595,pre-market,False
2026-07-29T13:27:00+00:00,522.98,522.98,522.88,522.88,5376,pre-market,False
2026-07-29T13:28:00+00:00,522.91,522.91,522.8,522.8,194,pre-market,False
2026-07-29T13:29:00+00:00,522.53,522.56,522.53,522.56,2595,pre-market,False
2026-07-29T13:30:00+00:00,522.46,523.17,522.23,522.99,361242,regular,False
2026-07-29T13:31:00+00:00,523.08,523.15,522.44,522.86,80645,regular,False
2026-07-29T13:32:00+00:00,522.86,522.9,522.52,522.69,23549,regular,False
2026-07-29T13:33:00+00:00,522.7,522.79,522.37,522.6,14936,regular,False
2026-07-29T13:34:00+00:00,522.63,522.75,522.42,522.44,14917,regular,False
2026-07-29T13:35:00+00:00,522.44,522.44,522.03,522.21,56990,regular,False
2026-07-29T13:36:00+00:00,522.21,522.96,522.21,522.93,54842,regular,False
2026-07-29T13:37:00+00:00,522.95,522.99,522.71,522.86,15905,regular,False
2026-07-29T13:38:00+00:00,522.9,522.95,522.15,522.26,17202,regular,False
2026-07-29T13:39:00+00:00,522.26,522.96,522.22,522.83,13059,regular,False
2026-07-29T13:42:00+00:00,522.33,522.53,522.25,522.43,57718,regular,False
2026-07-29T13:43:00+00:00,522.41,522.63,522.36,522.59,50596,regular,False
2026-07-29T13:44:00+00:00,522.66,522.71,522.14,522.14,47204,regular,False
2026-07-29T13:45:00+00:00,522.17,522.73,522.15,522.42,44046,regular,False
2026-07-29T13:46:00+00:00,522.47,522.62,522.29,522.34,27068,regular,False
2026-07-29T13:47:00+00:00,522.37,522.65,522.35,522.52,34130,regular,False
2026-07-29T13:48:00+00:00,522.46,522.52,522.16,522.27,24337,regular,False
2026-07-29T13:49:00+00:00,522.29,522.36,521.94,522.05,23688,regular,False
2026-07-29T13:50:00+00:00,522.01,522.08,521.38,521.38,22961,regular,False
2026-07-29T13:51:00+00:00,521.38,521.56,521.21,521.33,10615,regular,False
2026-07-29T13:52:00+00:00,521.3,521.3,521.14,521.14,9763,regular,False
2026-07-29T13:53:00+00:00,521.15,521.51,521.12,521.48,17448,regular,False
2026-07-29T13:54:00+00:00,521.49,521.52,521.28,521.36,25889,regular,False
2026-07-29T13:55:00+00:00,521.38,521.38,520.85,520.98,35045,regular,False
2026-07-29T13:56:00+00:00,521.0,521.0,520.65,520.7,22478,regular,False
2026-07-29T13:57:00+00:00,520.68,520.76,520.54,520.73,26433,regular,False
2026-07-29T13:58:00+00:00,520.64,520.83,520.64,520.83,15632,regular,False
2026-07-29T13:59:00+00:00,520.89,520.9,520.56,520.66,8674,regular,False
2026-07-29T14:00:00+00:00,520.69,520.78,520.49,520.64,25330,regular,False
2026-07-29T14:01:00+00:00,520.64,520.69,520.37,520.47,30188,regular,False
2026-07-29T14:02:00+00:00,520.47,520.73,520.39,520.51,19390,regular,False
2026-07-29T14:03:00+00:00,520.48,520.69,520.3,520.3,14804,regular,False
2026-07-29T14:04:00+00:00,520.28,520.32,520.14,520.27,13972,regular,False
2026-07-29T14:05:00+00:00,520.26,520.52,520.2,520.27,9184,regular,False
2026-07-29T14:06:00+00:00,520.26,520.26,519.94,519.99,29604,regular,False
2026-07-29T14:07:00+00:00,520.0,520.04,519.74,519.75,18154,regular,False
2026-07-29T14:08:00+00:00,519.76,519.91,519.65,519.69,21022,regular,False
2026-07-29T14:09:00+00:00,519.69,519.85,519.69,519.78,10435,regular,False
2026-07-29T14:10:00+00:00,519.71,519.92,519.68,519.92,21168,regular,False
2026-07-29T14:11:00+00:00,519.94,520.03,519.84,519.9,24969,regular,False
2026-07-29T14:12:00+00:00,519.89,519.9,519.35,519.35,26513,regular,False
2026-07-29T14:13:00+00:00,519.32,519.33,518.88,519.04,28126,regular,False
2026-07-29T14:14:00+00:00,519.06,519.32,518.99,519.19,23702,regular,False
2026-07-29T14:15:00+00:00,519.22,519.5,519.22,519.39,14902,regular,False
2026-07-29T14:16:00+00:00,519.4,519.54,519.34,519.5,30341,regular,False
2026-07-29T14:17:00+00:00,519.53,519.67,519.42,519.54,9917,regular,False
2026-07-29T14:18:00+00:00,519.51,519.76,519.41,519.69,10035,regular,False
2026-07-29T14:19:00+00:00,519.69,519.76,519.53,519.63,12768,regular,False
2026-07-29T14:20:00+00:00,519.65,519.74,519.48,519.64,8199,regular,False
2026-07-29T14:21:00+00:00,519.67,519.85,519.57,519.74,7155,regular,False
2026-07-29T14:22:00+00:00,519.73,519.87,519.59,519.59,8373,regular,False
2026-07-29T14:23:00+00:00,519.58,519.76,519.51,519.53,10958,regular,False
2026-07-29T14:24:00+00:00,519.56,519.56,519.26,519.31,7788,regular,False
2026-07-29T14:25:00+00:00,519.28,519.4,519.0,519.02,22621,regular,False
2026-07-29T14:26:00+00:00,519.0,519.02,518.72,519.02,17736,regular,False
2026-07-29T14:27:00+00:00,519.02,519.28,518.96,519.26,23536,regular,False
2026-07-29T14:28:00+00:00,519.26,519.34,519.15,519.33,22478,regular,False
2026-07-29T14:29:00+00:00,519.31,519.33,519.13,519.14,6041,regular,False
2026-07-29T14:30:00+00:00,519.13,519.32,519.1,519.23,4574,regular,False
2026-07-29T14:31:00+00:00,519.24,519.3,518.97,518.98,10405,regular,False
2026-07-29T14:32:00+00:00,518.99,519.09,518.82,518.97,16893,regular,False
2026-07-29T14:33:00+00:00,518.91,518.98,518.81,518.91,13522,regular,False
2026-07-29T14:34:00+00:00,518.92,518.93,518.68,518.78,8184,regular,False
2026-07-29T14:35:00+00:00,518.83,519.0,518.72,518.95,9251,regular,False
2026-07-29T14:36:00+00:00,518.99,519.1,518.87,519.1,8926,regular,False
2026-07-29T14:37:00+00:00,519.09,519.1,518.96,518.97,16672,regular,False
2026-07-29T14:38:00+00:00,518.97,519.05,518.89,519.0,2672,regular,False
2026-07-29T14:39:00+00:00,519.13,519.14,518.73,518.83,3017,regular,False
2026-07-29T14:40:00+00:00,518.82,518.83,518.37,518.47,8353,regular,False
2026-07-29T14:41:00+00:00,518.42,518.7,518.39,518.42,11386,regular,False
2026-07-29T14:42:00+00:00,518.42,518.46,518.26,518.29,8735,regular,False
2026-07-29T14:43:00+00:00,518.19,518.4,518.15,518.27,7734,regular,False
2026-07-29T14:44:00+00:00,518.26,518.36,518.1,518.33,6965,regular,False
2026-07-29T14:45:00+00:00,518.29,518.37,518.25,518.31,9151,regular,False
2026-07-29T14:46:00+00:00,518.34,518.54,518.27,518.49,19259,regular,False
2026-07-29T14:47:00+00:00,518.49,518.64,518.37,518.39,32091,regular,False
2026-07-29T14:48:00+00:00,518.37,518.39,518.19,518.24,20339,regular,False
2026-07-29T14:49:00+00:00,518.25,518.47,518.17,518.47,8701,regular,False
2026-07-29T14:50:00+00:00,518.48,518.65,518.37,518.57,17772,regular,False
2026-07-29T14:51:00+00:00,518.62,518.66,518.37,518.55,5658,regular,False
2026-07-29T14:52:00+00:00,518.57,518.92,518.55,518.81,17561,regular,False
2026-07-29T14:53:00+00:00,518.73,519.0,518.73,518.93,16152,regular,False
2026-07-29T14:54:00+00:00,518.93,518.98,518.8,518.95,5887,regular,False
2026-07-29T14:55:00+00:00,518.95,518.97,518.71,518.71,6627,regular,False
2026-07-29T14:56:00+00:00,518.65,518.71,518.55,518.55,2757,regular,False
2026-07-29T14:57:00+00:00,518.57,518.58,518.37,518.37,8242,regular,False
2026-07-29T14:58:00+00:00,518.37,518.49,518.27,518.34,5069,regular,False
2026-07-29T14:59:00+00:00,518.32,518.33,518.2,518.22,3307,regular,False
2026-07-29T15:00:00+00:00,518.48,518.55,518.16,518.27,5960,regular,False
2026-07-29T15:01:00+00:00,518.25,518.67,518.23,518.67,6052,regular,False
2026-07-29T15:02:00+00:00,518.68,518.88,518.64,518.88,13191,regular,False
2026-07-29T15:03:00+00:00,518.89,518.91,518.76,518.84,6015,regular,False
2026-07-29T15:04:00+00:00,518.8,518.8,518.66,518.71,3264,regular,False
2026-07-29T15:05:00+00:00,518.7,518.7,518.5,518.6,8006,regular,False
2026-07-29T15:06:00+00:00,518.58,518.63,518.41,518.45,5169,regular,False
2026-07-29T15:07:00+00:00,518.42,518.74,518.42,518.73,4784,regular,False
2026-07-29T15:08:00+00:00,518.73,518.8,518.7,518.72,7133,regular,False
2026-07-29T15:09:00+00:00,518.71,518.88,518.64,518.82,5758,regular,False
2026-07-29T15:10:00+00:00,518.86,518.95,518.78,518.83,6884,regular,False
2026-07-29T15:11:00+00:00,518.84,518.86,518.53,518.67,8928,regular,False
2026-07-29T15:12:00+00:00,518.71,518.82,518.7,518.74,3725,regular,False
2026-07-29T15:13:00+00:00,518.79,518.82,518.59,518.66,6347,regular,False
2026-07-29T15:14:00+00:00,518.62,518.71,518.48,518.52,3596,regular,False
2026-07-29T15:15:00+00:00,518.51,518.76,518.5,518.76,5422,regular,False
2026-07-29T15:16:00+00:00,518.76,518.87,518.68,518.83,18792,regular,False
2026-07-29T15:17:00+00:00,518.82,518.84,518.54,518.59,13607,regular,False
2026-07-29T15:18:00+00:00,518.61,518.83,518.61,518.67,7659,regular,False
2026-07-29T15:19:00+00:00,518.69,518.72,518.41,518.41,10069,regular,False
2026-07-29T15:20:00+00:00,518.42,518.54,518.42,518.53,6408,regular,False
2026-07-29T15:21:00+00:00,518.54,518.65,518.5,518.63,2689,regular,False
2026-07-29T15:22:00+00:00,518.6,518.63,518.47,518.56,4641,regular,False
2026-07-29T15:23:00+00:00,518.57,518.73,518.55,518.69,2215,regular,False
2026-07-29T15:24:00+00:00,518.74,518.81,518.68,518.8,5283,regular,False
2026-07-29T15:25:00+00:00,518.8,518.8,518.57,518.78,4451,regular,False
2026-07-29T15:26:00+00:00,518.75,518.79,518.44,518.53,4233,regular,False
2026-07-29T15:27:00+00:00,518.53,518.63,518.46,518.5,4011,regular,False
2026-07-29T15:28:00+00:00,518.56,518.63,518.49,518.55,4496,regular,False
2026-07-29T15:29:00+00:00,518.56,518.62,518.5,518.56,3562,regular,False
2026-07-29T15:30:00+00:00,518.56,518.67,518.53,518.64,3447,regular,False
2026-07-29T15:31:00+00:00,518.66,518.7,518.57,518.68,10114,regular,False
2026-07-29T15:32:00+00:00,518.69,518.82,518.67,518.73,7947,regular,False
2026-07-29T15:33:00+00:00,518.7,518.85,518.64,518.72,8003,regular,False
2026-07-29T15:34:00+00:00,518.73,518.77,518.47,518.54,4994,regular,False
2026-07-29T15:35:00+00:00,518.57,518.77,518.55,518.77,6303,regular,False
2026-07-29T15:36:00+00:00,518.78,518.79,518.6,518.7,2197,regular,False
2026-07-29T15:37:00+00:00,518.71,518.74,518.5,518.56,9383,regular,False
2026-07-29T15:38:00+00:00,518.58,518.79,518.54,518.55,4498,regular,False
2026-07-29T15:39:00+00:00,518.56,518.57,518.37,518.37,3645,regular,False
2026-07-29T15:40:00+00:00,518.37,518.43,518.33,518.38,4412,regular,False
2026-07-29T15:41:00+00:00,518.38,518.44,518.21,518.27,3465,regular,False
2026-07-29T15:42:00+00:00,518.24,518.35,518.17,518.18,6415,regular,False
2026-07-29T15:43:00+00:00,518.17,518.19,518.1,518.1,4493,regular,False
2026-07-29T15:44:00+00:00,518.13,518.37,518.12,518.33,11265,regular,False
2026-07-29T15:45:00+00:00,518.36,518.43,518.24,518.41,11745,regular,False
2026-07-29T15:46:00+00:00,518.41,518.53,518.38,518.38,8567,regular,False
2026-07-29T15:47:00+00:00,518.46,518.62,518.43,518.54,5922,regular,False
2026-07-29T15:48:00+00:00,518.5,518.56,518.41,518.52,8961,regular,False
2026-07-29T15:49:00+00:00,518.52,518.64,518.5,518.64,2270,regular,False
2026-07-29T15:50:00+00:00,518.63,518.67,518.4,518.45,2825,regular,False
2026-07-29T15:51:00+00:00,518.35,518.45,518.34,518.42,2628,regular,False
2026-07-29T15:52:00+00:00,518.44,518.46,518.31,518.46,3934,regular,False
2026-07-29T15:53:00+00:00,518.49,518.52,518.38,518.52,2027,regular,False
2026-07-29T15:54:00+00:00,518.46,518.47,518.15,518.15,13670,regular,False
2026-07-29T15:55:00+00:00,518.06,518.08,517.88,518.0,17024,regular,False
2026-07-29T15:56:00+00:00,518.02,518.12,517.93,518.1,50149,regular,False
2026-07-29T15:57:00+00:00,518.13,518.14,517.95,518.04,6787,regular,False
2026-07-29T15:58:00+00:00,518.01,518.18,518.01,518.18,10161,regular,False
2026-07-29T15:59:00+00:00,518.25,518.31,518.13,518.25,6206,regular,False
2026-07-29T16:00:00+00:00,518.3,518.35,517.92,517.92,8164,regular,False
2026-07-29T16:01:00+00:00,517.92,518.09,517.88,517.88,97481,regular,False
2026-07-29T16:02:00+00:00,517.88,517.99,517.88,517.99,3419,regular,False
2026-07-29T16:03:00+00:00,517.96,518.09,517.96,517.98,2150,regular,False
2026-07-29T16:04:00+00:00,517.96,517.98,517.77,517.78,6157,regular,False
2026-07-29T16:05:00+00:00,517.77,517.77,517.43,517.63,12728,regular,False
2026-07-29T16:06:00+00:00,517.63,517.73,517.53,517.7,10117,regular,False
2026-07-29T16:07:00+00:00,517.65,517.88,517.61,517.84,13832,regular,False
2026-07-29T16:08:00+00:00,517.87,517.9,517.72,517.88,7499,regular,False
2026-07-29T16:09:00+00:00,517.88,517.88,517.79,517.83,4482,regular,False
2026-07-29T16:10:00+00:00,517.81,517.82,517.7,517.71,4396,regular,False
2026-07-29T16:11:00+00:00,517.68,517.71,517.55,517.62,5069,regular,False
2026-07-29T16:12:00+00:00,517.63,517.83,517.63,517.72,4287,regular,False
2026-07-29T16:13:00+00:00,517.7,517.81,517.7,517.75,6259,regular,False
2026-07-29T16:14:00+00:00,517.77,517.78,517.46,517.46,3774,regular,False
2026-07-29T16:15:00+00:00,517.41,517.51,517.28,517.51,7893,regular,False
2026-07-29T16:16:00+00:00,517.5,517.62,517.42,517.56,9127,regular,False
2026-07-29T16:17:00+00:00,517.57,517.66,517.51,517.63,3101,regular,False
2026-07-29T16:18:00+00:00,517.57,517.57,517.49,517.55,1990,regular,False
2026-07-29T16:19:00+00:00,517.56,517.6,517.45,517.45,2284,regular,False
2026-07-29T16:20:00+00:00,517.43,517.56,517.38,517.56,1195,regular,False
2026-07-29T16:21:00+00:00,517.59,517.65,517.55,517.62,10875,regular,False
2026-07-29T16:22:00+00:00,517.58,517.85,517.58,517.79,2724,regular,False
2026-07-29T16:23:00+00:00,517.81,518.14,517.79,517.99,12423,regular,False
2026-07-29T16:24:00+00:00,517.96,517.98,517.84,517.93,4633,regular,False
2026-07-29T16:25:00+00:00,518.01,518.11,517.98,517.98,3779,regular,False
2026-07-29T16:26:00+00:00,518.0,518.15,517.94,518.15,3179,regular,False
2026-07-29T16:27:00+00:00,518.16,518.22,518.09,518.09,4211,regular,False
2026-07-29T16:28:00+00:00,518.06,518.19,517.98,518.19,2943,regular,False
2026-07-29T16:29:00+00:00,518.18,518.28,518.18,518.27,3350,regular,False
2026-07-29T16:30:00+00:00,518.23,518.42,518.22,518.41,2950,regular,False
2026-07-29T16:31:00+00:00,518.42,518.45,518.24,518.26,2730,regular,False
2026-07-29T16:32:00+00:00,518.3,518.32,518.11,518.19,2856,regular,False
2026-07-29T16:33:00+00:00,518.11,518.28,518.1,518.25,4395,regular,False
2026-07-29T16:34:00+00:00,518.29,518.35,518.1,518.1,5376,regular,False
2026-07-29T16:35:00+00:00,518.09,518.12,517.94,518.0,4275,regular,False
2026-07-29T16:36:00+00:00,518.02,518.06,517.87,517.88,1838,regular,False
2026-07-29T16:37:00+00:00,517.96,518.03,517.93,518.02,4307,regular,False
2026-07-29T16:38:00+00:00,518.01,518.1,517.92,517.98,6292,regular,False
2026-07-29T16:39:00+00:00,517.97,518.15,517.96,518.13,3289,regular,False
2026-07-29T16:40:00+00:00,518.15,518.21,517.99,518.11,6682,regular,False
2026-07-29T16:41:00+00:00,518.07,518.08,517.94,517.94,2811,regular,False
2026-07-29T16:42:00+00:00,517.96,517.96,517.78,517.81,5139,regular,False
2026-07-29T16:43:00+00:00,517.84,518.01,517.83,517.9,5277,regular,False
2026-07-29T16:44:00+00:00,517.9,517.96,517.8,517.95,4105,regular,False
2026-07-29T16:45:00+00:00,517.95,518.04,517.82,517.87,4722,regular,False
2026-07-29T16:46:00+00:00,517.87,517.93,517.8,517.8,6986,regular,False
2026-07-29T16:47:00+00:00,517.83,518.07,517.82,518.05,5649,regular,False
2026-07-29T16:48:00+00:00,518.08,518.1,517.98,518.07,4073,regular,False
2026-07-29T16:49:00+00:00,518.09,518.23,518.06,518.19,5368,regular,False
2026-07-29T16:50:00+00:00,518.19,518.32,518.16,518.32,7649,regular,False
2026-07-29T16:51:00+00:00,518.35,518.47,518.3,518.35,6774,regular,False
2026-07-29T16:52:00+00:00,518.34,518.53,518.2,518.5,8621,regular,False
2026-07-29T16:53:00+00:00,518.55,518.62,518.47,518.53,8275,regular,False
2026-07-29T16:54:00+00:00,518.51,518.54,518.4,518.52,6668,regular,False
2026-07-29T16:55:00+00:00,518.5,518.65,518.44,518.62,3550,regular,False
2026-07-29T16:56:00+00:00,518.58,518.67,518.47,518.63,1544,regular,False
2026-07-29T16:57:00+00:00,518.64,518.67,518.54,518.59,3557,regular,False
2026-07-29T16:58:00+00:00,518.55,518.65,518.54,518.54,2700,regular,False
2026-07-29T16:59:00+00:00,518.66,518.86,518.66,518.86,9406,regular,False
2026-07-29T17:00:00+00:00,518.89,518.95,518.79,518.88,6954,regular,False
2026-07-29T17:01:00+00:00,518.88,519.11,518.86,519.07,4918,regular,False
2026-07-29T17:02:00+00:00,519.09,519.1,518.93,519.05,2232,regular,False
2026-07-29T17:03:00+00:00,519.07,519.36,519.07,519.36,4777,regular,False
2026-07-29T17:04:00+00:00,519.39,519.58,519.29,519.5,4675,regular,False
2026-07-29T17:05:00+00:00,519.51,519.51,519.36,519.43,3292,regular,False
2026-07-29T17:06:00+00:00,519.45,519.59,519.34,519.57,7937,regular,False
2026-07-29T17:07:00+00:00,519.58,519.59,519.22,519.22,2398,regular,False
2026-07-29T17:08:00+00:00,519.2,519.32,519.15,519.25,4749,regular,False
2026-07-29T17:09:00+00:00,519.25,519.28,519.08,519.08,4276,regular,False
2026-07-29T17:10:00+00:00,519.07,519.36,519.05,519.34,1261,regular,False
2026-07-29T17:11:00+00:00,519.33,519.37,519.2,519.32,4510,regular,False
2026-07-29T17:12:00+00:00,519.29,519.44,519.17,519.44,2532,regular,False
2026-07-29T17:13:00+00:00,519.44,519.57,519.4,519.43,10359,regular,False
2026-07-29T17:14:00+00:00,519.44,519.51,519.36,519.51,3836,regular,False
2026-07-29T17:15:00+00:00,519.5,519.53,519.36,519.4,10945,regular,False
2026-07-29T17:16:00+00:00,519.38,519.5,519.35,519.47,43338,regular,False
2026-07-29T17:17:00+00:00,519.45,519.75,519.44,519.72,49909,regular,False
2026-07-29T17:18:00+00:00,519.7,519.83,519.66,519.75,11077,regular,False
2026-07-29T17:19:00+00:00,519.75,519.82,519.68,519.81,6441,regular,False
2026-07-29T17:20:00+00:00,519.8,519.86,519.73,519.76,11019,regular,False
2026-07-29T17:21:00+00:00,519.76,520.01,519.76,520.0,2150,regular,False
2026-07-29T17:22:00+00:00,520.0,520.0,519.81,519.85,4352,regular,False
2026-07-29T17:23:00+00:00,519.85,519.92,519.8,519.89,6633,regular,False
2026-07-29T17:24:00+00:00,519.88,519.89,519.54,519.54,4656,regular,False
2026-07-29T17:25:00+00:00,519.56,519.62,519.44,519.59,4759,regular,False
2026-07-29T17:26:00+00:00,519.56,519.68,519.51,519.57,4711,regular,False
2026-07-29T17:27:00+00:00,519.56,519.56,519.51,519.53,1090,regular,False
2026-07-29T17:28:00+00:00,519.5,519.7,519.48,519.64,5817,regular,False
2026-07-29T17:29:00+00:00,519.58,519.6,519.34,519.34,6770,regular,False
2026-07-29T17:30:00+00:00,519.33,519.33,519.1,519.11,3761,regular,False
2026-07-29T17:31:00+00:00,519.11,519.42,519.09,519.38,3224,regular,False
2026-07-29T17:32:00+00:00,519.39,519.58,519.37,519.58,10985,regular,False
2026-07-29T17:33:00+00:00,519.61,519.69,519.57,519.64,5481,regular,False
2026-07-29T17:34:00+00:00,519.71,519.71,519.26,519.29,1599,regular,False
2026-07-29T17:35:00+00:00,519.27,519.38,519.21,519.21,6650,regular,False
2026-07-29T17:36:00+00:00,519.21,519.28,519.15,519.15,6829,regular,False
2026-07-29T17:37:00+00:00,519.14,519.28,519.11,519.14,4431,regular,False
2026-07-29T17:38:00+00:00,519.14,519.22,519.09,519.14,2871,regular,False
2026-07-29T17:39:00+00:00,519.15,519.23,519.14,519.15,2574,regular,False
2026-07-29T17:40:00+00:00,519.14,519.17,519.01,519.03,3328,regular,False
2026-07-29T17:41:00+00:00,519.09,519.18,519.01,519.05,3843,regular,False
2026-07-29T17:42:00+00:00,519.05,519.08,518.97,518.97,1762,regular,False
2026-07-29T17:43:00+00:00,518.97,519.17,518.9,519.15,7334,regular,False
2026-07-29T17:44:00+00:00,519.14,519.15,519.06,519.06,527,regular,False
2026-07-29T17:45:00+00:00,519.1,519.14,518.9,518.9,948,regular,False
2026-07-29T17:46:00+00:00,518.88,519.05,518.85,519.02,3829,regular,False
2026-07-29T17:47:00+00:00,519.05,519.05,518.93,519.01,2330,regular,False
2026-07-29T17:48:00+00:00,519.04,519.15,518.97,519.12,10355,regular,False
2026-07-29T17:49:00+00:00,519.14,519.15,519.09,519.13,824,regular,False
2026-07-29T17:50:00+00:00,519.17,519.18,519.12,519.12,862,regular,False
2026-07-29T17:51:00+00:00,519.06,519.14,519.06,519.11,749,regular,False
2026-07-29T17:52:00+00:00,519.11,519.24,519.09,519.09,1681,regular,False
2026-07-29T17:53:00+00:00,519.09,519.24,519.08,519.22,4937,regular,False
2026-07-29T17:54:00+00:00,519.23,519.3,519.19,519.24,3508,regular,False
2026-07-29T17:55:00+00:00,519.23,519.3,519.06,519.11,4149,regular,False
2026-07-29T17:56:00+00:00,519.11,519.11,519.02,519.05,1645,regular,False
2026-07-29T17:57:00+00:00,519.0,519.11,519.0,519.09,5186,regular,False
2026-07-29T17:58:00+00:00,519.13,519.18,519.01,519.1,5233,regular,False
2026-07-29T17:59:00+00:00,519.12,519.23,519.11,519.21,5290,regular,False
2026-07-29T18:00:00+00:00,519.16,520.73,519.13,520.65,50187,regular,False
2026-07-29T18:01:00+00:00,520.6,521.17,520.37,520.78,29099,regular,False
2026-07-29T18:02:00+00:00,520.77,520.94,520.35,520.38,20657,regular,False
2026-07-29T18:03:00+00:00,520.37,520.52,520.08,520.27,10619,regular,False
2026-07-29T18:04:00+00:00,520.27,520.31,520.03,520.19,19006,regular,False
2026-07-29T18:05:00+00:00,520.18,520.36,519.92,520.01,12327,regular,False
2026-07-29T18:06:00+00:00,520.04,520.31,519.96,520.01,61955,regular,False
2026-07-29T18:07:00+00:00,520.09,520.09,519.67,519.67,20133,regular,False
2026-07-29T18:08:00+00:00,519.61,519.85,519.6,519.67,12752,regular,False
2026-07-29T18:09:00+00:00,519.64,519.72,519.36,519.41,14082,regular,False
2026-07-29T18:10:00+00:00,519.46,519.55,519.16,519.24,10206,regular,False
2026-07-29T18:11:00+00:00,519.28,519.58,519.24,519.58,6809,regular,False
2026-07-29T18:12:00+00:00,519.58,519.65,519.27,519.32,14876,regular,False
2026-07-29T18:13:00+00:00,519.34,519.4,519.16,519.36,54422,regular,False
2026-07-29T18:14:00+00:00,519.39,519.41,518.92,519.21,37440,regular,False
2026-07-29T18:15:00+00:00,519.22,519.54,519.22,519.48,20379,regular,False
2026-07-29T18:16:00+00:00,519.5,519.7,519.29,519.29,15311,regular,False
2026-07-29T18:17:00+00:00,519.3,519.33,518.97,519.12,13857,regular,False
2026-07-29T18:18:00+00:00,519.23,519.27,519.1,519.16,7086,regular,False
2026-07-29T18:19:00+00:00,519.15,519.15,518.82,518.89,27213,regular,False
2026-07-29T18:20:00+00:00,518.85,518.85,518.39,518.54,24511,regular,False
2026-07-29T18:21:00+00:00,518.53,518.7,518.45,518.62,15010,regular,False
2026-07-29T18:22:00+00:00,518.58,518.58,518.45,518.53,11044,regular,False
2026-07-29T18:23:00+00:00,518.56,518.72,518.32,518.32,8609,regular,False
2026-07-29T18:24:00+00:00,518.36,518.67,518.36,518.59,3695,regular,False
2026-07-29T18:25:00+00:00,518.51,518.67,518.4,518.43,5544,regular,False
2026-07-29T18:26:00+00:00,518.61,518.7,518.54,518.64,6547,regular,False
2026-07-29T18:27:00+00:00,518.64,518.66,518.46,518.66,923,regular,False
2026-07-29T18:28:00+00:00,518.68,518.9,518.67,518.84,7938,regular,False
2026-07-29T18:29:00+00:00,518.82,518.98,518.78,518.98,6269,regular,False
2026-07-29T18:30:00+00:00,519.0,519.33,519.0,519.3,4626,regular,False
2026-07-29T18:31:00+00:00,519.27,519.4,518.49,518.49,21232,regular,False
2026-07-29T18:32:00+00:00,518.53,518.53,518.0,518.46,16472,regular,False
2026-07-29T18:33:00+00:00,518.41,518.74,518.17,518.63,11634,regular,False
2026-07-29T18:34:00+00:00,518.73,518.78,518.36,518.55,5556,regular,False
2026-07-29T18:35:00+00:00,518.57,518.64,518.16,518.4,12504,regular,False
2026-07-29T18:36:00+00:00,518.37,518.78,518.28,518.77,4137,regular,False
2026-07-29T18:37:00+00:00,518.78,519.07,518.72,519.02,6771,regular,False
2026-07-29T18:38:00+00:00,519.1,519.52,519.09,519.34,18312,regular,False
2026-07-29T18:39:00+00:00,519.35,519.92,519.28,519.79,21614,regular,False
2026-07-29T18:40:00+00:00,519.82,520.19,519.75,520.08,26033,regular,False
2026-07-29T18:41:00+00:00,520.15,520.55,520.15,520.36,14004,regular,False
2026-07-29T18:42:00+00:00,520.41,520.43,519.88,520.35,23349,regular,False
2026-07-29T18:43:00+00:00,520.33,520.68,520.23,520.61,17509,regular,False
2026-07-29T18:44:00+00:00,520.55,520.91,520.55,520.75,14244,regular,False
2026-07-29T18:45:00+00:00,520.71,521.16,520.64,521.02,14264,regular,False
2026-07-29T18:46:00+00:00,521.06,521.27,520.99,521.14,8830,regular,False
2026-07-29T18:47:00+00:00,521.13,521.68,521.09,521.48,32297,regular,False
2026-07-29T18:48:00+00:00,521.42,521.49,521.1,521.23,53568,regular,False
2026-07-29T18:49:00+00:00,521.26,521.78,521.26,521.63,5698,regular,False
2026-07-29T18:50:00+00:00,521.65,521.73,521.39,521.54,8545,regular,False
2026-07-29T18:51:00+00:00,521.51,521.61,521.31,521.55,4473,regular,False
2026-07-29T18:52:00+00:00,521.58,521.66,521.48,521.62,1841,regular,False
2026-07-29T18:53:00+00:00,521.55,521.95,521.55,521.83,5490,regular,False
2026-07-29T18:54:00+00:00,521.84,521.98,521.78,521.95,2544,regular,False
2026-07-29T18:55:00+00:00,521.92,521.93,521.74,521.75,7876,regular,False
2026-07-29T18:56:00+00:00,521.82,521.83,521.57,521.57,6519,regular,False
2026-07-29T18:57:00+00:00,521.46,521.6,521.42,521.54,12103,regular,False
2026-07-29T18:58:00+00:00,521.68,521.77,521.55,521.65,4609,regular,False
2026-07-29T18:59:00+00:00,521.48,521.51,521.33,521.42,4510,regular,False
2026-07-29T19:00:00+00:00,521.45,521.57,521.2,521.27,9598,regular,False
2026-07-29T19:01:00+00:00,521.24,521.58,521.16,521.58,3025,regular,False
2026-07-29T19:02:00+00:00,521.77,521.83,521.4,521.43,9337,regular,False
2026-07-29T19:03:00+00:00,521.42,521.44,520.86,520.86,3372,regular,False
2026-07-29T19:04:00+00:00,520.96,520.96,520.3,520.46,6820,regular,False
2026-07-29T19:05:00+00:00,520.43,520.46,520.03,520.08,6911,regular,False
2026-07-29T19:06:00+00:00,520.1,520.14,519.87,520.06,4636,regular,False
2026-07-29T19:07:00+00:00,519.91,519.99,519.56,519.57,6146,regular,False
2026-07-29T19:08:00+00:00,519.59,519.79,519.38,519.38,1340,regular,False
2026-07-29T19:09:00+00:00,519.39,519.51,519.31,519.33,2350,regular,False
2026-07-29T19:10:00+00:00,519.29,519.44,519.13,519.44,4646,regular,False
2026-07-29T19:11:00+00:00,519.54,519.77,519.51,519.66,5210,regular,False
2026-07-29T19:12:00+00:00,519.75,519.77,519.43,519.72,12154,regular,False
2026-07-29T19:13:00+00:00,519.71,519.85,519.64,519.69,3923,regular,False
2026-07-29T19:14:00+00:00,519.73,519.82,519.67,519.82,2685,regular,False
2026-07-29T19:15:00+00:00,519.76,520.4,519.76,520.39,8280,regular,False
2026-07-29T19:16:00+00:00,520.45,520.46,519.92,520.01,9124,regular,False
2026-07-29T19:17:00+00:00,519.98,519.98,519.55,519.64,3431,regular,False
2026-07-29T19:18:00+00:00,519.47,519.59,519.35,519.44,3348,regular,False
2026-07-29T19:19:00+00:00,519.45,519.45,519.27,519.33,1705,regular,False
2026-07-29T19:20:00+00:00,519.27,519.27,518.97,519.0,5340,regular,False
2026-07-29T19:21:00+00:00,518.99,518.99,518.42,518.81,17576,regular,False
2026-07-29T19:22:00+00:00,518.8,518.82,518.34,518.64,6614,regular,False
2026-07-29T19:23:00+00:00,518.62,518.67,518.33,518.44,11742,regular,False
2026-07-29T19:24:00+00:00,518.48,518.7,518.22,518.24,10220,regular,False
2026-07-29T19:25:00+00:00,518.24,518.4,517.92,517.94,11996,regular,False
2026-07-29T19:26:00+00:00,517.86,517.95,517.61,517.93,10910,regular,False
2026-07-29T19:27:00+00:00,517.9,518.1,517.81,517.94,12584,regular,False
2026-07-29T19:28:00+00:00,517.89,518.08,517.77,518.0,3761,regular,False
2026-07-29T19:29:00+00:00,517.92,517.96,517.7,517.8,5382,regular,False
2026-07-29T19:30:00+00:00,517.76,517.87,517.56,517.8,9956,regular,False
2026-07-29T19:31:00+00:00,517.86,517.95,517.62,517.88,9371,regular,False
2026-07-29T19:32:00+00:00,517.93,517.93,517.22,517.3,7024,regular,False
2026-07-29T19:33:00+00:00,517.34,517.39,516.4,516.48,49756,regular,False
2026-07-29T19:34:00+00:00,516.51,517.04,516.42,517.04,22350,regular,False
2026-07-29T19:35:00+00:00,517.04,517.06,516.48,516.59,15644,regular,False
2026-07-29T19:36:00+00:00,516.63,517.0,516.42,516.98,23199,regular,False
2026-07-29T19:37:00+00:00,517.02,517.09,516.39,516.43,12945,regular,False
2026-07-29T19:38:00+00:00,516.45,516.47,515.87,515.91,15354,regular,False
2026-07-29T19:39:00+00:00,515.9,515.9,515.57,515.62,10543,regular,False
2026-07-29T19:40:00+00:00,515.59,515.77,515.38,515.76,26245,regular,False
2026-07-29T19:41:00+00:00,515.8,515.97,515.58,515.77,14940,regular,False
2026-07-29T19:42:00+00:00,515.84,515.91,515.6,515.6,7871,regular,False
2026-07-29T19:43:00+00:00,515.6,515.83,515.31,515.75,9075,regular,False
2026-07-29T19:44:00+00:00,515.79,515.79,515.3,515.56,5673,regular,False
2026-07-29T19:45:00+00:00,515.59,515.59,515.28,515.31,9601,regular,False
2026-07-29T19:46:00+00:00,515.25,515.53,515.12,515.12,17469,regular,False
2026-07-29T19:47:00+00:00,515.16,515.26,514.82,515.1,29702,regular,False
2026-07-29T19:48:00+00:00,515.06,515.4,515.03,515.31,31721,regular,False
2026-07-29T19:49:00+00:00,515.23,515.49,515.17,515.4,14247,regular,False
2026-07-29T19:50:00+00:00,515.39,515.39,514.91,515.16,21989,regular,False
2026-07-29T19:51:00+00:00,515.25,515.32,515.05,515.27,16597,regular,False
2026-07-29T19:52:00+00:00,515.23,515.43,515.03,515.3,37810,regular,False
2026-07-29T19:53:00+00:00,515.29,515.46,515.21,515.25,15952,regular,False
2026-07-29T19:54:00+00:00,515.27,515.56,515.27,515.44,17010,regular,False
2026-07-29T19:55:00+00:00,515.4,515.45,515.01,515.28,50055,regular,False
2026-07-29T19:56:00+00:00,515.29,515.47,515.12,515.23,26516,regular,False
2026-07-29T19:57:00+00:00,515.23,515.49,515.13,515.34,76440,regular,False
2026-07-29T19:58:00+00:00,515.3,515.54,515.24,515.35,112381,regular,False
2026-07-29T19:59:00+00:00,515.37,515.75,515.05,515.36,151859,regular,False
2026-07-29T20:00:00+00:00,515.38,515.6,515.06,515.46,108266,after-market,False
2026-07-29T20:01:00+00:00,515.53,515.8,515.53,515.69,999,after-market,False
2026-07-29T20:02:00+00:00,515.6,515.6,515.6,515.6,162,after-market,False
2026-07-29T20:03:00+00:00,515.73,515.73,515.73,515.73,4000,after-market,False
2026-07-29T20:04:00+00:00,515.54,515.54,515.29,515.29,1015,after-market,False
2026-07-29T20:05:00+00:00,515.42,515.42,515.08,515.16,2908,after-market,False
2026-07-29T20:06:00+00:00,515.08,515.39,515.05,515.32,1275,after-market,False
2026-07-29T20:07:00+00:00,515.25,515.25,515.22,515.23,645,after-market,False
2026-07-29T20:08:00+00:00,515.15,515.15,515.0,515.0,1330,after-market,False
2026-07-29T20:09:00+00:00,515.07,515.12,514.75,514.75,1245,after-market,False
2026-07-29T20:10:00+00:00,514.66,514.66,514.49,514.52,3671,after-market,False
2026-07-29T20:11:00+00:00,514.39,514.45,514.3,514.3,1640,after-market,False
2026-07-29T20:12:00+00:00,514.35,514.37,514.18,514.23,5381,after-market,False
2026-07-29T20:13:00+00:00,514.68,514.89,514.61,514.86,4122,after-market,False
2026-07-29T20:14:00+00:00,514.62,514.69,514.57,514.59,3750,after-market,False
2026-07-29T20:15:00+00:00,514.62,514.62,514.55,514.55,1248,after-market,False
2026-07-29T20:16:00+00:00,514.88,514.88,514.88,514.88,250,after-market,False
2026-07-29T20:17:00+00:00,514.88,514.88,514.88,514.88,0,after-market,False
2026-07-29T20:18:00+00:00,514.77,514.77,514.64,514.71,405,after-market,False
2026-07-29T20:19:00+00:00,514.72,514.72,514.71,514.71,600,after-market,False
2026-07-29T20:20:00+00:00,514.71,514.71,514.71,514.71,0,after-market,False
2026-07-29T20:21:00+00:00,514.8,514.8,514.8,514.8,1635,after-market,False
2026-07-29T20:22:00+00:00,514.8,514.8,514.8,514.8,0,after-market,False
2026-07-29T20:23:00+00:00,514.94,515.03,514.94,515.02,200,after-market,False
2026-07-29T20:24:00+00:00,515.02,515.02,515.02,515.02,0,after-market,False
2026-07-29T20:25:00+00:00,515.02,515.02,515.02,515.02,0,after-market,False
2026-07-29T20:26:00+00:00,514.63,514.63,514.63,514.63,500,after-market,False
2026-07-29T20:27:00+00:00,514.51,514.52,514.51,514.52,400,after-market,False
2026-07-29T20:28:00+00:00,514.68,514.68,514.68,514.68,120,after-market,False
2026-07-29T20:29:00+00:00,514.78,514.85,514.78,514.85,180,after-market,False
2026-07-29T20:30:00+00:00,514.72,514.72,514.68,514.68,814,after-market,False
2026-07-29T20:31:00+00:00,514.94,514.94,514.94,514.94,90,after-market,False
2026-07-29T20:32:00+00:00,514.9,515.0,514.9,515.0,128,after-market,False
2026-07-29T20:33:00+00:00,515.25,515.25,515.25,515.25,95,after-market,False
2026-07-29T20:34:00+00:00,515.36,515.38,515.36,515.38,4987,after-market,False
2026-07-29T20:35:00+00:00,515.38,515.38,515.38,515.38,0,after-market,False
2026-07-29T20:36:00+00:00,515.3,515.45,515.3,515.45,475,after-market,False
2026-07-29T20:37:00+00:00,515.45,515.45,515.45,515.45,0,after-market,False
2026-07-29T20:38:00+00:00,515.45,515.45,515.45,515.45,0,after-market,False
2026-07-29T20:39:00+00:00,515.7,515.7,515.7,515.7,1000,after-market,False
2026-07-29T20:40:00+00:00,515.7,515.7,515.7,515.7,0,after-market,False
2026-07-29T20:41:00+00:00,515.58,515.58,515.58,515.58,78,after-market,False
2026-07-29T20:42:00+00:00,515.58,515.58,515.58,515.58,0,after-market,False
2026-07-29T20:43:00+00:00,515.58,515.58,515.58,515.58,0,after-market,False
2026-07-29T20:44:00+00:00,515.37,515.37,515.37,515.37,161,after-market,False
2026-07-29T20:45:00+00:00,515.44,515.49,515.44,515.49,1615,after-market,False
2026-07-29T20:46:00+00:00,515.45,515.45,515.45,515.45,95,after-market,False
2026-07-29T20:47:00+00:00,515.45,515.45,515.45,515.45,0,after-market,False
2026-07-29T20:48:00+00:00,515.45,515.45,515.45,515.45,0,after-market,False
2026-07-29T20:49:00+00:00,515.2,515.2,515.12,515.12,136,after-market,False
2026-07-29T20:50:00+00:00,515.12,515.12,515.12,515.12,0,after-market,False
2026-07-29T20:51:00+00:00,515.12,515.12,515.12,515.12,0,after-market,False
2026-07-29T20:52:00+00:00,515.12,515.12,515.12,515.12,0,after-market,False
2026-07-29T20:53:00+00:00,515.27,515.27,515.24,515.24,310,after-market,False
2026-07-29T20:54:00+00:00,515.24,515.24,515.24,515.24,0,after-market,False
2026-07-29T20:55:00+00:00,515.36,515.38,515.36,515.38,400,after-market,False
2026-07-29T20:56:00+00:00,515.37,515.37,515.37,515.37,80,after-market,False
2026-07-29T20:57:00+00:00,515.33,515.33,515.33,515.33,90,after-market,False
2026-07-29T20:58:00+00:00,515.3,515.3,515.2,515.22,1677,after-market,False
2026-07-29T20:59:00+00:00,515.36,515.37,515.36,515.36,480,after-market,False
2026-07-29T21:00:00+00:00,515.36,515.36,515.36,515.36,0,after-market,False
2026-07-29T21:01:00+00:00,515.36,515.36,515.36,515.36,0,after-market,False
2026-07-29T21:02:00+00:00,515.36,515.36,515.36,515.36,0,after-market,False
2026-07-29T21:03:00+00:00,515.36,515.36,515.36,515.36,0,after-market,False
2026-07-29T21:04:00+00:00,515.36,515.36,515.36,515.36,0,after-market,False
2026-07-29T21:05:00+00:00,515.36,515.36,515.36,515.36,0,after-market,False
2026-07-29T21:06:00+00:00,515.36,515.36,515.36,515.36,0,after-market,False
2026-07-29T21:07:00+00:00,515.36,515.36,515.36,515.36,0,after-market,False
2026-07-29T21:08:00+00:00,515.5,516.08,515.5,516.08,880,after-market,False
2026-07-29T21:09:00+00:00,516.08,516.08,516.08,516.08,0,after-market,False
2026-07-29T21:10:00+00:00,516.08,516.08,516.08,516.08,0,after-market,False
2026-07-29T21:11:00+00:00,516.08,516.08,516.08,516.08,0,after-market,False
2026-07-29T21:12:00+00:00,515.15,515.15,515.15,515.15,200,after-market,False
2026-07-29T21:13:00+00:00,515.15,515.15,515.15,515.15,0,after-market,False
2026-07-29T21:14:00+00:00,515.15,515.15,515.15,515.15,0,after-market,False
2026-07-29T21:15:00+00:00,515.15,515.15,515.15,515.15,0,after-market,False
2026-07-29T21:16:00+00:00,515.15,515.15,515.15,515.15,0,after-market,False
2026-07-29T21:17:00+00:00,515.15,515.15,515.15,515.15,0,after-market,False
2026-07-29T21:18:00+00:00,515.15,515.5,515.15,515.5,576,after-market,False
2026-07-29T21:19:00+00:00,515.5,515.5,515.5,515.5,0,after-market,False
2026-07-29T21:20:00+00:00,515.5,515.5,515.5,515.5,0,after-market,False
2026-07-29T21:21:00+00:00,515.5,515.5,515.5,515.5,0,after-market,False
2026-07-29T21:22:00+00:00,515.5,515.5,515.5,515.5,0,after-market,False
2026-07-29T21:23:00+00:00,515.5,515.5,515.5,515.5,0,after-market,False
2026-07-29T21:24:00+00:00,515.5,515.5,515.5,515.5,0,after-market,False
2026-07-29T21:25:00+00:00,515.06,515.07,515.06,515.06,1500,after-market,False
2026-07-29T21:26:00+00:00,515.06,515.06,515.06,515.06,0,after-market,False
2026-07-29T21:27:00+00:00,515.06,515.06,515.06,515.06,0,after-market,False
2026-07-29T21:28:00+00:00,515.06,515.06,515.06,515.06,0,after-market,False
2026-07-29T21:29:00+00:00,515.02,515.02,515.02,515.02,60,after-market,False
2026-07-29T21:30:00+00:00,515.02,515.02,515.02,515.02,0,after-market,False
2026-07-29T21:31:00+00:00,515.02,515.02,515.02,515.02,0,after-market,False
2026-07-29T21:32:00+00:00,515.02,515.02,515.02,515.02,0,after-market,False
2026-07-29T21:33:00+00:00,515.02,515.02,515.02,515.02,0,after-market,False
2026-07-29T21:34:00+00:00,515.8,515.8,515.8,515.8,50,after-market,False
2026-07-29T21:35:00+00:00,515.8,515.8,515.8,515.8,0,after-market,False
2026-07-29T21:36:00+00:00,515.8,515.8,515.8,515.8,0,after-market,False
2026-07-29T21:37:00+00:00,515.8,515.8,515.8,515.8,0,after-market,False
2026-07-29T21:38:00+00:00,515.8,515.8,515.8,515.8,0,after-market,False
2026-07-29T21:39:00+00:00,515.8,515.8,515.8,515.8,0,after-market,False
2026-07-29T21:40:00+00:00,515.8,515.8,515.8,515.8,0,after-market,False
2026-07-29T21:41:00+00:00,515.8,515.8,515.8,515.8,0,after-market,False
2026-07-29T21:42:00+00:00,515.8,515.8,515.8,515.8,0,after-market,False
2026-07-29T21:43:00+00:00,515.8,515.8,515.8,515.8,0,after-market,False
2026-07-29T21:44:00+00:00,515.8,515.8,515.8,515.8,0,after-market,False
2026-07-29T21:45:00+00:00,515.8,515.8,515.8,515.8,0,after-market,False
2026-07-29T21:46:00+00:00,515.8,515.8,515.8,515.8,0,after-market,False
2026-07-29T21:47:00+00:00,515.8,515.8,515.8,515.8,0,after-market,False
2026-07-29T21:48:00+00:00,515.8,515.8,515.8,515.8,0,after-market,False
2026-07-29T21:49:00+00:00,515.8,515.8,515.8,515.8,0,after-market,False
2026-07-29T21:50:00+00:00,515.8,515.8,515.8,515.8,0,after-market,False
2026-07-29T21:51:00+00:00,515.1,515.1,515.1,515.1,1000,after-market,False
2026-07-29T21:52:00+00:00,515.11,515.11,515.11,515.11,386,after-market,False
2026-07-29T21:53:00+00:00,515.44,515.44,515.44,515.44,45,after-market,False
2026-07-29T21:54:00+00:00,515.09,515.11,515.01,515.11,660,after-market,False
2026-07-29T21:55:00+00:00,515.0,515.0,515.0,515.0,50,after-market,False
2026-07-29T21:56:00+00:00,515.0,515.0,515.0,515.0,0,after-market,False
2026-07-29T21:57:00+00:00,515.0,515.0,515.0,515.0,0,after-market,False
2026-07-29T21:58:00+00:00,515.0,515.0,515.0,515.0,0,after-market,False
2026-07-29T21:59:00+00:00,515.38,515.38,514.63,514.63,1100,after-market,False
2026-07-29T22:00:00+00:00,515.42,515.69,515.42,515.69,5370,after-market,False
2026-07-29T22:01:00+00:00,515.9,516.15,515.9,516.15,650,after-market,False
2026-07-29T22:02:00+00:00,516.15,516.15,516.15,516.15,0,after-market,False
2026-07-29T22:03:00+00:00,516.37,516.37,516.25,516.27,2165,after-market,False
2026-07-29T22:04:00+00:00,516.27,516.27,516.27,516.27,0,after-market,False
2026-07-29T22:05:00+00:00,516.5,516.63,516.5,516.63,145,after-market,False
2026-07-29T22:06:00+00:00,516.78,516.78,516.78,516.78,200,after-market,False
2026-07-29T22:07:00+00:00,516.78,516.78,516.78,516.78,0,after-market,False
2026-07-29T22:08:00+00:00,516.78,516.78,516.78,516.78,0,after-market,False
2026-07-29T22:09:00+00:00,516.78,516.78,516.78,516.78,0,after-market,False
2026-07-29T22:10:00+00:00,517.0,517.15,517.0,517.15,1028,after-market,False
2026-07-29T22:11:00+00:00,517.28,517.3,517.03,517.03,4950,after-market,False
2026-07-29T22:12:00+00:00,517.03,517.03,517.03,517.03,0,after-market,False
2026-07-29T22:13:00+00:00,517.27,517.27,517.27,517.27,100,after-market,False
2026-07-29T22:14:00+00:00,517.16,517.16,517.13,517.13,690,after-market,False
2026-07-29T22:15:00+00:00,517.04,517.04,517.04,517.04,90,after-market,False
2026-07-29T22:16:00+00:00,517.01,517.01,517.01,517.01,90,after-market,False
2026-07-29T22:17:00+00:00,517.06,517.1,517.02,517.1,2547,after-market,False
2026-07-29T22:18:00+00:00,517.1,517.1,516.99,516.99,359,after-market,False
2026-07-29T22:19:00+00:00,517.09,517.09,517.09,517.09,100,after-market,False
2026-07-29T22:20:00+00:00,517.09,517.09,517.09,517.09,0,after-market,False
2026-07-29T22:21:00+00:00,517.09,517.09,517.09,517.09,0,after-market,False
2026-07-29T22:22:00+00:00,516.98,516.98,516.98,516.98,50,after-market,False
2026-07-29T22:23:00+00:00,516.98,516.98,516.98,516.98,0,after-market,False
2026-07-29T22:24:00+00:00,516.98,516.98,516.98,516.98,0,after-market,False
2026-07-29T22:25:00+00:00,516.98,516.98,516.98,516.98,0,after-market,False
2026-07-29T22:26:00+00:00,516.98,516.98,516.98,516.98,0,after-market,False
2026-07-29T22:27:00+00:00,516.93,516.93,516.93,516.93,49,after-market,False
2026-07-29T22:28:00+00:00,516.84,516.84,516.84,516.84,40,after-market,False
2026-07-29T22:29:00+00:00,516.84,516.84,516.84,516.84,0,after-market,False
2026-07-29T22:30:00+00:00,517.03,517.03,516.97,516.97,90,after-market,False
2026-07-29T22:31:00+00:00,516.97,516.97,516.97,516.97,0,after-market,False
2026-07-29T22:32:00+00:00,516.97,516.97,516.97,516.97,0,after-market,False
2026-07-29T22:33:00+00:00,516.97,516.97,516.97,516.97,0,after-market,False
2026-07-29T22:34:00+00:00,516.97,516.97,516.97,516.97,0,after-market,False
2026-07-29T22:35:00+00:00,516.97,516.97,516.97,516.97,0,after-market,False
2026-07-29T22:36:00+00:00,516.97,516.97,516.97,516.97,0,after-market,False
2026-07-29T22:37:00+00:00,516.97,516.97,516.97,516.97,0,after-market,False
2026-07-29T22:38:00+00:00,516.93,516.94,516.93,516.93,100,after-market,False
2026-07-29T22:39:00+00:00,516.93,516.93,516.93,516.93,0,after-market,False
2026-07-29T22:40:00+00:00,516.93,516.93,516.93,516.93,0,after-market,False
2026-07-29T22:41:00+00:00,516.93,516.93,516.93,516.93,0,after-market,False
2026-07-29T22:42:00+00:00,516.76,516.76,516.76,516.76,488,after-market,False
2026-07-29T22:43:00+00:00,516.76,516.76,516.76,516.76,105,after-market,False
2026-07-29T22:44:00+00:00,516.83,516.85,516.83,516.85,590,after-market,False
2026-07-29T22:45:00+00:00,516.85,516.85,516.85,516.85,0,after-market,False
2026-07-29T22:46:00+00:00,516.85,516.85,516.85,516.85,0,after-market,False
2026-07-29T22:47:00+00:00,516.85,516.85,516.85,516.85,0,after-market,False
2026-07-29T22:48:00+00:00,516.85,516.85,516.85,516.85,0,after-market,False
2026-07-29T22:49:00+00:00,516.85,516.85,516.85,516.85,0,after-market,False
2026-07-29T22:50:00+00:00,516.85,516.85,516.85,516.85,0,after-market,False
2026-07-29T22:51:00+00:00,516.96,516.96,516.96,516.96,89,after-market,False
2026-07-29T22:52:00+00:00,516.88,516.88,516.88,516.88,90,after-market,False
2026-07-29T22:53:00+00:00,516.89,516.89,516.88,516.88,131,after-market,False
2026-07-29T22:54:00+00:00,516.85,516.85,516.85,516.85,50,after-market,False
2026-07-29T22:55:00+00:00,516.82,516.82,516.82,516.82,90,after-market,False
2026-07-29T22:56:00+00:00,516.82,516.82,516.82,516.82,0,after-market,False
2026-07-29T22:57:00+00:00,516.82,516.82,516.82,516.82,0,after-market,False
2026-07-29T22:58:00+00:00,516.82,516.82,516.82,516.82,0,after-market,False
2026-07-29T22:59:00+00:00,516.76,516.76,516.76,516.76,100,after-market,False
2026-07-29T23:00:00+00:00,516.76,516.76,516.76,516.76,0,after-market,False
2026-07-29T23:01:00+00:00,516.87,516.88,516.87,516.87,200,after-market,False
2026-07-29T23:02:00+00:00,516.87,516.87,516.87,516.87,0,after-market,False
2026-07-29T23:03:00+00:00,516.98,516.99,516.98,516.98,80,after-market,False
2026-07-29T23:04:00+00:00,516.99,516.99,516.99,516.99,300,after-market,False
2026-07-29T23:05:00+00:00,516.99,516.99,516.99,516.99,0,after-market,False
2026-07-29T23:06:00+00:00,516.94,516.94,516.93,516.94,48,after-market,False
2026-07-29T23:07:00+00:00,516.94,516.94,516.94,516.94,0,after-market,False
2026-07-29T23:08:00+00:00,517.04,517.04,517.04,517.04,580,after-market,False
2026-07-29T23:09:00+00:00,517.04,517.04,517.04,517.04,0,after-market,False
2026-07-29T23:10:00+00:00,517.04,517.04,517.04,517.04,0,after-market,False
2026-07-29T23:11:00+00:00,516.75,516.75,516.74,516.75,4443,after-market,False
2026-07-29T23:12:00+00:00,516.75,516.75,516.75,516.75,0,after-market,False
2026-07-29T23:13:00+00:00,516.75,516.75,516.75,516.75,0,after-market,False
2026-07-29T23:14:00+00:00,516.75,516.75,516.75,516.75,0,after-market,False
2026-07-29T23:15:00+00:00,516.75,516.75,516.75,516.75,0,after-market,False
2026-07-29T23:16:00+00:00,516.73,516.73,516.73,516.73,1354,after-market,False
2026-07-29T23:17:00+00:00,516.73,516.73,516.73,516.73,1650,after-market,False
2026-07-29T23:18:00+00:00,516.89,516.89,516.89,516.89,40,after-market,False
2026-07-29T23:19:00+00:00,516.89,516.89,516.89,516.89,0,after-market,False
2026-07-29T23:20:00+00:00,516.89,516.89,516.89,516.89,0,after-market,False
2026-07-29T23:21:00+00:00,516.98,516.98,516.98,516.98,125,after-market,False
2026-07-29T23:22:00+00:00,516.98,516.98,516.98,516.98,49,after-market,False
2026-07-29T23:23:00+00:00,516.98,516.98,516.98,516.98,0,after-market,False
2026-07-29T23:24:00+00:00,516.98,516.98,516.98,516.98,0,after-market,False
2026-07-29T23:25:00+00:00,517.04,517.04,517.0,517.0,140,after-market,False
2026-07-29T23:26:00+00:00,517.0,517.0,517.0,517.0,0,after-market,False
2026-07-29T23:27:00+00:00,516.94,516.94,516.93,516.94,40,after-market,False
2026-07-29T23:28:00+00:00,516.94,516.94,516.94,516.94,0,after-market,False
2026-07-29T23:29:00+00:00,516.94,516.94,516.94,516.94,0,after-market,False
2026-07-29T23:30:00+00:00,516.88,516.88,516.88,516.88,100,after-market,False
2026-07-29T23:31:00+00:00,516.96,516.96,516.96,516.96,125,after-market,False
2026-07-29T23:32:00+00:00,516.96,516.96,516.96,516.96,0,after-market,False
2026-07-29T23:33:00+00:00,516.97,516.97,516.97,516.97,40,after-market,False
2026-07-29T23:34:00+00:00,516.97,516.97,516.97,516.97,0,after-market,False
2026-07-29T23:35:00+00:00,516.89,516.89,516.89,516.89,40,after-market,False
2026-07-29T23:36:00+00:00,516.89,516.89,516.89,516.89,0,after-market,False
2026-07-29T23:37:00+00:00,516.89,516.89,516.89,516.89,0,after-market,False
2026-07-29T23:38:00+00:00,516.89,516.89,516.89,516.89,0,after-market,False
2026-07-29T23:39:00+00:00,516.89,516.89,516.89,516.89,0,after-market,False
2026-07-29T23:40:00+00:00,516.89,516.89,516.89,516.89,0,after-market,False
2026-07-29T23:41:00+00:00,516.89,516.89,516.89,516.89,0,after-market,False
2026-07-29T23:42:00+00:00,517.04,517.04,517.04,517.04,70,after-market,False
2026-07-29T23:43:00+00:00,517.04,517.04,517.04,517.04,0,after-market,False
2026-07-29T23:44:00+00:00,517.04,517.04,517.04,517.04,0,after-market,False
2026-07-29T23:45:00+00:00,516.94,516.94,516.94,516.94,80,after-market,False
2026-07-29T23:46:00+00:00,516.94,516.94,516.94,516.94,0,after-market,False
2026-07-29T23:47:00+00:00,516.94,516.94,516.94,516.94,0,after-market,False
2026-07-29T23:48:00+00:00,516.94,516.94,516.94,516.94,0,after-market,False
2026-07-29T23:49:00+00:00,516.93,516.93,516.93,516.93,75,after-market,False
2026-07-29T23:50:00+00:00,516.93,516.93,516.93,516.93,0,after-market,False
2026-07-29T23:51:00+00:00,516.91,516.91,516.91,516.91,90,after-market,False
2026-07-29T23:52:00+00:00,516.91,516.91,516.91,516.91,0,after-market,False
2026-07-29T23:53:00+00:00,516.91,516.91,516.91,516.91,0,after-market,False
2026-07-29T23:54:00+00:00,516.91,516.91,516.91,516.91,0,after-market,False
2026-07-29T23:55:00+00:00,517.12,517.13,517.12,517.12,100,after-market,False
2026-07-29T23:56:00+00:00,517.15,517.15,517.05,517.05,180,after-market,False
2026-07-29T23:57:00+00:00,517.05,517.05,517.05,517.05,0,after-market,False
2026-07-29T23:58:00+00:00,517.05,517.05,517.05,517.05,0,after-market,False
2026-07-29T23:59:00+00:00,517.02,517.02,517.02,517.02,82,after-market,False
2026-07-30T08:01:00+00:00,516.19,516.25,515.8,515.8,291,pre-market,False
2026-07-30T08:02:00+00:00,515.61,516.79,515.3,516.42,2492,pre-market,False
2026-07-30T08:03:00+00:00,516.8,516.8,515.51,515.81,1527,pre-market,False
2026-07-30T08:04:00+00:00,515.81,515.81,515.81,515.81,0,pre-market,False
2026-07-30T08:05:00+00:00,515.81,515.81,515.81,515.81,0,pre-market,False
2026-07-30T08:06:00+00:00,515.81,515.81,515.81,515.81,0,pre-market,False
2026-07-30T08:07:00+00:00,515.81,515.81,515.81,515.81,0,pre-market,False
2026-07-30T08:08:00+00:00,516.83,516.83,516.83,516.83,366,pre-market,False
2026-07-30T08:09:00+00:00,516.83,516.83,516.83,516.83,0,pre-market,False
2026-07-30T08:10:00+00:00,516.83,516.83,516.83,516.83,0,pre-market,False
2026-07-30T08:11:00+00:00,516.83,516.83,516.83,516.83,0,pre-market,False
2026-07-30T08:12:00+00:00,516.83,516.83,516.83,516.83,0,pre-market,False
2026-07-30T08:13:00+00:00,516.83,516.83,516.83,516.83,0,pre-market,False
2026-07-30T08:14:00+00:00,516.83,516.83,516.83,516.83,0,pre-market,False
2026-07-30T08:15:00+00:00,516.77,516.77,516.73,516.73,481,pre-market,False
2026-07-30T08:16:00+00:00,516.73,516.73,516.73,516.73,0,pre-market,False
2026-07-30T08:17:00+00:00,516.71,516.71,516.69,516.69,260,pre-market,False
2026-07-30T08:18:00+00:00,516.69,516.69,516.69,516.69,0,pre-market,False
2026-07-30T08:19:00+00:00,516.69,516.69,516.69,516.69,0,pre-market,False
2026-07-30T08:20:00+00:00,516.42,516.42,516.42,516.42,500,pre-market,False
2026-07-30T08:21:00+00:00,516.42,516.42,516.42,516.42,0,pre-market,False
2026-07-30T08:22:00+00:00,516.42,516.42,516.42,516.42,0,pre-market,False
2026-07-30T08:23:00+00:00,516.42,516.42,516.42,516.42,0,pre-market,False
2026-07-30T08:24:00+00:00,516.42,516.42,516.42,516.42,0,pre-market,False
2026-07-30T08:25:00+00:00,516.42,516.42,516.42,516.42,0,pre-market,False
2026-07-30T08:26:00+00:00,516.42,516.42,516.42,516.42,0,pre-market,False
2026-07-30T08:27:00+00:00,516.42,516.42,516.42,516.42,0,pre-market,False
2026-07-30T08:28:00+00:00,516.42,516.42,516.42,516.42,0,pre-market,False
2026-07-30T08:29:00+00:00,516.42,516.42,516.42,516.42,0,pre-market,False
2026-07-30T08:30:00+00:00,516.42,516.42,516.42,516.42,0,pre-market,False
2026-07-30T08:31:00+00:00,516.42,516.42,516.42,516.42,0,pre-market,False
2026-07-30T08:32:00+00:00,516.42,516.42,516.42,516.42,0,pre-market,False
2026-07-30T08:33:00+00:00,516.42,516.42,516.42,516.42,0,pre-market,False
2026-07-30T08:34:00+00:00,516.42,516.42,516.42,516.42,0,pre-market,False
2026-07-30T08:35:00+00:00,516.42,516.42,516.42,516.42,0,pre-market,False
2026-07-30T08:36:00+00:00,516.42,516.42,516.42,516.42,0,pre-market,False
2026-07-30T08:37:00+00:00,516.42,516.42,516.42,516.42,0,pre-market,False
2026-07-30T08:38:00+00:00,516.42,516.42,516.42,516.42,0,pre-market,False
2026-07-30T08:39:00+00:00,516.78,516.78,516.78,516.78,80,pre-market,False
2026-07-30T08:40:00+00:00,516.78,516.78,516.78,516.78,0,pre-market,False
2026-07-30T08:41:00+00:00,516.78,516.78,516.78,516.78,0,pre-market,False
2026-07-30T08:42:00+00:00,516.78,516.78,516.78,516.78,0,pre-market,False
2026-07-30T08:43:00+00:00,516.78,516.78,516.78,516.78,0,pre-market,False
2026-07-30T08:44:00+00:00,516.78,516.78,516.78,516.78,0,pre-market,False
2026-07-30T08:45:00+00:00,516.78,516.78,516.78,516.78,0,pre-market,False
2026-07-30T08:46:00+00:00,516.78,516.78,516.78,516.78,0,pre-market,False
2026-07-30T08:47:00+00:00,516.78,516.78,516.78,516.78,0,pre-market,False
2026-07-30T08:48:00+00:00,516.78,516.78,516.78,516.78,0,pre-market,False
2026-07-30T08:49:00+00:00,516.78,516.78,516.78,516.78,0,pre-market,False
2026-07-30T08:50:00+00:00,516.78,516.78,516.78,516.78,0,pre-market,False
2026-07-30T08:51:00+00:00,516.78,516.78,516.78,516.78,0,pre-market,False
2026-07-30T08:52:00+00:00,516.78,516.78,516.78,516.78,0,pre-market,False
2026-07-30T08:53:00+00:00,516.78,516.78,516.78,516.78,0,pre-market,False
2026-07-30T08:54:00+00:00,516.78,516.78,516.78,516.78,0,pre-market,False
2026-07-30T08:55:00+00:00,516.78,516.78,516.78,516.78,0,pre-market,False
2026-07-30T08:56:00+00:00,516.78,516.78,516.78,516.78,0,pre-market,False
2026-07-30T08:57:00+00:00,516.35,516.35,516.35,516.35,64,pre-market,False
2026-07-30T08:58:00+00:00,516.35,516.35,516.35,516.35,0,pre-market,False
2026-07-30T08:59:00+00:00,516.35,516.35,516.35,516.35,0,pre-market,False
2026-07-30T09:00:00+00:00,516.35,516.35,516.35,516.35,0,pre-market,False
2026-07-30T09:01:00+00:00,516.35,516.35,516.35,516.35,0,pre-market,False
2026-07-30T09:02:00+00:00,516.35,516.35,516.35,516.35,0,pre-market,False
2026-07-30T09:03:00+00:00,516.35,516.35,516.35,516.35,0,pre-market,False
2026-07-30T09:04:00+00:00,516.35,516.35,516.35,516.35,0,pre-market,False
2026-07-30T09:05:00+00:00,516.35,516.35,516.35,516.35,0,pre-market,False
2026-07-30T09:06:00+00:00,516.35,516.35,516.35,516.35,0,pre-market,False
2026-07-30T09:07:00+00:00,516.35,516.35,516.35,516.35,0,pre-market,False
2026-07-30T09:08:00+00:00,516.35,516.35,516.35,516.35,0,pre-market,False
2026-07-30T09:09:00+00:00,516.35,516.35,516.35,516.35,0,pre-market,False
2026-07-30T09:10:00+00:00,516.35,516.35,516.35,516.35,0,pre-market,False
2026-07-30T09:11:00+00:00,516.35,516.35,516.35,516.35,0,pre-market,False
2026-07-30T09:12:00+00:00,516.35,516.35,516.35,516.35,0,pre-market,False
2026-07-30T09:13:00+00:00,516.35,516.35,516.35,516.35,0,pre-market,False
2026-07-30T09:14:00+00:00,517.15,517.15,517.1,517.1,348,pre-market,False
2026-07-30T09:15:00+00:00,517.1,517.1,517.1,517.1,0,pre-market,False
2026-07-30T09:16:00+00:00,517.1,517.1,517.1,517.1,0,pre-market,False
2026-07-30T09:17:00+00:00,517.1,517.1,517.1,517.1,0,pre-market,False
2026-07-30T09:18:00+00:00,517.02,517.02,517.02,517.02,105,pre-market,False
2026-07-30T09:19:00+00:00,517.03,517.03,517.03,517.03,48,pre-market,False
2026-07-30T09:20:00+00:00,517.03,517.03,517.03,517.03,0,pre-market,False
2026-07-30T09:21:00+00:00,517.03,517.03,517.03,517.03,0,pre-market,False
2026-07-30T09:22:00+00:00,517.03,517.03,517.03,517.03,0,pre-market,False
2026-07-30T09:23:00+00:00,517.03,517.03,517.03,517.03,0,pre-market,False
2026-07-30T09:24:00+00:00,517.03,517.03,517.03,517.03,0,pre-market,False
2026-07-30T09:25:00+00:00,517.03,517.03,517.03,517.03,0,pre-market,False
2026-07-30T09:26:00+00:00,517.16,517.17,517.16,517.17,1657,pre-market,False
2026-07-30T09:27:00+00:00,517.2,517.28,517.18,517.28,8005,pre-market,False
2026-07-30T09:28:00+00:00,517.28,517.28,517.28,517.28,0,pre-market,False
2026-07-30T09:29:00+00:00,517.28,517.28,517.28,517.28,0,pre-market,False
2026-07-30T09:30:00+00:00,517.28,517.28,517.28,517.28,0,pre-market,False
2026-07-30T09:31:00+00:00,517.28,517.28,517.28,517.28,0,pre-market,False
2026-07-30T09:32:00+00:00,517.1,517.1,517.1,517.1,1000,pre-market,False
2026-07-30T09:33:00+00:00,517.07,517.07,517.07,517.07,650,pre-market,False
2026-07-30T09:34:00+00:00,517.07,517.07,517.07,517.07,0,pre-market,False
2026-07-30T09:35:00+00:00,517.07,517.07,517.07,517.07,0,pre-market,False
2026-07-30T09:36:00+00:00,517.27,517.27,517.27,517.27,1410,pre-market,False
2026-07-30T09:37:00+00:00,517.27,517.27,517.27,517.27,0,pre-market,False
2026-07-30T09:38:00+00:00,517.22,517.32,517.22,517.27,2485,pre-market,False
2026-07-30T09:39:00+00:00,517.17,517.26,517.17,517.26,2640,pre-market,False
2026-07-30T09:40:00+00:00,517.03,517.03,517.02,517.03,1240,pre-market,False
2026-07-30T09:41:00+00:00,517.03,517.03,517.03,517.03,290,pre-market,False
2026-07-30T09:42:00+00:00,517.03,517.03,517.03,517.03,165,pre-market,False
2026-07-30T09:43:00+00:00,517.03,517.03,517.03,517.03,40,pre-market,False
2026-07-30T09:44:00+00:00,517.11,517.16,517.11,517.16,1125,pre-market,False
2026-07-30T09:45:00+00:00,517.16,517.16,517.16,517.16,0,pre-market,False
2026-07-30T09:46:00+00:00,517.16,517.16,517.16,517.16,0,pre-market,False
2026-07-30T09:47:00+00:00,517.16,517.16,517.16,517.16,0,pre-market,False
2026-07-30T09:48:00+00:00,517.16,517.16,517.16,517.16,0,pre-market,False
2026-07-30T09:49:00+00:00,517.16,517.16,517.16,517.16,0,pre-market,False
2026-07-30T09:50:00+00:00,517.16,517.16,517.16,517.16,0,pre-market,False
2026-07-30T09:51:00+00:00,517.16,517.16,517.16,517.16,0,pre-market,False
2026-07-30T09:52:00+00:00,517.16,517.16,517.16,517.16,0,pre-market,False
2026-07-30T09:53:00+00:00,517.16,517.16,517.16,517.16,0,pre-market,False
2026-07-30T09:54:00+00:00,517.03,517.05,516.96,516.96,1465,pre-market,False
2026-07-30T09:55:00+00:00,516.96,516.96,516.96,516.96,0,pre-market,False
2026-07-30T09:56:00+00:00,516.96,516.96,516.96,516.96,0,pre-market,False
2026-07-30T09:57:00+00:00,516.96,516.96,516.96,516.96,0,pre-market,False
2026-07-30T09:58:00+00:00,516.96,516.96,516.96,516.96,0,pre-market,False
2026-07-30T09:59:00+00:00,516.96,516.96,516.96,516.96,0,pre-market,False
2026-07-30T10:00:00+00:00,516.28,516.28,516.28,516.28,118,pre-market,False
2026-07-30T10:01:00+00:00,516.28,516.28,516.28,516.28,0,pre-market,False
2026-07-30T10:02:00+00:00,516.28,516.28,516.28,516.28,0,pre-market,False
2026-07-30T10:03:00+00:00,516.28,516.28,516.28,516.28,0,pre-market,False
2026-07-30T10:04:00+00:00,516.28,516.28,516.28,516.28,0,pre-market,False
2026-07-30T10:05:00+00:00,516.51,516.51,516.51,516.51,92,pre-market,False
2026-07-30T10:06:00+00:00,516.51,516.51,516.51,516.51,0,pre-market,False
2026-07-30T10:07:00+00:00,516.51,516.51,516.51,516.51,0,pre-market,False
2026-07-30T10:08:00+00:00,516.51,516.51,516.51,516.51,0,pre-market,False
2026-07-30T10:09:00+00:00,516.51,516.51,516.51,516.51,0,pre-market,False
2026-07-30T10:10:00+00:00,516.51,516.51,516.51,516.51,0,pre-market,False
2026-07-30T10:11:00+00:00,516.51,516.51,516.51,516.51,0,pre-market,False
2026-07-30T10:12:00+00:00,516.51,516.51,516.51,516.51,0,pre-market,False
2026-07-30T10:13:00+00:00,516.42,516.42,516.42,516.42,220,pre-market,False
2026-07-30T10:14:00+00:00,516.42,516.42,516.42,516.42,0,pre-market,False
2026-07-30T10:15:00+00:00,516.45,516.45,516.45,516.45,58,pre-market,False
2026-07-30T10:16:00+00:00,516.45,516.45,516.45,516.45,0,pre-market,False
2026-07-30T10:17:00+00:00,516.45,516.45,516.45,516.45,0,pre-market,False
2026-07-30T10:18:00+00:00,516.45,516.45,516.45,516.45,0,pre-market,False
2026-07-30T10:19:00+00:00,516.78,516.78,516.78,516.78,125,pre-market,False
2026-07-30T10:20:00+00:00,516.78,516.78,516.78,516.78,0,pre-market,False
2026-07-30T10:21:00+00:00,516.78,516.78,516.78,516.78,0,pre-market,False
2026-07-30T10:22:00+00:00,516.91,516.91,516.91,516.91,100,pre-market,False
2026-07-30T10:23:00+00:00,516.91,516.91,516.91,516.91,0,pre-market,False
2026-07-30T10:24:00+00:00,516.94,516.94,516.94,516.94,380,pre-market,False
2026-07-30T10:25:00+00:00,516.98,516.98,516.97,516.97,120,pre-market,False
2026-07-30T10:26:00+00:00,516.97,516.97,516.97,516.97,0,pre-market,False
2026-07-30T10:27:00+00:00,516.97,516.97,516.97,516.97,0,pre-market,False
2026-07-30T10:28:00+00:00,516.97,516.97,516.97,516.97,0,pre-market,False
2026-07-30T10:29:00+00:00,516.83,516.83,516.83,516.83,40,pre-market,False
2026-07-30T10:30:00+00:00,516.93,516.93,516.93,516.93,125,pre-market,False
2026-07-30T10:31:00+00:00,516.93,516.93,516.93,516.93,0,pre-market,False
2026-07-30T10:32:00+00:00,516.93,516.93,516.93,516.93,0,pre-market,False
2026-07-30T10:33:00+00:00,516.93,516.93,516.93,516.93,0,pre-market,False
2026-07-30T10:34:00+00:00,516.93,516.93,516.93,516.93,0,pre-market,False
2026-07-30T10:35:00+00:00,516.93,516.93,516.93,516.93,0,pre-market,False
2026-07-30T10:36:00+00:00,516.93,516.93,516.93,516.93,0,pre-market,False
2026-07-30T10:37:00+00:00,516.93,516.93,516.93,516.93,0,pre-market,False
2026-07-30T10:38:00+00:00,516.93,516.93,516.93,516.93,0,pre-market,False
2026-07-30T10:39:00+00:00,517.0,517.0,517.0,517.0,470,pre-market,False
2026-07-30T10:40:00+00:00,517.0,517.0,517.0,517.0,0,pre-market,False
2026-07-30T10:41:00+00:00,517.25,517.25,517.25,517.25,465,pre-market,False
2026-07-30T10:42:00+00:00,517.25,517.25,517.25,517.25,0,pre-market,False
2026-07-30T10:43:00+00:00,517.25,517.25,517.25,517.25,0,pre-market,False
2026-07-30T10:44:00+00:00,517.25,517.25,517.25,517.25,0,pre-market,False
2026-07-30T10:45:00+00:00,517.25,517.25,517.25,517.25,0,pre-market,False
2026-07-30T10:46:00+00:00,517.25,517.25,517.25,517.25,0,pre-market,False
2026-07-30T10:47:00+00:00,517.25,517.25,517.25,517.25,0,pre-market,False
2026-07-30T10:48:00+00:00,517.07,517.07,516.88,516.88,2344,pre-market,False
2026-07-30T10:49:00+00:00,516.88,516.88,516.88,516.88,0,pre-market,False
2026-07-30T10:50:00+00:00,517.01,517.01,517.01,517.01,40,pre-market,False
2026-07-30T10:51:00+00:00,517.01,517.01,517.01,517.01,0,pre-market,False
2026-07-30T10:52:00+00:00,517.01,517.01,517.01,517.01,0,pre-market,False
2026-07-30T10:53:00+00:00,517.01,517.01,517.01,517.01,0,pre-market,False
2026-07-30T10:54:00+00:00,517.01,517.01,517.01,517.01,0,pre-market,False
2026-07-30T10:55:00+00:00,517.01,517.01,517.01,517.01,0,pre-market,False
2026-07-30T10:56:00+00:00,517.01,517.01,517.01,517.01,0,pre-market,False
2026-07-30T10:57:00+00:00,517.01,517.01,517.01,517.01,0,pre-market,False
2026-07-30T10:58:00+00:00,516.7,516.7,516.7,516.7,234,pre-market,False
2026-07-30T10:59:00+00:00,516.7,516.7,516.7,516.7,2709,pre-market,False
2026-07-30T11:00:00+00:00,516.7,516.7,516.7,516.7,0,pre-market,False
2026-07-30T11:01:00+00:00,516.78,516.78,516.72,516.77,2016,pre-market,False
2026-07-30T11:02:00+00:00,516.85,516.92,516.85,516.92,2421,pre-market,False
2026-07-30T11:03:00+00:00,516.88,516.88,516.88,516.88,309,pre-market,False
2026-07-30T11:04:00+00:00,516.85,516.86,516.85,516.85,152,pre-market,False
2026-07-30T11:05:00+00:00,516.85,516.85,516.85,516.85,0,pre-market,False
2026-07-30T11:06:00+00:00,516.85,516.85,516.85,516.85,0,pre-market,False
2026-07-30T11:07:00+00:00,516.92,516.92,516.92,516.92,100,pre-market,False
2026-07-30T11:08:00+00:00,516.89,516.89,516.88,516.89,100,pre-market,False
2026-07-30T11:09:00+00:00,516.89,516.89,516.89,516.89,0,pre-market,False
2026-07-30T11:10:00+00:00,516.94,517.08,516.94,517.08,1425,pre-market,False
2026-07-30T11:11:00+00:00,517.0,517.09,517.0,517.06,1659,pre-market,False
2026-07-30T11:12:00+00:00,517.16,517.2,517.14,517.14,2267,pre-market,False
2026-07-30T11:13:00+00:00,517.14,517.14,517.14,517.14,0,pre-market,False
2026-07-30T11:14:00+00:00,517.05,517.12,517.05,517.12,1115,pre-market,False
2026-07-30T11:15:00+00:00,517.19,517.19,517.19,517.19,100,pre-market,False
2026-07-30T11:16:00+00:00,517.25,517.36,517.25,517.35,520,pre-market,False
2026-07-30T11:17:00+00:00,517.35,517.35,517.35,517.35,0,pre-market,False
2026-07-30T11:18:00+00:00,517.39,517.42,517.39,517.42,225,pre-market,False
2026-07-30T11:19:00+00:00,517.42,517.42,517.42,517.42,0,pre-market,False
2026-07-30T11:20:00+00:00,517.4,517.4,517.39,517.39,617,pre-market,False
2026-07-30T11:21:00+00:00,517.32,517.32,517.32,517.32,264,pre-market,False
2026-07-30T11:22:00+00:00,517.22,517.22,517.22,517.22,239,pre-market,False
2026-07-30T11:23:00+00:00,517.33,517.33,517.3,517.3,423,pre-market,False
2026-07-30T11:24:00+00:00,517.3,517.3,517.3,517.3,0,pre-market,False
2026-07-30T11:25:00+00:00,517.3,517.3,517.3,517.3,0,pre-market,False
2026-07-30T11:26:00+00:00,517.56,517.56,517.56,517.56,50,pre-market,False
2026-07-30T11:27:00+00:00,517.56,517.56,517.56,517.56,0,pre-market,False
2026-07-30T11:28:00+00:00,517.56,517.56,517.56,517.56,0,pre-market,False
2026-07-30T11:29:00+00:00,517.56,517.56,517.56,517.56,0,pre-market,False
2026-07-30T11:30:00+00:00,517.69,517.69,517.69,517.69,690,pre-market,False
2026-07-30T11:31:00+00:00,517.69,517.69,517.69,517.69,0,pre-market,False
2026-07-30T11:32:00+00:00,517.78,517.8,517.78,517.79,565,pre-market,False
2026-07-30T11:33:00+00:00,517.81,517.81,517.81,517.81,200,pre-market,False
2026-07-30T11:34:00+00:00,517.77,517.82,517.77,517.79,1821,pre-market,False
2026-07-30T11:35:00+00:00,517.77,517.78,517.77,517.77,565,pre-market,False
2026-07-30T11:36:00+00:00,517.77,517.77,517.77,517.77,0,pre-market,False
2026-07-30T11:37:00+00:00,517.77,517.77,517.77,517.77,0,pre-market,False
2026-07-30T11:38:00+00:00,517.77,517.77,517.77,517.77,0,pre-market,False
2026-07-30T11:39:00+00:00,518.0,518.0,517.87,517.87,640,pre-market,False
2026-07-30T11:40:00+00:00,517.82,517.83,517.82,517.83,200,pre-market,False
2026-07-30T11:41:00+00:00,517.72,517.73,517.58,517.58,1596,pre-market,False
2026-07-30T11:42:00+00:00,517.6,517.6,517.58,517.58,1000,pre-market,False
2026-07-30T11:43:00+00:00,517.58,517.58,517.58,517.58,0,pre-market,False
2026-07-30T11:44:00+00:00,517.58,517.58,517.58,517.58,0,pre-market,False
2026-07-30T11:45:00+00:00,517.58,517.58,517.58,517.58,0,pre-market,False
2026-07-30T11:46:00+00:00,517.58,517.58,517.58,517.58,0,pre-market,False
2026-07-30T11:47:00+00:00,517.58,517.58,517.58,517.58,0,pre-market,False
2026-07-30T11:48:00+00:00,517.77,517.78,517.77,517.77,50,pre-market,False
2026-07-30T11:49:00+00:00,517.77,517.77,517.77,517.77,0,pre-market,False
2026-07-30T11:50:00+00:00,517.82,518.0,517.82,518.0,339,pre-market,False
2026-07-30T11:51:00+00:00,518.0,518.01,517.95,517.95,988,pre-market,False
2026-07-30T11:52:00+00:00,517.99,517.99,517.94,517.94,750,pre-market,False
2026-07-30T11:53:00+00:00,518.03,518.04,518.03,518.03,50,pre-market,False
2026-07-30T11:54:00+00:00,518.21,518.21,518.21,518.21,125,pre-market,False
2026-07-30T11:55:00+00:00,518.21,518.21,518.21,518.21,0,pre-market,False
2026-07-30T11:56:00+00:00,518.18,518.18,518.18,518.18,80,pre-market,False
2026-07-30T11:57:00+00:00,518.18,518.18,518.18,518.18,0,pre-market,False
2026-07-30T11:58:00+00:00,518.18,518.18,518.18,518.18,0,pre-market,False
2026-07-30T11:59:00+00:00,517.92,517.93,517.92,517.92,340,pre-market,False
2026-07-30T12:00:00+00:00,517.94,517.94,517.9,517.9,7620,pre-market,False
2026-07-30T12:01:00+00:00,517.76,517.76,517.76,517.76,76,pre-market,False
2026-07-30T12:02:00+00:00,517.76,517.76,517.76,517.76,0,pre-market,False
2026-07-30T12:03:00+00:00,517.8,517.81,517.8,517.8,596,pre-market,False
2026-07-30T12:04:00+00:00,517.8,517.8,517.8,517.8,0,pre-market,False
2026-07-30T12:05:00+00:00,517.8,517.8,517.8,517.8,0,pre-market,False
2026-07-30T12:06:00+00:00,517.97,517.98,517.97,517.98,682,pre-market,False
2026-07-30T12:07:00+00:00,517.98,517.98,517.98,517.98,0,pre-market,False
2026-07-30T12:08:00+00:00,517.96,517.96,517.95,517.96,100,pre-market,False
2026-07-30T12:09:00+00:00,517.94,517.94,517.94,517.94,59,pre-market,False
2026-07-30T12:10:00+00:00,517.94,517.94,517.94,517.94,0,pre-market,False
2026-07-30T12:11:00+00:00,517.94,517.94,517.94,517.94,0,pre-market,False
2026-07-30T12:12:00+00:00,517.88,517.88,517.88,517.88,100,pre-market,False
2026-07-30T12:13:00+00:00,517.88,517.88,517.88,517.88,0,pre-market,False
2026-07-30T12:14:00+00:00,517.88,517.88,517.88,517.88,0,pre-market,False
2026-07-30T12:15:00+00:00,517.88,517.88,517.88,517.88,0,pre-market,False
2026-07-30T12:16:00+00:00,516.82,516.82,516.82,516.82,2500,pre-market,False
2026-07-30T12:17:00+00:00,516.82,516.82,516.82,516.82,0,pre-market,False
2026-07-30T12:18:00+00:00,518.06,518.13,518.06,518.09,3635,pre-market,False
2026-07-30T12:19:00+00:00,518.09,518.09,518.09,518.09,0,pre-market,False
2026-07-30T12:20:00+00:00,517.77,517.77,517.76,517.77,75,pre-market,False
2026-07-30T12:21:00+00:00,517.77,517.77,517.77,517.77,0,pre-market,False
2026-07-30T12:22:00+00:00,517.77,517.77,517.77,517.77,0,pre-market,False
2026-07-30T12:23:00+00:00,517.77,517.77,517.77,517.77,0,pre-market,False
2026-07-30T12:24:00+00:00,517.77,517.77,517.77,517.77,0,pre-market,False
2026-07-30T12:25:00+00:00,517.77,517.77,517.77,517.77,0,pre-market,False
2026-07-30T12:26:00+00:00,518.14,518.15,518.14,518.15,200,pre-market,False
2026-07-30T12:27:00+00:00,517.9,517.9,517.9,517.9,100,pre-market,False
2026-07-30T12:28:00+00:00,517.9,517.9,517.9,517.9,0,pre-market,False
2026-07-30T12:29:00+00:00,517.9,517.9,517.9,517.9,0,pre-market,False
2026-07-30T12:30:00+00:00,518.23,518.27,517.84,517.84,4810,pre-market,False
2026-07-30T12:31:00+00:00,517.84,517.84,517.84,517.84,0,pre-market,False
2026-07-30T12:32:00+00:00,517.84,517.84,517.84,517.84,0,pre-market,False
2026-07-30T12:33:00+00:00,517.61,517.61,517.61,517.61,243,pre-market,False
2026-07-30T12:34:00+00:00,517.61,517.61,517.61,517.61,0,pre-market,False
2026-07-30T12:35:00+00:00,517.61,517.61,517.61,517.61,0,pre-market,False
2026-07-30T12:36:00+00:00,517.61,517.61,517.61,517.61,0,pre-market,False
2026-07-30T12:37:00+00:00,517.49,517.49,517.48,517.49,50,pre-market,False
2026-07-30T12:38:00+00:00,517.4,517.4,517.31,517.32,170,pre-market,False
2026-07-30T12:39:00+00:00,517.32,517.32,517.32,517.32,0,pre-market,False
2026-07-30T12:40:00+00:00,517.32,517.32,517.32,517.32,0,pre-market,False
2026-07-30T12:41:00+00:00,517.32,517.32,517.32,517.32,0,pre-market,False
2026-07-30T12:42:00+00:00,517.34,517.34,517.34,517.34,200,pre-market,False
2026-07-30T12:43:00+00:00,517.34,517.34,517.34,517.34,0,pre-market,False
2026-07-30T12:44:00+00:00,517.29,517.29,517.29,517.29,442,pre-market,False
2026-07-30T12:45:00+00:00,517.29,517.29,517.29,517.29,0,pre-market,False
2026-07-30T12:46:00+00:00,517.29,517.29,517.29,517.29,0,pre-market,False
2026-07-30T12:47:00+00:00,517.24,517.24,517.24,517.24,50,pre-market,False
2026-07-30T12:48:00+00:00,517.24,517.24,517.24,517.24,0,pre-market,False
2026-07-30T12:49:00+00:00,517.24,517.24,517.24,517.24,0,pre-market,False
2026-07-30T12:50:00+00:00,517.24,517.24,517.24,517.24,0,pre-market,False
2026-07-30T12:51:00+00:00,517.24,517.24,517.24,517.24,0,pre-market,False
2026-07-30T12:52:00+00:00,517.44,517.44,517.43,517.44,100,pre-market,False
2026-07-30T12:53:00+00:00,517.44,517.44,517.44,517.44,0,pre-market,False
2026-07-30T12:54:00+00:00,517.61,517.63,517.61,517.61,3237,pre-market,False
2026-07-30T12:55:00+00:00,517.53,517.53,517.52,517.53,130,pre-market,False
2026-07-30T12:56:00+00:00,517.53,517.53,517.53,517.53,0,pre-market,False
2026-07-30T12:57:00+00:00,517.53,517.53,517.53,517.53,0,pre-market,False
2026-07-30T12:58:00+00:00,517.62,517.62,517.62,517.62,40,pre-market,False
2026-07-30T12:59:00+00:00,517.61,517.61,517.61,517.61,40,pre-market,False
2026-07-30T13:00:00+00:00,517.61,517.61,517.61,517.61,0,pre-market,False
2026-07-30T13:01:00+00:00,517.92,517.92,517.92,517.92,102,pre-market,False
2026-07-30T13:02:00+00:00,517.92,517.92,517.92,517.92,0,pre-market,False
2026-07-30T13:03:00+00:00,517.92,517.92,517.92,517.92,0,pre-market,False
2026-07-30T13:04:00+00:00,517.92,517.92,517.92,517.92,0,pre-market,False
2026-07-30T13:05:00+00:00,517.92,517.92,517.92,517.92,0,pre-market,False
2026-07-30T13:06:00+00:00,518.11,518.11,518.09,518.09,350,pre-market,False
2026-07-30T13:07:00+00:00,518.45,518.53,518.45,518.47,260,pre-market,False
2026-07-30T13:08:00+00:00,518.47,518.47,518.47,518.47,0,pre-market,False
2026-07-30T13:09:00+00:00,518.3,518.3,518.3,518.3,290,pre-market,False
2026-07-30T13:10:00+00:00,518.05,518.05,518.03,518.03,167,pre-market,False
2026-07-30T13:11:00+00:00,518.03,518.03,518.03,518.03,0,pre-market,False
2026-07-30T13:12:00+00:00,518.0,518.0,518.0,518.0,97,pre-market,False
2026-07-30T13:13:00+00:00,518.0,518.0,518.0,518.0,0,pre-market,False
2026-07-30T13:14:00+00:00,518.0,518.0,518.0,518.0,0,pre-market,False
2026-07-30T13:15:00+00:00,518.07,518.07,518.06,518.07,96,pre-market,False
2026-07-30T13:16:00+00:00,518.16,518.16,518.16,518.16,40,pre-market,False
2026-07-30T13:17:00+00:00,518.16,518.16,518.16,518.16,0,pre-market,False
2026-07-30T13:18:00+00:00,518.19,518.19,518.19,518.19,50,pre-market,False
2026-07-30T13:19:00+00:00,518.19,518.19,518.19,518.19,0,pre-market,False
2026-07-30T13:20:00+00:00,518.3,518.3,518.24,518.24,147,pre-market,False
2026-07-30T13:21:00+00:00,518.24,518.24,518.24,518.24,0,pre-market,False
2026-07-30T13:22:00+00:00,518.28,518.3,518.28,518.3,196,pre-market,False
2026-07-30T13:23:00+00:00,518.43,518.53,518.4,518.53,385,pre-market,False
2026-07-30T13:24:00+00:00,518.53,518.53,518.53,518.53,0,pre-market,False
2026-07-30T13:25:00+00:00,518.73,518.8,518.66,518.69,3162,pre-market,False
2026-07-30T13:26:00+00:00,518.59,518.59,518.59,518.59,96,pre-market,False
2026-07-30T13:27:00+00:00,518.51,518.59,518.45,518.59,3393,pre-market,False
2026-07-30T13:28:00+00:00,518.48,518.52,518.47,518.52,1140,pre-market,False
2026-07-30T13:29:00+00:00,518.55,518.87,518.52,518.87,8274,pre-market,False
2026-07-30T13:34:00+00:00,518.0,518.1,517.73,517.78,14358,regular,False
2026-07-30T13:35:00+00:00,517.74,517.89,517.55,517.75,8962,regular,False
2026-07-30T13:36:00+00:00,517.68,518.18,517.65,518.09,11978,regular,False
2026-07-30T13:37:00+00:00,518.08,518.29,517.89,518.26,11729,regular,False
2026-07-30T13:38:00+00:00,518.34,518.38,517.62,517.75,18403,regular,False
2026-07-30T13:39:00+00:00,517.71,517.73,517.13,517.32,5065,regular,False
2026-07-30T13:40:00+00:00,517.34,517.35,516.56,516.72,18920,regular,False
2026-07-30T13:41:00+00:00,516.74,517.34,516.74,517.25,10987,regular,False
2026-07-30T13:42:00+00:00,517.29,517.7,517.19,517.61,9426,regular,False
2026-07-30T13:43:00+00:00,517.63,518.08,517.59,518.05,8374,regular,False
2026-07-30T13:44:00+00:00,518.03,518.03,517.59,517.6,8111,regular,False
2026-07-30T13:45:00+00:00,517.73,518.03,517.64,517.94,16195,regular,False
2026-07-30T13:46:00+00:00,518.12,518.47,518.09,518.47,9108,regular,False
2026-07-30T13:47:00+00:00,518.36,518.48,518.17,518.32,5566,regular,False
2026-07-30T13:48:00+00:00,518.33,518.48,518.23,518.38,7874,regular,False
2026-07-30T13:49:00+00:00,518.37,518.46,518.14,518.2,8631,regular,False
2026-07-30T13:50:00+00:00,518.2,519.12,518.19,518.98,43992,regular,False
2026-07-30T13:52:00+00:00,518.59,518.62,518.2,518.49,6085,regular,False
2026-07-30T13:53:00+00:00,518.52,518.96,518.51,518.57,5003,regular,False
2026-07-30T13:54:00+00:00,518.51,518.74,518.39,518.74,8281,regular,False
2026-07-30T13:55:00+00:00,518.59,518.66,518.38,518.45,4665,regular,False
2026-07-30T13:56:00+00:00,518.44,518.52,518.36,518.5,6978,regular,False
2026-07-30T13:57:00+00:00,518.52,518.71,518.45,518.58,7148,regular,False
2026-07-30T13:58:00+00:00,518.61,518.71,518.31,518.47,5412,regular,False
2026-07-30T13:59:00+00:00,518.56,518.83,518.51,518.69,10610,regular,False
2026-07-30T14:01:00+00:00,518.88,519.02,518.54,518.7,9746,regular,False
2026-07-30T14:02:00+00:00,518.75,518.93,518.6,518.65,2482,regular,False
2026-07-30T14:03:00+00:00,518.67,518.68,518.17,518.29,17231,regular,False
2026-07-30T14:04:00+00:00,518.25,518.66,518.23,518.58,9669,regular,False
2026-07-30T14:05:00+00:00,518.57,518.82,518.37,518.82,19743,regular,False
2026-07-30T14:06:00+00:00,518.81,519.0,518.63,518.92,5946,regular,False
2026-07-30T14:07:00+00:00,518.84,518.87,518.47,518.53,4854,regular,False
2026-07-30T14:08:00+00:00,518.5,518.61,518.32,518.45,5284,regular,False
2026-07-30T14:09:00+00:00,518.45,518.55,518.29,518.53,8236,regular,False
2026-07-30T14:10:00+00:00,518.48,518.57,518.35,518.4,10305,regular,False
2026-07-30T14:11:00+00:00,518.52,518.64,518.32,518.64,19231,regular,False
2026-07-30T14:12:00+00:00,518.66,518.67,518.32,518.44,6673,regular,False
2026-07-30T14:13:00+00:00,518.42,518.55,518.37,518.45,6244,regular,False
2026-07-30T14:14:00+00:00,518.53,518.72,518.51,518.7,3529,regular,False
2026-07-30T14:15:00+00:00,518.69,518.69,518.33,518.64,8559,regular,False
2026-07-30T14:16:00+00:00,518.65,518.82,518.55,518.72,4890,regular,False
2026-07-30T14:17:00+00:00,518.76,518.78,518.39,518.43,5457,regular,False
2026-07-30T14:18:00+00:00,518.41,518.43,518.28,518.39,5061,regular,False
2026-07-30T14:19:00+00:00,518.42,518.48,518.26,518.48,3802,regular,False
2026-07-30T14:20:00+00:00,518.52,518.64,518.35,518.5,8447,regular,False
2026-07-30T14:21:00+00:00,518.53,518.73,518.49,518.55,6424,regular,False
2026-07-30T14:22:00+00:00,518.55,518.85,518.42,518.78,5721,regular,False
2026-07-30T14:23:00+00:00,518.83,518.89,518.69,518.69,3815,regular,False
2026-07-30T14:24:00+00:00,518.62,518.63,518.12,518.16,5819,regular,False
2026-07-30T14:25:00+00:00,518.18,518.26,518.01,518.23,5152,regular,False
2026-07-30T14:26:00+00:00,518.2,518.46,518.15,518.43,4100,regular,False
2026-07-30T14:27:00+00:00,518.45,518.68,518.33,518.67,5300,regular,False
2026-07-30T14:28:00+00:00,518.66,518.95,518.59,518.9,5620,regular,False
2026-07-30T14:29:00+00:00,518.81,518.85,518.46,518.47,3869,regular,False
2026-07-30T14:30:00+00:00,518.5,518.68,518.45,518.68,3076,regular,False
2026-07-30T14:31:00+00:00,518.66,518.75,518.49,518.75,1772,regular,False
2026-07-30T14:32:00+00:00,518.75,518.76,518.52,518.54,1310,regular,False
2026-07-30T14:33:00+00:00,518.5,518.5,518.27,518.32,3056,regular,False
2026-07-30T14:34:00+00:00,518.34,518.48,518.12,518.21,7236,regular,False
2026-07-30T14:35:00+00:00,518.2,518.29,518.15,518.29,2416,regular,False
2026-07-30T14:36:00+00:00,518.23,518.74,518.16,518.7,4472,regular,False
2026-07-30T14:37:00+00:00,518.63,518.7,518.46,518.6,15108,regular,False
2026-07-30T14:38:00+00:00,518.57,518.59,518.39,518.58,10463,regular,False
2026-07-30T14:39:00+00:00,518.58,518.71,518.52,518.61,3312,regular,False
2026-07-30T14:40:00+00:00,518.62,518.72,518.47,518.68,3117,regular,False
2026-07-30T14:41:00+00:00,518.6,518.8,518.56,518.8,6284,regular,False
2026-07-30T14:42:00+00:00,518.78,518.82,518.51,518.52,5280,regular,False
2026-07-30T14:43:00+00:00,518.42,518.45,518.23,518.23,5290,regular,False
2026-07-30T14:44:00+00:00,518.13,518.13,517.95,517.97,10209,regular,False
2026-07-30T14:45:00+00:00,517.97,518.08,517.85,518.08,3976,regular,False
2026-07-30T14:46:00+00:00,518.1,518.16,517.98,518.08,6123,regular,False
2026-07-30T14:47:00+00:00,518.06,518.06,517.62,517.66,9029,regular,False
2026-07-30T14:48:00+00:00,517.64,517.64,517.33,517.36,6117,regular,False
2026-07-30T14:49:00+00:00,517.36,517.56,517.21,517.34,5722,regular,False
2026-07-30T14:50:00+00:00,517.43,517.49,517.34,517.45,5780,regular,False
2026-07-30T14:51:00+00:00,517.49,517.5,517.32,517.5,4529,regular,False
2026-07-30T14:52:00+00:00,517.51,517.52,517.2,517.2,2869,regular,False
2026-07-30T14:53:00+00:00,517.12,517.17,517.04,517.1,14350,regular,False
2026-07-30T14:54:00+00:00,517.05,517.05,516.9,517.0,13035,regular,False
2026-07-30T14:55:00+00:00,516.92,517.1,516.9,517.1,6010,regular,False
2026-07-30T14:56:00+00:00,517.12,517.12,516.78,516.94,5643,regular,False
2026-07-30T14:57:00+00:00,516.98,516.98,516.81,516.91,3830,regular,False
2026-07-30T14:58:00+00:00,516.84,517.06,516.8,517.04,4051,regular,False
2026-07-30T14:59:00+00:00,517.04,517.27,517.04,517.16,2785,regular,False
2026-07-30T15:00:00+00:00,517.16,517.16,516.63,516.72,4933,regular,False
2026-07-30T15:01:00+00:00,516.71,516.91,516.7,516.78,8520,regular,False
2026-07-30T15:02:00+00:00,516.74,516.84,516.59,516.84,9486,regular,False
2026-07-30T15:03:00+00:00,516.77,517.01,516.69,517.01,3259,regular,False
2026-07-30T15:04:00+00:00,517.0,517.17,516.83,516.83,4494,regular,False
2026-07-30T15:05:00+00:00,516.8,516.89,516.61,516.63,5289,regular,False
2026-07-30T15:06:00+00:00,516.55,516.61,516.36,516.43,3395,regular,False
2026-07-30T15:07:00+00:00,516.51,516.59,516.44,516.45,5410,regular,False
2026-07-30T15:08:00+00:00,516.45,516.49,516.31,516.48,3442,regular,False
2026-07-30T15:09:00+00:00,516.52,517.13,516.42,516.97,16304,regular,False
2026-07-30T15:10:00+00:00,516.98,516.98,516.65,516.69,9225,regular,False
2026-07-30T15:11:00+00:00,516.64,516.67,516.49,516.53,4697,regular,False
2026-07-30T15:12:00+00:00,516.53,516.53,516.29,516.38,3841,regular,False
2026-07-30T15:13:00+00:00,516.36,516.36,516.05,516.08,6968,regular,False
2026-07-30T15:14:00+00:00,516.06,516.22,516.02,516.07,5250,regular,False
2026-07-30T15:15:00+00:00,516.02,516.24,515.87,516.24,4065,regular,False
2026-07-30T15:16:00+00:00,516.27,516.56,516.23,516.44,4879,regular,False
2026-07-30T15:17:00+00:00,516.5,516.62,516.35,516.41,4828,regular,False
2026-07-30T15:18:00+00:00,516.42,516.68,516.42,516.68,4584,regular,False
2026-07-30T15:19:00+00:00,516.66,516.82,516.56,516.82,9366,regular,False
2026-07-30T15:20:00+00:00,516.88,516.88,516.63,516.73,13301,regular,False
2026-07-30T15:21:00+00:00,516.67,517.07,516.65,516.95,10420,regular,False
2026-07-30T15:22:00+00:00,516.99,517.07,516.86,517.06,2856,regular,False
2026-07-30T15:23:00+00:00,517.01,517.03,516.65,516.85,2906,regular,False
2026-07-30T15:24:00+00:00,516.77,516.8,516.65,516.65,3772,regular,False
2026-07-30T15:25:00+00:00,516.7,516.87,516.47,516.5,4759,regular,False
2026-07-30T15:26:00+00:00,516.47,516.66,516.32,516.66,2464,regular,False
2026-07-30T15:27:00+00:00,516.71,516.76,516.6,516.7,4901,regular,False
2026-07-30T15:28:00+00:00,516.72,516.76,516.58,516.71,2933,regular,False
2026-07-30T15:29:00+00:00,516.75,516.75,516.49,516.51,2153,regular,False
2026-07-30T15:30:00+00:00,516.49,516.6,516.41,516.56,2014,regular,False
2026-07-30T15:31:00+00:00,516.62,516.64,516.54,516.54,1964,regular,False
2026-07-30T15:32:00+00:00,516.51,516.71,516.5,516.67,1964,regular,False
2026-07-30T15:33:00+00:00,516.64,516.66,516.5,516.66,6970,regular,False
2026-07-30T15:34:00+00:00,516.65,517.21,516.63,517.21,4771,regular,False
2026-07-30T15:35:00+00:00,517.34,517.38,517.21,517.22,6593,regular,False
2026-07-30T15:36:00+00:00,517.22,517.62,517.22,517.59,4813,regular,False
2026-07-30T15:37:00+00:00,517.57,517.57,517.13,517.19,3251,regular,False
2026-07-30T15:38:00+00:00,517.15,517.2,517.08,517.12,2770,regular,False
2026-07-30T15:39:00+00:00,517.23,517.31,517.13,517.28,3196,regular,False
2026-07-30T15:40:00+00:00,517.34,517.6,517.31,517.57,5967,regular,False
2026-07-30T15:41:00+00:00,517.55,517.74,517.54,517.67,7640,regular,False
2026-07-30T15:42:00+00:00,517.64,517.82,517.56,517.82,1166,regular,False
2026-07-30T15:43:00+00:00,517.94,518.16,517.91,518.16,2715,regular,False
2026-07-30T15:44:00+00:00,518.18,518.28,518.08,518.09,4329,regular,False
2026-07-30T15:45:00+00:00,518.17,518.2,518.12,518.12,1470,regular,False
2026-07-30T15:46:00+00:00,518.11,518.31,518.11,518.28,2213,regular,False
2026-07-30T15:47:00+00:00,518.34,518.44,518.31,518.38,5865,regular,False
2026-07-30T15:48:00+00:00,518.36,518.39,518.26,518.32,963,regular,False
2026-07-30T15:49:00+00:00,518.25,518.35,518.17,518.31,2400,regular,False
2026-07-30T15:50:00+00:00,518.41,518.41,518.26,518.26,925,regular,False
2026-07-30T15:51:00+00:00,518.35,518.47,518.25,518.47,2965,regular,False
2026-07-30T15:52:00+00:00,518.45,518.46,518.17,518.3,1899,regular,False
2026-07-30T15:53:00+00:00,518.38,518.58,518.38,518.5,10096,regular,False
2026-07-30T15:54:00+00:00,518.57,518.57,518.44,518.53,3204,regular,False
2026-07-30T15:55:00+00:00,518.66,518.76,518.65,518.74,3628,regular,False
2026-07-30T15:56:00+00:00,518.88,518.88,518.71,518.72,5239,regular,False
2026-07-30T15:57:00+00:00,518.68,518.7,518.59,518.62,710,regular,False
2026-07-30T15:58:00+00:00,518.81,518.84,518.73,518.83,2941,regular,False
2026-07-30T15:59:00+00:00,518.79,518.81,518.64,518.64,2881,regular,False
2026-07-30T16:00:00+00:00,518.66,518.69,518.48,518.55,5758,regular,False
2026-07-30T16:01:00+00:00,518.53,518.74,518.53,518.74,6251,regular,False
2026-07-30T16:02:00+00:00,518.79,518.83,518.68,518.8,8074,regular,False
2026-07-30T16:03:00+00:00,518.82,518.83,518.71,518.78,9750,regular,False
2026-07-30T16:04:00+00:00,518.82,519.07,518.82,519.06,12347,regular,False
2026-07-30T16:05:00+00:00,519.06,519.1,518.72,518.76,5287,regular,False
2026-07-30T16:06:00+00:00,518.79,518.88,518.75,518.75,4359,regular,False
2026-07-30T16:07:00+00:00,518.74,518.76,518.66,518.75,4020,regular,False
2026-07-30T16:08:00+00:00,518.81,518.98,518.81,518.98,1845,regular,False
2026-07-30T16:09:00+00:00,518.92,518.95,518.88,518.94,3980,regular,False
2026-07-30T16:10:00+00:00,518.96,519.08,518.93,519.07,1492,regular,False
2026-07-30T16:11:00+00:00,519.02,519.24,519.02,519.24,4982,regular,False
2026-07-30T16:12:00+00:00,519.22,519.31,519.11,519.3,2936,regular,False
2026-07-30T16:13:00+00:00,519.34,519.46,519.33,519.44,5962,regular,False
2026-07-30T16:14:00+00:00,519.51,519.51,519.38,519.45,4252,regular,False
2026-07-30T16:15:00+00:00,519.43,519.45,519.36,519.41,2315,regular,False
2026-07-30T16:16:00+00:00,519.41,519.59,519.4,519.59,4201,regular,False
2026-07-30T16:17:00+00:00,519.56,519.65,519.48,519.65,2065,regular,False
2026-07-30T16:18:00+00:00,519.67,519.68,519.52,519.67,1790,regular,False
2026-07-30T16:19:00+00:00,519.68,519.75,519.65,519.65,2174,regular,False
2026-07-30T16:20:00+00:00,519.65,519.7,519.6,519.68,1547,regular,False
2026-07-30T16:21:00+00:00,519.68,519.79,519.65,519.74,2820,regular,False
2026-07-30T16:22:00+00:00,519.79,519.79,519.54,519.54,5310,regular,False
2026-07-30T16:23:00+00:00,519.53,519.57,519.49,519.56,1995,regular,False
2026-07-30T16:24:00+00:00,519.47,519.47,519.35,519.35,1604,regular,False
2026-07-30T16:25:00+00:00,519.31,519.44,519.3,519.44,956,regular,False
2026-07-30T16:26:00+00:00,519.39,519.53,519.39,519.49,792,regular,False
2026-07-30T16:27:00+00:00,519.54,519.62,519.5,519.61,2596,regular,False
2026-07-30T16:28:00+00:00,519.67,519.67,519.55,519.56,3414,regular,False
2026-07-30T16:29:00+00:00,519.63,519.72,519.6,519.65,3272,regular,False
2026-07-30T16:30:00+00:00,519.71,519.79,519.6,519.6,4630,regular,False
2026-07-30T16:31:00+00:00,519.58,519.68,519.52,519.65,2823,regular,False
2026-07-30T16:32:00+00:00,519.64,519.77,519.64,519.77,1509,regular,False
2026-07-30T16:33:00+00:00,519.8,519.88,519.72,519.87,2547,regular,False
2026-07-30T16:34:00+00:00,519.87,519.95,519.82,519.92,2969,regular,False
2026-07-30T16:35:00+00:00,519.88,520.08,519.87,519.96,3488,regular,False
2026-07-30T16:36:00+00:00,519.94,519.94,519.82,519.82,1707,regular,False
2026-07-30T16:37:00+00:00,519.82,519.82,519.68,519.7,1071,regular,False
2026-07-30T16:38:00+00:00,519.67,519.67,519.6,519.6,1165,regular,False
2026-07-30T16:39:00+00:00,519.58,519.66,519.58,519.6,2127,regular,False
2026-07-30T16:40:00+00:00,519.66,519.68,519.52,519.53,3286,regular,False
2026-07-30T16:41:00+00:00,519.52,519.67,519.44,519.62,4604,regular,False
2026-07-30T16:42:00+00:00,519.63,519.64,519.47,519.53,3749,regular,False
2026-07-30T16:43:00+00:00,519.51,519.69,519.49,519.62,5164,regular,False
2026-07-30T16:44:00+00:00,519.61,519.63,519.57,519.6,1140,regular,False
2026-07-30T16:45:00+00:00,519.64,519.91,519.64,519.87,5438,regular,False
2026-07-30T16:46:00+00:00,519.86,520.05,519.85,519.94,3214,regular,False
2026-07-30T16:47:00+00:00,519.9,519.9,519.8,519.86,2073,regular,False
2026-07-30T16:48:00+00:00,519.87,519.89,519.85,519.88,1796,regular,False
2026-07-30T16:49:00+00:00,519.85,519.89,519.84,519.88,2325,regular,False
2026-07-30T16:50:00+00:00,519.9,519.9,519.76,519.86,2380,regular,False
2026-07-30T16:51:00+00:00,519.84,519.97,519.84,519.97,1120,regular,False
2026-07-30T16:52:00+00:00,519.96,520.29,519.96,520.29,3410,regular,False
2026-07-30T16:53:00+00:00,520.29,520.38,520.26,520.38,5268,regular,False
2026-07-30T16:54:00+00:00,520.36,520.4,520.36,520.4,2879,regular,False
2026-07-30T16:55:00+00:00,520.39,520.49,520.34,520.44,6359,regular,False
2026-07-30T16:56:00+00:00,520.42,520.42,520.33,520.35,1303,regular,False
2026-07-30T16:57:00+00:00,520.34,520.34,520.2,520.2,3328,regular,False
2026-07-30T16:58:00+00:00,520.21,520.24,520.17,520.24,1624,regular,False
2026-07-30T16:59:00+00:00,520.19,520.22,520.18,520.19,1038,regular,False
2026-07-30T17:00:00+00:00,520.21,520.77,520.21,520.77,5267,regular,False
2026-07-30T17:01:00+00:00,520.79,521.03,520.79,521.02,2389,regular,False
2026-07-30T17:02:00+00:00,520.95,521.03,520.85,520.85,1173,regular,False
2026-07-30T17:03:00+00:00,520.88,520.89,520.81,520.81,2891,regular,False
2026-07-30T17:04:00+00:00,520.76,520.9,520.75,520.87,2631,regular,False
2026-07-30T17:05:00+00:00,520.85,520.9,520.83,520.84,1718,regular,False
2026-07-30T17:06:00+00:00,520.84,520.94,520.81,520.81,4980,regular,False
2026-07-30T17:07:00+00:00,520.84,520.84,520.59,520.59,1259,regular,False
2026-07-30T17:08:00+00:00,520.64,520.64,520.54,520.55,1854,regular,False
2026-07-30T17:09:00+00:00,520.51,520.66,520.5,520.66,1651,regular,False
2026-07-30T17:10:00+00:00,520.7,520.78,520.7,520.71,1926,regular,False
2026-07-30T17:11:00+00:00,520.69,520.7,520.62,520.66,1766,regular,False
2026-07-30T17:12:00+00:00,520.7,520.7,520.48,520.65,3424,regular,False
2026-07-30T17:13:00+00:00,520.66,520.67,520.6,520.63,2631,regular,False
2026-07-30T17:14:00+00:00,520.64,520.67,520.57,520.59,1990,regular,False
2026-07-30T17:15:00+00:00,520.61,520.62,520.56,520.56,2160,regular,False
2026-07-30T17:16:00+00:00,520.57,520.79,520.57,520.79,5185,regular,False
2026-07-30T17:17:00+00:00,520.77,520.81,520.71,520.72,2037,regular,False
2026-07-30T17:18:00+00:00,520.71,520.71,520.65,520.65,480,regular,False
2026-07-30T17:19:00+00:00,520.76,520.83,520.74,520.81,1381,regular,False
2026-07-30T17:20:00+00:00,520.79,520.88,520.75,520.88,1405,regular,False
2026-07-30T17:21:00+00:00,520.82,520.84,520.76,520.78,1624,regular,False
2026-07-30T17:22:00+00:00,520.79,520.79,520.71,520.74,833,regular,False
2026-07-30T17:23:00+00:00,520.73,520.8,520.73,520.79,565,regular,False
2026-07-30T17:24:00+00:00,520.78,520.79,520.72,520.79,8138,regular,False
2026-07-30T17:25:00+00:00,520.73,520.73,520.64,520.72,1169,regular,False
2026-07-30T17:26:00+00:00,520.71,520.71,520.61,520.67,860,regular,False
2026-07-30T17:27:00+00:00,520.64,520.79,520.64,520.75,1377,regular,False
2026-07-30T17:28:00+00:00,520.75,520.75,520.63,520.69,1030,regular,False
2026-07-30T17:29:00+00:00,520.7,520.72,520.62,520.7,2343,regular,False
2026-07-30T17:30:00+00:00,520.73,520.9,520.73,520.84,1967,regular,False
2026-07-30T17:31:00+00:00,520.83,520.85,520.76,520.78,2701,regular,False
2026-07-30T17:32:00+00:00,520.74,520.74,520.62,520.62,2248,regular,False
2026-07-30T17:33:00+00:00,520.63,520.64,520.56,520.56,1228,regular,False
2026-07-30T17:34:00+00:00,520.68,520.71,520.63,520.68,1649,regular,False
2026-07-30T17:35:00+00:00,520.68,520.69,520.56,520.65,5876,regular,False
2026-07-30T17:36:00+00:00,520.75,520.91,520.72,520.89,3478,regular,False
2026-07-30T17:37:00+00:00,520.9,520.95,520.68,520.68,2737,regular,False
2026-07-30T17:38:00+00:00,520.66,520.66,520.51,520.59,1386,regular,False
2026-07-30T17:39:00+00:00,520.66,520.66,520.57,520.57,597,regular,False
2026-07-30T17:40:00+00:00,520.56,520.79,520.56,520.79,1278,regular,False
2026-07-30T17:41:00+00:00,520.8,520.85,520.72,520.78,1977,regular,False
2026-07-30T17:42:00+00:00,520.81,520.96,520.79,520.8,2611,regular,False
2026-07-30T17:43:00+00:00,520.82,521.01,520.82,520.92,2890,regular,False
2026-07-30T17:44:00+00:00,520.91,520.96,520.86,520.86,1049,regular,False
2026-07-30T17:45:00+00:00,520.83,520.85,520.82,520.83,740,regular,False
2026-07-30T17:46:00+00:00,520.85,520.98,520.84,520.97,2001,regular,False
2026-07-30T17:47:00+00:00,520.9,520.9,520.79,520.79,1402,regular,False
2026-07-30T17:48:00+00:00,520.78,520.92,520.78,520.92,646,regular,False
2026-07-30T17:49:00+00:00,520.89,520.89,520.78,520.79,918,regular,False
2026-07-30T17:50:00+00:00,520.75,520.91,520.73,520.91,1160,regular,False
2026-07-30T17:51:00+00:00,520.95,521.01,520.95,521.01,1118,regular,False
2026-07-30T17:52:00+00:00,521.0,521.01,520.85,520.91,2698,regular,False
2026-07-30T17:53:00+00:00,520.85,520.85,520.76,520.76,775,regular,False
2026-07-30T17:54:00+00:00,520.74,520.79,520.7,520.7,388,regular,False
2026-07-30T17:55:00+00:00,520.66,520.66,520.52,520.65,3052,regular,False
2026-07-30T17:56:00+00:00,520.64,520.64,520.59,520.62,848,regular,False
2026-07-30T17:57:00+00:00,520.59,520.62,520.59,520.6,311,regular,False
2026-07-30T17:58:00+00:00,520.58,520.58,520.42,520.44,1769,regular,False
2026-07-30T17:59:00+00:00,520.48,520.52,520.44,520.44,1633,regular,False
2026-07-30T18:00:00+00:00,520.48,520.63,520.48,520.58,1704,regular,False
2026-07-30T18:01:00+00:00,520.65,520.65,520.62,520.65,2602,regular,False
2026-07-30T18:02:00+00:00,520.64,520.8,520.63,520.79,4089,regular,False
2026-07-30T18:03:00+00:00,520.76,520.76,520.64,520.66,2197,regular,False
2026-07-30T18:04:00+00:00,520.66,520.66,520.54,520.56,720,regular,False
2026-07-30T18:05:00+00:00,520.54,520.66,520.53,520.66,1863,regular,False
2026-07-30T18:06:00+00:00,520.67,520.7,520.63,520.68,2388,regular,False
2026-07-30T18:07:00+00:00,520.66,520.71,520.66,520.71,398,regular,False
2026-07-30T18:08:00+00:00,520.69,520.75,520.67,520.75,693,regular,False
2026-07-30T18:09:00+00:00,520.75,520.77,520.7,520.7,1370,regular,False
2026-07-30T18:10:00+00:00,520.7,520.73,520.69,520.69,411,regular,False
2026-07-30T18:11:00+00:00,520.72,520.75,520.69,520.75,2166,regular,False
2026-07-30T18:12:00+00:00,520.75,520.76,520.68,520.75,2030,regular,False
2026-07-30T18:13:00+00:00,520.74,520.74,520.66,520.72,1180,regular,False
2026-07-30T18:14:00+00:00,520.72,520.86,520.72,520.81,3203,regular,False
2026-07-30T18:15:00+00:00,520.84,520.87,520.79,520.81,1424,regular,False
2026-07-30T18:16:00+00:00,520.83,520.83,520.81,520.83,698,regular,False
2026-07-30T18:17:00+00:00,520.85,520.9,520.83,520.86,2192,regular,False
2026-07-30T18:18:00+00:00,520.81,520.96,520.81,520.92,1010,regular,False
2026-07-30T18:19:00+00:00,520.91,520.93,520.88,520.92,811,regular,False
2026-07-30T18:20:00+00:00,520.96,521.06,520.94,521.04,4290,regular,False
2026-07-30T18:21:00+00:00,521.03,521.12,521.01,521.03,2949,regular,False
2026-07-30T18:22:00+00:00,521.01,521.09,520.95,521.09,4677,regular,False
2026-07-30T18:23:00+00:00,521.08,521.08,520.99,521.03,4035,regular,False
2026-07-30T18:24:00+00:00,521.02,521.03,520.97,520.97,920,regular,False
2026-07-30T18:25:00+00:00,521.0,521.05,520.89,520.89,2329,regular,False
2026-07-30T18:26:00+00:00,520.9,520.92,520.83,520.9,7142,regular,False
2026-07-30T18:27:00+00:00,520.92,521.0,520.92,520.99,2130,regular,False
2026-07-30T18:28:00+00:00,521.01,521.05,520.98,521.02,3109,regular,False
2026-07-30T18:29:00+00:00,521.03,521.06,521.01,521.02,3415,regular,False
2026-07-30T18:30:00+00:00,521.03,521.04,521.0,521.04,2366,regular,False
2026-07-30T18:31:00+00:00,521.03,521.03,520.92,520.95,4476,regular,False
2026-07-30T18:32:00+00:00,520.93,520.93,520.79,520.79,44062,regular,False
2026-07-30T18:33:00+00:00,520.87,520.92,520.82,520.83,7645,regular,False
2026-07-30T18:34:00+00:00,520.82,520.9,520.78,520.88,4365,regular,False
2026-07-30T18:35:00+00:00,520.86,520.91,520.84,520.91,4795,regular,False
2026-07-30T18:36:00+00:00,520.89,520.97,520.89,520.91,3144,regular,False
2026-07-30T18:37:00+00:00,520.91,520.91,520.75,520.79,3232,regular,False
2026-07-30T18:38:00+00:00,520.81,520.89,520.81,520.87,1164,regular,False
2026-07-30T18:39:00+00:00,520.83,520.87,520.79,520.82,1718,regular,False
2026-07-30T18:40:00+00:00,520.81,521.02,520.81,520.99,3808,regular,False
2026-07-30T18:41:00+00:00,520.95,520.98,520.92,520.93,2588,regular,False
2026-07-30T18:42:00+00:00,520.94,520.98,520.85,520.88,1755,regular,False
2026-07-30T18:43:00+00:00,520.88,520.96,520.88,520.91,830,regular,False
2026-07-30T18:44:00+00:00,520.94,521.04,520.92,521.04,2283,regular,False
2026-07-30T18:45:00+00:00,521.02,521.05,520.97,521.01,2896,regular,False
2026-07-30T18:46:00+00:00,521.01,521.04,520.97,521.0,3230,regular,False
2026-07-30T18:47:00+00:00,521.01,521.01,520.94,521.01,1340,regular,False
2026-07-30T18:48:00+00:00,521.03,521.04,520.99,520.99,1554,regular,False
2026-07-30T18:49:00+00:00,520.99,521.05,520.96,521.05,7435,regular,False
2026-07-30T18:50:00+00:00,521.05,521.17,521.05,521.16,47892,regular,False
2026-07-30T18:51:00+00:00,521.11,521.13,521.01,521.11,1676,regular,False
2026-07-30T18:52:00+00:00,521.15,521.21,521.15,521.18,3976,regular,False
2026-07-30T18:53:00+00:00,521.19,521.25,521.18,521.24,3856,regular,False
2026-07-30T18:54:00+00:00,521.26,521.26,521.18,521.19,3756,regular,False
2026-07-30T18:55:00+00:00,521.2,521.24,521.15,521.2,2084,regular,False
2026-07-30T18:56:00+00:00,521.19,521.26,521.17,521.24,1072,regular,False
2026-07-30T18:57:00+00:00,521.26,521.27,521.23,521.24,2596,regular,False
2026-07-30T18:58:00+00:00,521.25,521.26,521.21,521.21,1345,regular,False
2026-07-30T18:59:00+00:00,521.22,521.35,521.21,521.33,2277,regular,False
2026-07-30T19:00:00+00:00,521.33,521.43,521.29,521.43,2739,regular,False
2026-07-30T19:01:00+00:00,521.43,521.57,521.41,521.57,7473,regular,False
2026-07-30T19:02:00+00:00,521.57,521.63,521.52,521.53,6296,regular,False
2026-07-30T19:03:00+00:00,521.52,521.61,521.51,521.55,9396,regular,False
2026-07-30T19:04:00+00:00,521.57,521.74,521.54,521.69,3526,regular,False
2026-07-30T19:05:00+00:00,521.68,521.74,521.62,521.74,6762,regular,False
2026-07-30T19:06:00+00:00,521.71,521.72,521.65,521.67,2531,regular,False
2026-07-30T19:07:00+00:00,521.65,521.69,521.56,521.69,2544,regular,False
2026-07-30T19:08:00+00:00,521.68,521.78,521.63,521.78,4920,regular,False
2026-07-30T19:09:00+00:00,521.77,521.78,521.73,521.76,3477,regular,False
2026-07-30T19:10:00+00:00,521.77,521.92,521.77,521.89,7602,regular,False
2026-07-30T19:11:00+00:00,521.89,521.89,521.79,521.79,1525,regular,False
2026-07-30T19:12:00+00:00,521.8,521.95,521.74,521.9,5906,regular,False
2026-07-30T19:13:00+00:00,521.92,521.98,521.9,521.97,4473,regular,False
2026-07-30T19:14:00+00:00,521.96,521.96,521.86,521.87,3608,regular,False
2026-07-30T19:15:00+00:00,521.84,521.86,521.68,521.76,5413,regular,False
2026-07-30T19:16:00+00:00,521.78,521.81,521.75,521.79,4316,regular,False
2026-07-30T19:17:00+00:00,521.81,521.85,521.73,521.81,3552,regular,False
2026-07-30T19:18:00+00:00,521.81,521.86,521.79,521.84,3983,regular,False
2026-07-30T19:19:00+00:00,521.84,521.84,521.75,521.76,4598,regular,False
2026-07-30T19:20:00+00:00,521.75,521.88,521.74,521.87,1020,regular,False
2026-07-30T19:21:00+00:00,521.86,521.88,521.77,521.77,2788,regular,False
2026-07-30T19:22:00+00:00,521.79,521.79,521.73,521.74,1502,regular,False
2026-07-30T19:23:00+00:00,521.71,521.83,521.71,521.81,770,regular,False
2026-07-30T19:24:00+00:00,521.82,521.88,521.81,521.82,2629,regular,False
2026-07-30T19:25:00+00:00,521.73,521.8,521.71,521.74,535,regular,False
2026-07-30T19:26:00+00:00,521.8,521.86,521.8,521.85,3964,regular,False
2026-07-30T19:27:00+00:00,521.87,521.87,521.76,521.77,4153,regular,False
2026-07-30T19:28:00+00:00,521.75,521.82,521.72,521.74,1013,regular,False
2026-07-30T19:29:00+00:00,521.74,521.74,521.65,521.67,1690,regular,False
2026-07-30T19:30:00+00:00,521.68,521.8,521.65,521.77,4511,regular,False
2026-07-30T19:31:00+00:00,521.77,521.79,521.73,521.78,6000,regular,False
2026-07-30T19:32:00+00:00,521.79,521.81,521.63,521.63,6742,regular,False
2026-07-30T19:33:00+00:00,521.64,521.74,521.6,521.73,4355,regular,False
2026-07-30T19:34:00+00:00,521.69,521.7,521.61,521.65,3758,regular,False
2026-07-30T19:35:00+00:00,521.69,521.75,521.65,521.65,3508,regular,False
2026-07-30T19:36:00+00:00,521.61,521.61,521.5,521.55,3972,regular,False
2026-07-30T19:37:00+00:00,521.5,521.59,521.5,521.59,2345,regular,False
2026-07-30T19:38:00+00:00,521.57,521.69,521.55,521.57,2737,regular,False
2026-07-30T19:39:00+00:00,521.6,521.6,521.49,521.54,2110,regular,False
2026-07-30T19:40:00+00:00,521.56,521.59,521.46,521.56,4699,regular,False
2026-07-30T19:41:00+00:00,521.55,521.65,521.53,521.61,7274,regular,False
2026-07-30T19:42:00+00:00,521.64,521.64,521.49,521.61,8168,regular,False
2026-07-30T19:43:00+00:00,521.59,521.68,521.54,521.66,5307,regular,False
2026-07-30T19:44:00+00:00,521.66,521.68,521.59,521.6,5228,regular,False
2026-07-30T19:45:00+00:00,521.57,521.63,521.55,521.62,8110,regular,False
2026-07-30T19:46:00+00:00,521.59,521.67,521.5,521.51,7921,regular,False
2026-07-30T19:47:00+00:00,521.49,521.55,521.43,521.48,5221,regular,False
2026-07-30T19:48:00+00:00,521.48,521.53,521.43,521.43,3369,regular,False
2026-07-30T19:49:00+00:00,521.44,521.47,521.38,521.47,2397,regular,False
2026-07-30T19:50:00+00:00,521.47,521.49,521.34,521.41,15727,regular,False
2026-07-30T19:51:00+00:00,521.36,521.39,521.23,521.32,11534,regular,False
2026-07-30T19:52:00+00:00,521.32,521.37,521.27,521.36,8089,regular,False
2026-07-30T19:53:00+00:00,521.36,521.4,521.16,521.17,15575,regular,False
2026-07-30T19:54:00+00:00,521.16,521.31,521.16,521.21,23111,regular,False
2026-07-30T19:55:00+00:00,521.22,521.31,521.11,521.24,47788,regular,False
2026-07-30T19:56:00+00:00,521.22,521.43,521.21,521.38,30147,regular,False
2026-07-30T19:57:00+00:00,521.39,521.53,521.32,521.5,17860,regular,False
2026-07-30T19:58:00+00:00,521.47,521.51,521.32,521.38,41595,regular,False
2026-07-30T20:01:00+00:00,521.88,522.64,521.88,522.57,1942,after-market,False
2026-07-30T20:02:00+00:00,522.36,522.36,522.35,522.35,136,after-market,False
2026-07-30T20:03:00+00:00,522.35,522.35,522.35,522.35,0,after-market,False
2026-07-30T20:04:00+00:00,522.44,522.44,522.44,522.44,480,after-market,False
2026-07-30T20:05:00+00:00,522.53,522.53,522.43,522.43,554,after-market,False
2026-07-30T20:06:00+00:00,522.49,522.49,522.48,522.48,150,after-market,False
2026-07-30T20:07:00+00:00,522.46,522.48,522.46,522.48,1980,after-market,False
2026-07-30T20:08:00+00:00,522.48,522.48,522.48,522.48,0,after-market,False
2026-07-30T20:09:00+00:00,522.3,522.3,522.27,522.27,675,after-market,False
2026-07-30T20:10:00+00:00,522.19,522.19,522.19,522.19,1000,after-market,False
2026-07-30T20:11:00+00:00,522.22,522.22,522.22,522.22,480,after-market,False
2026-07-30T20:12:00+00:00,522.2,522.26,522.2,522.23,1580,after-market,False
2026-07-30T20:13:00+00:00,522.23,522.23,522.23,522.23,0,after-market,False
2026-07-30T20:14:00+00:00,522.23,522.23,522.23,522.23,0,after-market,False
2026-07-30T20:15:00+00:00,522.59,522.59,522.59,522.59,95,after-market,False
2026-07-30T20:16:00+00:00,522.59,522.59,522.59,522.59,0,after-market,False
2026-07-30T20:17:00+00:00,522.59,522.59,522.59,522.59,0,after-market,False
2026-07-30T20:18:00+00:00,522.44,522.44,522.44,522.44,1500,after-market,False
2026-07-30T20:19:00+00:00,522.44,522.44,522.44,522.44,0,after-market,False
2026-07-30T20:20:00+00:00,522.44,522.44,522.44,522.44,0,after-market,False
2026-07-30T20:21:00+00:00,522.44,522.44,522.44,522.44,0,after-market,False
2026-07-30T20:22:00+00:00,522.44,522.44,522.44,522.44,0,after-market,False
2026-07-30T20:23:00+00:00,522.44,522.44,522.44,522.44,0,after-market,False
2026-07-30T20:24:00+00:00,522.44,522.44,522.44,522.44,0,after-market,False
2026-07-30T20:25:00+00:00,522.44,522.44,522.44,522.44,0,after-market,False
2026-07-30T20:26:00+00:00,522.44,522.44,522.44,522.44,0,after-market,False
2026-07-30T20:27:00+00:00,522.44,522.44,522.44,522.44,0,after-market,False
2026-07-30T20:28:00+00:00,522.44,522.44,522.44,522.44,0,after-market,False
2026-07-30T20:29:00+00:00,522.44,522.44,522.44,522.44,0,after-market,False
2026-07-30T20:30:00+00:00,522.37,522.38,522.13,522.13,2394,after-market,False
2026-07-30T20:31:00+00:00,522.07,522.07,522.07,522.07,400,after-market,False
2026-07-30T20:32:00+00:00,522.1,522.15,522.1,522.15,1681,after-market,False
2026-07-30T20:33:00+00:00,522.15,522.15,522.15,522.15,0,after-market,False
2026-07-30T20:34:00+00:00,522.15,522.15,522.15,522.15,0,after-market,False
2026-07-30T20:35:00+00:00,522.15,522.15,522.15,522.15,0,after-market,False
2026-07-30T20:36:00+00:00,522.15,522.15,522.15,522.15,0,after-market,False
2026-07-30T20:37:00+00:00,521.93,521.93,521.93,521.93,300,after-market,False
2026-07-30T20:38:00+00:00,521.91,521.91,521.89,521.89,1160,after-market,False
2026-07-30T20:39:00+00:00,521.89,521.89,521.89,521.89,0,after-market,False
2026-07-30T20:40:00+00:00,521.89,521.89,521.89,521.89,0,after-market,False
2026-07-30T20:41:00+00:00,521.97,522.0,521.97,522.0,620,after-market,False
2026-07-30T20:42:00+00:00,522.02,522.02,522.02,522.02,40,after-market,False
2026-07-30T20:43:00+00:00,522.02,522.02,522.02,522.02,0,after-market,False
2026-07-30T20:44:00+00:00,522.14,522.15,522.14,522.15,220,after-market,False
2026-07-30T20:45:00+00:00,522.15,522.15,522.15,522.15,0,after-market,False
2026-07-30T20:46:00+00:00,522.15,522.15,522.15,522.15,0,after-market,False
2026-07-30T20:47:00+00:00,522.15,522.15,522.15,522.15,0,after-market,False
2026-07-30T20:48:00+00:00,522.15,522.15,522.15,522.15,0,after-market,False
2026-07-30T20:49:00+00:00,522.15,522.15,522.15,522.15,0,after-market,False
2026-07-30T20:50:00+00:00,522.15,522.15,522.15,522.15,0,after-market,False
2026-07-30T20:51:00+00:00,522.15,522.15,522.15,522.15,0,after-market,False
2026-07-30T20:52:00+00:00,522.15,522.15,522.15,522.15,0,after-market,False
2026-07-30T20:53:00+00:00,522.15,522.15,522.15,522.15,0,after-market,False
2026-07-30T20:54:00+00:00,522.15,522.15,522.15,522.15,0,after-market,False
2026-07-30T20:55:00+00:00,522.15,522.15,522.15,522.15,0,after-market,False
2026-07-30T20:56:00+00:00,522.15,522.15,522.15,522.15,0,after-market,False
2026-07-30T20:57:00+00:00,522.15,522.15,522.15,522.15,0,after-market,False
2026-07-30T20:58:00+00:00,522.15,522.15,522.15,522.15,0,after-market,False
2026-07-30T20:59:00+00:00,522.15,522.15,522.15,522.15,0,after-market,False
2026-07-30T21:00:00+00:00,522.15,522.15,522.15,522.15,0,after-market,False
2026-07-30T21:01:00+00:00,521.9,521.9,521.9,521.9,45,after-market,False
2026-07-30T21:02:00+00:00,521.9,521.9,521.9,521.9,0,after-market,False
2026-07-30T21:03:00+00:00,521.9,521.9,521.9,521.9,0,after-market,False
2026-07-30T21:04:00+00:00,521.9,521.9,521.9,521.9,0,after-market,False
2026-07-30T21:05:00+00:00,521.9,521.9,521.9,521.9,0,after-market,False
2026-07-30T21:06:00+00:00,521.9,521.9,521.9,521.9,0,after-market,False
2026-07-30T21:07:00+00:00,521.9,521.9,521.9,521.9,0,after-market,False
2026-07-30T21:08:00+00:00,521.95,521.96,521.95,521.95,45,after-market,False
2026-07-30T21:09:00+00:00,521.95,521.95,521.95,521.95,0,after-market,False
2026-07-30T21:10:00+00:00,521.95,521.95,521.95,521.95,0,after-market,False
2026-07-30T21:11:00+00:00,521.95,521.95,521.95,521.95,0,after-market,False
2026-07-30T21:12:00+00:00,521.95,521.95,521.95,521.95,0,after-market,False
2026-07-30T21:13:00+00:00,521.95,521.95,521.95,521.95,0,after-market,False
2026-07-30T21:14:00+00:00,521.95,521.95,521.95,521.95,0,after-market,False
2026-07-30T21:15:00+00:00,522.0,522.0,522.0,522.0,96,after-market,False
2026-07-30T21:16:00+00:00,522.0,522.0,522.0,522.0,0,after-market,False
2026-07-30T21:17:00+00:00,522.0,522.0,522.0,522.0,0,after-market,False
2026-07-30T21:18:00+00:00,522.0,522.0,522.0,522.0,0,after-market,False
2026-07-30T21:19:00+00:00,522.0,522.0,522.0,522.0,0,after-market,False
2026-07-30T21:20:00+00:00,522.0,522.0,522.0,522.0,0,after-market,False
2026-07-30T21:21:00+00:00,522.0,522.0,522.0,522.0,0,after-market,False
2026-07-30T21:22:00+00:00,522.0,522.0,522.0,522.0,0,after-market,False
2026-07-30T21:23:00+00:00,522.0,522.0,522.0,522.0,0,after-market,False
2026-07-30T21:24:00+00:00,522.0,522.0,522.0,522.0,0,after-market,False
2026-07-30T21:25:00+00:00,521.91,521.91,521.91,521.91,50,after-market,False
2026-07-30T21:26:00+00:00,521.57,521.57,521.57,521.57,100,after-market,False
2026-07-30T21:27:00+00:00,521.57,521.57,521.57,521.57,0,after-market,False
2026-07-30T21:28:00+00:00,521.57,521.57,521.57,521.57,0,after-market,False
2026-07-30T21:29:00+00:00,521.57,521.57,521.57,521.57,0,after-market,False
2026-07-30T21:30:00+00:00,521.57,521.57,521.57,521.57,0,after-market,False
2026-07-30T21:31:00+00:00,521.57,521.57,521.57,521.57,0,after-market,False
2026-07-30T21:32:00+00:00,521.57,521.57,521.56,521.57,96,after-market,False
2026-07-30T21:33:00+00:00,521.57,521.57,521.57,521.57,0,after-market,False
2026-07-30T21:34:00+00:00,521.57,521.57,521.57,521.57,0,after-market,False
2026-07-30T21:35:00+00:00,521.57,521.57,521.57,521.57,0,after-market,False
2026-07-30T21:36:00+00:00,521.57,521.57,521.57,521.57,0,after-market,False
2026-07-30T21:37:00+00:00,521.57,521.57,521.57,521.57,0,after-market,False
2026-07-30T21:38:00+00:00,521.57,521.57,521.57,521.57,0,after-market,False
2026-07-30T21:39:00+00:00,521.57,521.57,521.57,521.57,0,after-market,False
2026-07-30T21:40:00+00:00,521.57,521.57,521.57,521.57,0,after-market,False
2026-07-30T21:41:00+00:00,521.57,521.57,521.57,521.57,0,after-market,False
2026-07-30T21:42:00+00:00,521.57,521.57,521.57,521.57,0,after-market,False
2026-07-30T21:43:00+00:00,521.57,521.57,521.57,521.57,0,after-market,False
2026-07-30T21:44:00+00:00,521.57,521.57,521.57,521.57,0,after-market,False
2026-07-30T21:45:00+00:00,521.57,521.57,521.57,521.57,0,after-market,False
2026-07-30T21:46:00+00:00,521.57,521.57,521.57,521.57,0,after-market,False
2026-07-30T21:47:00+00:00,521.57,521.57,521.57,521.57,0,after-market,False
2026-07-30T21:48:00+00:00,521.57,521.57,521.57,521.57,0,after-market,False
2026-07-30T21:49:00+00:00,521.57,521.57,521.57,521.57,0,after-market,False
2026-07-30T21:50:00+00:00,521.57,521.57,521.57,521.57,0,after-market,False
2026-07-30T21:51:00+00:00,521.57,521.57,521.57,521.57,0,after-market,False
2026-07-30T21:52:00+00:00,521.57,521.57,521.57,521.57,0,after-market,False
2026-07-30T21:53:00+00:00,521.96,521.96,521.96,521.96,43,after-market,False
2026-07-30T21:54:00+00:00,521.96,521.96,521.96,521.96,0,after-market,False
2026-07-30T21:55:00+00:00,521.96,521.96,521.96,521.96,0,after-market,False
2026-07-30T21:56:00+00:00,521.96,521.96,521.96,521.96,0,after-market,False
2026-07-30T21:57:00+00:00,521.96,521.96,521.96,521.96,0,after-market,False
2026-07-30T21:58:00+00:00,521.96,521.96,521.96,521.96,0,after-market,False
2026-07-30T21:59:00+00:00,521.96,521.96,521.96,521.96,0,after-market,False
2026-07-30T22:00:00+00:00,521.79,521.79,521.78,521.79,75,after-market,False
2026-07-30T22:01:00+00:00,521.79,521.79,521.79,521.79,0,after-market,False
2026-07-30T22:02:00+00:00,521.79,521.79,521.79,521.79,0,after-market,False
2026-07-30T22:03:00+00:00,522.0,522.0,522.0,522.0,380,after-market,False
2026-07-30T22:04:00+00:00,522.0,522.0,522.0,522.0,0,after-market,False
2026-07-30T22:05:00+00:00,522.0,522.0,522.0,522.0,0,after-market,False
2026-07-30T22:06:00+00:00,522.0,522.0,522.0,522.0,0,after-market,False
2026-07-30T22:07:00+00:00,522.0,522.0,522.0,522.0,0,after-market,False
2026-07-30T22:08:00+00:00,522.0,522.0,522.0,522.0,0,after-market,False
2026-07-30T22:09:00+00:00,522.0,522.0,522.0,522.0,0,after-market,False
2026-07-30T22:10:00+00:00,522.0,522.0,522.0,522.0,0,after-market,False
2026-07-30T22:11:00+00:00,522.0,522.0,522.0,522.0,0,after-market,False
2026-07-30T22:12:00+00:00,522.0,522.0,522.0,522.0,0,after-market,False
2026-07-30T22:13:00+00:00,522.0,522.0,522.0,522.0,0,after-market,False
2026-07-30T22:14:00+00:00,521.75,521.75,521.75,521.75,74,after-market,False
2026-07-30T22:15:00+00:00,521.75,521.75,521.75,521.75,0,after-market,False
2026-07-30T22:16:00+00:00,521.75,521.75,521.75,521.75,0,after-market,False
2026-07-30T22:17:00+00:00,521.75,521.75,521.75,521.75,0,after-market,False
2026-07-30T22:18:00+00:00,521.75,521.75,521.75,521.75,0,after-market,False
2026-07-30T22:19:00+00:00,521.75,521.75,521.75,521.75,0,after-market,False
2026-07-30T22:20:00+00:00,521.75,521.75,521.75,521.75,0,after-market,False
2026-07-30T22:21:00+00:00,521.75,521.75,521.75,521.75,0,after-market,False
2026-07-30T22:22:00+00:00,521.86,521.86,521.85,521.86,50,after-market,False
2026-07-30T22:23:00+00:00,521.86,521.86,521.86,521.86,0,after-market,False
2026-07-30T22:24:00+00:00,521.86,521.86,521.86,521.86,0,after-market,False
2026-07-30T22:25:00+00:00,521.86,521.86,521.86,521.86,0,after-market,False
2026-07-30T22:26:00+00:00,521.87,521.89,521.87,521.88,150,after-market,False
2026-07-30T22:27:00+00:00,521.88,521.88,521.88,521.88,0,after-market,False
2026-07-30T22:28:00+00:00,521.88,521.88,521.88,521.88,0,after-market,False
2026-07-30T22:29:00+00:00,521.88,521.88,521.88,521.88,0,after-market,False
2026-07-30T22:30:00+00:00,521.88,521.88,521.88,521.88,0,after-market,False
2026-07-30T22:31:00+00:00,521.88,521.88,521.88,521.88,0,after-market,False
2026-07-30T22:32:00+00:00,521.95,521.95,521.95,521.95,90,after-market,False
2026-07-30T22:33:00+00:00,521.99,522.0,521.99,522.0,807,after-market,False
2026-07-30T22:34:00+00:00,522.08,522.08,522.08,522.08,90,after-market,False
2026-07-30T22:35:00+00:00,522.1,522.14,522.1,522.14,180,after-market,False
2026-07-30T22:36:00+00:00,522.14,522.14,522.14,522.14,0,after-market,False
2026-07-30T22:37:00+00:00,522.19,522.19,522.19,522.19,90,after-market,False
2026-07-30T22:38:00+00:00,522.19,522.19,522.19,522.19,0,after-market,False
2026-07-30T22:39:00+00:00,522.25,522.26,522.25,522.25,1474,after-market,False
2026-07-30T22:40:00+00:00,522.24,522.24,522.24,522.24,1500,after-market,False
2026-07-30T22:41:00+00:00,522.24,522.24,522.24,522.24,0,after-market,False
2026-07-30T22:42:00+00:00,522.23,522.23,522.23,522.23,3683,after-market,False
2026-07-30T22:43:00+00:00,522.23,522.23,522.23,522.23,0,after-market,False
2026-07-30T22:44:00+00:00,522.23,522.23,522.23,522.23,0,after-market,False
2026-07-30T22:45:00+00:00,522.34,522.34,522.34,522.34,65,after-market,False
2026-07-30T22:46:00+00:00,522.34,522.34,522.34,522.34,0,after-market,False
2026-07-30T22:47:00+00:00,522.34,522.34,522.34,522.34,0,after-market,False
2026-07-30T22:48:00+00:00,522.34,522.34,522.34,522.34,0,after-market,False
2026-07-30T22:49:00+00:00,522.34,522.34,522.34,522.34,0,after-market,False
2026-07-30T22:50:00+00:00,522.34,522.34,522.34,522.34,0,after-market,False
2026-07-30T22:51:00+00:00,522.39,522.39,522.39,522.39,44,after-market,False
2026-07-30T22:52:00+00:00,522.39,522.39,522.39,522.39,0,after-market,False
2026-07-30T22:53:00+00:00,522.39,522.39,522.39,522.39,0,after-market,False
2026-07-30T22:54:00+00:00,522.39,522.39,522.39,522.39,0,after-market,False
2026-07-30T22:55:00+00:00,522.39,522.39,522.39,522.39,0,after-market,False
2026-07-30T22:56:00+00:00,522.48,522.5,522.48,522.48,690,after-market,False
2026-07-30T22:57:00+00:00,522.51,522.51,522.51,522.51,40,after-market,False
2026-07-30T22:58:00+00:00,522.52,522.52,522.52,522.52,90,after-market,False
2026-07-30T22:59:00+00:00,522.52,522.52,522.52,522.52,0,after-market,False
2026-07-30T23:00:00+00:00,522.52,522.52,522.52,522.52,0,after-market,False
2026-07-30T23:01:00+00:00,522.52,522.52,522.52,522.52,0,after-market,False
2026-07-30T23:02:00+00:00,522.52,522.52,522.52,522.52,0,after-market,False
2026-07-30T23:03:00+00:00,522.65,522.67,522.65,522.67,140,after-market,False
2026-07-30T23:04:00+00:00,522.67,522.67,522.67,522.67,0,after-market,False
2026-07-30T23:05:00+00:00,522.67,522.67,522.67,522.67,0,after-market,False
2026-07-30T23:06:00+00:00,522.67,522.67,522.67,522.67,0,after-market,False
2026-07-30T23:07:00+00:00,522.67,522.67,522.67,522.67,0,after-market,False
2026-07-30T23:08:00+00:00,522.67,522.67,522.67,522.67,0,after-market,False
2026-07-30T23:09:00+00:00,522.67,522.67,522.67,522.67,0,after-market,False
2026-07-30T23:10:00+00:00,522.58,522.58,522.57,522.58,100,after-market,False
2026-07-30T23:11:00+00:00,522.58,522.58,522.58,522.58,0,after-market,False
2026-07-30T23:12:00+00:00,522.58,522.58,522.58,522.58,0,after-market,False
2026-07-30T23:13:00+00:00,522.58,522.58,522.58,522.58,0,after-market,False
2026-07-30T23:14:00+00:00,522.58,522.58,522.58,522.58,0,after-market,False
2026-07-30T23:15:00+00:00,522.58,522.58,522.58,522.58,0,after-market,False
2026-07-30T23:16:00+00:00,522.58,522.58,522.58,522.58,0,after-market,False
2026-07-30T23:17:00+00:00,522.58,522.58,522.58,522.58,0,after-market,False
2026-07-30T23:18:00+00:00,522.58,522.58,522.58,522.58,0,after-market,False
2026-07-30T23:19:00+00:00,522.58,522.58,522.58,522.58,0,after-market,False
2026-07-30T23:20:00+00:00,522.58,522.58,522.58,522.58,0,after-market,False
2026-07-30T23:21:00+00:00,522.58,522.58,522.58,522.58,0,after-market,False
2026-07-30T23:22:00+00:00,522.58,522.58,522.58,522.58,0,after-market,False
2026-07-30T23:23:00+00:00,522.58,522.58,522.58,522.58,0,after-market,False
2026-07-30T23:24:00+00:00,522.58,522.58,522.58,522.58,0,after-market,False
2026-07-30T23:25:00+00:00,522.58,522.58,522.58,522.58,0,after-market,False
2026-07-30T23:26:00+00:00,522.5,522.5,522.5,522.5,90,after-market,False
2026-07-30T23:27:00+00:00,522.5,522.5,522.5,522.5,0,after-market,False
2026-07-30T23:28:00+00:00,522.5,522.5,522.5,522.5,0,after-market,False
2026-07-30T23:29:00+00:00,522.5,522.5,522.5,522.5,0,after-market,False
2026-07-30T23:30:00+00:00,522.5,522.5,522.5,522.5,0,after-market,False
2026-07-30T23:31:00+00:00,522.5,522.5,522.5,522.5,0,after-market,False
2026-07-30T23:32:00+00:00,522.5,522.5,522.5,522.5,0,after-market,False
2026-07-30T23:33:00+00:00,522.5,522.5,522.5,522.5,0,after-market,False
2026-07-30T23:34:00+00:00,522.5,522.5,522.5,522.5,0,after-market,False
2026-07-30T23:35:00+00:00,522.5,522.5,522.5,522.5,0,after-market,False
2026-07-30T23:36:00+00:00,522.5,522.5,522.5,522.5,0,after-market,False
2026-07-30T23:37:00+00:00,522.5,522.5,522.5,522.5,0,after-market,False
2026-07-30T23:38:00+00:00,522.5,522.5,522.5,522.5,0,after-market,False
2026-07-30T23:39:00+00:00,522.5,522.5,522.5,522.5,0,after-market,False
2026-07-30T23:40:00+00:00,522.5,522.5,522.5,522.5,0,after-market,False
2026-07-30T23:41:00+00:00,522.5,522.5,522.5,522.5,0,after-market,False
2026-07-30T23:42:00+00:00,522.5,522.5,522.5,522.5,0,after-market,False
2026-07-30T23:43:00+00:00,522.5,522.5,522.5,522.5,0,after-market,False
2026-07-30T23:44:00+00:00,522.5,522.5,522.5,522.5,0,after-market,False
2026-07-30T23:45:00+00:00,522.5,522.5,522.5,522.5,0,after-market,False
2026-07-30T23:46:00+00:00,522.5,522.5,522.5,522.5,0,after-market,False
2026-07-30T23:47:00+00:00,522.77,522.77,522.77,522.77,98,after-market,False
2026-07-30T23:48:00+00:00,522.77,522.77,522.77,522.77,0,after-market,False
2026-07-30T23:49:00+00:00,522.77,522.77,522.77,522.77,0,after-market,False
2026-07-30T23:50:00+00:00,522.62,522.62,522.62,522.62,50,after-market,False
2026-07-30T23:51:00+00:00,522.62,522.62,522.62,522.62,0,after-market,False
2026-07-30T23:52:00+00:00,522.62,522.62,522.62,522.62,0,after-market,False
2026-07-30T23:53:00+00:00,522.61,522.61,522.61,522.61,76,after-market,False
2026-07-30T23:54:00+00:00,522.61,522.61,522.61,522.61,0,after-market,False
2026-07-30T23:55:00+00:00,522.61,522.61,522.61,522.61,0,after-market,False
2026-07-30T23:56:00+00:00,522.61,522.61,522.61,522.61,0,after-market,False
2026-07-30T23:57:00+00:00,522.61,522.61,522.61,522.61,0,after-market,False
2026-07-30T23:58:00+00:00,522.61,522.61,522.61,522.61,0,after-market,False
2026-07-30T23:59:00+00:00,522.63,522.63,522.63,522.63,50,after-market,False
2026-07-31T08:01:00+00:00,524.19,524.19,523.75,523.75,209,pre-market,False
2026-07-31T08:02:00+00:00,523.79,524.31,523.73,524.18,1596,pre-market,False
2026-07-31T08:03:00+00:00,524.2,524.88,523.57,524.88,1516,pre-market,False
2026-07-31T08:04:00+00:00,524.46,524.88,524.46,524.76,3968,pre-market,False
2026-07-31T08:05:00+00:00,524.76,524.76,524.76,524.76,0,pre-market,False
2026-07-31T08:06:00+00:00,524.76,524.76,524.76,524.76,0,pre-market,False
2026-07-31T08:07:00+00:00,524.56,524.56,524.52,524.52,565,pre-market,False
2026-07-31T08:08:00+00:00,524.52,524.52,524.52,524.52,0,pre-market,False
2026-07-31T08:09:00+00:00,524.52,524.52,524.52,524.52,0,pre-market,False
2026-07-31T08:10:00+00:00,524.52,524.52,524.52,524.52,0,pre-market,False
2026-07-31T08:11:00+00:00,524.52,524.52,524.52,524.52,0,pre-market,False
2026-07-31T08:12:00+00:00,524.52,524.52,524.52,524.52,0,pre-market,False
2026-07-31T08:13:00+00:00,524.52,524.52,524.52,524.52,0,pre-market,False
2026-07-31T08:14:00+00:00,524.52,524.52,524.52,524.52,0,pre-market,False
2026-07-31T08:15:00+00:00,524.52,524.52,524.52,524.52,0,pre-market,False
2026-07-31T08:16:00+00:00,524.52,524.52,524.52,524.52,0,pre-market,False
2026-07-31T08:17:00+00:00,524.52,524.52,524.52,524.52,0,pre-market,False
2026-07-31T08:18:00+00:00,524.52,524.52,524.52,524.52,0,pre-market,False
2026-07-31T08:19:00+00:00,524.52,524.52,524.52,524.52,0,pre-market,False
2026-07-31T08:20:00+00:00,524.52,524.52,524.52,524.52,0,pre-market,False
2026-07-31T08:21:00+00:00,524.52,524.52,524.52,524.52,0,pre-market,False
2026-07-31T08:22:00+00:00,524.52,524.52,524.52,524.52,0,pre-market,False
2026-07-31T08:23:00+00:00,524.52,524.52,524.52,524.52,0,pre-market,False
2026-07-31T08:24:00+00:00,524.52,524.52,524.52,524.52,0,pre-market,False
2026-07-31T08:25:00+00:00,524.52,524.52,524.52,524.52,0,pre-market,False
2026-07-31T08:26:00+00:00,524.52,524.52,524.52,524.52,0,pre-market,False
2026-07-31T08:27:00+00:00,524.52,524.52,524.52,524.52,0,pre-market,False
2026-07-31T08:28:00+00:00,524.52,524.52,524.52,524.52,0,pre-market,False
2026-07-31T08:29:00+00:00,524.52,524.52,524.52,524.52,0,pre-market,False
2026-07-31T08:30:00+00:00,524.52,524.52,524.52,524.52,0,pre-market,False
2026-07-31T08:31:00+00:00,524.52,524.52,524.52,524.52,0,pre-market,False
2026-07-31T08:32:00+00:00,524.52,524.52,524.52,524.52,0,pre-market,False
2026-07-31T08:33:00+00:00,524.52,524.52,524.52,524.52,0,pre-market,False
2026-07-31T08:34:00+00:00,524.52,524.52,524.52,524.52,0,pre-market,False
2026-07-31T08:35:00+00:00,524.52,524.52,524.52,524.52,0,pre-market,False
2026-07-31T08:36:00+00:00,524.52,524.52,524.52,524.52,0,pre-market,False
2026-07-31T08:37:00+00:00,524.52,524.52,524.52,524.52,0,pre-market,False
2026-07-31T08:38:00+00:00,524.52,524.52,524.52,524.52,0,pre-market,False
2026-07-31T08:39:00+00:00,524.52,524.52,524.52,524.52,0,pre-market,False
2026-07-31T08:40:00+00:00,524.52,524.52,524.52,524.52,0,pre-market,False
2026-07-31T08:41:00+00:00,524.52,524.52,524.52,524.52,0,pre-market,False
2026-07-31T08:42:00+00:00,524.52,524.52,524.52,524.52,0,pre-market,False
2026-07-31T08:43:00+00:00,524.52,524.52,524.52,524.52,0,pre-market,False
2026-07-31T08:44:00+00:00,524.58,524.6,524.58,524.6,900,pre-market,False
2026-07-31T08:45:00+00:00,524.6,524.6,524.6,524.6,0,pre-market,False
2026-07-31T08:46:00+00:00,524.6,524.6,524.6,524.6,0,pre-market,False
2026-07-31T08:47:00+00:00,524.6,524.6,524.6,524.6,0,pre-market,False
2026-07-31T08:48:00+00:00,524.6,524.6,524.6,524.6,0,pre-market,False
2026-07-31T08:49:00+00:00,524.6,524.6,524.6,524.6,0,pre-market,False
2026-07-31T08:50:00+00:00,524.6,524.6,524.6,524.6,0,pre-market,False
2026-07-31T08:51:00+00:00,524.6,524.6,524.6,524.6,0,pre-market,False
2026-07-31T08:52:00+00:00,524.6,524.6,524.6,524.6,0,pre-market,False
2026-07-31T08:53:00+00:00,524.6,524.6,524.6,524.6,0,pre-market,False
2026-07-31T08:54:00+00:00,524.6,524.6,524.6,524.6,0,pre-market,False
2026-07-31T08:55:00+00:00,524.6,524.6,524.6,524.6,0,pre-market,False
2026-07-31T08:56:00+00:00,524.6,524.6,524.6,524.6,0,pre-market,False
2026-07-31T08:57:00+00:00,524.6,524.6,524.6,524.6,0,pre-market,False
2026-07-31T08:58:00+00:00,524.6,524.6,524.6,524.6,0,pre-market,False
2026-07-31T08:59:00+00:00,524.6,524.6,524.6,524.6,0,pre-market,False
2026-07-31T09:00:00+00:00,524.6,524.6,524.6,524.6,0,pre-market,False
2026-07-31T09:01:00+00:00,524.6,524.6,524.6,524.6,0,pre-market,False
2026-07-31T09:02:00+00:00,524.6,524.6,524.6,524.6,0,pre-market,False
2026-07-31T09:03:00+00:00,524.6,524.6,524.6,524.6,0,pre-market,False
2026-07-31T09:04:00+00:00,524.6,524.6,524.6,524.6,0,pre-market,False
2026-07-31T09:05:00+00:00,524.6,524.6,524.6,524.6,0,pre-market,False
2026-07-31T09:06:00+00:00,524.6,524.6,524.6,524.6,0,pre-market,False
2026-07-31T09:07:00+00:00,524.6,524.6,524.6,524.6,0,pre-market,False
2026-07-31T09:08:00+00:00,524.6,524.6,524.6,524.6,0,pre-market,False
2026-07-31T09:09:00+00:00,524.6,524.6,524.6,524.6,0,pre-market,False
2026-07-31T09:10:00+00:00,524.6,524.6,524.6,524.6,219,pre-market,False
2026-07-31T09:11:00+00:00,524.6,524.6,524.6,524.6,0,pre-market,False
2026-07-31T09:12:00+00:00,524.6,524.6,524.6,524.6,0,pre-market,False
2026-07-31T09:13:00+00:00,524.6,524.6,524.6,524.6,0,pre-market,False
2026-07-31T09:14:00+00:00,524.6,524.6,524.6,524.6,0,pre-market,False
2026-07-31T09:15:00+00:00,524.6,524.6,524.6,524.6,0,pre-market,False
2026-07-31T09:16:00+00:00,524.6,524.6,524.6,524.6,0,pre-market,False
2026-07-31T09:17:00+00:00,524.6,524.6,524.6,524.6,0,pre-market,False
2026-07-31T09:18:00+00:00,524.6,524.6,524.6,524.6,0,pre-market,False
2026-07-31T09:19:00+00:00,524.6,524.6,524.6,524.6,0,pre-market,False
2026-07-31T09:20:00+00:00,524.6,524.6,524.6,524.6,0,pre-market,False
2026-07-31T09:21:00+00:00,524.6,524.6,524.6,524.6,0,pre-market,False
2026-07-31T09:22:00+00:00,524.6,524.6,524.6,524.6,0,pre-market,False
2026-07-31T09:23:00+00:00,524.6,524.6,524.6,524.6,0,pre-market,False
2026-07-31T09:24:00+00:00,524.6,524.6,524.6,524.6,0,pre-market,False
2026-07-31T09:25:00+00:00,524.6,524.6,524.6,524.6,0,pre-market,False
2026-07-31T09:26:00+00:00,524.6,524.6,524.6,524.6,0,pre-market,False
2026-07-31T09:27:00+00:00,524.6,524.6,524.6,524.6,0,pre-market,False
2026-07-31T09:28:00+00:00,524.6,524.6,524.6,524.6,0,pre-market,False
2026-07-31T09:29:00+00:00,524.6,524.6,524.6,524.6,0,pre-market,False
2026-07-31T09:30:00+00:00,524.6,524.6,524.6,524.6,0,pre-market,False
2026-07-31T09:31:00+00:00,524.6,524.6,524.6,524.6,0,pre-market,False
2026-07-31T09:32:00+00:00,524.6,524.6,524.6,524.6,0,pre-market,False
2026-07-31T09:33:00+00:00,524.6,524.6,524.6,524.6,0,pre-market,False
2026-07-31T09:34:00+00:00,524.6,524.6,524.6,524.6,0,pre-market,False
2026-07-31T09:35:00+00:00,524.6,524.6,524.6,524.6,0,pre-market,False
2026-07-31T09:36:00+00:00,524.6,524.6,524.6,524.6,0,pre-market,False
2026-07-31T09:37:00+00:00,524.6,524.6,524.6,524.6,0,pre-market,False
2026-07-31T09:38:00+00:00,524.19,524.2,524.19,524.2,205,pre-market,False
2026-07-31T09:39:00+00:00,524.2,524.2,524.2,524.2,0,pre-market,False
2026-07-31T09:40:00+00:00,524.2,524.2,524.2,524.2,0,pre-market,False
2026-07-31T09:41:00+00:00,524.2,524.2,524.2,524.2,0,pre-market,False
2026-07-31T09:42:00+00:00,524.2,524.2,524.2,524.2,0,pre-market,False
2026-07-31T09:43:00+00:00,524.2,524.2,524.2,524.2,0,pre-market,False
2026-07-31T09:44:00+00:00,524.2,524.2,524.2,524.2,0,pre-market,False
2026-07-31T09:45:00+00:00,524.2,524.2,524.2,524.2,0,pre-market,False
2026-07-31T09:46:00+00:00,524.2,524.2,524.2,524.2,0,pre-market,False
2026-07-31T09:47:00+00:00,524.2,524.2,524.2,524.2,0,pre-market,False
2026-07-31T09:48:00+00:00,524.2,524.2,524.2,524.2,0,pre-market,False
2026-07-31T09:49:00+00:00,524.2,524.2,524.2,524.2,0,pre-market,False
2026-07-31T09:50:00+00:00,524.2,524.2,524.2,524.2,0,pre-market,False
2026-07-31T09:51:00+00:00,524.2,524.2,524.2,524.2,0,pre-market,False
2026-07-31T09:52:00+00:00,524.46,524.46,524.46,524.46,40,pre-market,False
2026-07-31T09:53:00+00:00,524.46,524.46,524.46,524.46,0,pre-market,False
2026-07-31T09:54:00+00:00,524.46,524.46,524.46,524.46,0,pre-market,False
2026-07-31T09:55:00+00:00,524.46,524.46,524.46,524.46,0,pre-market,False
2026-07-31T09:56:00+00:00,524.46,524.46,524.46,524.46,0,pre-market,False
2026-07-31T09:57:00+00:00,524.46,524.46,524.46,524.46,0,pre-market,False
2026-07-31T09:58:00+00:00,524.46,524.46,524.46,524.46,0,pre-market,False
2026-07-31T09:59:00+00:00,524.35,524.35,524.35,524.35,1670,pre-market,False
2026-07-31T10:00:00+00:00,524.35,524.35,524.35,524.35,0,pre-market,False
2026-07-31T10:01:00+00:00,524.35,524.35,524.35,524.35,0,pre-market,False
2026-07-31T10:02:00+00:00,524.35,524.35,524.35,524.35,0,pre-market,False
2026-07-31T10:03:00+00:00,524.35,524.35,524.35,524.35,0,pre-market,False
2026-07-31T10:04:00+00:00,524.35,524.35,524.35,524.35,0,pre-market,False
2026-07-31T10:05:00+00:00,524.35,524.35,524.35,524.35,0,pre-market,False
2026-07-31T10:06:00+00:00,524.35,524.35,524.35,524.35,0,pre-market,False
2026-07-31T10:07:00+00:00,524.35,524.35,524.35,524.35,0,pre-market,False
2026-07-31T10:08:00+00:00,524.35,524.35,524.35,524.35,0,pre-market,False
2026-07-31T10:09:00+00:00,524.35,524.35,524.35,524.35,0,pre-market,False
2026-07-31T10:10:00+00:00,524.35,524.35,524.35,524.35,0,pre-market,False
2026-07-31T10:11:00+00:00,524.35,524.35,524.35,524.35,0,pre-market,False
2026-07-31T10:12:00+00:00,524.28,524.28,524.28,524.28,2490,pre-market,False
2026-07-31T10:13:00+00:00,524.28,524.28,524.28,524.28,0,pre-market,False
2026-07-31T10:14:00+00:00,524.28,524.28,524.28,524.28,0,pre-market,False
2026-07-31T10:15:00+00:00,524.38,524.49,524.38,524.49,902,pre-market,False
2026-07-31T10:16:00+00:00,524.49,524.49,524.49,524.49,0,pre-market,False
2026-07-31T10:17:00+00:00,524.49,524.49,524.49,524.49,0,pre-market,False
2026-07-31T10:18:00+00:00,524.49,524.49,524.49,524.49,0,pre-market,False
2026-07-31T10:19:00+00:00,524.49,524.49,524.49,524.49,0,pre-market,False
2026-07-31T10:20:00+00:00,524.49,524.49,524.49,524.49,0,pre-market,False
2026-07-31T10:21:00+00:00,524.49,524.49,524.49,524.49,0,pre-market,False
2026-07-31T10:22:00+00:00,524.49,524.49,524.49,524.49,0,pre-market,False
2026-07-31T10:23:00+00:00,524.88,524.88,524.88,524.88,400,pre-market,False
2026-07-31T10:24:00+00:00,524.88,524.88,524.88,524.88,0,pre-market,False
2026-07-31T10:25:00+00:00,524.88,524.88,524.88,524.88,0,pre-market,False
2026-07-31T10:26:00+00:00,524.88,524.88,524.88,524.88,0,pre-market,False
2026-07-31T10:27:00+00:00,524.88,524.88,524.88,524.88,0,pre-market,False
2026-07-31T10:28:00+00:00,524.88,524.88,524.88,524.88,0,pre-market,False
2026-07-31T10:29:00+00:00,524.88,524.88,524.88,524.88,0,pre-market,False
2026-07-31T10:30:00+00:00,524.68,524.83,524.66,524.83,1468,pre-market,False
2026-07-31T10:31:00+00:00,524.94,525.0,524.94,525.0,187,pre-market,False
2026-07-31T10:32:00+00:00,524.91,524.92,524.91,524.92,495,pre-market,False
2026-07-31T10:33:00+00:00,524.92,524.92,524.92,524.92,0,pre-market,False
2026-07-31T10:34:00+00:00,524.92,524.92,524.92,524.92,0,pre-market,False
2026-07-31T10:35:00+00:00,524.92,524.92,524.92,524.92,0,pre-market,False
2026-07-31T10:36:00+00:00,524.92,524.92,524.92,524.92,0,pre-market,False
2026-07-31T10:37:00+00:00,524.92,524.92,524.92,524.92,0,pre-market,False
2026-07-31T10:38:00+00:00,524.92,524.92,524.92,524.92,0,pre-market,False
2026-07-31T10:39:00+00:00,524.92,524.92,524.92,524.92,0,pre-market,False
2026-07-31T10:40:00+00:00,524.92,524.92,524.92,524.92,0,pre-market,False
2026-07-31T10:41:00+00:00,524.92,524.92,524.92,524.92,0,pre-market,False
2026-07-31T10:42:00+00:00,524.92,524.92,524.92,524.92,0,pre-market,False
2026-07-31T10:43:00+00:00,524.92,524.92,524.92,524.92,0,pre-market,False
2026-07-31T10:44:00+00:00,524.92,524.92,524.92,524.92,0,pre-market,False
2026-07-31T10:45:00+00:00,524.92,524.92,524.92,524.92,0,pre-market,False
2026-07-31T10:46:00+00:00,524.92,524.92,524.92,524.92,0,pre-market,False
2026-07-31T10:47:00+00:00,524.92,524.92,524.92,524.92,0,pre-market,False
2026-07-31T10:48:00+00:00,524.92,524.92,524.92,524.92,0,pre-market,False
2026-07-31T10:49:00+00:00,524.92,524.92,524.92,524.92,0,pre-market,False
2026-07-31T10:50:00+00:00,524.92,524.92,524.92,524.92,0,pre-market,False
2026-07-31T10:51:00+00:00,524.92,524.92,524.92,524.92,0,pre-market,False
2026-07-31T10:52:00+00:00,524.92,524.92,524.92,524.92,0,pre-market,False
2026-07-31T10:53:00+00:00,524.92,524.92,524.92,524.92,0,pre-market,False
2026-07-31T10:54:00+00:00,524.92,524.92,524.92,524.92,0,pre-market,False
2026-07-31T10:55:00+00:00,525.36,525.36,525.2,525.2,180,pre-market,False
2026-07-31T10:56:00+00:00,525.2,525.2,525.2,525.2,0,pre-market,False
2026-07-31T10:57:00+00:00,525.2,525.2,525.2,525.2,0,pre-market,False
2026-07-31T10:58:00+00:00,525.2,525.2,525.2,525.2,0,pre-market,False
2026-07-31T10:59:00+00:00,525.2,525.2,525.2,525.2,0,pre-market,False
2026-07-31T11:00:00+00:00,525.18,525.2,525.0,525.0,1372,pre-market,False
2026-07-31T11:01:00+00:00,525.18,525.18,525.02,525.02,200,pre-market,False
2026-07-31T11:02:00+00:00,525.02,525.02,525.02,525.02,0,pre-market,False
2026-07-31T11:03:00+00:00,525.02,525.02,525.02,525.02,0,pre-market,False
2026-07-31T11:04:00+00:00,524.99,524.99,524.99,524.99,400,pre-market,False
2026-07-31T11:05:00+00:00,524.99,524.99,524.99,524.99,0,pre-market,False
2026-07-31T11:06:00+00:00,524.99,524.99,524.99,524.99,0,pre-market,False
2026-07-31T11:07:00+00:00,524.99,524.99,524.99,524.99,0,pre-market,False
2026-07-31T11:08:00+00:00,524.97,524.98,524.96,524.98,534,pre-market,False
2026-07-31T11:09:00+00:00,524.98,524.98,524.98,524.98,0,pre-market,False
2026-07-31T11:10:00+00:00,524.98,524.98,524.98,524.98,0,pre-market,False
2026-07-31T11:11:00+00:00,524.98,524.98,524.98,524.98,0,pre-market,False
2026-07-31T11:12:00+00:00,524.98,524.98,524.98,524.98,0,pre-market,False
2026-07-31T11:13:00+00:00,524.84,524.84,524.84,524.84,54,pre-market,False
2026-07-31T11:14:00+00:00,524.84,524.84,524.84,524.84,0,pre-market,False
2026-07-31T11:15:00+00:00,524.56,524.56,524.54,524.54,450,pre-market,False
2026-07-31T11:16:00+00:00,524.54,524.54,524.54,524.54,0,pre-market,False
2026-07-31T11:17:00+00:00,524.54,524.54,524.54,524.54,0,pre-market,False
2026-07-31T11:18:00+00:00,524.54,524.54,524.54,524.54,0,pre-market,False
2026-07-31T11:19:00+00:00,524.54,524.54,524.54,524.54,0,pre-market,False
2026-07-31T11:20:00+00:00,524.54,524.54,524.54,524.54,0,pre-market,False
2026-07-31T11:21:00+00:00,524.54,524.54,524.54,524.54,0,pre-market,False
2026-07-31T11:22:00+00:00,524.54,524.54,524.54,524.54,0,pre-market,False
2026-07-31T11:23:00+00:00,524.53,524.55,524.5,524.55,1640,pre-market,False
2026-07-31T11:24:00+00:00,524.55,524.55,524.55,524.55,0,pre-market,False
2026-07-31T11:25:00+00:00,524.55,524.55,524.55,524.55,0,pre-market,False
2026-07-31T11:26:00+00:00,524.55,524.55,524.55,524.55,0,pre-market,False
2026-07-31T11:27:00+00:00,524.55,524.55,524.55,524.55,0,pre-market,False
2026-07-31T11:28:00+00:00,524.45,524.45,524.44,524.44,561,pre-market,False
2026-07-31T11:29:00+00:00,524.44,524.44,524.44,524.44,0,pre-market,False
2026-07-31T11:30:00+00:00,524.44,524.44,524.44,524.44,0,pre-market,False
2026-07-31T11:31:00+00:00,524.44,524.44,524.44,524.44,0,pre-market,False
2026-07-31T11:32:00+00:00,524.44,524.44,524.44,524.44,0,pre-market,False
2026-07-31T11:33:00+00:00,524.13,524.15,524.13,524.15,350,pre-market,False
2026-07-31T11:34:00+00:00,524.22,524.22,524.19,524.19,725,pre-market,False
2026-07-31T11:35:00+00:00,524.12,524.12,524.12,524.12,440,pre-market,False
2026-07-31T11:36:00+00:00,524.12,524.12,524.12,524.12,0,pre-market,False
2026-07-31T11:37:00+00:00,524.12,524.12,524.12,524.12,0,pre-market,False
2026-07-31T11:38:00+00:00,524.12,524.12,524.12,524.12,0,pre-market,False
2026-07-31T11:39:00+00:00,524.12,524.12,524.12,524.12,0,pre-market,False
2026-07-31T11:40:00+00:00,524.12,524.12,524.12,524.12,0,pre-market,False
2026-07-31T11:41:00+00:00,524.12,524.12,524.12,524.12,0,pre-market,False
2026-07-31T11:42:00+00:00,524.12,524.12,524.12,524.12,0,pre-market,False
2026-07-31T11:43:00+00:00,524.12,524.12,524.12,524.12,0,pre-market,False
2026-07-31T11:44:00+00:00,524.12,524.12,524.12,524.12,0,pre-market,False
2026-07-31T11:45:00+00:00,524.12,524.12,524.12,524.12,0,pre-market,False
2026-07-31T11:46:00+00:00,524.12,524.12,524.12,524.12,0,pre-market,False
2026-07-31T11:47:00+00:00,524.12,524.12,524.12,524.12,0,pre-market,False
2026-07-31T11:48:00+00:00,524.12,524.12,524.12,524.12,0,pre-market,False
2026-07-31T11:49:00+00:00,524.12,524.12,524.12,524.12,0,pre-market,False
2026-07-31T11:50:00+00:00,524.42,524.42,524.42,524.42,55,pre-market,False
2026-07-31T11:51:00+00:00,524.42,524.42,524.42,524.42,0,pre-market,False
2026-07-31T11:52:00+00:00,524.42,524.42,524.42,524.42,0,pre-market,False
2026-07-31T11:53:00+00:00,524.42,524.42,524.42,524.42,0,pre-market,False
2026-07-31T11:54:00+00:00,524.42,524.42,524.42,524.42,0,pre-market,False
2026-07-31T11:55:00+00:00,524.42,524.42,524.42,524.42,0,pre-market,False
2026-07-31T11:56:00+00:00,524.42,524.42,524.42,524.42,0,pre-market,False
2026-07-31T11:57:00+00:00,524.42,524.42,524.42,524.42,0,pre-market,False
2026-07-31T11:58:00+00:00,524.62,524.62,524.62,524.62,372,pre-market,False
2026-07-31T11:59:00+00:00,524.62,524.62,524.62,524.62,0,pre-market,False
2026-07-31T12:00:00+00:00,524.62,524.62,524.62,524.62,0,pre-market,False
2026-07-31T12:01:00+00:00,524.62,524.62,524.62,524.62,0,pre-market,False
2026-07-31T12:02:00+00:00,524.62,524.62,524.62,524.62,0,pre-market,False
2026-07-31T12:03:00+00:00,524.29,524.31,524.29,524.3,736,pre-market,False
2026-07-31T12:04:00+00:00,524.3,524.3,524.3,524.3,0,pre-market,False
2026-07-31T12:05:00+00:00,524.3,524.3,524.3,524.3,0,pre-market,False
2026-07-31T12:06:00+00:00,524.3,524.3,524.3,524.3,0,pre-market,False
2026-07-31T12:07:00+00:00,524.3,524.3,524.3,524.3,0,pre-market,False
2026-07-31T12:08:00+00:00,524.3,524.3,524.3,524.3,0,pre-market,False
2026-07-31T12:09:00+00:00,524.3,524.3,524.3,524.3,0,pre-market,False
2026-07-31T12:10:00+00:00,524.3,524.3,524.3,524.3,0,pre-market,False
2026-07-31T12:11:00+00:00,524.3,524.3,524.3,524.3,0,pre-market,False
2026-07-31T12:12:00+00:00,524.19,524.19,524.19,524.19,41,pre-market,False
2026-07-31T12:13:00+00:00,524.22,524.22,524.21,524.22,40,pre-market,False
2026-07-31T12:14:00+00:00,524.19,524.19,524.18,524.18,200,pre-market,False
2026-07-31T12:15:00+00:00,524.21,524.21,524.21,524.21,700,pre-market,False
2026-07-31T12:16:00+00:00,524.2,524.2,524.2,524.2,60,pre-market,False
2026-07-31T12:17:00+00:00,524.2,524.2,524.2,524.2,0,pre-market,False
2026-07-31T12:18:00+00:00,524.2,524.2,524.2,524.2,0,pre-market,False
2026-07-31T12:19:00+00:00,524.2,524.2,524.2,524.2,0,pre-market,False
2026-07-31T12:20:00+00:00,524.2,524.2,524.2,524.2,0,pre-market,False
2026-07-31T12:21:00+00:00,524.2,524.2,524.2,524.2,0,pre-market,False
2026-07-31T12:22:00+00:00,524.2,524.2,524.2,524.2,0,pre-market,False
2026-07-31T12:23:00+00:00,524.08,524.08,524.08,524.08,2230,pre-market,False
2026-07-31T12:24:00+00:00,524.17,524.28,524.17,524.28,3059,pre-market,False
2026-07-31T12:25:00+00:00,524.28,524.28,524.28,524.28,0,pre-market,False
2026-07-31T12:26:00+00:00,524.33,524.33,524.24,524.25,2794,pre-market,False
2026-07-31T12:27:00+00:00,524.25,524.25,524.25,524.25,0,pre-market,False
2026-07-31T12:28:00+00:00,524.25,524.25,524.25,524.25,0,pre-market,False
2026-07-31T12:29:00+00:00,524.25,524.25,524.25,524.25,0,pre-market,False
2026-07-31T12:30:00+00:00,524.25,524.25,524.25,524.25,0,pre-market,False
2026-07-31T12:31:00+00:00,524.21,524.21,524.21,524.21,40,pre-market,False
2026-07-31T12:32:00+00:00,524.21,524.21,524.21,524.21,0,pre-market,False
2026-07-31T12:33:00+00:00,524.21,524.21,524.21,524.21,0,pre-market,False
2026-07-31T12:34:00+00:00,524.21,524.21,524.21,524.21,0,pre-market,False
2026-07-31T12:35:00+00:00,523.63,523.63,523.46,523.46,1096,pre-market,False
2026-07-31T12:36:00+00:00,523.5,523.51,523.49,523.49,1163,pre-market,False
2026-07-31T12:37:00+00:00,523.49,523.49,523.49,523.49,0,pre-market,False
2026-07-31T12:38:00+00:00,523.45,523.47,523.44,523.44,912,pre-market,False
2026-07-31T12:39:00+00:00,523.39,523.39,523.36,523.36,373,pre-market,False
2026-07-31T12:40:00+00:00,523.5,523.51,523.5,523.51,250,pre-market,False
2026-07-31T12:41:00+00:00,523.51,523.51,523.51,523.51,0,pre-market,False
2026-07-31T12:42:00+00:00,523.51,523.51,523.51,523.51,0,pre-market,False
2026-07-31T12:43:00+00:00,523.39,523.39,523.32,523.32,1278,pre-market,False
2026-07-31T12:44:00+00:00,523.32,523.32,523.32,523.32,0,pre-market,False
2026-07-31T12:45:00+00:00,523.51,523.51,523.51,523.51,40,pre-market,False
2026-07-31T12:46:00+00:00,523.51,523.51,523.51,523.51,0,pre-market,False
2026-07-31T12:47:00+00:00,523.51,523.51,523.51,523.51,0,pre-market,False
2026-07-31T12:48:00+00:00,523.51,523.51,523.51,523.51,0,pre-market,False
2026-07-31T12:49:00+00:00,523.41,523.41,523.41,523.41,95,pre-market,False
2026-07-31T12:50:00+00:00,523.41,523.41,523.41,523.41,0,pre-market,False
2026-07-31T12:51:00+00:00,523.41,523.41,523.41,523.41,0,pre-market,False
2026-07-31T12:52:00+00:00,523.58,523.62,523.57,523.62,1988,pre-market,False
2026-07-31T12:53:00+00:00,523.62,523.62,523.62,523.62,0,pre-market,False
2026-07-31T12:54:00+00:00,523.62,523.62,523.62,523.62,0,pre-market,False
2026-07-31T12:55:00+00:00,523.62,523.62,523.62,523.62,0,pre-market,False
2026-07-31T12:56:00+00:00,523.62,523.62,523.62,523.62,0,pre-market,False
2026-07-31T12:57:00+00:00,523.62,523.62,523.62,523.62,0,pre-market,False
2026-07-31T12:58:00+00:00,523.3,523.31,523.3,523.31,500,pre-market,False
2026-07-31T12:59:00+00:00,523.41,523.42,523.41,523.42,1475,pre-market,False
2026-07-31T13:00:00+00:00,523.42,523.42,523.42,523.42,0,pre-market,False
2026-07-31T13:01:00+00:00,523.49,523.49,523.49,523.49,500,pre-market,False
2026-07-31T13:02:00+00:00,523.64,523.64,523.64,523.64,40,pre-market,False
2026-07-31T13:03:00+00:00,523.64,523.64,523.64,523.64,0,pre-market,False
2026-07-31T13:04:00+00:00,523.64,523.64,523.64,523.64,0,pre-market,False
2026-07-31T13:05:00+00:00,523.51,523.62,523.48,523.62,1430,pre-market,False
2026-07-31T13:06:00+00:00,523.62,523.62,523.62,523.62,0,pre-market,False
2026-07-31T13:07:00+00:00,523.62,523.62,523.62,523.62,0,pre-market,False
2026-07-31T13:08:00+00:00,523.5,523.5,523.49,523.49,125,pre-market,False
2026-07-31T13:09:00+00:00,523.71,523.71,523.7,523.7,1043,pre-market,False
2026-07-31T13:10:00+00:00,523.7,523.7,523.7,523.7,0,pre-market,False
2026-07-31T13:11:00+00:00,523.7,523.7,523.7,523.7,0,pre-market,False
2026-07-31T13:12:00+00:00,523.7,523.7,523.7,523.7,0,pre-market,False
2026-07-31T13:13:00+00:00,523.7,523.7,523.7,523.7,0,pre-market,False
2026-07-31T13:14:00+00:00,523.7,523.7,523.7,523.7,0,pre-market,False
2026-07-31T13:15:00+00:00,523.7,523.7,523.7,523.7,0,pre-market,False
2026-07-31T13:16:00+00:00,523.7,523.7,523.7,523.7,0,pre-market,False
2026-07-31T13:17:00+00:00,523.7,523.7,523.7,523.7,0,pre-market,False
2026-07-31T13:18:00+00:00,523.7,523.7,523.7,523.7,0,pre-market,False
2026-07-31T13:19:00+00:00,523.81,523.81,523.81,523.81,40,pre-market,False
2026-07-31T13:20:00+00:00,523.91,523.91,523.91,523.91,700,pre-market,False
2026-07-31T13:21:00+00:00,523.91,523.91,523.91,523.91,0,pre-market,False
2026-07-31T13:22:00+00:00,524.06,524.19,524.06,524.19,750,pre-market,False
2026-07-31T13:23:00+00:00,524.19,524.19,524.15,524.19,2714,pre-market,False
2026-07-31T13:24:00+00:00,524.25,524.37,524.24,524.37,1017,pre-market,False
2026-07-31T13:25:00+00:00,524.32,524.32,524.31,524.31,250,pre-market,False
2026-07-31T13:26:00+00:00,524.19,524.19,524.19,524.19,48,pre-market,False
2026-07-31T13:27:00+00:00,524.12,524.13,524.01,524.01,3328,pre-market,False
2026-07-31T13:28:00+00:00,524.1,524.14,524.1,524.14,1207,pre-market,False
2026-07-31T13:29:00+00:00,523.77,523.77,523.77,523.77,160,pre-market,False
2026-07-31T13:30:00+00:00,524.08,524.41,523.43,523.53,78619,regular,False
2026-07-31T13:31:00+00:00,523.5,523.71,523.22,523.62,17330,regular,False
2026-07-31T13:32:00+00:00,523.7,523.77,523.37,523.49,12653,regular,False
2026-07-31T13:33:00+00:00,523.46,523.51,523.22,523.34,7773,regular,False
2026-07-31T13:34:00+00:00,523.38,523.71,523.38,523.5,12792,regular,False
2026-07-31T13:35:00+00:00,523.36,523.39,523.19,523.26,6676,regular,False
2026-07-31T13:36:00+00:00,523.24,523.54,523.12,523.47,12668,regular,False
2026-07-31T13:37:00+00:00,523.55,523.62,523.24,523.44,5678,regular,False
2026-07-31T13:38:00+00:00,523.42,523.54,523.2,523.44,6163,regular,False
2026-07-31T13:39:00+00:00,523.43,523.43,522.67,522.67,5034,regular,False
2026-07-31T13:40:00+00:00,522.61,522.66,522.13,522.13,14992,regular,False
2026-07-31T13:41:00+00:00,522.14,522.46,522.14,522.39,7039,regular,False
2026-07-31T13:42:00+00:00,522.46,522.69,522.23,522.69,8471,regular,False
2026-07-31T13:43:00+00:00,522.68,523.09,522.58,523.03,18214,regular,False
2026-07-31T13:44:00+00:00,522.99,523.09,522.86,522.87,12670,regular,False
2026-07-31T13:46:00+00:00,522.39,522.62,522.28,522.45,12449,regular,False
2026-07-31T13:47:00+00:00,522.44,522.49,522.3,522.43,62522,regular,False
2026-07-31T13:48:00+00:00,522.42,522.45,522.16,522.29,26930,regular,False
2026-07-31T13:49:00+00:00,522.31,522.36,521.75,521.77,72273,regular,False
2026-07-31T13:50:00+00:00,521.75,521.79,521.46,521.57,24505,regular,False
2026-07-31T13:51:00+00:00,521.56,521.98,521.56,521.9,16001,regular,False
2026-07-31T13:52:00+00:00,521.87,521.87,521.54,521.72,8117,regular,False
2026-07-31T13:53:00+00:00,521.76,521.83,521.54,521.82,21005,regular,False
2026-07-31T13:54:00+00:00,521.84,521.88,521.56,521.68,32233,regular,False
2026-07-31T13:56:00+00:00,521.64,521.98,521.51,521.98,22754,regular,False
2026-07-31T13:57:00+00:00,521.93,521.93,521.7,521.75,8054,regular,False
2026-07-31T13:58:00+00:00,521.73,521.9,521.64,521.64,8532,regular,False
2026-07-31T13:59:00+00:00,521.63,521.72,521.37,521.43,18370,regular,False
2026-07-31T14:00:00+00:00,521.43,521.54,521.28,521.39,10295,regular,False
2026-07-31T14:01:00+00:00,521.41,521.45,521.04,521.17,10630,regular,False
2026-07-31T14:02:00+00:00,521.09,521.12,520.73,520.92,20496,regular,False
2026-07-31T14:03:00+00:00,520.92,521.01,520.75,520.95,5333,regular,False
2026-07-31T14:04:00+00:00,520.97,520.97,520.57,520.62,29729,regular,False
2026-07-31T14:05:00+00:00,520.62,520.73,520.54,520.69,20859,regular,False
2026-07-31T14:06:00+00:00,520.69,520.81,520.32,520.32,12360,regular,False
2026-07-31T14:07:00+00:00,520.34,520.34,519.83,520.01,23859,regular,False
2026-07-31T14:08:00+00:00,520.01,520.03,519.52,519.74,23319,regular,False
2026-07-31T14:09:00+00:00,519.78,520.09,519.56,520.08,12731,regular,False
2026-07-31T14:10:00+00:00,520.06,520.14,519.48,519.53,14818,regular,False
2026-07-31T14:11:00+00:00,519.51,519.69,519.5,519.67,5658,regular,False
2026-07-31T14:12:00+00:00,519.69,519.84,519.46,519.46,11933,regular,False
2026-07-31T14:13:00+00:00,519.47,519.64,519.41,519.62,7502,regular,False
2026-07-31T14:14:00+00:00,519.6,519.8,519.53,519.79,5347,regular,False
2026-07-31T14:15:00+00:00,519.76,519.99,519.53,519.66,16059,regular,False
2026-07-31T14:16:00+00:00,519.49,519.63,519.25,519.55,28200,regular,False
2026-07-31T14:17:00+00:00,519.56,520.01,519.56,519.82,8622,regular,False
2026-07-31T14:18:00+00:00,519.81,520.08,519.8,520.05,3861,regular,False
2026-07-31T14:19:00+00:00,520.0,520.08,519.37,519.43,13750,regular,False
2026-07-31T14:20:00+00:00,519.38,519.77,519.38,519.65,4950,regular,False
2026-07-31T14:21:00+00:00,519.68,519.98,519.65,519.97,3295,regular,False
2026-07-31T14:22:00+00:00,520.07,520.33,519.97,520.33,1896,regular,False
2026-07-31T14:23:00+00:00,520.46,520.48,520.35,520.39,2438,regular,False
2026-07-31T14:24:00+00:00,520.46,520.46,520.11,520.28,2889,regular,False
2026-07-31T14:25:00+00:00,520.3,520.57,520.29,520.54,2330,regular,False
2026-07-31T14:26:00+00:00,520.62,520.8,520.53,520.74,6800,regular,False
2026-07-31T14:27:00+00:00,520.73,520.96,520.6,520.96,14689,regular,False
2026-07-31T14:28:00+00:00,520.99,521.05,520.81,521.05,12086,regular,False
2026-07-31T14:29:00+00:00,521.02,521.06,520.8,521.03,2668,regular,False
2026-07-31T14:30:00+00:00,521.08,521.09,520.7,520.81,6250,regular,False
2026-07-31T14:31:00+00:00,520.75,521.17,520.75,521.09,8392,regular,False
2026-07-31T14:32:00+00:00,521.07,521.19,520.97,521.19,3616,regular,False
2026-07-31T14:33:00+00:00,521.25,521.28,520.98,521.08,4740,regular,False
2026-07-31T14:34:00+00:00,521.06,521.18,520.88,520.94,9024,regular,False
2026-07-31T14:35:00+00:00,520.93,521.19,520.86,521.19,4926,regular,False
2026-07-31T14:36:00+00:00,521.22,521.23,520.98,521.08,3944,regular,False
2026-07-31T14:37:00+00:00,521.09,521.26,521.08,521.08,10892,regular,False
2026-07-31T14:38:00+00:00,521.17,521.2,521.08,521.15,1916,regular,False
2026-07-31T14:39:00+00:00,521.08,521.26,521.08,521.25,2167,regular,False
2026-07-31T14:40:00+00:00,521.27,521.47,521.26,521.47,49433,regular,False
2026-07-31T14:41:00+00:00,521.45,521.58,521.29,521.31,3114,regular,False
2026-07-31T14:42:00+00:00,521.2,521.22,521.08,521.17,7069,regular,False
2026-07-31T14:43:00+00:00,521.13,521.27,521.0,521.27,2401,regular,False
2026-07-31T14:44:00+00:00,521.24,521.51,521.23,521.48,3675,regular,False
2026-07-31T14:45:00+00:00,521.49,521.85,521.4,521.67,19566,regular,False
2026-07-31T14:46:00+00:00,521.69,521.9,521.69,521.73,6668,regular,False
2026-07-31T14:47:00+00:00,521.69,521.71,521.52,521.52,4003,regular,False
2026-07-31T14:48:00+00:00,521.52,521.61,521.51,521.59,974,regular,False
2026-07-31T14:49:00+00:00,521.6,521.74,521.55,521.7,1090,regular,False
2026-07-31T14:50:00+00:00,521.7,521.84,521.65,521.74,3615,regular,False
2026-07-31T14:51:00+00:00,521.8,522.13,521.79,522.11,7162,regular,False
2026-07-31T14:52:00+00:00,522.08,522.29,522.03,522.29,49737,regular,False
2026-07-31T14:53:00+00:00,522.24,522.32,522.18,522.29,4004,regular,False
2026-07-31T14:54:00+00:00,522.3,522.3,521.8,521.9,8181,regular,False
2026-07-31T14:55:00+00:00,521.87,521.92,521.76,521.78,3087,regular,False
2026-07-31T14:56:00+00:00,521.71,522.13,521.67,522.08,3698,regular,False
2026-07-31T14:57:00+00:00,522.16,522.29,522.07,522.1,20896,regular,False
2026-07-31T14:58:00+00:00,522.07,522.35,521.92,522.33,11881,regular,False
2026-07-31T14:59:00+00:00,522.28,522.33,522.08,522.32,13130,regular,False
2026-07-31T15:00:00+00:00,522.29,522.34,522.09,522.09,4495,regular,False
2026-07-31T15:01:00+00:00,522.08,522.08,521.97,521.98,3909,regular,False
2026-07-31T15:02:00+00:00,521.97,522.08,521.89,522.07,46807,regular,False
2026-07-31T15:03:00+00:00,522.02,522.18,521.89,521.89,1584,regular,False
2026-07-31T15:04:00+00:00,522.09,522.36,522.01,522.31,2913,regular,False
2026-07-31T15:05:00+00:00,522.34,522.53,522.34,522.42,6488,regular,False
2026-07-31T15:06:00+00:00,522.41,522.52,522.28,522.28,3342,regular,False
2026-07-31T15:07:00+00:00,522.21,522.24,522.0,522.23,2010,regular,False
2026-07-31T15:08:00+00:00,522.21,522.24,521.96,521.98,3267,regular,False
2026-07-31T15:09:00+00:00,522.03,522.03,521.77,522.03,3267,regular,False
2026-07-31T15:10:00+00:00,522.03,522.25,521.92,522.24,1689,regular,False
2026-07-31T15:11:00+00:00,522.24,522.26,521.97,522.08,4576,regular,False
2026-07-31T15:12:00+00:00,522.02,522.38,521.99,522.38,3816,regular,False
2026-07-31T15:13:00+00:00,522.32,522.65,522.26,522.65,7318,regular,False
2026-07-31T15:14:00+00:00,522.65,522.71,522.6,522.63,1197,regular,False
2026-07-31T15:15:00+00:00,522.57,522.95,522.5,522.57,39133,regular,False
2026-07-31T15:16:00+00:00,522.56,522.6,522.34,522.42,3008,regular,False
2026-07-31T15:17:00+00:00,522.41,522.41,522.15,522.16,734,regular,False
2026-07-31T15:18:00+00:00,522.13,522.32,522.13,522.25,2079,regular,False
2026-07-31T15:19:00+00:00,522.27,522.34,522.18,522.33,3011,regular,False
2026-07-31T15:20:00+00:00,522.29,522.47,522.2,522.26,1510,regular,False
2026-07-31T15:21:00+00:00,522.27,522.31,522.2,522.29,2287,regular,False
2026-07-31T15:22:00+00:00,522.23,522.32,522.06,522.09,4207,regular,False
2026-07-31T15:23:00+00:00,522.13,522.2,522.04,522.11,3815,regular,False
2026-07-31T15:24:00+00:00,522.05,522.07,521.93,521.97,940,regular,False
2026-07-31T15:25:00+00:00,521.95,522.14,521.95,522.05,6414,regular,False
2026-07-31T15:26:00+00:00,522.08,522.1,521.85,521.87,2025,regular,False
2026-07-31T15:27:00+00:00,521.8,521.96,521.8,521.85,1365,regular,False
2026-07-31T15:28:00+00:00,521.89,522.0,521.84,521.92,2722,regular,False
2026-07-31T15:29:00+00:00,521.94,521.99,521.69,521.82,2507,regular,False
2026-07-31T15:30:00+00:00,521.79,521.91,521.63,521.67,4621,regular,False
2026-07-31T15:31:00+00:00,521.7,521.95,521.68,521.83,3693,regular,False
2026-07-31T15:32:00+00:00,521.71,521.76,521.69,521.71,1140,regular,False
2026-07-31T15:33:00+00:00,521.74,521.89,521.64,521.85,8734,regular,False
2026-07-31T15:34:00+00:00,521.82,522.03,521.55,521.97,3837,regular,False
2026-07-31T15:35:00+00:00,521.98,522.28,521.95,522.18,5247,regular,False
2026-07-31T15:36:00+00:00,522.2,522.47,522.2,522.43,1697,regular,False
2026-07-31T15:37:00+00:00,522.5,522.69,522.49,522.67,5974,regular,False
2026-07-31T15:38:00+00:00,522.7,522.89,522.7,522.81,2192,regular,False
2026-07-31T15:39:00+00:00,522.79,522.86,522.76,522.76,2089,regular,False
2026-07-31T15:40:00+00:00,522.78,522.98,522.78,522.96,3384,regular,False
2026-07-31T15:41:00+00:00,522.78,522.8,522.44,522.47,2182,regular,False
2026-07-31T15:42:00+00:00,522.34,522.39,522.27,522.28,48697,regular,False
2026-07-31T15:43:00+00:00,522.33,522.46,522.29,522.43,2444,regular,False
2026-07-31T15:44:00+00:00,522.41,522.64,522.41,522.64,2302,regular,False
2026-07-31T15:45:00+00:00,522.66,522.71,522.42,522.59,3101,regular,False
2026-07-31T15:46:00+00:00,522.59,522.71,522.59,522.71,471,regular,False
2026-07-31T15:47:00+00:00,522.72,522.8,522.42,522.47,5262,regular,False
2026-07-31T15:48:00+00:00,522.48,522.49,522.32,522.46,47246,regular,False
2026-07-31T15:49:00+00:00,522.52,522.52,522.33,522.36,1851,regular,False
2026-07-31T15:50:00+00:00,522.46,522.69,522.4,522.62,2099,regular,False
2026-07-31T15:51:00+00:00,522.6,522.98,522.59,522.98,2043,regular,False
2026-07-31T15:52:00+00:00,522.94,523.22,522.78,523.21,4565,regular,False
2026-07-31T15:53:00+00:00,523.19,523.21,522.97,523.01,6235,regular,False
2026-07-31T15:54:00+00:00,522.98,523.04,522.95,523.0,1789,regular,False
2026-07-31T15:55:00+00:00,522.94,523.01,522.9,522.94,3262,regular,False
2026-07-31T15:56:00+00:00,522.99,523.1,522.96,522.97,5907,regular,False
2026-07-31T15:57:00+00:00,523.11,523.24,523.1,523.24,2520,regular,False
2026-07-31T15:58:00+00:00,523.27,523.42,523.27,523.32,1853,regular,False
2026-07-31T15:59:00+00:00,523.35,523.41,523.13,523.31,44776,regular,False
2026-07-31T16:00:00+00:00,523.29,523.41,523.26,523.4,4731,regular,False
2026-07-31T16:01:00+00:00,523.42,523.45,523.28,523.3,3694,regular,False
2026-07-31T16:02:00+00:00,523.28,523.35,523.1,523.17,49379,regular,False
2026-07-31T16:03:00+00:00,523.16,523.22,523.1,523.21,3643,regular,False
2026-07-31T16:04:00+00:00,523.21,523.39,523.17,523.32,3002,regular,False
2026-07-31T16:05:00+00:00,523.3,523.4,523.12,523.12,5554,regular,False
2026-07-31T16:06:00+00:00,523.12,523.18,523.0,523.08,6047,regular,False
2026-07-31T16:07:00+00:00,523.05,523.08,522.86,522.9,55128,regular,False
2026-07-31T16:08:00+00:00,522.9,523.14,522.89,523.14,6906,regular,False
2026-07-31T16:09:00+00:00,523.15,523.15,523.08,523.09,2370,regular,False
2026-07-31T16:10:00+00:00,523.08,523.24,523.08,523.22,1696,regular,False
2026-07-31T16:11:00+00:00,523.31,523.53,523.25,523.5,16814,regular,False
2026-07-31T16:12:00+00:00,523.5,523.51,523.35,523.44,3047,regular,False
2026-07-31T16:13:00+00:00,523.44,523.6,523.43,523.59,5567,regular,False
2026-07-31T16:14:00+00:00,523.59,523.59,523.42,523.5,3606,regular,False
2026-07-31T16:15:00+00:00,523.46,523.49,523.07,523.14,45584,regular,False
2026-07-31T16:16:00+00:00,523.15,523.27,523.08,523.27,19290,regular,False
2026-07-31T16:17:00+00:00,523.23,523.35,523.16,523.35,3102,regular,False
2026-07-31T16:18:00+00:00,523.33,523.33,523.24,523.32,2435,regular,False
2026-07-31T16:19:00+00:00,523.37,523.37,523.25,523.35,2633,regular,False
2026-07-31T16:20:00+00:00,523.33,523.54,523.33,523.53,1621,regular,False
2026-07-31T16:21:00+00:00,523.53,523.68,523.53,523.67,2110,regular,False
2026-07-31T16:22:00+00:00,523.64,523.67,523.58,523.63,5719,regular,False
2026-07-31T16:23:00+00:00,523.66,523.77,523.66,523.77,3133,regular,False
2026-07-31T16:24:00+00:00,523.77,523.94,523.76,523.85,2353,regular,False
2026-07-31T16:25:00+00:00,523.85,523.85,523.6,523.6,1833,regular,False
2026-07-31T16:26:00+00:00,523.65,523.65,523.5,523.55,44224,regular,False
2026-07-31T16:27:00+00:00,523.64,523.64,523.49,523.49,3249,regular,False
2026-07-31T16:28:00+00:00,523.38,523.48,523.38,523.44,1930,regular,False
2026-07-31T16:29:00+00:00,523.48,523.68,523.48,523.64,1200,regular,False
2026-07-31T16:30:00+00:00,523.66,523.79,523.66,523.71,1380,regular,False
2026-07-31T16:31:00+00:00,523.73,523.97,523.64,523.97,12001,regular,False
2026-07-31T16:32:00+00:00,523.93,523.95,523.79,523.79,1140,regular,False
2026-07-31T16:33:00+00:00,523.76,523.82,523.75,523.82,762,regular,False
2026-07-31T16:34:00+00:00,523.92,523.97,523.87,523.97,1812,regular,False
2026-07-31T16:35:00+00:00,523.95,524.07,523.94,524.03,7142,regular,False
2026-07-31T16:36:00+00:00,524.07,524.07,523.82,523.82,2830,regular,False
2026-07-31T16:37:00+00:00,523.78,523.82,523.73,523.74,1639,regular,False
2026-07-31T16:38:00+00:00,523.75,523.76,523.6,523.67,48637,regular,False
2026-07-31T16:39:00+00:00,523.66,523.76,523.66,523.7,2209,regular,False
2026-07-31T16:40:00+00:00,523.8,523.92,523.8,523.92,3175,regular,False
2026-07-31T16:41:00+00:00,523.89,523.89,523.72,523.73,7205,regular,False
2026-07-31T16:42:00+00:00,523.74,523.82,523.67,523.82,2455,regular,False
2026-07-31T16:43:00+00:00,523.8,523.85,523.74,523.74,1360,regular,False
2026-07-31T16:44:00+00:00,523.79,523.83,523.75,523.75,2993,regular,False
2026-07-31T16:45:00+00:00,523.72,523.85,523.69,523.79,2167,regular,False
2026-07-31T16:46:00+00:00,523.77,523.99,523.77,523.99,4683,regular,False
2026-07-31T16:47:00+00:00,523.98,523.98,523.85,523.87,6824,regular,False
2026-07-31T16:48:00+00:00,523.85,523.91,523.82,523.82,1910,regular,False
2026-07-31T16:49:00+00:00,523.8,523.84,523.73,523.84,3280,regular,False
2026-07-31T16:50:00+00:00,523.77,523.94,523.77,523.92,1420,regular,False
2026-07-31T16:51:00+00:00,523.92,524.05,523.92,523.92,9048,regular,False
2026-07-31T16:52:00+00:00,523.91,523.92,523.88,523.88,2106,regular,False
2026-07-31T16:53:00+00:00,523.88,523.96,523.88,523.91,1383,regular,False
2026-07-31T16:54:00+00:00,523.95,523.96,523.83,523.87,938,regular,False
2026-07-31T16:55:00+00:00,523.9,523.9,523.83,523.89,675,regular,False
2026-07-31T16:56:00+00:00,523.85,523.87,523.67,523.71,44749,regular,False
2026-07-31T16:57:00+00:00,523.71,523.79,523.69,523.74,2290,regular,False
2026-07-31T16:58:00+00:00,523.74,523.79,523.68,523.77,1992,regular,False
2026-07-31T16:59:00+00:00,523.75,523.76,523.69,523.69,846,regular,False
2026-07-31T17:00:00+00:00,523.69,523.71,523.61,523.71,965,regular,False
2026-07-31T17:01:00+00:00,523.74,523.87,523.74,523.86,3388,regular,False
2026-07-31T17:02:00+00:00,523.87,523.89,523.82,523.86,1758,regular,False
2026-07-31T17:03:00+00:00,523.88,523.96,523.87,523.92,1020,regular,False
2026-07-31T17:04:00+00:00,523.91,523.91,523.83,523.83,4510,regular,False
2026-07-31T17:05:00+00:00,523.81,524.0,523.81,523.95,2165,regular,False
2026-07-31T17:06:00+00:00,523.97,523.97,523.79,523.79,2520,regular,False
2026-07-31T17:07:00+00:00,523.78,523.78,523.54,523.54,2079,regular,False
2026-07-31T17:08:00+00:00,523.59,523.71,523.55,523.71,995,regular,False
2026-07-31T17:09:00+00:00,523.76,523.8,523.7,523.76,3154,regular,False
2026-07-31T17:10:00+00:00,523.74,523.84,523.68,523.82,3477,regular,False
2026-07-31T17:11:00+00:00,523.87,524.03,523.86,524.02,2488,regular,False
2026-07-31T17:12:00+00:00,524.03,524.04,523.95,523.96,2755,regular,False
2026-07-31T17:13:00+00:00,524.0,524.07,524.0,524.01,4202,regular,False
2026-07-31T17:14:00+00:00,523.98,524.08,523.92,524.08,1238,regular,False
2026-07-31T17:15:00+00:00,524.06,524.14,524.01,524.09,4489,regular,False
2026-07-31T17:16:00+00:00,524.12,524.12,524.06,524.06,930,regular,False
2026-07-31T17:17:00+00:00,524.08,524.08,524.02,524.02,679,regular,False
2026-07-31T17:18:00+00:00,524.03,524.09,524.03,524.07,1165,regular,False
2026-07-31T17:19:00+00:00,524.06,524.15,524.06,524.12,880,regular,False
2026-07-31T17:20:00+00:00,524.12,524.31,524.1,524.29,4453,regular,False
2026-07-31T17:21:00+00:00,524.27,524.28,524.13,524.13,1172,regular,False
2026-07-31T17:22:00+00:00,524.08,524.11,524.02,524.11,1840,regular,False
2026-07-31T17:23:00+00:00,524.1,524.21,524.05,524.2,3839,regular,False
2026-07-31T17:24:00+00:00,524.2,524.49,524.2,524.46,5112,regular,False
2026-07-31T17:25:00+00:00,524.47,524.53,524.45,524.52,5142,regular,False
2026-07-31T17:26:00+00:00,524.49,524.51,524.4,524.49,2665,regular,False
2026-07-31T17:27:00+00:00,524.5,524.65,524.49,524.51,14057,regular,False
2026-07-31T17:28:00+00:00,524.5,524.63,524.5,524.57,2863,regular,False
2026-07-31T17:29:00+00:00,524.56,524.67,524.55,524.6,4239,regular,False
2026-07-31T17:30:00+00:00,524.58,524.6,524.47,524.56,3916,regular,False
2026-07-31T17:31:00+00:00,524.56,524.59,524.51,524.51,3115,regular,False
2026-07-31T17:32:00+00:00,524.52,524.55,524.44,524.45,3277,regular,False
2026-07-31T17:33:00+00:00,524.45,524.56,524.45,524.52,2886,regular,False
2026-07-31T17:34:00+00:00,524.54,524.54,524.45,524.49,2145,regular,False
2026-07-31T17:35:00+00:00,524.49,524.52,524.42,524.51,2494,regular,False
2026-07-31T17:36:00+00:00,524.51,524.58,524.43,524.5,3457,regular,False
2026-07-31T17:37:00+00:00,524.49,524.53,524.45,524.46,2356,regular,False
2026-07-31T17:38:00+00:00,524.46,524.49,524.31,524.31,6838,regular,False
2026-07-31T17:39:00+00:00,524.3,524.37,524.27,524.27,3696,regular,False
2026-07-31T17:40:00+00:00,524.26,524.37,524.26,524.36,2321,regular,False
2026-07-31T17:41:00+00:00,524.28,524.33,524.27,524.3,449,regular,False
2026-07-31T17:42:00+00:00,524.3,524.3,524.17,524.17,1418,regular,False
2026-07-31T17:43:00+00:00,524.27,524.28,524.2,524.23,1842,regular,False
2026-07-31T17:44:00+00:00,524.24,524.3,524.23,524.29,773,regular,False
2026-07-31T17:45:00+00:00,524.32,524.41,524.29,524.35,2181,regular,False
2026-07-31T17:46:00+00:00,524.38,524.46,524.38,524.42,693,regular,False
2026-07-31T17:47:00+00:00,524.43,524.43,524.24,524.28,4612,regular,False
2026-07-31T17:48:00+00:00,524.19,524.2,524.11,524.2,1227,regular,False
2026-07-31T17:49:00+00:00,524.12,524.12,523.99,524.0,3005,regular,False
2026-07-31T17:50:00+00:00,523.98,524.02,523.95,524.01,779,regular,False
2026-07-31T17:51:00+00:00,524.02,524.07,524.02,524.07,980,regular,False
2026-07-31T17:52:00+00:00,524.1,524.24,524.08,524.1,1474,regular,False
2026-07-31T17:53:00+00:00,524.12,524.19,524.11,524.16,1389,regular,False
2026-07-31T17:54:00+00:00,524.08,524.18,524.08,524.17,754,regular,False
2026-07-31T17:55:00+00:00,524.13,524.17,524.07,524.1,932,regular,False
2026-07-31T17:56:00+00:00,524.17,524.19,524.13,524.13,823,regular,False
2026-07-31T17:57:00+00:00,524.12,524.2,524.11,524.2,453,regular,False
2026-07-31T17:58:00+00:00,524.24,524.27,524.22,524.25,46385,regular,False
2026-07-31T17:59:00+00:00,524.16,524.16,524.05,524.06,5426,regular,False
2026-07-31T18:00:00+00:00,524.09,524.34,524.03,524.34,6617,regular,False
2026-07-31T18:01:00+00:00,524.32,524.43,524.29,524.32,3226,regular,False
2026-07-31T18:02:00+00:00,524.38,524.42,524.31,524.35,4489,regular,False
2026-07-31T18:03:00+00:00,524.37,524.41,524.28,524.31,1585,regular,False
2026-07-31T18:04:00+00:00,524.3,524.34,524.27,524.27,3141,regular,False
2026-07-31T18:05:00+00:00,524.26,524.26,524.12,524.15,2877,regular,False
2026-07-31T18:06:00+00:00,524.16,524.37,524.16,524.37,2614,regular,False
2026-07-31T18:07:00+00:00,524.37,524.42,524.36,524.41,3337,regular,False
2026-07-31T18:08:00+00:00,524.41,524.47,524.38,524.46,1163,regular,False
2026-07-31T18:09:00+00:00,524.5,524.54,524.47,524.52,3275,regular,False
2026-07-31T18:10:00+00:00,524.57,524.64,524.56,524.6,1415,regular,False
2026-07-31T18:11:00+00:00,524.62,524.63,524.5,524.53,2608,regular,False
2026-07-31T18:12:00+00:00,524.63,524.63,524.5,524.51,1555,regular,False
2026-07-31T18:13:00+00:00,524.51,524.58,524.5,524.58,924,regular,False
2026-07-31T18:14:00+00:00,524.6,524.66,524.52,524.52,1694,regular,False
2026-07-31T18:15:00+00:00,524.51,524.56,524.49,524.49,620,regular,False
2026-07-31T18:16:00+00:00,524.52,524.61,524.52,524.58,984,regular,False
2026-07-31T18:17:00+00:00,524.58,524.63,524.56,524.59,1425,regular,False
2026-07-31T18:18:00+00:00,524.62,524.7,524.61,524.7,4336,regular,False
2026-07-31T18:19:00+00:00,524.66,524.74,524.65,524.65,1713,regular,False
2026-07-31T18:20:00+00:00,524.66,524.77,524.6,524.62,6617,regular,False
2026-07-31T18:21:00+00:00,524.63,524.75,524.61,524.66,46430,regular,False
2026-07-31T18:22:00+00:00,524.65,524.71,524.65,524.71,1895,regular,False
2026-07-31T18:23:00+00:00,524.68,524.74,524.65,524.73,1530,regular,False
2026-07-31T18:24:00+00:00,524.74,524.8,524.74,524.76,3844,regular,False
2026-07-31T18:25:00+00:00,524.76,524.78,524.6,524.62,1431,regular,False
2026-07-31T18:26:00+00:00,524.67,524.67,524.59,524.59,1755,regular,False
2026-07-31T18:27:00+00:00,524.59,524.63,524.55,524.63,3323,regular,False
2026-07-31T18:28:00+00:00,524.62,524.67,524.61,524.65,1342,regular,False
2026-07-31T18:29:00+00:00,524.62,524.75,524.62,524.68,1105,regular,False
2026-07-31T18:30:00+00:00,524.7,524.74,524.64,524.68,2820,regular,False
2026-07-31T18:31:00+00:00,524.7,524.7,524.6,524.68,2246,regular,False
2026-07-31T18:32:00+00:00,524.71,524.76,524.69,524.75,1345,regular,False
2026-07-31T18:33:00+00:00,524.7,524.7,524.55,524.56,6757,regular,False
2026-07-31T18:34:00+00:00,524.56,524.61,524.56,524.58,1795,regular,False
2026-07-31T18:35:00+00:00,524.54,524.55,524.43,524.55,8218,regular,False
2026-07-31T18:36:00+00:00,524.58,524.61,524.53,524.61,1334,regular,False
2026-07-31T18:37:00+00:00,524.58,524.58,524.48,524.48,2981,regular,False
2026-07-31T18:38:00+00:00,524.44,524.48,524.42,524.45,7332,regular,False
2026-07-31T18:39:00+00:00,524.45,524.5,524.41,524.42,1748,regular,False
2026-07-31T18:40:00+00:00,524.43,524.46,524.38,524.46,3023,regular,False
2026-07-31T18:41:00+00:00,524.47,524.62,524.47,524.54,5736,regular,False
2026-07-31T18:42:00+00:00,524.51,524.65,524.5,524.64,1019,regular,False
2026-07-31T18:43:00+00:00,524.63,524.65,524.57,524.61,805,regular,False
2026-07-31T18:44:00+00:00,524.62,524.63,524.58,524.59,1055,regular,False
2026-07-31T18:45:00+00:00,524.6,524.67,524.59,524.64,1091,regular,False
2026-07-31T18:46:00+00:00,524.65,524.66,524.5,524.51,1316,regular,False
2026-07-31T18:47:00+00:00,524.51,524.58,524.51,524.58,2894,regular,False
2026-07-31T18:48:00+00:00,524.58,524.58,524.51,524.57,675,regular,False
2026-07-31T18:49:00+00:00,524.58,524.65,524.58,524.64,1056,regular,False
2026-07-31T18:50:00+00:00,524.66,524.73,524.64,524.7,971,regular,False
2026-07-31T18:51:00+00:00,524.7,524.7,524.64,524.66,1329,regular,False
2026-07-31T18:52:00+00:00,524.62,524.64,524.59,524.59,7933,regular,False
2026-07-31T18:53:00+00:00,524.6,524.63,524.56,524.59,8432,regular,False
2026-07-31T18:54:00+00:00,524.59,524.6,524.54,524.58,5385,regular,False
2026-07-31T18:55:00+00:00,524.59,524.65,524.49,524.5,8548,regular,False
2026-07-31T18:56:00+00:00,524.49,524.58,524.48,524.58,5629,regular,False
2026-07-31T18:57:00+00:00,524.58,524.61,524.46,524.52,4622,regular,False
2026-07-31T18:58:00+00:00,524.52,524.57,524.49,524.56,3130,regular,False
2026-07-31T18:59:00+00:00,524.55,524.58,524.5,524.54,3095,regular,False
2026-07-31T19:00:00+00:00,524.56,524.73,524.55,524.66,7483,regular,False
2026-07-31T19:01:00+00:00,524.67,524.7,524.5,524.5,2189,regular,False
2026-07-31T19:02:00+00:00,524.53,524.54,524.45,524.45,5561,regular,False
2026-07-31T19:03:00+00:00,524.41,524.41,524.35,524.35,759,regular,False
2026-07-31T19:04:00+00:00,524.33,524.35,524.28,524.29,2052,regular,False
2026-07-31T19:05:00+00:00,524.29,524.44,524.27,524.4,1781,regular,False
2026-07-31T19:06:00+00:00,524.4,524.43,524.39,524.43,400,regular,False
2026-07-31T19:07:00+00:00,524.45,524.5,524.42,524.5,1101,regular,False
2026-07-31T19:08:00+00:00,524.5,524.6,524.5,524.6,2826,regular,False
2026-07-31T19:09:00+00:00,524.6,524.64,524.55,524.55,5932,regular,False
2026-07-31T19:10:00+00:00,524.56,524.72,524.55,524.72,3772,regular,False
2026-07-31T19:11:00+00:00,524.72,524.72,524.62,524.62,478,regular,False
2026-07-31T19:12:00+00:00,524.63,524.78,524.63,524.78,2298,regular,False
2026-07-31T19:13:00+00:00,524.72,524.74,524.72,524.74,360,regular,False
2026-07-31T19:14:00+00:00,524.72,524.73,524.66,524.66,512,regular,False
2026-07-31T19:15:00+00:00,524.67,524.68,524.63,524.68,2099,regular,False
2026-07-31T19:16:00+00:00,524.65,524.74,524.62,524.74,2989,regular,False
2026-07-31T19:17:00+00:00,524.77,524.94,524.73,524.94,9910,regular,False
2026-07-31T19:18:00+00:00,524.94,525.07,524.94,525.05,14864,regular,False
2026-07-31T19:19:00+00:00,525.07,525.16,525.07,525.11,1712,regular,False
2026-07-31T19:20:00+00:00,525.14,525.14,525.06,525.12,2677,regular,False
2026-07-31T19:21:00+00:00,525.15,525.33,525.13,525.29,91588,regular,False
2026-07-31T19:22:00+00:00,525.36,525.4,525.29,525.33,3099,regular,False
2026-07-31T19:23:00+00:00,525.32,525.33,525.21,525.21,2635,regular,False
2026-07-31T19:24:00+00:00,525.19,525.25,525.17,525.2,5633,regular,False
2026-07-31T19:25:00+00:00,525.18,525.3,525.13,525.25,3970,regular,False
2026-07-31T19:26:00+00:00,525.26,525.31,525.15,525.15,2314,regular,False
2026-07-31T19:27:00+00:00,525.17,525.19,525.14,525.19,2010,regular,False
2026-07-31T19:28:00+00:00,525.21,525.22,525.13,525.13,477,regular,False
2026-07-31T19:29:00+00:00,525.16,525.16,525.02,525.02,1728,regular,False
2026-07-31T19:30:00+00:00,524.97,524.97,524.75,524.84,1964,regular,False
2026-07-31T19:31:00+00:00,524.84,524.85,524.68,524.72,3921,regular,False
2026-07-31T19:32:00+00:00,524.72,524.76,524.63,524.7,3263,regular,False
2026-07-31T19:33:00+00:00,524.71,524.76,524.64,524.64,1367,regular,False
2026-07-31T19:34:00+00:00,524.62,524.68,524.61,524.65,913,regular,False
2026-07-31T19:35:00+00:00,524.65,524.82,524.64,524.81,7087,regular,False
2026-07-31T19:36:00+00:00,524.81,525.01,524.79,524.94,51187,regular,False
2026-07-31T19:37:00+00:00,524.92,524.98,524.89,524.95,2685,regular,False
2026-07-31T19:38:00+00:00,525.03,525.12,525.02,525.02,4318,regular,False
2026-07-31T19:39:00+00:00,525.04,525.23,525.04,525.17,8682,regular,False
2026-07-31T19:40:00+00:00,525.15,525.36,525.15,525.2,14783,regular,False
2026-07-31T19:41:00+00:00,525.19,525.22,525.12,525.2,5968,regular,False
2026-07-31T19:42:00+00:00,525.17,525.25,525.17,525.22,6061,regular,False
2026-07-31T19:43:00+00:00,525.21,525.42,525.21,525.42,12364,regular,False
2026-07-31T19:44:00+00:00,525.41,525.52,525.37,525.52,12075,regular,False
2026-07-31T19:45:00+00:00,525.52,525.61,525.44,525.44,12022,regular,False
2026-07-31T19:46:00+00:00,525.47,525.58,525.47,525.52,4058,regular,False
2026-07-31T19:47:00+00:00,525.53,525.53,525.36,525.38,5881,regular,False
2026-07-31T19:48:00+00:00,525.38,525.44,525.37,525.4,3975,regular,False
2026-07-31T19:49:00+00:00,525.41,525.48,525.38,525.48,4212,regular,False
2026-07-31T19:50:00+00:00,525.5,525.61,525.32,525.36,11326,regular,False
2026-07-31T19:51:00+00:00,525.36,525.38,525.08,525.23,9178,regular,False
2026-07-31T19:52:00+00:00,525.25,525.41,525.21,525.3,6986,regular,False
2026-07-31T19:53:00+00:00,525.34,525.5,525.3,525.45,9887,regular,False
2026-07-31T19:54:00+00:00,525.43,525.47,525.17,525.21,32079,regular,False
2026-07-31T19:55:00+00:00,525.18,525.24,525.03,525.14,44539,regular,False
2026-07-31T19:56:00+00:00,525.14,525.25,525.08,525.1,29696,regular,False
2026-07-31T19:57:00+00:00,525.1,525.12,524.93,524.96,28630,regular,False
2026-07-31T19:58:00+00:00,524.91,525.1,524.86,525.03,20790,regular,False
2026-07-31T20:01:00+00:00,524.64,524.71,524.64,524.71,13446,after-market,False
2026-07-31T20:02:00+00:00,524.6,524.6,524.6,524.6,45,after-market,False
2026-07-31T20:03:00+00:00,524.63,524.63,524.59,524.59,100,after-market,False
2026-07-31T20:04:00+00:00,524.59,524.59,524.59,524.59,0,after-market,False
2026-07-31T20:05:00+00:00,524.6,524.6,524.54,524.54,289,after-market,False
2026-07-31T20:06:00+00:00,524.54,524.54,524.54,524.54,0,after-market,False
2026-07-31T20:07:00+00:00,524.54,524.54,524.54,524.54,0,after-market,False
2026-07-31T20:08:00+00:00,524.75,524.75,524.75,524.75,500,after-market,False
2026-07-31T20:09:00+00:00,524.75,524.75,524.75,524.75,0,after-market,False
2026-07-31T20:10:00+00:00,524.75,524.75,524.75,524.75,0,after-market,False
2026-07-31T20:11:00+00:00,524.75,524.75,524.75,524.75,0,after-market,False
2026-07-31T20:12:00+00:00,524.75,524.75,524.75,524.75,0,after-market,False
2026-07-31T20:13:00+00:00,524.65,524.66,524.65,524.66,365,after-market,False
2026-07-31T20:14:00+00:00,524.66,524.66,524.66,524.66,0,after-market,False
2026-07-31T20:15:00+00:00,524.66,524.66,524.66,524.66,0,after-market,False
2026-07-31T20:16:00+00:00,524.66,524.66,524.66,524.66,0,after-market,False
2026-07-31T20:17:00+00:00,524.66,524.66,524.66,524.66,0,after-market,False
2026-07-31T20:18:00+00:00,524.66,524.66,524.66,524.66,0,after-market,False
2026-07-31T20:19:00+00:00,524.66,524.66,524.66,524.66,0,after-market,False
2026-07-31T20:20:00+00:00,524.66,524.66,524.66,524.66,0,after-market,False
2026-07-31T20:21:00+00:00,524.66,524.66,524.66,524.66,0,after-market,False
2026-07-31T20:22:00+00:00,524.66,524.66,524.66,524.66,0,after-market,False
2026-07-31T20:23:00+00:00,524.66,524.66,524.66,524.66,0,after-market,False
2026-07-31T20:24:00+00:00,524.66,524.66,524.66,524.66,0,after-market,False
2026-07-31T20:25:00+00:00,524.66,524.66,524.66,524.66,0,after-market,False
2026-07-31T20:26:00+00:00,524.66,524.66,524.66,524.66,0,after-market,False
2026-07-31T20:27:00+00:00,524.66,524.66,524.66,524.66,0,after-market,False
2026-07-31T20:28:00+00:00,524.66,524.66,524.66,524.66,0,after-market,False
2026-07-31T20:29:00+00:00,524.66,524.66,524.66,524.66,0,after-market,False
2026-07-31T20:30:00+00:00,524.66,524.66,524.66,524.66,0,after-market,False
2026-07-31T20:31:00+00:00,524.66,524.66,524.66,524.66,0,after-market,False
2026-07-31T20:32:00+00:00,524.36,524.36,524.35,524.36,55,after-market,False
2026-07-31T20:33:00+00:00,524.36,524.36,524.36,524.36,0,after-market,False
2026-07-31T20:34:00+00:00,524.36,524.36,524.36,524.36,0,after-market,False
2026-07-31T20:35:00+00:00,524.36,524.36,524.36,524.36,0,after-market,False
2026-07-31T20:36:00+00:00,524.36,524.36,524.36,524.36,0,after-market,False
2026-07-31T20:37:00+00:00,524.36,524.36,524.36,524.36,0,after-market,False
2026-07-31T20:38:00+00:00,524.36,524.36,524.36,524.36,0,after-market,False
2026-07-31T20:39:00+00:00,524.36,524.36,524.36,524.36,0,after-market,False
2026-07-31T20:40:00+00:00,524.36,524.36,524.36,524.36,0,after-market,False
2026-07-31T20:41:00+00:00,524.36,524.36,524.36,524.36,0,after-market,False
2026-07-31T20:42:00+00:00,524.38,524.39,524.38,524.38,74,after-market,False
2026-07-31T20:43:00+00:00,524.38,524.38,524.38,524.38,0,after-market,False
2026-07-31T20:44:00+00:00,524.38,524.38,524.38,524.38,0,after-market,False
2026-07-31T20:45:00+00:00,524.38,524.38,524.38,524.38,0,after-market,False
2026-07-31T20:46:00+00:00,524.38,524.38,524.38,524.38,0,after-market,False
2026-07-31T20:47:00+00:00,524.22,524.22,524.22,524.22,80,after-market,False
2026-07-31T20:48:00+00:00,524.22,524.22,524.22,524.22,0,after-market,False
2026-07-31T20:49:00+00:00,524.22,524.22,524.22,524.22,0,after-market,False
2026-07-31T20:50:00+00:00,524.22,524.22,524.22,524.22,0,after-market,False
2026-07-31T20:51:00+00:00,524.22,524.22,524.22,524.22,80,after-market,False
2026-07-31T20:52:00+00:00,524.22,524.22,524.22,524.22,0,after-market,False
2026-07-31T20:53:00+00:00,524.11,524.15,523.49,523.49,6059,after-market,False
2026-07-31T20:54:00+00:00,523.46,523.48,523.46,523.48,1833,after-market,False
2026-07-31T20:55:00+00:00,523.53,523.53,523.52,523.52,1040,after-market,False
2026-07-31T20:56:00+00:00,523.35,523.35,523.35,523.35,500,after-market,False
2026-07-31T20:57:00+00:00,523.3,523.3,523.13,523.13,1228,after-market,False
2026-07-31T20:58:00+00:00,523.04,523.31,523.04,523.31,1170,after-market,False
2026-07-31T20:59:00+00:00,523.31,523.31,523.31,523.31,0,after-market,False
2026-07-31T21:00:00+00:00,523.46,523.46,523.46,523.46,100,after-market,False
2026-07-31T21:01:00+00:00,523.46,523.46,523.46,523.46,0,after-market,False
2026-07-31T21:02:00+00:00,523.46,523.46,523.46,523.46,0,after-market,False
2026-07-31T21:03:00+00:00,523.46,523.46,523.46,523.46,0,after-market,False
2026-07-31T21:04:00+00:00,523.46,523.46,523.46,523.46,0,after-market,False
2026-07-31T21:05:00+00:00,523.46,523.46,523.46,523.46,0,after-market,False
2026-07-31T21:06:00+00:00,523.46,523.46,523.46,523.46,0,after-market,False
2026-07-31T21:07:00+00:00,523.46,523.46,523.46,523.46,0,after-market,False
2026-07-31T21:08:00+00:00,523.46,523.46,523.46,523.46,0,after-market,False
2026-07-31T21:09:00+00:00,523.46,523.46,523.46,523.46,0,after-market,False
2026-07-31T21:10:00+00:00,523.46,523.46,523.46,523.46,0,after-market,False
2026-07-31T21:11:00+00:00,523.46,523.46,523.46,523.46,0,after-market,False
2026-07-31T21:12:00+00:00,523.46,523.46,523.46,523.46,0,after-market,False
2026-07-31T21:13:00+00:00,523.46,523.46,523.46,523.46,0,after-market,False
2026-07-31T21:14:00+00:00,523.09,523.1,523.09,523.09,64,after-market,False
2026-07-31T21:15:00+00:00,523.09,523.09,523.09,523.09,0,after-market,False
2026-07-31T21:16:00+00:00,523.09,523.09,523.09,523.09,0,after-market,False
2026-07-31T21:17:00+00:00,523.13,523.13,523.13,523.13,200,after-market,False
2026-07-31T21:18:00+00:00,523.13,523.13,523.13,523.13,0,after-market,False
2026-07-31T21:19:00+00:00,523.13,523.13,523.13,523.13,0,after-market,False
2026-07-31T21:20:00+00:00,523.13,523.13,523.13,523.13,0,after-market,False
2026-07-31T21:21:00+00:00,523.13,523.13,523.13,523.13,0,after-market,False
2026-07-31T21:22:00+00:00,523.53,523.53,523.52,523.53,88,after-market,False
2026-07-31T21:23:00+00:00,523.53,523.53,523.53,523.53,0,after-market,False
2026-07-31T21:24:00+00:00,523.53,523.53,523.53,523.53,0,after-market,False
2026-07-31T21:25:00+00:00,523.53,523.53,523.53,523.53,0,after-market,False
2026-07-31T21:26:00+00:00,523.59,523.6,523.59,523.6,131,after-market,False
2026-07-31T21:27:00+00:00,523.93,524.0,523.93,524.0,1434,after-market,False
2026-07-31T21:28:00+00:00,524.0,524.0,524.0,524.0,0,after-market,False
2026-07-31T21:29:00+00:00,524.0,524.0,524.0,524.0,0,after-market,False
2026-07-31T21:30:00+00:00,524.0,524.0,524.0,524.0,0,after-market,False
2026-07-31T21:31:00+00:00,524.0,524.0,524.0,524.0,0,after-market,False
2026-07-31T21:32:00+00:00,524.0,524.0,524.0,524.0,0,after-market,False
2026-07-31T21:33:00+00:00,524.0,524.0,524.0,524.0,0,after-market,False
2026-07-31T21:34:00+00:00,524.0,524.0,524.0,524.0,0,after-market,False
2026-07-31T21:35:00+00:00,524.0,524.0,524.0,524.0,0,after-market,False
2026-07-31T21:36:00+00:00,524.0,524.0,524.0,524.0,0,after-market,False
2026-07-31T21:37:00+00:00,524.0,524.0,524.0,524.0,0,after-market,False
2026-07-31T21:38:00+00:00,524.0,524.0,524.0,524.0,0,after-market,False
2026-07-31T21:39:00+00:00,524.0,524.0,524.0,524.0,0,after-market,False
2026-07-31T21:40:00+00:00,524.0,524.0,524.0,524.0,0,after-market,False
2026-07-31T21:41:00+00:00,524.0,524.0,524.0,524.0,0,after-market,False
2026-07-31T21:42:00+00:00,524.0,524.0,524.0,524.0,0,after-market,False
2026-07-31T21:43:00+00:00,524.0,524.0,524.0,524.0,0,after-market,False
2026-07-31T21:44:00+00:00,524.0,524.0,524.0,524.0,0,after-market,False
2026-07-31T21:45:00+00:00,524.0,524.0,524.0,524.0,0,after-market,False
2026-07-31T21:46:00+00:00,524.0,524.0,524.0,524.0,0,after-market,False
2026-07-31T21:47:00+00:00,524.0,524.0,524.0,524.0,0,after-market,False
2026-07-31T21:48:00+00:00,524.0,524.0,524.0,524.0,0,after-market,False
2026-07-31T21:49:00+00:00,524.0,524.0,524.0,524.0,0,after-market,False
2026-07-31T21:50:00+00:00,524.0,524.0,524.0,524.0,0,after-market,False
2026-07-31T21:51:00+00:00,524.0,524.0,524.0,524.0,0,after-market,False
2026-07-31T21:52:00+00:00,524.0,524.0,524.0,524.0,0,after-market,False
2026-07-31T21:53:00+00:00,524.0,524.0,524.0,524.0,0,after-market,False
2026-07-31T21:54:00+00:00,524.0,524.0,524.0,524.0,0,after-market,False
2026-07-31T21:55:00+00:00,524.0,524.0,524.0,524.0,0,after-market,False
2026-07-31T21:56:00+00:00,524.0,524.0,524.0,524.0,0,after-market,False
2026-07-31T21:57:00+00:00,524.0,524.0,524.0,524.0,0,after-market,False
2026-07-31T21:58:00+00:00,524.0,524.0,524.0,524.0,0,after-market,False
2026-07-31T21:59:00+00:00,524.0,524.0,524.0,524.0,0,after-market,False
2026-07-31T22:00:00+00:00,524.0,524.0,524.0,524.0,0,after-market,False
2026-07-31T22:01:00+00:00,524.0,524.0,524.0,524.0,0,after-market,False
2026-07-31T22:02:00+00:00,524.0,524.0,524.0,524.0,0,after-market,False
2026-07-31T22:03:00+00:00,524.0,524.0,524.0,524.0,0,after-market,False
2026-07-31T22:04:00+00:00,522.32,522.33,522.32,522.32,148,after-market,False
2026-07-31T22:05:00+00:00,522.32,522.32,522.32,522.32,0,after-market,False
2026-07-31T22:06:00+00:00,522.32,522.32,522.32,522.32,0,after-market,False
2026-07-31T22:07:00+00:00,522.32,522.32,522.32,522.32,0,after-market,False
2026-07-31T22:08:00+00:00,522.32,522.32,522.32,522.32,0,after-market,False
2026-07-31T22:09:00+00:00,522.32,522.32,522.32,522.32,0,after-market,False
2026-07-31T22:10:00+00:00,522.32,522.32,522.32,522.32,0,after-market,False
2026-07-31T22:11:00+00:00,522.32,522.32,522.32,522.32,0,after-market,False
2026-07-31T22:12:00+00:00,522.32,522.32,522.32,522.32,0,after-market,False
2026-07-31T22:13:00+00:00,522.32,522.32,522.32,522.32,0,after-market,False
2026-07-31T22:14:00+00:00,523.34,523.34,523.33,523.34,100,after-market,False
2026-07-31T22:15:00+00:00,523.3,523.3,523.3,523.3,520,after-market,False
2026-07-31T22:16:00+00:00,523.3,523.3,523.3,523.3,0,after-market,False
2026-07-31T22:17:00+00:00,523.3,523.3,523.3,523.3,0,after-market,False
2026-07-31T22:18:00+00:00,523.3,523.3,523.3,523.3,0,after-market,False
2026-07-31T22:19:00+00:00,523.3,523.3,523.3,523.3,0,after-market,False
2026-07-31T22:20:00+00:00,523.3,523.3,523.3,523.3,0,after-market,False
2026-07-31T22:21:00+00:00,523.3,523.3,523.3,523.3,0,after-market,False
2026-07-31T22:22:00+00:00,523.3,523.3,523.3,523.3,0,after-market,False
2026-07-31T22:23:00+00:00,523.4,523.4,523.4,523.4,519,after-market,False
2026-07-31T22:24:00+00:00,523.4,523.4,523.4,523.4,0,after-market,False
2026-07-31T22:25:00+00:00,523.4,523.4,523.4,523.4,0,after-market,False
2026-07-31T22:26:00+00:00,523.4,523.4,523.4,523.4,0,after-market,False
2026-07-31T22:27:00+00:00,523.4,523.4,523.4,523.4,0,after-market,False
2026-07-31T22:28:00+00:00,523.4,523.4,523.4,523.4,0,after-market,False
2026-07-31T22:29:00+00:00,523.4,523.4,523.4,523.4,0,after-market,False
2026-07-31T22:30:00+00:00,523.4,523.4,523.4,523.4,0,after-market,False
2026-07-31T22:31:00+00:00,523.4,523.4,523.4,523.4,0,after-market,False
2026-07-31T22:32:00+00:00,523.4,523.4,523.4,523.4,0,after-market,False
2026-07-31T22:33:00+00:00,523.4,523.4,523.4,523.4,0,after-market,False
2026-07-31T22:34:00+00:00,523.4,523.4,523.4,523.4,0,after-market,False
2026-07-31T22:35:00+00:00,523.4,523.4,523.4,523.4,0,after-market,False
2026-07-31T22:36:00+00:00,523.4,523.4,523.4,523.4,0,after-market,False
2026-07-31T22:37:00+00:00,523.4,523.4,523.4,523.4,0,after-market,False
2026-07-31T22:38:00+00:00,523.4,523.4,523.4,523.4,0,after-market,False
2026-07-31T22:39:00+00:00,523.4,523.4,523.4,523.4,0,after-market,False
2026-07-31T22:40:00+00:00,523.4,523.4,523.4,523.4,0,after-market,False
2026-07-31T22:41:00+00:00,523.63,523.66,523.63,523.66,1238,after-market,False
2026-07-31T22:42:00+00:00,523.66,523.66,523.66,523.66,0,after-market,False
2026-07-31T22:43:00+00:00,523.7,523.72,523.7,523.72,400,after-market,False
2026-07-31T22:44:00+00:00,523.72,523.72,523.72,523.72,0,after-market,False
2026-07-31T22:45:00+00:00,523.72,523.72,523.72,523.72,0,after-market,False
2026-07-31T22:46:00+00:00,523.72,523.72,523.72,523.72,0,after-market,False
2026-07-31T22:47:00+00:00,523.78,523.78,523.78,523.78,78,after-market,False
2026-07-31T22:48:00+00:00,523.78,523.78,523.78,523.78,0,after-market,False
2026-07-31T22:49:00+00:00,523.78,523.78,523.78,523.78,0,after-market,False
2026-07-31T22:50:00+00:00,523.78,523.78,523.78,523.78,0,after-market,False
2026-07-31T22:51:00+00:00,523.79,523.84,523.79,523.84,280,after-market,False
2026-07-31T22:52:00+00:00,523.84,523.84,523.84,523.84,0,after-market,False
2026-07-31T22:53:00+00:00,523.8,523.8,523.8,523.8,50,after-market,False
2026-07-31T22:54:00+00:00,523.8,523.8,523.8,523.8,150,after-market,False
2026-07-31T22:55:00+00:00,523.8,523.8,523.8,523.8,0,after-market,False
2026-07-31T22:56:00+00:00,523.8,523.8,523.8,523.8,0,after-market,False
2026-07-31T22:57:00+00:00,523.8,523.8,523.8,523.8,0,after-market,False
2026-07-31T22:58:00+00:00,523.8,523.8,523.8,523.8,0,after-market,False
2026-07-31T22:59:00+00:00,523.8,523.8,523.8,523.8,0,after-market,False
2026-07-31T23:00:00+00:00,523.8,523.8,523.8,523.8,0,after-market,False
2026-07-31T23:01:00+00:00,523.8,523.8,523.8,523.8,0,after-market,False
2026-07-31T23:02:00+00:00,523.8,523.8,523.8,523.8,0,after-market,False
2026-07-31T23:03:00+00:00,523.8,523.8,523.8,523.8,0,after-market,False
2026-07-31T23:04:00+00:00,523.8,523.8,523.8,523.8,0,after-market,False
2026-07-31T23:05:00+00:00,523.8,523.8,523.8,523.8,0,after-market,False
2026-07-31T23:06:00+00:00,523.73,523.73,523.73,523.73,51,after-market,False
2026-07-31T23:07:00+00:00,523.73,523.73,523.73,523.73,0,after-market,False
2026-07-31T23:08:00+00:00,523.73,523.73,523.73,523.73,0,after-market,False
2026-07-31T23:09:00+00:00,523.73,523.73,523.73,523.73,0,after-market,False
2026-07-31T23:10:00+00:00,523.73,523.73,523.73,523.73,0,after-market,False
2026-07-31T23:11:00+00:00,523.73,523.73,523.73,523.73,0,after-market,False
2026-07-31T23:12:00+00:00,523.73,523.73,523.73,523.73,0,after-market,False
2026-07-31T23:13:00+00:00,523.73,523.73,523.73,523.73,0,after-market,False
2026-07-31T23:14:00+00:00,523.73,523.73,523.73,523.73,0,after-market,False
2026-07-31T23:15:00+00:00,523.73,523.73,523.73,523.73,0,after-market,False
2026-07-31T23:16:00+00:00,523.73,523.73,523.73,523.73,0,after-market,False
2026-07-31T23:17:00+00:00,523.73,523.73,523.73,523.73,0,after-market,False
2026-07-31T23:18:00+00:00,523.73,523.73,523.73,523.73,0,after-market,False
2026-07-31T23:19:00+00:00,523.73,523.73,523.73,523.73,0,after-market,False
2026-07-31T23:20:00+00:00,523.73,523.73,523.73,523.73,0,after-market,False
2026-07-31T23:21:00+00:00,523.73,523.73,523.73,523.73,0,after-market,False
2026-07-31T23:22:00+00:00,523.73,523.73,523.73,523.73,0,after-market,False
2026-07-31T23:23:00+00:00,523.73,523.73,523.73,523.73,0,after-market,False
2026-07-31T23:24:00+00:00,523.73,523.73,523.73,523.73,0,after-market,False
2026-07-31T23:25:00+00:00,523.73,523.73,523.73,523.73,0,after-market,False
2026-07-31T23:26:00+00:00,523.73,523.73,523.73,523.73,0,after-market,False
2026-07-31T23:27:00+00:00,523.73,523.73,523.73,523.73,0,after-market,False
2026-07-31T23:28:00+00:00,523.73,523.73,523.73,523.73,0,after-market,False
2026-07-31T23:29:00+00:00,523.73,523.73,523.73,523.73,0,after-market,False
2026-07-31T23:30:00+00:00,523.73,523.73,523.73,523.73,0,after-market,False
2026-07-31T23:31:00+00:00,523.73,523.73,523.73,523.73,0,after-market,False
2026-07-31T23:32:00+00:00,523.73,523.73,523.73,523.73,0,after-market,False
2026-07-31T23:33:00+00:00,523.73,523.73,523.73,523.73,0,after-market,False
2026-07-31T23:34:00+00:00,523.73,523.73,523.73,523.73,0,after-market,False
2026-07-31T23:35:00+00:00,523.73,523.73,523.73,523.73,0,after-market,False
2026-07-31T23:36:00+00:00,523.73,523.73,523.73,523.73,0,after-market,False
2026-07-31T23:37:00+00:00,523.73,523.73,523.73,523.73,0,after-market,False
2026-07-31T23:38:00+00:00,523.73,523.73,523.73,523.73,0,after-market,False
2026-07-31T23:39:00+00:00,523.73,523.73,523.73,523.73,0,after-market,False
2026-07-31T23:40:00+00:00,523.73,523.73,523.73,523.73,0,after-market,False
2026-07-31T23:41:00+00:00,523.73,523.73,523.73,523.73,0,after-market,False
2026-07-31T23:42:00+00:00,523.73,523.73,523.73,523.73,0,after-market,False
2026-07-31T23:43:00+00:00,523.73,523.73,523.73,523.73,0,after-market,False
2026-07-31T23:44:00+00:00,523.73,523.73,523.73,523.73,0,after-market,False
2026-07-31T23:45:00+00:00,523.45,523.45,523.45,523.45,788,after-market,False
2026-07-31T23:46:00+00:00,523.35,523.35,523.35,523.35,840,after-market,False
2026-07-31T23:47:00+00:00,523.26,523.26,523.25,523.25,468,after-market,False
2026-07-31T23:48:00+00:00,523.25,523.25,523.25,523.25,0,after-market,False
2026-07-31T23:49:00+00:00,523.25,523.25,523.25,523.25,0,after-market,False
2026-07-31T23:50:00+00:00,523.25,523.25,523.25,523.25,0,after-market,False
2026-07-31T23:51:00+00:00,523.25,523.25,523.25,523.25,0,after-market,False
2026-07-31T23:52:00+00:00,523.25,523.25,523.25,523.25,0,after-market,False
2026-07-31T23:53:00+00:00,523.25,523.25,523.25,523.25,0,after-market,False
2026-07-31T23:54:00+00:00,523.25,523.25,523.25,523.25,0,after-market,False
2026-07-31T23:55:00+00:00,523.25,523.25,523.25,523.25,0,after-market,False
2026-07-31T23:56:00+00:00,523.25,523.25,523.25,523.25,0,after-market,False
2026-07-31T23:57:00+00:00,523.25,523.25,523.25,523.25,0,after-market,False
2026-07-31T23:58:00+00:00,523.25,523.25,523.25,523.25,0,after-market,False
2026-07-31T23:59:00+00:00,523.25,523.25,523.25,523.25,0,after-market,False
2026-08-03T08:00:00+00:00,527.0,527.33,526.97,527.29,230,pre-market,False
2026-08-03T08:01:00+00:00,526.98,527.26,526.63,526.75,1319,pre-market,False
2026-08-03T08:02:00+00:00,526.69,527.5,526.59,527.5,357,pre-market,False
2026-08-03T08:03:00+00:00,527.5,527.5,527.5,527.5,0,pre-market,False
2026-08-03T08:05:00+00:00,527.25,527.25,527.25,527.25,70,pre-market,False
2026-08-03T08:12:00+00:00,527.3,527.3,527.3,527.3,52,pre-market,False
2026-08-03T08:13:00+00:00,527.3,527.3,527.3,527.3,0,pre-market,False
2026-08-03T08:15:00+00:00,527.3,527.3,527.3,527.3,0,pre-market,False
2026-08-03T08:17:00+00:00,527.4,527.4,527.4,527.4,127,pre-market,False
2026-08-03T08:19:00+00:00,527.37,527.37,527.37,527.37,120,pre-market,False
2026-08-03T08:20:00+00:00,527.37,527.37,527.37,527.37,0,pre-market,False
2026-08-03T08:21:00+00:00,527.37,527.37,527.37,527.37,0,pre-market,False
2026-08-03T08:22:00+00:00,527.37,527.37,527.37,527.37,0,pre-market,False
2026-08-03T08:24:00+00:00,527.37,527.37,527.37,527.37,0,pre-market,False
2026-08-03T08:27:00+00:00,527.37,527.37,527.37,527.37,0,pre-market,False
2026-08-03T08:28:00+00:00,527.37,527.37,527.37,527.37,0,pre-market,False
2026-08-03T08:30:00+00:00,527.4,527.4,527.4,527.4,100,pre-market,False
2026-08-03T08:31:00+00:00,527.4,527.4,527.4,527.4,0,pre-market,False
2026-08-03T08:32:00+00:00,527.33,527.33,527.33,527.33,1609,pre-market,False
2026-08-03T08:33:00+00:00,527.33,527.33,527.33,527.33,1138,pre-market,False
2026-08-03T08:35:00+00:00,527.5,527.5,527.5,527.5,80,pre-market,False
2026-08-03T08:37:00+00:00,527.5,527.5,527.5,527.5,0,pre-market,False
2026-08-03T08:41:00+00:00,527.5,527.5,527.5,527.5,0,pre-market,False
2026-08-03T08:44:00+00:00,527.5,527.5,527.5,527.5,0,pre-market,False
2026-08-03T08:47:00+00:00,527.5,527.5,527.5,527.5,0,pre-market,False
2026-08-03T08:48:00+00:00,527.5,527.5,527.5,527.5,0,pre-market,False
2026-08-03T08:50:00+00:00,527.5,527.5,527.5,527.5,0,pre-market,False
2026-08-03T08:56:00+00:00,527.5,527.5,527.5,527.5,0,pre-market,False
2026-08-03T08:57:00+00:00,527.5,527.5,527.5,527.5,0,pre-market,False
2026-08-03T08:59:00+00:00,527.75,527.77,527.75,527.77,200,pre-market,False
2026-08-03T09:00:00+00:00,527.77,527.77,527.77,527.77,0,pre-market,False
2026-08-03T09:03:00+00:00,527.81,527.82,527.78,527.78,591,pre-market,False
2026-08-03T09:05:00+00:00,527.78,527.78,527.78,527.78,0,pre-market,False
2026-08-03T09:08:00+00:00,527.78,527.78,527.78,527.78,0,pre-market,False
2026-08-03T09:09:00+00:00,527.78,527.78,527.78,527.78,0,pre-market,False
2026-08-03T09:11:00+00:00,527.78,527.78,527.78,527.78,0,pre-market,False
2026-08-03T09:14:00+00:00,527.78,527.78,527.78,527.78,0,pre-market,False
2026-08-03T09:17:00+00:00,527.78,527.78,527.78,527.78,0,pre-market,False
2026-08-03T09:18:00+00:00,527.78,527.78,527.78,527.78,0,pre-market,False
2026-08-03T09:20:00+00:00,527.78,527.78,527.78,527.78,0,pre-market,False
2026-08-03T09:31:00+00:00,527.78,527.78,527.78,527.78,0,pre-market,False
2026-08-03T09:32:00+00:00,527.8,527.8,527.8,527.8,176,pre-market,False
2026-08-03T09:35:00+00:00,527.8,527.8,527.8,527.8,0,pre-market,False
2026-08-03T09:36:00+00:00,528.0,528.0,528.0,528.0,50,pre-market,False
2026-08-03T09:40:00+00:00,528.0,528.0,528.0,528.0,0,pre-market,False
2026-08-03T09:41:00+00:00,527.88,527.88,527.88,527.88,40,pre-market,False
2026-08-03T09:44:00+00:00,527.88,527.88,527.88,527.88,202,pre-market,False
2026-08-03T09:49:00+00:00,527.85,527.85,527.84,527.84,290,pre-market,False
2026-08-03T09:50:00+00:00,527.84,527.84,527.84,527.84,0,pre-market,False
2026-08-03T09:51:00+00:00,527.79,527.79,527.76,527.76,200,pre-market,False
2026-08-03T09:55:00+00:00,527.84,527.84,527.84,527.84,250,pre-market,False
2026-08-03T09:56:00+00:00,527.85,527.85,527.85,527.85,100,pre-market,False
2026-08-03T09:57:00+00:00,527.85,527.85,527.85,527.85,0,pre-market,False
2026-08-03T09:58:00+00:00,527.74,527.74,527.74,527.74,100,pre-market,False
2026-08-03T10:04:00+00:00,527.76,527.76,527.76,527.76,100,pre-market,False
2026-08-03T10:05:00+00:00,527.76,527.76,527.76,527.76,0,pre-market,False
2026-08-03T10:06:00+00:00,527.95,527.95,527.95,527.95,90,pre-market,False
2026-08-03T10:10:00+00:00,528.06,528.22,528.05,528.22,1575,pre-market,False
2026-08-03T10:12:00+00:00,528.22,528.22,528.22,528.22,0,pre-market,False
2026-08-03T10:13:00+00:00,528.22,528.22,528.22,528.22,0,pre-market,False
2026-08-03T10:15:00+00:00,528.22,528.22,528.22,528.22,0,pre-market,False
2026-08-03T10:16:00+00:00,528.27,528.27,528.27,528.27,100,pre-market,False
2026-08-03T10:17:00+00:00,528.27,528.27,528.27,528.27,0,pre-market,False
2026-08-03T10:19:00+00:00,528.27,528.27,528.27,528.27,0,pre-market,False
2026-08-03T10:20:00+00:00,528.27,528.27,528.27,528.27,0,pre-market,False
2026-08-03T10:21:00+00:00,528.32,528.32,528.32,528.32,79,pre-market,False
2026-08-03T10:24:00+00:00,528.45,528.45,528.44,528.44,200,pre-market,False
2026-08-03T10:25:00+00:00,528.57,528.57,528.57,528.57,50,pre-market,False
2026-08-03T10:26:00+00:00,528.61,528.61,528.6,528.6,966,pre-market,False
2026-08-03T10:28:00+00:00,528.6,528.6,528.6,528.6,0,pre-market,False
2026-08-03T10:31:00+00:00,528.6,528.6,528.6,528.6,0,pre-market,False
2026-08-03T10:32:00+00:00,528.6,528.6,528.6,528.6,0,pre-market,False
2026-08-03T10:34:00+00:00,528.33,528.33,528.32,528.32,482,pre-market,False
2026-08-03T10:35:00+00:00,528.32,528.32,528.32,528.32,0,pre-market,False
2026-08-03T10:36:00+00:00,528.39,528.39,528.39,528.39,202,pre-market,False
2026-08-03T10:39:00+00:00,528.39,528.39,528.39,528.39,0,pre-market,False
2026-08-03T10:40:00+00:00,528.39,528.39,528.39,528.39,0,pre-market,False
2026-08-03T10:41:00+00:00,528.39,528.39,528.39,528.39,0,pre-market,False
2026-08-03T10:42:00+00:00,528.61,528.62,528.61,528.62,629,pre-market,False
2026-08-03T10:43:00+00:00,528.62,528.62,528.62,528.62,135,pre-market,False
2026-08-03T10:45:00+00:00,528.62,528.62,528.62,528.62,0,pre-market,False
2026-08-03T10:47:00+00:00,528.57,528.57,528.57,528.57,242,pre-market,False
2026-08-03T10:48:00+00:00,528.57,528.57,528.57,528.57,0,pre-market,False
2026-08-03T10:49:00+00:00,528.57,528.57,528.57,528.57,0,pre-market,False
2026-08-03T10:50:00+00:00,528.57,528.57,528.57,528.57,0,pre-market,False
2026-08-03T10:53:00+00:00,528.57,528.57,528.57,528.57,0,pre-market,False
2026-08-03T10:54:00+00:00,528.57,528.57,528.57,528.57,0,pre-market,False
2026-08-03T11:00:00+00:00,528.56,528.79,528.55,528.78,1590,pre-market,False
2026-08-03T11:01:00+00:00,528.72,528.75,528.71,528.75,760,pre-market,False
2026-08-03T11:02:00+00:00,528.75,528.75,528.75,528.75,49,pre-market,False
2026-08-03T11:03:00+00:00,528.74,528.74,528.74,528.74,60,pre-market,False
2026-08-03T11:04:00+00:00,528.75,528.75,528.75,528.75,200,pre-market,False
2026-08-03T11:05:00+00:00,528.65,528.66,528.65,528.65,475,pre-market,False
2026-08-03T11:06:00+00:00,528.74,528.74,528.74,528.74,40,pre-market,False
2026-08-03T11:07:00+00:00,528.85,528.85,528.85,528.85,120,pre-market,False
2026-08-03T11:08:00+00:00,528.82,528.82,528.8,528.8,430,pre-market,False
2026-08-03T11:09:00+00:00,528.8,528.8,528.8,528.8,0,pre-market,False
2026-08-03T11:10:00+00:00,528.91,528.98,528.9,528.98,665,pre-market,False
2026-08-03T11:11:00+00:00,528.98,528.98,528.98,528.98,0,pre-market,False
2026-08-03T11:12:00+00:00,529.14,529.14,529.13,529.13,170,pre-market,False
2026-08-03T11:13:00+00:00,528.99,529.0,528.99,528.99,40,pre-market,False
2026-08-03T11:14:00+00:00,528.99,528.99,528.99,528.99,0,pre-market,False
2026-08-03T11:15:00+00:00,528.99,528.99,528.99,528.99,0,pre-market,False
2026-08-03T11:16:00+00:00,528.99,528.99,528.99,528.99,0,pre-market,False
2026-08-03T11:17:00+00:00,529.32,529.32,529.32,529.32,45,pre-market,False
2026-08-03T11:18:00+00:00,529.24,529.24,529.24,529.24,125,pre-market,False
2026-08-03T11:19:00+00:00,529.35,529.35,529.35,529.35,80,pre-market,False
2026-08-03T11:20:00+00:00,529.37,529.37,529.35,529.36,215,pre-market,False
2026-08-03T11:21:00+00:00,529.37,529.38,529.36,529.38,855,pre-market,False
2026-08-03T11:22:00+00:00,529.28,529.28,529.28,529.28,125,pre-market,False
2026-08-03T11:24:00+00:00,529.28,529.28,529.28,529.28,0,pre-market,False
2026-08-03T11:25:00+00:00,529.23,529.23,529.23,529.23,49,pre-market,False
2026-08-03T11:26:00+00:00,529.23,529.23,529.23,529.23,0,pre-market,False
2026-08-03T11:27:00+00:00,529.23,529.23,529.23,529.23,0,pre-market,False
2026-08-03T11:29:00+00:00,529.23,529.23,529.23,529.23,0,pre-market,False
2026-08-03T11:30:00+00:00,529.48,529.65,529.48,529.65,938,pre-market,False
2026-08-03T11:31:00+00:00,529.65,529.65,529.65,529.65,0,pre-market,False
2026-08-03T11:32:00+00:00,529.65,529.65,529.65,529.65,0,pre-market,False
2026-08-03T11:33:00+00:00,529.81,529.81,529.81,529.81,200,pre-market,False
2026-08-03T11:34:00+00:00,529.81,529.81,529.81,529.81,0,pre-market,False
2026-08-03T11:35:00+00:00,529.81,529.81,529.81,529.81,0,pre-market,False
2026-08-03T11:36:00+00:00,529.81,529.81,529.81,529.81,0,pre-market,False
2026-08-03T11:37:00+00:00,529.81,529.81,529.81,529.81,0,pre-market,False
2026-08-03T11:38:00+00:00,529.81,529.81,529.81,529.81,0,pre-market,False
2026-08-03T11:39:00+00:00,529.81,529.81,529.81,529.81,0,pre-market,False
2026-08-03T11:40:00+00:00,529.68,529.69,529.68,529.68,42,pre-market,False
2026-08-03T11:41:00+00:00,529.68,529.68,529.68,529.68,0,pre-market,False
2026-08-03T11:42:00+00:00,529.68,529.68,529.68,529.68,0,pre-market,False
2026-08-03T11:43:00+00:00,529.64,529.64,529.63,529.64,1030,pre-market,False
2026-08-03T11:44:00+00:00,529.69,529.69,529.69,529.69,290,pre-market,False
2026-08-03T11:45:00+00:00,529.69,529.69,529.69,529.69,0,pre-market,False
2026-08-03T11:46:00+00:00,529.69,529.69,529.69,529.69,0,pre-market,False
2026-08-03T11:47:00+00:00,529.69,529.69,529.69,529.69,0,pre-market,False
2026-08-03T11:48:00+00:00,529.8,529.8,529.8,529.8,297,pre-market,False
2026-08-03T11:49:00+00:00,529.8,529.8,529.8,529.8,0,pre-market,False
2026-08-03T11:50:00+00:00,529.88,529.9,529.83,529.83,545,pre-market,False
2026-08-03T11:51:00+00:00,529.74,529.74,529.69,529.7,1385,pre-market,False
2026-08-03T11:52:00+00:00,529.7,529.7,529.7,529.7,0,pre-market,False
2026-08-03T11:53:00+00:00,529.71,529.71,529.71,529.71,150,pre-market,False
2026-08-03T11:55:00+00:00,529.57,529.63,529.57,529.61,721,pre-market,False
2026-08-03T11:56:00+00:00,529.5,529.57,529.5,529.57,830,pre-market,False
2026-08-03T11:57:00+00:00,529.57,529.57,529.54,529.54,470,pre-market,False
2026-08-03T11:58:00+00:00,529.6,529.6,529.59,529.6,180,pre-market,False
2026-08-03T11:59:00+00:00,529.6,529.6,529.6,529.6,192,pre-market,False
2026-08-03T12:00:00+00:00,529.63,529.64,529.48,529.48,728,pre-market,False
2026-08-03T12:01:00+00:00,529.48,529.48,529.48,529.48,0,pre-market,False
2026-08-03T12:02:00+00:00,529.62,529.7,529.62,529.7,4075,pre-market,False
2026-08-03T12:03:00+00:00,529.65,529.7,529.65,529.66,694,pre-market,False
2026-08-03T12:04:00+00:00,529.71,529.74,529.71,529.74,200,pre-market,False
2026-08-03T12:05:00+00:00,529.66,529.67,529.66,529.67,250,pre-market,False
2026-08-03T12:06:00+00:00,529.77,529.77,529.76,529.77,100,pre-market,False
2026-08-03T12:07:00+00:00,529.63,529.63,529.62,529.63,80,pre-market,False
2026-08-03T12:08:00+00:00,529.73,529.73,529.73,529.73,100,pre-market,False
2026-08-03T12:09:00+00:00,529.65,529.71,529.65,529.7,300,pre-market,False
2026-08-03T12:11:00+00:00,529.65,529.65,529.65,529.65,200,pre-market,False
2026-08-03T12:12:00+00:00,529.65,529.65,529.65,529.65,0,pre-market,False
2026-08-03T12:13:00+00:00,529.58,529.58,529.58,529.58,200,pre-market,False
2026-08-03T12:14:00+00:00,529.58,529.58,529.58,529.58,0,pre-market,False
2026-08-03T12:15:00+00:00,529.72,529.75,529.71,529.75,200,pre-market,False
2026-08-03T12:16:00+00:00,529.86,529.86,529.86,529.86,180,pre-market,False
2026-08-03T12:17:00+00:00,529.86,529.86,529.86,529.86,0,pre-market,False
2026-08-03T12:18:00+00:00,529.78,529.78,529.78,529.78,160,pre-market,False
2026-08-03T12:19:00+00:00,529.8,529.8,529.8,529.8,50,pre-market,False
2026-08-03T12:20:00+00:00,529.95,530.08,529.95,530.0,1215,pre-market,False
2026-08-03T12:21:00+00:00,530.07,530.1,530.07,530.1,680,pre-market,False
2026-08-03T12:22:00+00:00,529.97,529.97,529.96,529.97,100,pre-market,False
2026-08-03T12:23:00+00:00,529.9,529.9,529.9,529.9,100,pre-market,False
2026-08-03T12:24:00+00:00,529.87,529.87,529.86,529.87,50,pre-market,False
2026-08-03T12:25:00+00:00,529.87,529.9,529.87,529.9,100,pre-market,False
2026-08-03T12:26:00+00:00,529.98,529.98,529.97,529.98,100,pre-market,False
2026-08-03T12:27:00+00:00,529.98,529.98,529.98,529.98,0,pre-market,False
2026-08-03T12:28:00+00:00,529.86,529.86,529.86,529.86,100,pre-market,False
2026-08-03T12:29:00+00:00,529.86,529.86,529.86,529.86,0,pre-market,False
2026-08-03T12:30:00+00:00,529.86,529.86,529.86,529.86,0,pre-market,False
2026-08-03T12:31:00+00:00,530.07,530.09,530.04,530.04,760,pre-market,False
2026-08-03T12:32:00+00:00,530.04,530.05,530.04,530.04,100,pre-market,False
2026-08-03T12:33:00+00:00,530.12,530.16,530.08,530.1,666,pre-market,False
2026-08-03T12:34:00+00:00,530.1,530.1,530.1,530.1,0,pre-market,False
2026-08-03T12:35:00+00:00,530.1,530.1,530.1,530.1,0,pre-market,False
2026-08-03T12:36:00+00:00,530.24,530.24,530.2,530.22,1579,pre-market,False
2026-08-03T12:37:00+00:00,530.17,530.17,530.16,530.17,50,pre-market,False
2026-08-03T12:38:00+00:00,530.19,530.28,530.19,530.28,140,pre-market,False
2026-08-03T12:39:00+00:00,530.35,530.47,530.31,530.44,2706,pre-market,False
2026-08-03T12:40:00+00:00,530.46,530.5,530.4,530.4,630,pre-market,False
2026-08-03T12:41:00+00:00,530.39,530.39,530.33,530.33,440,pre-market,False
2026-08-03T12:42:00+00:00,530.37,530.43,530.37,530.41,806,pre-market,False
2026-08-03T12:43:00+00:00,530.39,530.45,530.34,530.45,857,pre-market,False
2026-08-03T12:44:00+00:00,530.53,530.53,530.48,530.48,450,pre-market,False
2026-08-03T12:45:00+00:00,530.54,530.54,530.53,530.53,500,pre-market,False
2026-08-03T12:46:00+00:00,530.58,530.58,530.58,530.58,40,pre-market,False
2026-08-03T12:47:00+00:00,530.66,530.66,530.65,530.66,200,pre-market,False
2026-08-03T12:48:00+00:00,530.63,530.66,530.63,530.66,415,pre-market,False
2026-08-03T12:49:00+00:00,530.67,530.73,530.65,530.67,3182,pre-market,False
2026-08-03T12:50:00+00:00,530.72,530.72,530.67,530.67,270,pre-market,False
2026-08-03T12:51:00+00:00,530.8,530.81,530.8,530.81,80,pre-market,False
2026-08-03T12:52:00+00:00,530.63,530.63,530.63,530.63,78,pre-market,False
2026-08-03T12:53:00+00:00,530.8,530.8,530.8,530.8,810,pre-market,False
2026-08-03T12:54:00+00:00,530.83,530.83,530.82,530.83,190,pre-market,False
2026-08-03T12:55:00+00:00,530.81,530.81,530.8,530.81,100,pre-market,False
2026-08-03T12:56:00+00:00,530.77,530.81,530.76,530.81,882,pre-market,False
2026-08-03T12:57:00+00:00,530.9,531.12,530.9,531.08,941,pre-market,False
2026-08-03T12:58:00+00:00,531.06,531.1,531.02,531.1,1833,pre-market,False
2026-08-03T12:59:00+00:00,531.01,531.01,530.9,531.0,1695,pre-market,False
2026-08-03T13:00:00+00:00,530.99,530.99,530.99,530.99,125,pre-market,False
2026-08-03T13:01:00+00:00,530.99,530.99,530.99,530.99,0,pre-market,False
2026-08-03T13:02:00+00:00,531.13,531.23,531.11,531.13,905,pre-market,False
2026-08-03T13:03:00+00:00,531.04,531.15,531.02,531.11,718,pre-market,False
2026-08-03T13:04:00+00:00,531.01,531.04,531.01,531.04,240,pre-market,False
2026-08-03T13:05:00+00:00,531.06,531.14,531.06,531.12,790,pre-market,False
2026-08-03T13:06:00+00:00,531.18,531.19,531.18,531.19,350,pre-market,False
2026-08-03T13:07:00+00:00,531.04,531.04,531.03,531.04,50,pre-market,False
2026-08-03T13:08:00+00:00,531.13,531.13,531.06,531.06,540,pre-market,False
2026-08-03T13:09:00+00:00,531.05,531.05,531.04,531.05,150,pre-market,False
2026-08-03T13:10:00+00:00,531.0,531.0,531.0,531.0,495,pre-market,False
2026-08-03T13:11:00+00:00,531.01,531.02,531.0,531.02,360,pre-market,False
2026-08-03T13:12:00+00:00,531.03,531.21,531.03,531.21,140,pre-market,False
2026-08-03T13:13:00+00:00,531.08,531.09,531.08,531.08,100,pre-market,False
2026-08-03T13:14:00+00:00,531.08,531.08,531.08,531.08,0,pre-market,False
2026-08-03T13:32:00+00:00,530.36,530.72,530.24,530.35,113906,regular,False
2026-08-03T13:33:00+00:00,530.35,531.01,530.35,530.77,73899,regular,False
2026-08-03T13:34:00+00:00,530.76,530.89,530.28,530.37,58736,regular,False
2026-08-03T13:35:00+00:00,530.33,530.58,530.33,530.52,16799,regular,False
2026-08-03T13:36:00+00:00,530.52,530.74,530.4,530.73,21601,regular,False
2026-08-03T13:37:00+00:00,530.63,530.75,530.51,530.75,45639,regular,False
2026-08-03T13:38:00+00:00,530.78,530.83,530.47,530.7,28624,regular,False
2026-08-03T13:39:00+00:00,530.7,531.07,530.7,530.84,21551,regular,False
2026-08-03T13:40:00+00:00,530.84,530.87,530.27,530.35,30493,regular,False
2026-08-03T13:41:00+00:00,530.37,530.38,529.99,530.17,21956,regular,False
2026-08-03T13:42:00+00:00,530.23,530.26,529.89,529.95,15287,regular,False
2026-08-03T13:43:00+00:00,529.9,530.15,529.9,529.91,9047,regular,False
2026-08-03T13:44:00+00:00,529.98,529.98,529.78,529.79,12346,regular,False
2026-08-03T13:45:00+00:00,529.86,529.96,529.7,529.77,11142,regular,False
2026-08-03T13:46:00+00:00,529.86,530.07,529.86,530.05,9418,regular,False
2026-08-03T13:47:00+00:00,530.08,530.39,530.07,530.19,11537,regular,False
2026-08-03T13:49:00+00:00,529.68,530.17,529.68,530.14,11211,regular,False
2026-08-03T13:50:00+00:00,530.08,530.22,529.88,530.05,14464,regular,False
2026-08-03T13:51:00+00:00,530.07,530.65,529.97,530.65,20195,regular,False
2026-08-03T13:52:00+00:00,530.65,530.86,530.57,530.86,14559,regular,False
2026-08-03T13:53:00+00:00,530.86,530.9,530.69,530.79,13462,regular,False
2026-08-03T13:54:00+00:00,530.93,530.93,530.62,530.62,8642,regular,False
2026-08-03T13:55:00+00:00,530.61,530.79,530.61,530.64,9127,regular,False
2026-08-03T13:56:00+00:00,530.65,530.75,530.58,530.64,5478,regular,False
2026-08-03T13:57:00+00:00,530.72,530.82,530.64,530.67,14671,regular,False
2026-08-03T13:58:00+00:00,530.66,530.67,530.52,530.65,7706,regular,False
2026-08-03T13:59:00+00:00,530.66,530.66,530.54,530.63,3942,regular,False
2026-08-03T14:00:00+00:00,530.6,530.81,530.46,530.68,14026,regular,False
2026-08-03T14:01:00+00:00,530.66,530.91,530.64,530.89,7290,regular,False
2026-08-03T14:02:00+00:00,530.92,531.57,530.92,531.57,17816,regular,False
2026-08-03T14:03:00+00:00,531.54,531.64,531.44,531.54,38644,regular,False
2026-08-03T14:04:00+00:00,531.53,531.55,531.13,531.38,26313,regular,False
2026-08-03T14:05:00+00:00,531.39,531.43,531.22,531.32,45914,regular,False
2026-08-03T14:06:00+00:00,531.32,531.35,530.97,531.0,26214,regular,False
2026-08-03T14:07:00+00:00,531.08,531.25,530.98,531.13,16257,regular,False
2026-08-03T14:08:00+00:00,531.13,531.45,531.13,531.26,39977,regular,False
2026-08-03T14:09:00+00:00,531.3,531.32,531.1,531.17,14569,regular,False
2026-08-03T14:10:00+00:00,531.19,531.23,531.08,531.23,11143,regular,False
2026-08-03T14:11:00+00:00,531.22,531.22,530.97,531.07,12029,regular,False
2026-08-03T14:12:00+00:00,531.01,531.2,530.97,531.2,5855,regular,False
2026-08-03T14:13:00+00:00,531.19,531.2,530.89,531.06,13783,regular,False
2026-08-03T14:14:00+00:00,531.1,531.42,531.07,531.34,29545,regular,False
2026-08-03T14:15:00+00:00,531.34,531.51,531.26,531.26,13509,regular,False
2026-08-03T14:16:00+00:00,531.28,531.34,531.17,531.3,13654,regular,False
2026-08-03T14:17:00+00:00,531.27,531.37,531.2,531.2,14325,regular,False
2026-08-03T14:18:00+00:00,531.18,531.24,531.12,531.17,3943,regular,False
2026-08-03T14:19:00+00:00,531.16,531.17,530.93,530.98,3607,regular,False
2026-08-03T14:20:00+00:00,531.02,531.03,530.66,530.67,8256,regular,False
2026-08-03T14:21:00+00:00,530.68,530.77,530.6,530.72,6727,regular,False
2026-08-03T14:22:00+00:00,530.72,530.72,530.48,530.6,3688,regular,False
2026-08-03T14:23:00+00:00,530.61,530.81,530.59,530.74,3953,regular,False
2026-08-03T14:24:00+00:00,530.75,530.9,530.71,530.71,8534,regular,False
2026-08-03T14:25:00+00:00,530.73,530.82,530.61,530.79,7693,regular,False
2026-08-03T14:26:00+00:00,530.81,530.86,530.67,530.8,9022,regular,False
2026-08-03T14:27:00+00:00,530.8,530.87,530.73,530.83,10381,regular,False
2026-08-03T14:28:00+00:00,530.82,530.88,530.71,530.76,2660,regular,False
2026-08-03T14:29:00+00:00,530.77,530.77,530.49,530.53,13878,regular,False
2026-08-03T14:30:00+00:00,530.53,530.58,530.42,530.5,20855,regular,False
2026-08-03T14:31:00+00:00,530.48,530.49,530.13,530.22,17837,regular,False
2026-08-03T14:32:00+00:00,530.27,530.28,530.09,530.17,15846,regular,False
2026-08-03T14:33:00+00:00,530.13,530.27,530.07,530.1,3816,regular,False
2026-08-03T14:34:00+00:00,530.09,530.24,530.02,530.16,3087,regular,False
2026-08-03T14:35:00+00:00,530.12,530.14,529.89,529.93,8598,regular,False
2026-08-03T14:36:00+00:00,529.93,530.17,529.88,530.14,14682,regular,False
2026-08-03T14:37:00+00:00,530.16,530.19,529.99,530.13,14546,regular,False
2026-08-03T14:38:00+00:00,530.11,530.2,530.04,530.06,7632,regular,False
2026-08-03T14:39:00+00:00,530.01,530.18,530.01,530.14,4234,regular,False
2026-08-03T14:40:00+00:00,530.12,530.38,530.11,530.38,8426,regular,False
2026-08-03T14:41:00+00:00,530.38,530.43,530.23,530.25,12866,regular,False
2026-08-03T14:42:00+00:00,530.25,530.36,530.2,530.25,16590,regular,False
2026-08-03T14:43:00+00:00,530.25,530.41,530.18,530.4,10359,regular,False
2026-08-03T14:44:00+00:00,530.39,530.4,530.29,530.39,25871,regular,False
2026-08-03T14:45:00+00:00,530.4,530.45,530.16,530.19,7318,regular,False
2026-08-03T14:46:00+00:00,530.16,530.23,530.09,530.21,21107,regular,False
2026-08-03T14:47:00+00:00,530.22,530.28,530.13,530.16,8622,regular,False
2026-08-03T14:48:00+00:00,530.16,530.16,530.02,530.08,8258,regular,False
2026-08-03T14:49:00+00:00,530.07,530.15,529.96,530.06,5216,regular,False
2026-08-03T14:50:00+00:00,530.05,530.22,530.02,530.17,30503,regular,False
2026-08-03T14:51:00+00:00,530.15,530.31,530.13,530.16,32963,regular,False
2026-08-03T14:52:00+00:00,530.17,530.17,529.84,529.89,8591,regular,False
2026-08-03T14:53:00+00:00,529.89,529.94,529.76,529.94,29021,regular,False
2026-08-03T14:54:00+00:00,529.93,529.99,529.85,529.93,10981,regular,False
2026-08-03T14:55:00+00:00,529.95,530.11,529.94,530.07,145074,regular,False
2026-08-03T14:56:00+00:00,530.07,530.41,530.06,530.23,59896,regular,False
2026-08-03T14:57:00+00:00,530.26,530.27,529.99,529.99,12041,regular,False
2026-08-03T14:58:00+00:00,529.98,530.01,529.88,529.98,4460,regular,False
2026-08-03T14:59:00+00:00,529.99,530.01,529.89,529.91,7006,regular,False
2026-08-03T15:00:00+00:00,529.91,530.15,529.87,530.04,29370,regular,False
2026-08-03T15:01:00+00:00,530.0,530.09,529.91,529.91,8929,regular,False
2026-08-03T15:02:00+00:00,529.91,529.99,529.86,529.86,5453,regular,False
2026-08-03T15:03:00+00:00,529.84,529.85,529.61,529.76,4158,regular,False
2026-08-03T15:04:00+00:00,529.8,529.8,529.68,529.76,2618,regular,False
2026-08-03T15:05:00+00:00,529.74,529.74,529.49,529.52,13159,regular,False
2026-08-03T15:06:00+00:00,529.51,529.62,529.43,529.62,11260,regular,False
2026-08-03T15:07:00+00:00,529.62,529.7,529.51,529.54,5219,regular,False
2026-08-03T15:08:00+00:00,529.54,529.55,529.39,529.44,12230,regular,False
2026-08-03T15:09:00+00:00,529.39,529.49,529.33,529.47,10550,regular,False
2026-08-03T15:10:00+00:00,529.49,529.54,529.39,529.4,6206,regular,False
2026-08-03T15:11:00+00:00,529.44,529.53,529.4,529.45,4134,regular,False
2026-08-03T15:12:00+00:00,529.42,529.66,529.4,529.62,8920,regular,False
2026-08-03T15:13:00+00:00,529.64,529.64,529.38,529.55,6579,regular,False
2026-08-03T15:14:00+00:00,529.57,529.7,529.46,529.66,9146,regular,False
2026-08-03T15:15:00+00:00,529.66,529.82,529.66,529.68,3593,regular,False
2026-08-03T15:16:00+00:00,529.69,529.72,529.56,529.58,5015,regular,False
2026-08-03T15:17:00+00:00,529.57,529.71,529.57,529.67,6817,regular,False
2026-08-03T15:18:00+00:00,529.7,529.75,529.7,529.75,1805,regular,False
2026-08-03T15:19:00+00:00,529.79,529.91,529.67,529.9,12604,regular,False
2026-08-03T15:20:00+00:00,529.9,529.96,529.82,529.85,5199,regular,False
2026-08-03T15:21:00+00:00,529.85,529.89,529.66,529.66,6537,regular,False
2026-08-03T15:22:00+00:00,529.62,529.82,529.62,529.78,6798,regular,False
2026-08-03T15:23:00+00:00,529.75,529.75,529.66,529.7,3365,regular,False
2026-08-03T15:24:00+00:00,529.68,529.81,529.67,529.72,4041,regular,False
2026-08-03T15:25:00+00:00,529.72,529.8,529.39,529.6,16703,regular,False
2026-08-03T15:26:00+00:00,529.55,529.73,529.45,529.71,10878,regular,False
2026-08-03T15:27:00+00:00,529.7,529.91,529.64,529.76,96731,regular,False
2026-08-03T15:28:00+00:00,529.75,529.82,529.63,529.67,4334,regular,False
2026-08-03T15:29:00+00:00,529.71,529.71,529.62,529.71,5288,regular,False
2026-08-03T15:30:00+00:00,529.72,529.81,529.69,529.72,3071,regular,False
2026-08-03T15:31:00+00:00,529.66,529.66,529.5,529.55,1825,regular,False
2026-08-03T15:32:00+00:00,529.57,529.6,529.51,529.55,2292,regular,False
2026-08-03T15:33:00+00:00,529.52,529.59,529.49,529.59,2738,regular,False
2026-08-03T15:34:00+00:00,529.6,529.64,529.54,529.54,2621,regular,False
2026-08-03T15:35:00+00:00,529.53,529.62,529.48,529.5,3328,regular,False
2026-08-03T15:36:00+00:00,529.52,529.65,529.47,529.59,5831,regular,False
2026-08-03T15:37:00+00:00,529.62,529.76,529.57,529.73,3388,regular,False
2026-08-03T15:38:00+00:00,529.72,529.94,529.71,529.94,7934,regular,False
2026-08-03T15:39:00+00:00,529.95,529.96,529.79,529.81,4402,regular,False
2026-08-03T15:40:00+00:00,529.78,529.89,529.75,529.88,4572,regular,False
2026-08-03T15:41:00+00:00,529.88,530.04,529.88,529.99,3762,regular,False
2026-08-03T15:42:00+00:00,529.97,529.97,529.78,529.79,7888,regular,False
2026-08-03T15:43:00+00:00,529.77,529.82,529.71,529.72,4596,regular,False
2026-08-03T15:44:00+00:00,529.7,529.76,529.67,529.68,2414,regular,False
2026-08-03T15:45:00+00:00,529.67,529.86,529.66,529.86,3512,regular,False
2026-08-03T15:46:00+00:00,529.91,529.99,529.89,529.95,2469,regular,False
2026-08-03T15:47:00+00:00,529.84,530.0,529.84,530.0,3673,regular,False
2026-08-03T15:48:00+00:00,529.95,529.99,529.95,529.96,916,regular,False
2026-08-03T15:49:00+00:00,529.95,529.97,529.89,529.89,1085,regular,False
2026-08-03T15:50:00+00:00,529.94,529.98,529.9,529.92,1580,regular,False
2026-08-03T15:51:00+00:00,529.92,529.99,529.92,529.98,240,regular,False
2026-08-03T15:52:00+00:00,530.0,530.0,529.88,529.88,2743,regular,False
2026-08-03T15:53:00+00:00,529.83,529.88,529.76,529.81,1023,regular,False
2026-08-03T15:54:00+00:00,529.77,529.88,529.76,529.88,2141,regular,False
2026-08-03T15:55:00+00:00,529.83,529.83,529.63,529.63,4197,regular,False
2026-08-03T15:56:00+00:00,529.63,529.68,529.55,529.61,2607,regular,False
2026-08-03T15:57:00+00:00,529.63,529.63,529.57,529.57,612,regular,False
2026-08-03T15:58:00+00:00,529.56,529.67,529.54,529.65,2440,regular,False
2026-08-03T15:59:00+00:00,529.66,529.69,529.6,529.63,2278,regular,False
2026-08-03T16:00:00+00:00,529.64,529.73,529.62,529.63,1964,regular,False
2026-08-03T16:01:00+00:00,529.56,529.63,529.56,529.57,2750,regular,False
2026-08-03T16:02:00+00:00,529.6,529.6,529.49,529.49,1388,regular,False
2026-08-03T16:03:00+00:00,529.43,529.45,529.39,529.43,1379,regular,False
2026-08-03T16:04:00+00:00,529.42,529.49,529.41,529.42,2727,regular,False
2026-08-03T16:05:00+00:00,529.45,529.46,529.34,529.4,8090,regular,False
2026-08-03T16:06:00+00:00,529.39,529.48,529.39,529.47,8771,regular,False
2026-08-03T16:07:00+00:00,529.53,529.54,529.46,529.48,2206,regular,False
2026-08-03T16:08:00+00:00,529.48,529.54,529.43,529.51,2014,regular,False
2026-08-03T16:09:00+00:00,529.52,529.61,529.5,529.59,1203,regular,False
2026-08-03T16:10:00+00:00,529.61,529.62,529.43,529.43,4921,regular,False
2026-08-03T16:11:00+00:00,529.4,529.49,529.35,529.44,12118,regular,False
2026-08-03T16:12:00+00:00,529.48,529.56,529.48,529.53,2416,regular,False
2026-08-03T16:13:00+00:00,529.51,529.56,529.49,529.52,3836,regular,False
2026-08-03T16:14:00+00:00,529.53,529.57,529.51,529.54,2468,regular,False
2026-08-03T16:15:00+00:00,529.55,529.59,529.51,529.56,4594,regular,False
2026-08-03T16:16:00+00:00,529.58,529.63,529.55,529.56,1476,regular,False
2026-08-03T16:17:00+00:00,529.55,529.56,529.45,529.46,2381,regular,False
2026-08-03T16:18:00+00:00,529.49,529.5,529.33,529.35,5626,regular,False
2026-08-03T16:19:00+00:00,529.35,529.44,529.35,529.4,4314,regular,False
2026-08-03T16:20:00+00:00,529.4,529.44,529.26,529.26,1173,regular,False
2026-08-03T16:21:00+00:00,529.24,529.3,529.22,529.28,3943,regular,False
2026-08-03T16:22:00+00:00,529.34,529.36,529.29,529.34,2435,regular,False
2026-08-03T16:23:00+00:00,529.34,529.34,529.26,529.31,2363,regular,False
2026-08-03T16:24:00+00:00,529.39,529.46,529.38,529.44,976,regular,False
2026-08-03T16:25:00+00:00,529.5,529.53,529.38,529.45,5664,regular,False
2026-08-03T16:26:00+00:00,529.47,529.58,529.45,529.53,15325,regular,False
2026-08-03T16:27:00+00:00,529.52,529.68,529.52,529.63,5790,regular,False
2026-08-03T16:28:00+00:00,529.63,529.68,529.58,529.58,2051,regular,False
2026-08-03T16:29:00+00:00,529.56,529.7,529.56,529.7,902,regular,False
2026-08-03T16:30:00+00:00,529.66,529.69,529.59,529.59,8818,regular,False
2026-08-03T16:31:00+00:00,529.55,529.67,529.54,529.6,1995,regular,False
2026-08-03T16:32:00+00:00,529.6,529.7,529.56,529.61,3153,regular,False
2026-08-03T16:33:00+00:00,529.55,529.55,529.48,529.48,683,regular,False
2026-08-03T16:34:00+00:00,529.49,529.52,529.48,529.52,157,regular,False
2026-08-03T16:35:00+00:00,529.42,529.42,529.25,529.29,612,regular,False
2026-08-03T16:36:00+00:00,529.33,529.39,529.21,529.39,3707,regular,False
2026-08-03T16:37:00+00:00,529.4,529.48,529.39,529.48,2200,regular,False
2026-08-03T16:38:00+00:00,529.48,529.48,529.4,529.42,791,regular,False
2026-08-03T16:39:00+00:00,529.43,529.43,529.36,529.37,2533,regular,False
2026-08-03T16:40:00+00:00,529.42,529.47,529.36,529.47,1180,regular,False
2026-08-03T16:41:00+00:00,529.45,529.46,529.31,529.31,2984,regular,False
2026-08-03T16:42:00+00:00,529.27,529.27,529.23,529.23,350,regular,False
2026-08-03T16:43:00+00:00,529.2,529.28,529.16,529.28,2750,regular,False
2026-08-03T16:44:00+00:00,529.31,529.34,529.3,529.31,1290,regular,False
2026-08-03T16:45:00+00:00,529.22,529.25,529.17,529.18,1882,regular,False
2026-08-03T16:46:00+00:00,529.17,529.27,529.17,529.27,1432,regular,False
2026-08-03T16:47:00+00:00,529.28,529.3,529.24,529.26,1017,regular,False
2026-08-03T16:48:00+00:00,529.21,529.26,529.17,529.17,1320,regular,False
2026-08-03T16:49:00+00:00,529.18,529.23,529.14,529.22,6247,regular,False
2026-08-03T16:50:00+00:00,529.22,529.22,529.1,529.1,8266,regular,False
2026-08-03T16:51:00+00:00,529.1,529.1,528.97,529.06,4126,regular,False
2026-08-03T16:52:00+00:00,528.99,529.0,528.92,528.94,3220,regular,False
2026-08-03T16:53:00+00:00,528.93,529.04,528.9,529.03,5053,regular,False
2026-08-03T16:54:00+00:00,529.02,529.03,528.84,528.85,4292,regular,False
2026-08-03T16:55:00+00:00,528.82,528.88,528.8,528.87,2393,regular,False
2026-08-03T16:56:00+00:00,528.87,528.89,528.83,528.86,3409,regular,False
2026-08-03T16:57:00+00:00,528.88,529.08,528.88,529.08,2321,regular,False
2026-08-03T16:58:00+00:00,529.1,529.13,529.04,529.06,4076,regular,False
2026-08-03T16:59:00+00:00,529.03,529.07,529.01,529.05,520,regular,False
2026-08-03T17:00:00+00:00,529.07,529.07,528.98,529.01,1905,regular,False
2026-08-03T17:01:00+00:00,528.99,529.08,528.97,529.08,561,regular,False
2026-08-03T17:02:00+00:00,529.0,529.01,528.91,528.92,679,regular,False
2026-08-03T17:03:00+00:00,528.91,528.95,528.86,528.88,1093,regular,False
2026-08-03T17:04:00+00:00,528.88,528.93,528.81,528.93,708,regular,False
2026-08-03T17:05:00+00:00,528.96,528.97,528.82,528.83,1370,regular,False
2026-08-03T17:06:00+00:00,528.83,528.83,528.74,528.74,2613,regular,False
2026-08-03T17:07:00+00:00,528.73,528.8,528.69,528.8,2773,regular,False
2026-08-03T17:08:00+00:00,528.85,528.85,528.83,528.84,405,regular,False
2026-08-03T17:09:00+00:00,528.88,528.91,528.86,528.9,1333,regular,False
2026-08-03T17:10:00+00:00,528.88,528.89,528.87,528.89,455,regular,False
2026-08-03T17:11:00+00:00,528.9,529.04,528.9,528.98,4868,regular,False
2026-08-03T17:12:00+00:00,528.98,528.98,528.91,528.97,2130,regular,False
2026-08-03T17:13:00+00:00,528.96,529.04,528.94,529.01,3833,regular,False
2026-08-03T17:14:00+00:00,529.08,529.11,529.06,529.11,1735,regular,False
2026-08-03T17:15:00+00:00,529.08,529.22,529.08,529.15,5308,regular,False
2026-08-03T17:16:00+00:00,529.14,529.21,529.1,529.21,1671,regular,False
2026-08-03T17:17:00+00:00,529.2,529.21,529.14,529.21,2261,regular,False
2026-08-03T17:18:00+00:00,529.22,529.22,529.17,529.18,4459,regular,False
2026-08-03T17:19:00+00:00,529.19,529.22,529.13,529.22,1989,regular,False
2026-08-03T17:20:00+00:00,529.24,529.29,529.2,529.26,4774,regular,False
2026-08-03T17:21:00+00:00,529.26,529.34,529.24,529.34,2262,regular,False
2026-08-03T17:22:00+00:00,529.38,529.43,529.35,529.39,2858,regular,False
2026-08-03T17:23:00+00:00,529.37,529.39,529.26,529.29,1473,regular,False
2026-08-03T17:24:00+00:00,529.27,529.37,529.26,529.26,2417,regular,False
2026-08-03T17:25:00+00:00,529.33,529.33,529.22,529.22,2556,regular,False
2026-08-03T17:26:00+00:00,529.25,529.25,529.17,529.23,5156,regular,False
2026-08-03T17:27:00+00:00,529.24,529.37,529.22,529.28,5002,regular,False
2026-08-03T17:28:00+00:00,529.27,529.32,529.22,529.27,6157,regular,False
2026-08-03T17:29:00+00:00,529.24,529.28,529.2,529.28,1653,regular,False
2026-08-03T17:30:00+00:00,529.28,529.43,529.27,529.43,6917,regular,False
2026-08-03T17:31:00+00:00,529.41,529.41,529.32,529.38,2160,regular,False
2026-08-03T17:32:00+00:00,529.37,529.43,529.37,529.43,1017,regular,False
2026-08-03T17:33:00+00:00,529.49,529.62,529.49,529.59,3210,regular,False
2026-08-03T17:34:00+00:00,529.59,529.73,529.57,529.71,1561,regular,False
2026-08-03T17:35:00+00:00,529.71,529.85,529.7,529.83,1482,regular,False
2026-08-03T17:36:00+00:00,529.81,529.86,529.81,529.81,1700,regular,False
2026-08-03T17:37:00+00:00,529.86,529.86,529.81,529.81,135,regular,False
2026-08-03T17:38:00+00:00,529.79,529.87,529.79,529.84,3288,regular,False
2026-08-03T17:39:00+00:00,529.83,529.98,529.81,529.98,1973,regular,False
2026-08-03T17:40:00+00:00,530.0,530.04,529.96,530.0,5890,regular,False
2026-08-03T17:41:00+00:00,529.99,530.0,529.94,529.98,19035,regular,False
2026-08-03T17:42:00+00:00,529.95,530.02,529.93,530.0,2374,regular,False
2026-08-03T17:43:00+00:00,529.99,530.06,529.99,530.04,865,regular,False
2026-08-03T17:44:00+00:00,530.07,530.14,530.07,530.1,910,regular,False
2026-08-03T17:45:00+00:00,530.08,530.21,530.08,530.21,2377,regular,False
2026-08-03T17:46:00+00:00,530.24,530.3,530.23,530.27,2348,regular,False
2026-08-03T17:47:00+00:00,530.25,530.25,530.18,530.24,917,regular,False
2026-08-03T17:48:00+00:00,530.23,530.24,530.2,530.21,1012,regular,False
2026-08-03T17:49:00+00:00,530.22,530.27,530.19,530.25,2460,regular,False
2026-08-03T17:50:00+00:00,530.26,530.3,530.2,530.2,2052,regular,False
2026-08-03T17:51:00+00:00,530.21,530.3,530.21,530.24,2491,regular,False
2026-08-03T17:52:00+00:00,530.21,530.24,530.14,530.18,2463,regular,False
2026-08-03T17:53:00+00:00,530.19,530.22,530.15,530.22,2409,regular,False
2026-08-03T17:54:00+00:00,530.24,530.29,530.24,530.29,646,regular,False
2026-08-03T17:55:00+00:00,530.32,530.39,530.26,530.28,3873,regular,False
2026-08-03T17:56:00+00:00,530.25,530.27,530.11,530.19,1311,regular,False
2026-08-03T17:57:00+00:00,530.18,530.25,530.17,530.25,1566,regular,False
2026-08-03T17:58:00+00:00,530.24,530.28,530.23,530.28,840,regular,False
2026-08-03T17:59:00+00:00,530.24,530.25,530.18,530.2,2619,regular,False
2026-08-03T18:00:00+00:00,530.19,530.32,530.17,530.24,1667,regular,False
2026-08-03T18:01:00+00:00,530.21,530.27,530.17,530.21,1822,regular,False
2026-08-03T18:02:00+00:00,530.2,530.28,530.18,530.27,2406,regular,False
2026-08-03T18:03:00+00:00,530.26,530.37,530.25,530.35,4011,regular,False
2026-08-03T18:04:00+00:00,530.38,530.51,530.38,530.48,4178,regular,False
2026-08-03T18:05:00+00:00,530.51,530.62,530.48,530.6,3425,regular,False
2026-08-03T18:06:00+00:00,530.59,530.61,530.51,530.61,7176,regular,False
2026-08-03T18:07:00+00:00,530.61,530.67,530.59,530.6,3780,regular,False
2026-08-03T18:08:00+00:00,530.6,530.67,530.59,530.67,4165,regular,False
2026-08-03T18:09:00+00:00,530.7,530.86,530.7,530.83,2144,regular,False
2026-08-03T18:10:00+00:00,530.83,530.84,530.69,530.73,1939,regular,False
2026-08-03T18:11:00+00:00,530.74,530.74,530.5,530.5,1976,regular,False
2026-08-03T18:12:00+00:00,530.51,530.59,530.51,530.59,9212,regular,False
2026-08-03T18:13:00+00:00,530.59,530.63,530.54,530.56,1190,regular,False
2026-08-03T18:14:00+00:00,530.59,530.6,530.55,530.57,4796,regular,False
2026-08-03T18:15:00+00:00,530.59,530.66,530.57,530.64,4642,regular,False
2026-08-03T18:16:00+00:00,530.63,530.69,530.62,530.68,3364,regular,False
2026-08-03T18:17:00+00:00,530.68,530.71,530.62,530.62,2878,regular,False
2026-08-03T18:18:00+00:00,530.64,530.67,530.59,530.63,1338,regular,False
2026-08-03T18:19:00+00:00,530.68,530.68,530.51,530.51,2086,regular,False
2026-08-03T18:20:00+00:00,530.53,530.53,530.4,530.45,2796,regular,False
2026-08-03T18:21:00+00:00,530.46,530.67,530.45,530.67,999,regular,False
2026-08-03T18:22:00+00:00,530.67,530.74,530.67,530.67,1964,regular,False
2026-08-03T18:23:00+00:00,530.67,530.7,530.65,530.7,716,regular,False
2026-08-03T18:24:00+00:00,530.7,530.7,530.62,530.63,1345,regular,False
2026-08-03T18:25:00+00:00,530.66,530.68,530.59,530.62,1889,regular,False
2026-08-03T18:26:00+00:00,530.6,530.66,530.58,530.61,2128,regular,False
2026-08-03T18:27:00+00:00,530.59,530.61,530.56,530.58,1371,regular,False
2026-08-03T18:28:00+00:00,530.62,530.62,530.48,530.51,3115,regular,False
2026-08-03T18:29:00+00:00,530.54,530.69,530.53,530.65,2185,regular,False
2026-08-03T18:30:00+00:00,530.68,530.8,530.52,530.52,3752,regular,False
2026-08-03T18:31:00+00:00,530.49,530.51,530.44,530.48,3140,regular,False
2026-08-03T18:32:00+00:00,530.47,530.57,530.46,530.48,3929,regular,False
2026-08-03T18:33:00+00:00,530.49,530.5,530.26,530.3,7209,regular,False
2026-08-03T18:34:00+00:00,530.29,530.45,530.27,530.44,4055,regular,False
2026-08-03T18:35:00+00:00,530.47,530.6,530.47,530.6,1482,regular,False
2026-08-03T18:36:00+00:00,530.61,530.62,530.53,530.54,2543,regular,False
2026-08-03T18:37:00+00:00,530.54,530.64,530.52,530.64,3839,regular,False
2026-08-03T18:38:00+00:00,530.61,530.76,530.58,530.74,3483,regular,False
2026-08-03T18:39:00+00:00,530.73,530.74,530.69,530.7,2035,regular,False
2026-08-03T18:40:00+00:00,530.72,530.73,530.65,530.71,2494,regular,False
2026-08-03T18:41:00+00:00,530.73,530.86,530.72,530.85,3929,regular,False
2026-08-03T18:42:00+00:00,530.85,530.92,530.8,530.82,5330,regular,False
2026-08-03T18:43:00+00:00,530.83,530.87,530.81,530.85,971,regular,False
2026-08-03T18:44:00+00:00,530.85,530.93,530.81,530.9,23225,regular,False
2026-08-03T18:45:00+00:00,530.9,530.96,530.89,530.93,7479,regular,False
2026-08-03T18:46:00+00:00,530.89,530.9,530.78,530.85,1360,regular,False
2026-08-03T18:47:00+00:00,530.85,530.91,530.8,530.86,7563,regular,False
2026-08-03T18:48:00+00:00,530.83,530.87,530.78,530.81,2451,regular,False
2026-08-03T18:49:00+00:00,530.77,530.87,530.77,530.87,575,regular,False
2026-08-03T18:50:00+00:00,530.9,530.94,530.77,530.77,3178,regular,False
2026-08-03T18:51:00+00:00,530.79,530.83,530.78,530.83,444,regular,False
2026-08-03T18:52:00+00:00,530.81,530.88,530.8,530.86,4526,regular,False
2026-08-03T18:53:00+00:00,530.84,530.93,530.84,530.9,3116,regular,False
2026-08-03T18:54:00+00:00,530.92,530.92,530.82,530.83,1817,regular,False
2026-08-03T18:55:00+00:00,530.87,530.89,530.83,530.88,2066,regular,False
2026-08-03T18:56:00+00:00,530.89,530.93,530.88,530.92,3130,regular,False
2026-08-03T18:57:00+00:00,530.94,531.01,530.94,530.94,3761,regular,False
2026-08-03T18:58:00+00:00,530.94,531.01,530.87,530.9,2894,regular,False
2026-08-03T18:59:00+00:00,530.86,530.86,530.7,530.72,1877,regular,False
2026-08-03T19:00:00+00:00,530.72,530.82,530.72,530.82,2693,regular,False
2026-08-03T19:01:00+00:00,530.81,530.95,530.81,530.91,4706,regular,False
2026-08-03T19:02:00+00:00,530.9,531.07,530.89,531.07,3451,regular,False
2026-08-03T19:03:00+00:00,531.02,531.03,530.94,530.99,3745,regular,False
2026-08-03T19:04:00+00:00,531.01,531.06,530.99,531.04,1795,regular,False
2026-08-03T19:05:00+00:00,531.04,531.05,530.99,531.02,12701,regular,False
2026-08-03T19:06:00+00:00,530.98,530.98,530.93,530.98,2963,regular,False
2026-08-03T19:07:00+00:00,530.99,530.99,530.81,530.81,4339,regular,False
2026-08-03T19:08:00+00:00,530.81,530.85,530.75,530.82,8938,regular,False
2026-08-03T19:09:00+00:00,530.81,530.89,530.8,530.85,3648,regular,False
2026-08-03T19:10:00+00:00,530.86,531.03,530.86,531.03,2349,regular,False
2026-08-03T19:11:00+00:00,531.0,531.05,530.96,530.98,4638,regular,False
2026-08-03T19:12:00+00:00,530.97,531.0,530.9,530.92,2835,regular,False
2026-08-03T19:13:00+00:00,530.93,530.97,530.9,530.97,890,regular,False
2026-08-03T19:14:00+00:00,531.01,531.12,531.0,531.1,2310,regular,False
2026-08-03T19:15:00+00:00,531.12,531.21,531.11,531.2,3075,regular,False
2026-08-03T19:16:00+00:00,531.2,531.21,531.14,531.14,4195,regular,False
2026-08-03T19:17:00+00:00,531.13,531.16,531.11,531.15,1722,regular,False
2026-08-03T19:18:00+00:00,531.16,531.19,531.09,531.09,2494,regular,False
2026-08-03T19:19:00+00:00,531.08,531.11,530.98,530.99,2413,regular,False
2026-08-03T19:20:00+00:00,531.05,531.11,531.04,531.05,3839,regular,False
2026-08-03T19:21:00+00:00,531.05,531.12,531.05,531.12,12226,regular,False
2026-08-03T19:22:00+00:00,531.15,531.15,531.07,531.1,2857,regular,False
2026-08-03T19:23:00+00:00,531.08,531.16,531.07,531.15,3826,regular,False
2026-08-03T19:24:00+00:00,531.14,531.26,531.14,531.26,3280,regular,False
2026-08-03T19:25:00+00:00,531.26,531.33,531.19,531.33,7006,regular,False
2026-08-03T19:26:00+00:00,531.32,531.41,531.32,531.37,17151,regular,False
2026-08-03T19:27:00+00:00,531.37,531.39,531.3,531.33,9573,regular,False
2026-08-03T19:28:00+00:00,531.33,531.35,531.23,531.23,1808,regular,False
2026-08-03T19:29:00+00:00,531.21,531.28,531.18,531.26,3706,regular,False
2026-08-03T19:30:00+00:00,531.28,531.36,531.24,531.27,2923,regular,False
2026-08-03T19:31:00+00:00,531.3,531.42,531.29,531.36,5408,regular,False
2026-08-03T19:32:00+00:00,531.37,531.39,531.31,531.31,8631,regular,False
2026-08-03T19:33:00+00:00,531.34,531.39,531.29,531.34,3822,regular,False
2026-08-03T19:34:00+00:00,531.34,531.35,531.23,531.33,3825,regular,False
2026-08-03T19:35:00+00:00,531.4,531.44,531.37,531.38,4713,regular,False
2026-08-03T19:36:00+00:00,531.35,531.36,531.17,531.17,3692,regular,False
2026-08-03T19:37:00+00:00,531.16,531.17,531.03,531.13,6588,regular,False
2026-08-03T19:38:00+00:00,531.14,531.17,531.1,531.14,2303,regular,False
2026-08-03T19:39:00+00:00,531.11,531.26,531.11,531.22,4172,regular,False
2026-08-03T19:40:00+00:00,531.23,531.23,531.11,531.18,3610,regular,False
2026-08-03T19:41:00+00:00,531.21,531.31,531.2,531.21,8007,regular,False
2026-08-03T19:42:00+00:00,531.21,531.26,531.2,531.24,2385,regular,False
2026-08-03T19:43:00+00:00,531.25,531.3,531.18,531.19,3142,regular,False
2026-08-03T19:44:00+00:00,531.21,531.28,531.17,531.24,2935,regular,False
2026-08-03T19:45:00+00:00,531.26,531.4,531.23,531.39,8126,regular,False
2026-08-03T19:46:00+00:00,531.41,531.46,531.34,531.36,5468,regular,False
2026-08-03T19:47:00+00:00,531.4,531.42,531.36,531.42,1070,regular,False
2026-08-03T19:48:00+00:00,531.43,531.5,531.38,531.43,4578,regular,False
2026-08-03T19:49:00+00:00,531.42,531.5,531.41,531.45,3060,regular,False
2026-08-03T19:50:00+00:00,531.51,531.51,531.29,531.29,11333,regular,False
2026-08-03T19:51:00+00:00,531.3,531.57,531.3,531.51,2974,regular,False
2026-08-03T19:52:00+00:00,531.53,531.59,531.43,531.43,4084,regular,False
2026-08-03T19:53:00+00:00,531.46,531.55,531.39,531.39,5591,regular,False
2026-08-03T19:54:00+00:00,531.33,531.33,531.18,531.33,8910,regular,False
2026-08-03T19:55:00+00:00,531.3,531.46,531.28,531.43,44235,regular,False
2026-08-03T19:56:00+00:00,531.46,531.53,531.42,531.51,14908,regular,False
2026-08-03T19:57:00+00:00,531.52,531.65,531.51,531.54,13273,regular,False
2026-08-03T19:58:00+00:00,531.53,531.58,531.24,531.37,31399,regular,False
2026-08-03T20:01:00+00:00,531.34,531.35,531.34,531.35,3000,after-market,False
2026-08-03T20:02:00+00:00,531.42,531.44,531.42,531.44,270,after-market,False
2026-08-03T20:03:00+00:00,531.44,531.44,531.44,531.44,0,after-market,False
2026-08-03T20:04:00+00:00,531.55,531.71,531.55,531.71,310,after-market,False
2026-08-03T20:05:00+00:00,531.78,531.85,531.78,531.83,1949,after-market,False
2026-08-03T20:06:00+00:00,531.8,531.88,531.8,531.88,1721,after-market,False
2026-08-03T20:07:00+00:00,531.89,531.98,531.89,531.98,521,after-market,False
2026-08-03T20:09:00+00:00,531.93,531.93,531.93,531.93,1000,after-market,False
2026-08-03T20:10:00+00:00,531.93,531.93,531.93,531.93,0,after-market,False
2026-08-03T20:11:00+00:00,531.88,531.96,531.88,531.96,384,after-market,False
2026-08-03T20:12:00+00:00,531.95,531.95,531.94,531.94,1260,after-market,False
2026-08-03T20:13:00+00:00,531.96,531.97,531.96,531.97,177,after-market,False
2026-08-03T20:14:00+00:00,531.99,532.0,531.99,532.0,578,after-market,False
2026-08-03T20:15:00+00:00,532.0,532.0,532.0,532.0,0,after-market,False
2026-08-03T20:16:00+00:00,532.0,532.0,532.0,532.0,0,after-market,False
2026-08-03T20:17:00+00:00,532.0,532.0,532.0,532.0,0,after-market,False
2026-08-03T20:20:00+00:00,532.0,532.0,532.0,532.0,0,after-market,False
2026-08-03T20:21:00+00:00,531.87,531.93,531.87,531.93,947,after-market,False
2026-08-03T20:22:00+00:00,531.93,531.93,531.93,531.93,0,after-market,False
2026-08-03T20:23:00+00:00,531.84,531.84,531.84,531.84,90,after-market,False
2026-08-03T20:25:00+00:00,531.84,531.84,531.84,531.84,0,after-market,False
2026-08-03T20:26:00+00:00,531.84,531.84,531.84,531.84,0,after-market,False
2026-08-03T20:27:00+00:00,531.76,531.76,531.76,531.76,74,after-market,False
2026-08-03T20:28:00+00:00,531.76,531.76,531.76,531.76,0,after-market,False
2026-08-03T20:30:00+00:00,531.83,531.83,531.83,531.83,90,after-market,False
2026-08-03T20:31:00+00:00,531.83,531.83,531.83,531.83,0,after-market,False
2026-08-03T20:32:00+00:00,531.83,531.83,531.83,531.83,0,after-market,False
2026-08-03T20:33:00+00:00,531.83,531.83,531.83,531.83,0,after-market,False
2026-08-03T20:34:00+00:00,531.83,531.83,531.83,531.83,0,after-market,False
2026-08-03T20:35:00+00:00,531.84,531.84,531.84,531.84,86,after-market,False
2026-08-03T20:36:00+00:00,531.89,531.89,531.88,531.89,100,after-market,False
2026-08-03T20:37:00+00:00,531.9,531.9,531.9,531.9,90,after-market,False
2026-08-03T20:38:00+00:00,531.92,531.95,531.92,531.95,2072,after-market,False
2026-08-03T20:39:00+00:00,531.93,531.94,531.92,531.92,200,after-market,False
2026-08-03T20:40:00+00:00,531.88,531.88,531.88,531.88,68,after-market,False
2026-08-03T20:41:00+00:00,531.88,531.88,531.88,531.88,0,after-market,False
2026-08-03T20:42:00+00:00,531.95,531.95,531.94,531.95,100,after-market,False
2026-08-03T20:43:00+00:00,531.95,531.95,531.95,531.95,0,after-market,False
2026-08-03T20:44:00+00:00,531.95,531.95,531.95,531.95,0,after-market,False
2026-08-03T20:48:00+00:00,531.95,531.95,531.95,531.95,0,after-market,False
2026-08-03T20:49:00+00:00,531.83,531.83,531.83,531.83,1500,after-market,False
2026-08-03T20:50:00+00:00,531.83,531.83,531.83,531.83,0,after-market,False
2026-08-03T20:52:00+00:00,531.83,531.83,531.83,531.83,220,after-market,False
2026-08-03T20:54:00+00:00,531.84,531.84,531.8,531.8,454,after-market,False
2026-08-03T20:55:00+00:00,531.8,531.8,531.8,531.8,0,after-market,False
2026-08-03T20:56:00+00:00,531.87,531.87,531.86,531.86,1500,after-market,False
2026-08-03T20:57:00+00:00,531.86,531.86,531.86,531.86,0,after-market,False
2026-08-03T20:58:00+00:00,531.86,531.86,531.86,531.86,0,after-market,False
2026-08-03T21:00:00+00:00,531.86,531.86,531.86,531.86,0,after-market,False
2026-08-03T21:01:00+00:00,531.86,531.86,531.86,531.86,0,after-market,False
2026-08-03T21:02:00+00:00,531.86,531.86,531.86,531.86,0,after-market,False
2026-08-03T21:03:00+00:00,531.86,531.86,531.86,531.86,0,after-market,False
2026-08-03T21:04:00+00:00,531.86,531.86,531.86,531.86,0,after-market,False
2026-08-03T21:05:00+00:00,531.86,531.86,531.86,531.86,0,after-market,False
2026-08-03T21:08:00+00:00,531.86,531.86,531.86,531.86,0,after-market,False
2026-08-03T21:09:00+00:00,531.88,531.89,531.88,531.88,50,after-market,False
2026-08-03T21:15:00+00:00,531.88,531.88,531.88,531.88,0,after-market,False
2026-08-03T21:16:00+00:00,531.88,531.88,531.88,531.88,0,after-market,False
2026-08-03T21:19:00+00:00,531.88,531.88,531.88,531.88,0,after-market,False
2026-08-03T21:20:00+00:00,531.88,531.88,531.88,531.88,0,after-market,False
2026-08-03T21:24:00+00:00,531.88,531.88,531.88,531.88,0,after-market,False
2026-08-03T21:28:00+00:00,531.88,531.88,531.88,531.88,0,after-market,False
2026-08-03T21:29:00+00:00,531.88,531.88,531.88,531.88,0,after-market,False
2026-08-03T21:30:00+00:00,531.88,531.88,531.88,531.88,0,after-market,False
2026-08-03T21:31:00+00:00,531.6,531.6,531.6,531.6,50,after-market,False
2026-08-03T21:32:00+00:00,531.6,531.6,531.6,531.6,0,after-market,False
2026-08-03T21:34:00+00:00,531.6,531.6,531.6,531.6,0,after-market,False
2026-08-03T21:36:00+00:00,531.81,531.81,531.81,531.81,80,after-market,False
2026-08-03T21:38:00+00:00,531.81,531.81,531.81,531.81,0,after-market,False
2026-08-03T21:39:00+00:00,531.81,531.81,531.81,531.81,0,after-market,False
2026-08-03T21:41:00+00:00,531.58,531.58,531.58,531.58,59,after-market,False
2026-08-03T21:44:00+00:00,531.58,531.58,531.58,531.58,0,after-market,False
2026-08-03T21:45:00+00:00,531.58,531.58,531.58,531.58,0,after-market,False
2026-08-03T21:46:00+00:00,531.58,531.58,531.58,531.58,0,after-market,False
2026-08-03T21:47:00+00:00,531.58,531.58,531.58,531.58,0,after-market,False
2026-08-03T21:48:00+00:00,531.58,531.58,531.58,531.58,0,after-market,False
2026-08-03T21:49:00+00:00,531.58,531.58,531.58,531.58,0,after-market,False
2026-08-03T21:50:00+00:00,531.58,531.58,531.58,531.58,0,after-market,False
2026-08-03T21:51:00+00:00,531.58,531.58,531.58,531.58,0,after-market,False
2026-08-03T21:52:00+00:00,531.58,531.58,531.58,531.58,0,after-market,False
2026-08-03T21:53:00+00:00,531.58,531.58,531.58,531.58,0,after-market,False
2026-08-03T21:54:00+00:00,531.58,531.58,531.58,531.58,0,after-market,False
2026-08-03T21:55:00+00:00,531.58,531.58,531.58,531.58,0,after-market,False
2026-08-03T21:56:00+00:00,531.58,531.58,531.58,531.58,0,after-market,False
2026-08-03T22:00:00+00:00,531.86,531.86,531.86,531.86,90,after-market,False
2026-08-03T22:01:00+00:00,531.86,531.86,531.86,531.86,0,after-market,False
2026-08-03T22:03:00+00:00,531.79,531.79,531.78,531.79,854,after-market,False
2026-08-03T22:05:00+00:00,531.79,531.79,531.79,531.79,90,after-market,False
2026-08-03T22:07:00+00:00,531.87,531.87,531.87,531.87,90,after-market,False
2026-08-03T22:08:00+00:00,531.87,531.87,531.87,531.87,0,after-market,False
2026-08-03T22:09:00+00:00,531.87,531.87,531.87,531.87,0,after-market,False
2026-08-03T22:12:00+00:00,532.05,532.05,532.04,532.05,50,after-market,False
2026-08-03T22:13:00+00:00,532.05,532.05,532.05,532.05,0,after-market,False
2026-08-03T22:14:00+00:00,532.05,532.05,532.05,532.05,0,after-market,False
2026-08-03T22:15:00+00:00,532.05,532.05,532.05,532.05,0,after-market,False
2026-08-03T22:16:00+00:00,531.99,531.99,531.99,531.99,100,after-market,False
2026-08-03T22:17:00+00:00,531.99,531.99,531.99,531.99,0,after-market,False
2026-08-03T22:20:00+00:00,531.99,531.99,531.99,531.99,0,after-market,False
2026-08-03T22:23:00+00:00,532.07,532.07,532.07,532.07,40,after-market,False
2026-08-03T22:29:00+00:00,532.07,532.07,532.07,532.07,0,after-market,False
2026-08-03T22:30:00+00:00,532.01,532.01,532.01,532.01,60,after-market,False
2026-08-03T22:31:00+00:00,532.02,532.04,532.02,532.04,204,after-market,False
2026-08-03T22:34:00+00:00,532.04,532.04,532.04,532.04,0,after-market,False
2026-08-03T22:35:00+00:00,532.1,532.1,532.1,532.1,100,after-market,False
2026-08-03T22:36:00+00:00,532.1,532.1,532.1,532.1,0,after-market,False
2026-08-03T22:40:00+00:00,532.1,532.1,532.1,532.1,0,after-market,False
2026-08-03T22:41:00+00:00,532.1,532.1,532.1,532.1,0,after-market,False
2026-08-03T22:42:00+00:00,532.1,532.1,532.1,532.1,0,after-market,False
2026-08-03T22:43:00+00:00,532.1,532.1,532.1,532.1,0,after-market,False
2026-08-03T22:44:00+00:00,532.1,532.1,532.1,532.1,0,after-market,False
2026-08-03T22:45:00+00:00,532.1,532.1,532.1,532.1,0,after-market,False
2026-08-03T22:46:00+00:00,532.1,532.1,532.1,532.1,0,after-market,False
2026-08-03T22:47:00+00:00,532.1,532.1,532.1,532.1,0,after-market,False
2026-08-03T22:48:00+00:00,532.19,532.19,532.19,532.19,50,after-market,False
2026-08-03T22:49:00+00:00,532.19,532.19,532.19,532.19,0,after-market,False
2026-08-03T22:50:00+00:00,532.21,532.21,532.21,532.21,650,after-market,False
2026-08-03T22:51:00+00:00,532.21,532.21,532.21,532.21,0,after-market,False
2026-08-03T22:53:00+00:00,532.21,532.21,532.21,532.21,0,after-market,False
2026-08-03T22:54:00+00:00,532.21,532.21,532.21,532.21,0,after-market,False
2026-08-03T22:57:00+00:00,532.21,532.21,532.21,532.21,0,after-market,False
2026-08-03T22:58:00+00:00,532.21,532.21,532.21,532.21,0,after-market,False
2026-08-03T22:59:00+00:00,532.21,532.21,532.21,532.21,0,after-market,False
2026-08-03T23:01:00+00:00,532.21,532.21,532.21,532.21,0,after-market,False
2026-08-03T23:05:00+00:00,532.23,532.23,532.23,532.23,95,after-market,False
2026-08-03T23:09:00+00:00,532.23,532.23,532.23,532.23,0,after-market,False
2026-08-03T23:11:00+00:00,532.23,532.23,532.23,532.23,0,after-market,False
2026-08-03T23:12:00+00:00,532.23,532.23,532.23,532.23,0,after-market,False
2026-08-03T23:13:00+00:00,532.23,532.23,532.23,532.23,0,after-market,False
2026-08-03T23:14:00+00:00,532.23,532.23,532.23,532.23,0,after-market,False
2026-08-03T23:15:00+00:00,532.23,532.23,532.23,532.23,0,after-market,False
2026-08-03T23:16:00+00:00,532.23,532.23,532.23,532.23,0,after-market,False
2026-08-03T23:17:00+00:00,532.07,532.07,532.04,532.06,3636,after-market,False
2026-08-03T23:18:00+00:00,532.06,532.06,532.06,532.06,0,after-market,False
2026-08-03T23:19:00+00:00,532.06,532.06,532.06,532.06,0,after-market,False
2026-08-03T23:20:00+00:00,532.06,532.06,532.06,532.06,0,after-market,False
2026-08-03T23:21:00+00:00,532.06,532.06,532.06,532.06,0,after-market,False
2026-08-03T23:22:00+00:00,532.06,532.06,532.06,532.06,0,after-market,False
2026-08-03T23:25:00+00:00,531.91,531.91,531.91,531.91,60,after-market,False
2026-08-03T23:26:00+00:00,531.91,531.91,531.91,531.91,0,after-market,False
2026-08-03T23:28:00+00:00,531.98,531.98,531.98,531.98,80,after-market,False
2026-08-03T23:29:00+00:00,531.98,531.98,531.98,531.98,0,after-market,False
2026-08-03T23:30:00+00:00,531.97,531.97,531.97,531.97,125,after-market,False
2026-08-03T23:33:00+00:00,532.0,532.0,531.99,531.99,330,after-market,False
2026-08-03T23:34:00+00:00,531.99,531.99,531.99,531.99,0,after-market,False
2026-08-03T23:35:00+00:00,531.99,531.99,531.99,531.99,0,after-market,False
2026-08-03T23:37:00+00:00,531.99,531.99,531.99,531.99,0,after-market,False
2026-08-03T23:38:00+00:00,531.99,531.99,531.99,531.99,0,after-market,False
2026-08-03T23:39:00+00:00,531.93,531.93,531.93,531.93,100,after-market,False
2026-08-03T23:40:00+00:00,531.93,531.93,531.93,531.93,0,after-market,False
2026-08-03T23:41:00+00:00,531.93,531.93,531.93,531.93,0,after-market,False
2026-08-03T23:45:00+00:00,531.93,531.93,531.93,531.93,0,after-market,False
2026-08-03T23:46:00+00:00,531.93,531.93,531.93,531.93,0,after-market,False
2026-08-03T23:47:00+00:00,531.93,531.93,531.93,531.93,0,after-market,False
2026-08-03T23:49:00+00:00,531.93,531.93,531.93,531.93,0,after-market,False
2026-08-03T23:50:00+00:00,531.93,531.93,531.93,531.93,0,after-market,False
2026-08-03T23:52:00+00:00,531.93,531.93,531.93,531.93,0,after-market,False
2026-08-03T23:54:00+00:00,531.93,531.93,531.93,531.93,0,after-market,False
2026-08-03T23:56:00+00:00,531.93,531.93,531.93,531.93,0,after-market,False
2026-08-03T23:57:00+00:00,531.93,531.93,531.93,531.93,0,after-market,False
2026-08-03T23:58:00+00:00,531.99,531.99,531.98,531.99,40,after-market,False
2026-08-04T08:01:00+00:00,532.12,532.48,532.1,532.44,346,pre-market,False
2026-08-04T08:02:00+00:00,532.28,532.48,532.05,532.25,868,pre-market,False
2026-08-04T08:04:00+00:00,532.25,532.25,532.25,532.25,0,pre-market,False
2026-08-04T08:05:00+00:00,532.25,532.25,532.25,532.25,0,pre-market,False
2026-08-04T08:06:00+00:00,532.25,532.25,532.25,532.25,0,pre-market,False
2026-08-04T08:07:00+00:00,532.12,532.12,532.1,532.12,291,pre-market,False
2026-08-04T08:08:00+00:00,532.12,532.12,532.12,532.12,0,pre-market,False
2026-08-04T08:15:00+00:00,532.13,532.13,532.13,532.13,74,pre-market,False
2026-08-04T08:16:00+00:00,532.13,532.13,532.13,532.13,0,pre-market,False
2026-08-04T08:17:00+00:00,532.13,532.13,532.13,532.13,0,pre-market,False
2026-08-04T08:18:00+00:00,532.26,532.26,532.26,532.26,1040,pre-market,False
2026-08-04T08:20:00+00:00,532.27,532.27,532.27,532.27,135,pre-market,False
2026-08-04T08:21:00+00:00,532.28,532.28,532.26,532.26,860,pre-market,False
2026-08-04T08:24:00+00:00,532.26,532.26,532.26,532.26,0,pre-market,False
2026-08-04T08:27:00+00:00,532.23,532.23,532.23,532.23,699,pre-market,False
2026-08-04T08:29:00+00:00,532.23,532.23,532.23,532.23,0,pre-market,False
2026-08-04T08:32:00+00:00,532.19,532.19,532.02,532.02,574,pre-market,False
2026-08-04T08:33:00+00:00,532.02,532.02,532.02,532.02,0,pre-market,False
2026-08-04T08:34:00+00:00,531.94,531.94,531.94,531.94,90,pre-market,False
2026-08-04T08:36:00+00:00,531.8,531.81,531.79,531.81,797,pre-market,False
2026-08-04T08:38:00+00:00,531.81,531.81,531.81,531.81,0,pre-market,False
2026-08-04T08:39:00+00:00,531.81,531.81,531.81,531.81,0,pre-market,False
2026-08-04T08:44:00+00:00,531.81,531.81,531.81,531.81,0,pre-market,False
2026-08-04T08:45:00+00:00,531.57,531.57,531.57,531.57,200,pre-market,False
2026-08-04T08:46:00+00:00,531.57,531.57,531.57,531.57,0,pre-market,False
2026-08-04T08:47:00+00:00,531.61,531.61,531.61,531.61,240,pre-market,False
2026-08-04T08:50:00+00:00,531.49,531.49,531.48,531.48,607,pre-market,False
2026-08-04T08:51:00+00:00,531.48,531.48,531.48,531.48,0,pre-market,False
2026-08-04T08:52:00+00:00,531.48,531.48,531.48,531.48,0,pre-market,False
2026-08-04T08:58:00+00:00,531.48,531.48,531.48,531.48,0,pre-market,False
2026-08-04T09:01:00+00:00,531.48,531.48,531.48,531.48,0,pre-market,False
2026-08-04T09:04:00+00:00,531.48,531.48,531.48,531.48,0,pre-market,False
2026-08-04T09:06:00+00:00,531.48,531.48,531.48,531.48,0,pre-market,False
2026-08-04T09:12:00+00:00,531.48,531.48,531.48,531.48,0,pre-market,False
2026-08-04T09:14:00+00:00,531.48,531.48,531.48,531.48,0,pre-market,False
2026-08-04T09:18:00+00:00,531.48,531.48,531.48,531.48,0,pre-market,False
2026-08-04T09:21:00+00:00,531.81,531.89,531.8,531.89,1852,pre-market,False
2026-08-04T09:22:00+00:00,531.96,531.96,531.91,531.91,1255,pre-market,False
2026-08-04T09:23:00+00:00,531.89,531.89,531.89,531.89,468,pre-market,False
2026-08-04T09:25:00+00:00,531.89,531.89,531.89,531.89,0,pre-market,False
2026-08-04T09:26:00+00:00,531.89,531.89,531.89,531.89,0,pre-market,False
2026-08-04T09:27:00+00:00,531.89,531.89,531.89,531.89,0,pre-market,False
2026-08-04T09:28:00+00:00,531.89,531.89,531.89,531.89,0,pre-market,False
2026-08-04T09:31:00+00:00,531.95,531.95,531.95,531.95,118,pre-market,False
2026-08-04T09:32:00+00:00,531.95,531.95,531.95,531.95,0,pre-market,False
2026-08-04T09:36:00+00:00,531.95,531.95,531.95,531.95,0,pre-market,False
2026-08-04T09:37:00+00:00,532.0,532.0,532.0,532.0,400,pre-market,False
2026-08-04T09:39:00+00:00,532.09,532.09,532.08,532.08,730,pre-market,False
2026-08-04T09:41:00+00:00,532.08,532.08,532.08,532.08,0,pre-market,False
2026-08-04T09:44:00+00:00,532.08,532.08,532.08,532.08,0,pre-market,False
2026-08-04T09:45:00+00:00,531.81,531.87,531.81,531.82,600,pre-market,False
2026-08-04T09:51:00+00:00,531.82,531.82,531.82,531.82,0,pre-market,False
2026-08-04T09:54:00+00:00,531.82,531.82,531.82,531.82,0,pre-market,False
2026-08-04T09:55:00+00:00,531.65,531.65,531.65,531.65,75,pre-market,False
2026-08-04T09:58:00+00:00,531.82,531.82,531.82,531.82,70,pre-market,False
2026-08-04T10:01:00+00:00,531.82,531.82,531.82,531.82,0,pre-market,False
2026-08-04T10:03:00+00:00,531.91,531.91,531.9,531.91,717,pre-market,False
2026-08-04T10:06:00+00:00,531.91,531.91,531.91,531.91,0,pre-market,False
2026-08-04T10:09:00+00:00,531.81,531.81,531.77,531.77,1114,pre-market,False
2026-08-04T10:11:00+00:00,531.69,531.69,531.68,531.68,335,pre-market,False
2026-08-04T10:13:00+00:00,531.68,531.68,531.68,531.68,0,pre-market,False
2026-08-04T10:18:00+00:00,531.68,531.68,531.68,531.68,0,pre-market,False
2026-08-04T10:20:00+00:00,531.68,531.68,531.68,531.68,0,pre-market,False
2026-08-04T10:21:00+00:00,531.68,531.68,531.68,531.68,0,pre-market,False
2026-08-04T10:25:00+00:00,531.44,531.44,531.44,531.44,270,pre-market,False
2026-08-04T10:26:00+00:00,531.44,531.44,531.44,531.44,0,pre-market,False
2026-08-04T10:28:00+00:00,531.53,531.53,531.52,531.52,610,pre-market,False
2026-08-04T10:30:00+00:00,531.22,534.1,530.9,533.91,31347,pre-market,False
2026-08-04T10:31:00+00:00,533.77,534.35,533.6,534.34,2477,pre-market,False
2026-08-04T10:32:00+00:00,534.36,534.39,534.17,534.39,809,pre-market,False
2026-08-04T10:33:00+00:00,534.21,534.75,534.21,534.74,820,pre-market,False
2026-08-04T10:34:00+00:00,534.74,534.74,534.74,534.74,0,pre-market,False
2026-08-04T10:35:00+00:00,534.45,534.45,534.12,534.14,965,pre-market,False
2026-08-04T10:36:00+00:00,534.04,534.08,534.03,534.04,936,pre-market,False
2026-08-04T10:37:00+00:00,533.59,533.59,533.47,533.52,914,pre-market,False
2026-08-04T10:38:00+00:00,533.84,534.14,533.84,534.11,517,pre-market,False
2026-08-04T10:39:00+00:00,534.11,534.11,534.11,534.11,0,pre-market,False
2026-08-04T10:40:00+00:00,534.11,534.11,534.11,534.11,0,pre-market,False
2026-08-04T10:41:00+00:00,534.11,534.11,534.11,534.11,0,pre-market,False
2026-08-04T10:42:00+00:00,534.11,534.11,534.11,534.11,0,pre-market,False
2026-08-04T10:43:00+00:00,533.12,533.12,533.12,533.12,80,pre-market,False
2026-08-04T10:44:00+00:00,533.13,533.78,533.13,533.78,472,pre-market,False
2026-08-04T10:45:00+00:00,533.98,533.98,533.96,533.96,300,pre-market,False
2026-08-04T10:46:00+00:00,534.2,534.2,534.2,534.2,55,pre-market,False
2026-08-04T10:47:00+00:00,534.2,534.2,534.2,534.2,0,pre-market,False
2026-08-04T10:48:00+00:00,534.58,534.6,534.55,534.58,1527,pre-market,False
2026-08-04T10:49:00+00:00,534.33,534.33,534.33,534.33,200,pre-market,False
2026-08-04T10:51:00+00:00,534.33,534.33,534.33,534.33,0,pre-market,False
2026-08-04T10:52:00+00:00,534.33,534.33,534.33,534.33,0,pre-market,False
2026-08-04T10:53:00+00:00,534.45,534.45,534.43,534.43,508,pre-market,False
2026-08-04T10:54:00+00:00,534.43,534.43,534.43,534.43,0,pre-market,False
2026-08-04T10:55:00+00:00,534.41,534.41,534.41,534.41,992,pre-market,False
2026-08-04T10:56:00+00:00,534.77,534.77,534.77,534.77,120,pre-market,False
2026-08-04T10:58:00+00:00,534.77,534.77,534.77,534.77,0,pre-market,False
2026-08-04T10:59:00+00:00,534.56,534.56,534.56,534.56,140,pre-market,False
2026-08-04T11:00:00+00:00,534.32,534.58,534.22,534.22,4210,pre-market,False
2026-08-04T11:01:00+00:00,534.22,534.22,534.22,534.22,0,pre-market,False
2026-08-04T11:02:00+00:00,534.29,534.35,534.28,534.28,1183,pre-market,False
2026-08-04T11:03:00+00:00,534.43,534.76,534.43,534.56,1741,pre-market,False
2026-08-04T11:04:00+00:00,534.5,534.62,534.5,534.59,1667,pre-market,False
2026-08-04T11:05:00+00:00,534.65,534.65,534.64,534.65,118,pre-market,False
2026-08-04T11:06:00+00:00,535.0,535.03,535.0,535.03,133,pre-market,False
2026-08-04T11:07:00+00:00,535.03,535.03,535.03,535.03,0,pre-market,False
2026-08-04T11:08:00+00:00,535.08,535.08,535.05,535.05,154,pre-market,False
2026-08-04T11:09:00+00:00,535.07,535.07,535.0,535.0,688,pre-market,False
2026-08-04T11:11:00+00:00,535.16,535.16,535.15,535.15,515,pre-market,False
2026-08-04T11:12:00+00:00,535.16,535.16,535.13,535.14,568,pre-market,False
2026-08-04T11:13:00+00:00,535.14,535.14,535.14,535.14,0,pre-market,False
2026-08-04T11:14:00+00:00,535.14,535.14,535.14,535.14,0,pre-market,False
2026-08-04T11:15:00+00:00,534.78,534.81,534.72,534.81,912,pre-market,False
2026-08-04T11:16:00+00:00,534.91,535.02,534.91,535.01,3077,pre-market,False
2026-08-04T11:17:00+00:00,534.96,534.96,534.96,534.96,935,pre-market,False
2026-08-04T11:18:00+00:00,535.0,535.0,534.99,534.99,496,pre-market,False
2026-08-04T11:19:00+00:00,534.99,534.99,534.99,534.99,0,pre-market,False
2026-08-04T11:20:00+00:00,535.25,535.25,535.25,535.25,1000,pre-market,False
2026-08-04T11:21:00+00:00,535.31,535.39,535.28,535.28,3100,pre-market,False
2026-08-04T11:22:00+00:00,535.22,535.23,535.22,535.22,200,pre-market,False
2026-08-04T11:23:00+00:00,535.21,535.21,535.21,535.21,100,pre-market,False
2026-08-04T11:24:00+00:00,535.21,535.21,535.21,535.21,0,pre-market,False
2026-08-04T11:25:00+00:00,535.26,535.36,535.26,535.36,207,pre-market,False
2026-08-04T11:26:00+00:00,535.26,535.27,535.25,535.27,191,pre-market,False
2026-08-04T11:27:00+00:00,535.26,535.27,535.26,535.27,200,pre-market,False
2026-08-04T11:28:00+00:00,535.3,535.3,535.28,535.28,156,pre-market,False
2026-08-04T11:29:00+00:00,535.48,535.48,535.47,535.47,487,pre-market,False
2026-08-04T11:30:00+00:00,535.56,535.56,535.46,535.46,1526,pre-market,False
2026-08-04T11:31:00+00:00,535.6,535.62,535.59,535.59,1690,pre-market,False
2026-08-04T11:32:00+00:00,535.79,535.79,535.68,535.76,1551,pre-market,False
2026-08-04T11:33:00+00:00,535.68,535.68,535.67,535.68,100,pre-market,False
2026-08-04T11:34:00+00:00,535.79,535.79,535.73,535.76,2203,pre-market,False
2026-08-04T11:35:00+00:00,535.85,535.85,535.77,535.77,690,pre-market,False
2026-08-04T11:36:00+00:00,535.77,535.77,535.76,535.77,100,pre-market,False
2026-08-04T11:37:00+00:00,535.77,535.89,535.74,535.87,3710,pre-market,False
2026-08-04T11:38:00+00:00,535.98,535.98,535.93,535.94,936,pre-market,False
2026-08-04T11:39:00+00:00,536.0,536.0,535.87,535.87,1430,pre-market,False
2026-08-04T11:40:00+00:00,535.79,535.81,535.76,535.81,554,pre-market,False
2026-08-04T11:41:00+00:00,535.81,535.81,535.81,535.81,0,pre-market,False
2026-08-04T11:42:00+00:00,535.95,536.16,535.95,536.16,2861,pre-market,False
2026-08-04T11:43:00+00:00,536.16,536.84,536.16,536.74,7495,pre-market,False
2026-08-04T11:44:00+00:00,536.65,537.01,536.64,536.88,870,pre-market,False
2026-08-04T11:45:00+00:00,536.78,536.84,536.78,536.84,250,pre-market,False
2026-08-04T11:46:00+00:00,536.87,537.06,536.87,537.0,4035,pre-market,False
2026-08-04T11:47:00+00:00,537.12,537.16,536.9,536.97,7082,pre-market,False
2026-08-04T11:48:00+00:00,536.96,536.96,536.81,536.81,1600,pre-market,False
2026-08-04T11:49:00+00:00,536.81,536.81,536.81,536.81,0,pre-market,False
2026-08-04T11:50:00+00:00,536.82,536.96,536.82,536.92,985,pre-market,False
2026-08-04T11:51:00+00:00,536.92,536.92,536.92,536.92,0,pre-market,False
2026-08-04T11:52:00+00:00,536.92,537.18,536.92,537.16,3648,pre-market,False
2026-08-04T11:53:00+00:00,537.16,537.29,537.03,537.29,3685,pre-market,False
2026-08-04T11:54:00+00:00,537.1,537.1,537.1,537.1,50,pre-market,False
2026-08-04T11:55:00+00:00,537.1,537.1,537.01,537.02,2443,pre-market,False
2026-08-04T11:56:00+00:00,537.17,537.17,537.02,537.02,3700,pre-market,False
2026-08-04T11:57:00+00:00,537.07,537.07,537.07,537.07,125,pre-market,False
2026-08-04T11:58:00+00:00,537.05,537.11,537.03,537.11,1660,pre-market,False
2026-08-04T11:59:00+00:00,537.16,537.16,537.14,537.14,586,pre-market,False
2026-08-04T12:00:00+00:00,537.02,537.29,537.02,537.25,2082,pre-market,False
2026-08-04T12:01:00+00:00,537.17,537.17,536.93,536.93,4396,pre-market,False
2026-08-04T12:02:00+00:00,537.06,537.17,537.06,537.17,1550,pre-market,False
2026-08-04T12:03:00+00:00,537.17,537.19,537.09,537.09,680,pre-market,False
2026-08-04T12:04:00+00:00,537.2,537.25,537.0,537.1,3168,pre-market,False
2026-08-04T12:05:00+00:00,537.11,537.16,537.04,537.16,2800,pre-market,False
2026-08-04T12:06:00+00:00,537.14,537.14,537.09,537.14,306,pre-market,False
2026-08-04T12:07:00+00:00,537.06,537.08,536.99,537.07,755,pre-market,False
2026-08-04T12:08:00+00:00,537.21,537.53,537.21,537.47,3990,pre-market,False
2026-08-04T12:09:00+00:00,537.45,537.46,537.35,537.44,2495,pre-market,False
2026-08-04T12:10:00+00:00,537.53,537.65,537.52,537.6,2087,pre-market,False
2026-08-04T12:11:00+00:00,537.6,537.69,537.6,537.68,870,pre-market,False
2026-08-04T12:12:00+00:00,537.75,537.78,537.7,537.7,800,pre-market,False
2026-08-04T12:13:00+00:00,537.71,537.72,537.61,537.61,575,pre-market,False
2026-08-04T12:14:00+00:00,537.37,537.37,537.17,537.17,1292,pre-market,False
2026-08-04T12:15:00+00:00,537.19,537.19,537.11,537.11,895,pre-market,False
2026-08-04T12:16:00+00:00,537.14,537.3,537.14,537.3,2252,pre-market,False
2026-08-04T12:17:00+00:00,537.3,537.3,537.3,537.3,0,pre-market,False
2026-08-04T12:18:00+00:00,537.1,537.25,537.07,537.25,1445,pre-market,False
2026-08-04T12:19:00+00:00,537.31,537.51,537.31,537.51,345,pre-market,False
2026-08-04T12:20:00+00:00,537.5,537.55,537.49,537.55,1294,pre-market,False
2026-08-04T12:21:00+00:00,537.56,537.62,537.5,537.52,1923,pre-market,False
2026-08-04T12:22:00+00:00,537.55,537.56,537.55,537.56,210,pre-market,False
2026-08-04T12:23:00+00:00,537.64,537.7,537.6,537.69,5546,pre-market,False
2026-08-04T12:24:00+00:00,537.68,537.74,537.63,537.63,1629,pre-market,False
2026-08-04T12:25:00+00:00,537.72,537.72,537.71,537.72,500,pre-market,False
2026-08-04T12:26:00+00:00,537.75,537.78,537.68,537.68,340,pre-market,False
2026-08-04T12:27:00+00:00,537.66,537.83,537.6,537.83,2595,pre-market,False
2026-08-04T12:28:00+00:00,537.71,537.87,537.71,537.75,1020,pre-market,False
2026-08-04T12:29:00+00:00,537.77,537.77,537.76,537.76,212,pre-market,False
2026-08-04T12:30:00+00:00,537.76,537.76,537.76,537.76,50,pre-market,False
2026-08-04T12:31:00+00:00,537.71,537.72,537.71,537.71,740,pre-market,False
2026-08-04T12:32:00+00:00,537.69,537.7,537.61,537.61,1330,pre-market,False
2026-08-04T12:33:00+00:00,537.66,537.78,537.61,537.78,1060,pre-market,False
2026-08-04T12:34:00+00:00,537.9,537.9,537.85,537.86,660,pre-market,False
2026-08-04T12:35:00+00:00,537.9,537.96,537.82,537.82,1010,pre-market,False
2026-08-04T12:36:00+00:00,537.85,537.85,537.76,537.76,2354,pre-market,False
2026-08-04T12:37:00+00:00,537.73,537.88,537.73,537.81,1910,pre-market,False
2026-08-04T12:38:00+00:00,537.87,537.9,537.87,537.9,600,pre-market,False
2026-08-04T12:39:00+00:00,537.92,537.97,537.92,537.97,600,pre-market,False
2026-08-04T12:40:00+00:00,537.89,538.12,537.89,538.1,1161,pre-market,False
2026-08-04T12:41:00+00:00,538.0,538.07,538.0,538.02,970,pre-market,False
2026-08-04T12:42:00+00:00,538.02,538.02,538.02,538.02,0,pre-market,False
2026-08-04T12:43:00+00:00,538.02,538.02,538.02,538.02,0,pre-market,False
2026-08-04T12:44:00+00:00,538.09,538.1,538.09,538.09,100,pre-market,False
2026-08-04T12:45:00+00:00,538.09,538.09,538.09,538.09,0,pre-market,False
2026-08-04T12:46:00+00:00,538.09,538.09,538.09,538.09,0,pre-market,False
2026-08-04T12:47:00+00:00,537.85,537.85,537.85,537.85,150,pre-market,False
2026-08-04T12:48:00+00:00,537.77,537.77,537.77,537.77,40,pre-market,False
2026-08-04T12:49:00+00:00,537.77,537.77,537.77,537.77,0,pre-market,False
2026-08-04T12:50:00+00:00,537.73,537.77,537.73,537.77,1610,pre-market,False
2026-08-04T12:51:00+00:00,537.75,537.78,537.65,537.78,3080,pre-market,False
2026-08-04T12:52:00+00:00,537.75,537.8,537.66,537.8,2175,pre-market,False
2026-08-04T12:53:00+00:00,537.7,537.81,537.7,537.81,240,pre-market,False
2026-08-04T12:54:00+00:00,537.81,537.81,537.81,537.81,0,pre-market,False
2026-08-04T12:55:00+00:00,537.77,537.77,537.74,537.75,1740,pre-market,False
2026-08-04T12:56:00+00:00,537.75,537.75,537.75,537.75,0,pre-market,False
2026-08-04T12:58:00+00:00,537.75,537.75,537.75,537.75,0,pre-market,False
2026-08-04T12:59:00+00:00,537.44,537.44,537.44,537.44,100,pre-market,False
2026-08-04T13:00:00+00:00,537.22,537.23,537.22,537.22,50,pre-market,False
2026-08-04T13:01:00+00:00,537.18,537.42,537.18,537.42,44948,pre-market,False
2026-08-04T13:02:00+00:00,537.31,537.38,537.31,537.38,580,pre-market,False
2026-08-04T13:03:00+00:00,537.27,537.28,537.27,537.28,240,pre-market,False
2026-08-04T13:04:00+00:00,537.17,537.18,537.16,537.16,550,pre-market,False
2026-08-04T13:05:00+00:00,537.16,537.46,537.16,537.46,1725,pre-market,False
2026-08-04T13:06:00+00:00,537.47,537.48,537.47,537.47,200,pre-market,False
2026-08-04T13:07:00+00:00,537.5,537.7,537.5,537.7,1580,pre-market,False
2026-08-04T13:08:00+00:00,537.62,537.72,537.59,537.67,745,pre-market,False
2026-08-04T13:09:00+00:00,537.67,537.67,537.67,537.67,0,pre-market,False
2026-08-04T13:10:00+00:00,537.67,537.75,537.67,537.75,190,pre-market,False
2026-08-04T13:11:00+00:00,537.8,537.8,537.73,537.73,655,pre-market,False
2026-08-04T13:12:00+00:00,537.77,537.8,537.77,537.8,250,pre-market,False
2026-08-04T13:13:00+00:00,537.85,538.08,537.85,538.08,2670,pre-market,False
2026-08-04T13:14:00+00:00,538.14,538.14,537.96,537.96,650,pre-market,False
2026-08-04T13:31:00+00:00,539.01,539.02,538.48,538.6,43101,regular,False
2026-08-04T13:32:00+00:00,538.59,538.67,538.25,538.63,33083,regular,False
2026-08-04T13:33:00+00:00,538.66,538.68,537.7,538.06,143745,regular,False
2026-08-04T13:34:00+00:00,538.03,538.41,537.81,538.15,56982,regular,False
2026-08-04T13:35:00+00:00,538.11,538.18,537.67,537.84,63282,regular,False
2026-08-04T13:37:00+00:00,537.92,538.35,537.83,538.25,47662,regular,False
2026-08-04T13:38:00+00:00,538.26,538.31,537.99,538.23,33918,regular,False
2026-08-04T13:39:00+00:00,538.23,538.47,537.9,537.92,29602,regular,False
2026-08-04T13:40:00+00:00,537.89,537.92,537.41,537.5,26163,regular,False
2026-08-04T13:41:00+00:00,537.46,537.55,537.13,537.19,22029,regular,False
2026-08-04T13:42:00+00:00,537.2,537.22,536.78,536.9,96848,regular,False
2026-08-04T13:43:00+00:00,536.9,537.11,536.85,536.97,67821,regular,False
2026-08-04T13:44:00+00:00,536.94,537.01,536.76,536.91,14067,regular,False
2026-08-04T13:45:00+00:00,536.93,537.14,536.88,536.89,22343,regular,False
2026-08-04T13:46:00+00:00,536.9,536.95,536.06,536.1,30723,regular,False
2026-08-04T13:47:00+00:00,536.09,536.31,536.0,536.0,22436,regular,False
2026-08-04T13:48:00+00:00,536.03,536.23,535.99,536.06,11843,regular,False
2026-08-04T13:49:00+00:00,536.06,536.52,536.0,536.5,33263,regular,False
2026-08-04T13:50:00+00:00,536.49,536.83,536.39,536.79,31940,regular,False
2026-08-04T13:51:00+00:00,536.83,536.83,536.48,536.62,9210,regular,False
2026-08-04T13:52:00+00:00,536.61,536.76,536.5,536.61,18843,regular,False
2026-08-04T13:53:00+00:00,536.58,536.76,536.38,536.63,23794,regular,False
2026-08-04T13:54:00+00:00,536.59,536.77,536.51,536.55,56076,regular,False
2026-08-04T13:55:00+00:00,536.52,536.52,536.07,536.18,32406,regular,False
2026-08-04T13:56:00+00:00,536.14,536.39,536.0,536.24,44077,regular,False
2026-08-04T13:57:00+00:00,536.23,536.48,536.17,536.26,9613,regular,False
2026-08-04T13:58:00+00:00,536.26,536.48,536.18,536.38,6609,regular,False
2026-08-04T13:59:00+00:00,536.4,536.58,536.25,536.52,6605,regular,False
2026-08-04T14:00:00+00:00,536.55,536.72,536.37,536.72,15355,regular,False
2026-08-04T14:01:00+00:00,536.72,537.22,536.72,537.16,14897,regular,False
2026-08-04T14:02:00+00:00,537.16,537.41,537.0,537.35,23905,regular,False
2026-08-04T14:03:00+00:00,537.33,537.4,536.99,537.35,23892,regular,False
2026-08-04T14:04:00+00:00,537.38,537.39,536.96,536.97,13039,regular,False
2026-08-04T14:05:00+00:00,536.95,537.19,536.9,537.17,10048,regular,False
2026-08-04T14:06:00+00:00,537.17,537.4,537.07,537.32,17103,regular,False
2026-08-04T14:07:00+00:00,537.27,537.29,537.13,537.28,8691,regular,False
2026-08-04T14:08:00+00:00,537.27,537.36,537.0,537.32,12057,regular,False
2026-08-04T14:09:00+00:00,537.3,537.49,537.26,537.32,44217,regular,False
2026-08-04T14:10:00+00:00,537.27,537.4,537.2,537.32,13519,regular,False
2026-08-04T14:11:00+00:00,537.31,537.36,537.04,537.12,13730,regular,False
2026-08-04T14:12:00+00:00,537.13,537.4,537.13,537.26,4440,regular,False
2026-08-04T14:13:00+00:00,537.24,537.41,537.2,537.37,19442,regular,False
2026-08-04T14:14:00+00:00,537.36,537.48,537.35,537.46,10349,regular,False
2026-08-04T14:15:00+00:00,537.46,537.86,537.4,537.85,19042,regular,False
2026-08-04T14:16:00+00:00,537.86,538.06,537.81,537.96,20408,regular,False
2026-08-04T14:17:00+00:00,538.0,538.39,537.95,538.39,39345,regular,False
2026-08-04T14:18:00+00:00,538.38,538.57,538.33,538.34,22707,regular,False
2026-08-04T14:19:00+00:00,538.35,538.41,538.26,538.29,25186,regular,False
2026-08-04T14:20:00+00:00,538.34,538.36,537.98,538.1,27347,regular,False
2026-08-04T14:21:00+00:00,538.09,538.09,537.71,537.74,39856,regular,False
2026-08-04T14:22:00+00:00,537.77,537.99,537.6,537.66,57578,regular,False
2026-08-04T14:23:00+00:00,537.63,537.72,537.54,537.61,25807,regular,False
2026-08-04T14:24:00+00:00,537.64,537.71,537.4,537.43,20657,regular,False
2026-08-04T14:25:00+00:00,537.44,537.58,537.36,537.49,14612,regular,False
2026-08-04T14:26:00+00:00,537.49,537.57,537.23,537.26,6960,regular,False
2026-08-04T14:27:00+00:00,537.24,537.29,537.11,537.16,11781,regular,False
2026-08-04T14:28:00+00:00,537.15,537.16,536.69,536.69,17785,regular,False
2026-08-04T14:29:00+00:00,536.69,536.79,536.55,536.56,13491,regular,False
2026-08-04T14:30:00+00:00,536.53,536.78,536.5,536.63,28130,regular,False
2026-08-04T14:31:00+00:00,536.64,536.84,536.54,536.7,8150,regular,False
2026-08-04T14:32:00+00:00,536.66,537.27,536.65,537.27,6972,regular,False
2026-08-04T14:33:00+00:00,537.31,537.33,537.11,537.33,12089,regular,False
2026-08-04T14:34:00+00:00,537.36,537.46,537.31,537.43,6942,regular,False
2026-08-04T14:35:00+00:00,537.48,537.53,537.31,537.38,7861,regular,False
2026-08-04T14:36:00+00:00,537.39,537.49,537.32,537.41,18536,regular,False
2026-08-04T14:37:00+00:00,537.4,537.68,537.38,537.63,17962,regular,False
2026-08-04T14:38:00+00:00,537.69,538.26,537.69,537.77,52637,regular,False
2026-08-04T14:39:00+00:00,537.73,537.92,537.73,537.9,11108,regular,False
2026-08-04T14:40:00+00:00,537.92,538.0,537.81,537.95,15235,regular,False
2026-08-04T14:41:00+00:00,537.87,537.98,537.8,537.94,6390,regular,False
2026-08-04T14:42:00+00:00,538.0,538.04,537.86,537.91,5715,regular,False
2026-08-04T14:43:00+00:00,537.92,538.25,537.85,538.25,8844,regular,False
2026-08-04T14:44:00+00:00,538.25,538.27,538.15,538.26,8506,regular,False
2026-08-04T14:45:00+00:00,538.26,538.37,538.17,538.37,17052,regular,False
2026-08-04T14:46:00+00:00,538.37,538.43,538.31,538.35,14284,regular,False
2026-08-04T14:47:00+00:00,538.33,538.42,538.22,538.42,22056,regular,False
2026-08-04T14:48:00+00:00,538.42,538.54,538.27,538.54,16788,regular,False
2026-08-04T14:49:00+00:00,538.51,538.82,538.5,538.73,13336,regular,False
2026-08-04T14:50:00+00:00,538.73,538.88,538.72,538.77,17590,regular,False
2026-08-04T14:51:00+00:00,538.75,538.92,538.74,538.83,5983,regular,False
2026-08-04T14:52:00+00:00,538.81,538.97,538.77,538.77,9743,regular,False
2026-08-04T14:53:00+00:00,538.78,538.96,538.78,538.94,14575,regular,False
2026-08-04T14:54:00+00:00,538.93,538.93,538.78,538.78,8493,regular,False
2026-08-04T14:55:00+00:00,538.8,538.91,538.75,538.91,11721,regular,False
2026-08-04T14:56:00+00:00,538.9,539.06,538.87,539.03,9857,regular,False
2026-08-04T14:57:00+00:00,539.01,539.34,539.01,539.28,101525,regular,False
2026-08-04T14:58:00+00:00,539.27,539.33,539.23,539.28,12640,regular,False
2026-08-04T14:59:00+00:00,539.3,539.45,539.19,539.19,12687,regular,False
2026-08-04T15:00:00+00:00,539.18,539.23,539.02,539.08,14583,regular,False
2026-08-04T15:01:00+00:00,539.04,539.33,539.04,539.09,10568,regular,False
2026-08-04T15:02:00+00:00,539.09,539.21,539.04,539.09,17223,regular,False
2026-08-04T15:03:00+00:00,539.06,539.21,539.04,539.15,11991,regular,False
2026-08-04T15:04:00+00:00,539.17,539.24,539.14,539.22,5717,regular,False
2026-08-04T15:05:00+00:00,539.22,539.32,539.15,539.28,15078,regular,False
2026-08-04T15:06:00+00:00,539.26,539.36,539.12,539.24,12121,regular,False
2026-08-04T15:07:00+00:00,539.24,539.29,539.03,539.04,14491,regular,False
2026-08-04T15:08:00+00:00,539.04,539.07,538.82,538.9,11076,regular,False
2026-08-04T15:09:00+00:00,538.91,539.16,538.91,539.16,6331,regular,False
2026-08-04T15:10:00+00:00,539.14,539.19,538.96,538.99,7086,regular,False
2026-08-04T15:11:00+00:00,539.0,539.11,538.97,539.03,11060,regular,False
2026-08-04T15:12:00+00:00,539.06,539.06,538.96,539.02,5216,regular,False
2026-08-04T15:13:00+00:00,538.99,539.02,538.82,538.99,11990,regular,False
2026-08-04T15:14:00+00:00,538.97,538.99,538.8,538.82,11252,regular,False
2026-08-04T15:15:00+00:00,538.84,539.12,538.84,539.1,13026,regular,False
2026-08-04T15:16:00+00:00,539.15,539.24,539.12,539.17,9235,regular,False
2026-08-04T15:17:00+00:00,539.19,539.19,539.01,539.01,7189,regular,False
2026-08-04T15:18:00+00:00,539.06,539.34,539.06,539.33,7030,regular,False
2026-08-04T15:19:00+00:00,539.34,539.34,539.2,539.23,4679,regular,False
2026-08-04T15:20:00+00:00,539.27,539.27,539.1,539.15,3318,regular,False
2026-08-04T15:21:00+00:00,539.12,539.14,538.98,538.99,4007,regular,False
2026-08-04T15:22:00+00:00,538.99,538.99,538.85,538.93,4384,regular,False
2026-08-04T15:23:00+00:00,539.02,539.22,539.02,539.22,3575,regular,False
2026-08-04T15:24:00+00:00,539.25,539.36,539.24,539.36,2858,regular,False
2026-08-04T15:25:00+00:00,539.34,539.41,539.34,539.41,4131,regular,False
2026-08-04T15:26:00+00:00,539.4,539.44,539.3,539.3,4982,regular,False
2026-08-04T15:27:00+00:00,539.3,539.35,539.13,539.23,5589,regular,False
2026-08-04T15:28:00+00:00,539.22,539.22,539.04,539.2,7862,regular,False
2026-08-04T15:29:00+00:00,539.18,539.18,539.04,539.04,2350,regular,False
2026-08-04T15:30:00+00:00,539.04,539.24,539.04,539.24,2457,regular,False
2026-08-04T15:31:00+00:00,539.2,539.2,539.06,539.19,2746,regular,False
2026-08-04T15:32:00+00:00,539.2,539.25,539.08,539.09,10409,regular,False
2026-08-04T15:33:00+00:00,539.07,539.11,538.88,538.88,3427,regular,False
2026-08-04T15:34:00+00:00,538.93,538.96,538.78,538.78,15175,regular,False
2026-08-04T15:35:00+00:00,538.8,538.95,538.8,538.85,9986,regular,False
2026-08-04T15:36:00+00:00,538.8,538.91,538.8,538.83,7946,regular,False
2026-08-04T15:37:00+00:00,538.83,538.86,538.7,538.75,12268,regular,False
2026-08-04T15:38:00+00:00,538.75,539.32,538.72,539.27,24718,regular,False
2026-08-04T15:39:00+00:00,539.28,539.41,539.19,539.25,6367,regular,False
2026-08-04T15:40:00+00:00,539.24,539.32,539.18,539.21,5869,regular,False
2026-08-04T15:41:00+00:00,539.25,539.42,539.24,539.4,10298,regular,False
2026-08-04T15:42:00+00:00,539.42,539.62,539.4,539.56,12451,regular,False
2026-08-04T15:43:00+00:00,539.56,539.7,539.53,539.61,7461,regular,False
2026-08-04T15:44:00+00:00,539.62,539.85,539.56,539.79,7129,regular,False
2026-08-04T15:45:00+00:00,539.79,539.84,539.72,539.8,5828,regular,False
2026-08-04T15:46:00+00:00,539.82,539.92,539.82,539.86,2966,regular,False
2026-08-04T15:47:00+00:00,539.88,539.99,539.84,539.99,2986,regular,False
2026-08-04T15:48:00+00:00,539.98,540.15,539.98,540.15,6934,regular,False
2026-08-04T15:49:00+00:00,540.19,540.28,540.15,540.2,2770,regular,False
2026-08-04T15:50:00+00:00,540.17,540.42,540.16,540.42,2071,regular,False
2026-08-04T15:51:00+00:00,540.38,540.39,540.2,540.25,90526,regular,False
2026-08-04T15:52:00+00:00,540.28,540.35,540.2,540.29,5420,regular,False
2026-08-04T15:53:00+00:00,540.28,540.28,539.93,539.93,5469,regular,False
2026-08-04T15:54:00+00:00,539.91,539.91,539.74,539.87,8492,regular,False
2026-08-04T15:55:00+00:00,539.83,540.02,539.81,540.01,10563,regular,False
2026-08-04T15:56:00+00:00,540.03,540.19,540.01,540.06,6646,regular,False
2026-08-04T15:57:00+00:00,540.07,540.15,540.03,540.15,5372,regular,False
2026-08-04T15:58:00+00:00,540.19,540.23,539.98,539.98,8383,regular,False
2026-08-04T15:59:00+00:00,539.97,539.97,539.81,539.81,5373,regular,False
2026-08-04T16:00:00+00:00,539.8,539.99,539.79,539.97,6482,regular,False
2026-08-04T16:01:00+00:00,539.96,540.01,539.77,540.0,6170,regular,False
2026-08-04T16:02:00+00:00,539.98,540.02,539.94,539.95,4157,regular,False
2026-08-04T16:03:00+00:00,539.99,540.13,539.99,540.13,6575,regular,False
2026-08-04T16:04:00+00:00,540.13,540.19,540.08,540.08,6208,regular,False
2026-08-04T16:05:00+00:00,540.07,540.22,540.04,540.15,3573,regular,False
2026-08-04T16:06:00+00:00,540.09,540.1,539.95,539.96,4198,regular,False
2026-08-04T16:07:00+00:00,539.99,540.03,539.91,539.96,7550,regular,False
2026-08-04T16:08:00+00:00,539.97,540.08,539.9,539.93,4455,regular,False
2026-08-04T16:09:00+00:00,539.91,539.99,539.83,539.98,3342,regular,False
2026-08-04T16:10:00+00:00,539.95,540.03,539.92,540.01,6388,regular,False
2026-08-04T16:11:00+00:00,539.99,540.03,539.93,539.93,9819,regular,False
2026-08-04T16:12:00+00:00,539.92,539.92,539.83,539.88,7150,regular,False
2026-08-04T16:13:00+00:00,539.88,540.08,539.88,540.05,6671,regular,False
2026-08-04T16:14:00+00:00,540.04,540.04,539.89,539.9,2001,regular,False
2026-08-04T16:15:00+00:00,539.92,539.98,539.89,539.95,5147,regular,False
2026-08-04T16:16:00+00:00,540.01,540.11,539.97,540.1,7856,regular,False
2026-08-04T16:17:00+00:00,540.11,540.14,540.07,540.07,6302,regular,False
2026-08-04T16:18:00+00:00,540.06,540.14,540.03,540.05,12152,regular,False
2026-08-04T16:19:00+00:00,540.07,540.1,540.02,540.07,4027,regular,False
2026-08-04T16:20:00+00:00,540.05,540.22,540.02,540.15,10011,regular,False
2026-08-04T16:21:00+00:00,540.17,540.36,540.17,540.32,7765,regular,False
2026-08-04T16:22:00+00:00,540.38,540.5,540.37,540.5,7474,regular,False
2026-08-04T16:23:00+00:00,540.5,540.56,540.47,540.56,3642,regular,False
2026-08-04T16:24:00+00:00,540.6,540.64,540.52,540.58,2850,regular,False
2026-08-04T16:25:00+00:00,540.54,540.56,540.41,540.49,3834,regular,False
2026-08-04T16:26:00+00:00,540.5,540.54,540.45,540.49,5020,regular,False
2026-08-04T16:27:00+00:00,540.46,540.47,540.4,540.44,3008,regular,False
2026-08-04T16:28:00+00:00,540.46,540.6,540.46,540.6,8763,regular,False
2026-08-04T16:29:00+00:00,540.58,540.65,540.5,540.52,1639,regular,False
2026-08-04T16:30:00+00:00,540.42,540.44,540.37,540.41,2575,regular,False
2026-08-04T16:31:00+00:00,540.47,540.52,540.42,540.52,4036,regular,False
2026-08-04T16:32:00+00:00,540.57,540.63,540.55,540.57,1161,regular,False
2026-08-04T16:33:00+00:00,540.62,540.65,540.6,540.61,2047,regular,False
2026-08-04T16:34:00+00:00,540.59,540.63,540.54,540.58,1590,regular,False
2026-08-04T16:35:00+00:00,540.59,540.62,540.54,540.6,3308,regular,False
2026-08-04T16:36:00+00:00,540.6,540.66,540.51,540.64,2755,regular,False
2026-08-04T16:37:00+00:00,540.63,540.68,540.54,540.54,4599,regular,False
2026-08-04T16:38:00+00:00,540.53,540.53,540.36,540.39,6145,regular,False
2026-08-04T16:39:00+00:00,540.41,540.63,540.41,540.61,6998,regular,False
2026-08-04T16:40:00+00:00,540.62,540.68,540.6,540.66,6146,regular,False
2026-08-04T16:41:00+00:00,540.64,540.73,540.61,540.7,6924,regular,False
2026-08-04T16:42:00+00:00,540.71,540.78,540.7,540.76,7969,regular,False
2026-08-04T16:43:00+00:00,540.77,540.78,540.7,540.73,8116,regular,False
2026-08-04T16:44:00+00:00,540.75,540.95,540.75,540.93,9226,regular,False
2026-08-04T16:45:00+00:00,540.93,541.06,540.92,541.01,8658,regular,False
2026-08-04T16:46:00+00:00,541.02,541.04,540.94,540.96,7931,regular,False
2026-08-04T16:47:00+00:00,540.96,540.98,540.86,540.94,6494,regular,False
2026-08-04T16:48:00+00:00,540.96,540.98,540.86,540.89,9650,regular,False
2026-08-04T16:49:00+00:00,540.89,540.96,540.84,540.93,14534,regular,False
2026-08-04T16:50:00+00:00,540.93,540.97,540.78,540.79,9433,regular,False
2026-08-04T16:51:00+00:00,540.79,540.86,540.76,540.76,8726,regular,False
2026-08-04T16:52:00+00:00,540.77,540.85,540.71,540.71,5572,regular,False
2026-08-04T16:53:00+00:00,540.72,540.77,540.65,540.77,9890,regular,False
2026-08-04T16:54:00+00:00,540.78,540.83,540.77,540.77,3417,regular,False
2026-08-04T16:55:00+00:00,540.74,540.8,540.64,540.66,4075,regular,False
2026-08-04T16:56:00+00:00,540.65,540.65,540.52,540.58,12423,regular,False
2026-08-04T16:57:00+00:00,540.58,540.72,540.58,540.72,17480,regular,False
2026-08-04T16:58:00+00:00,540.72,540.74,540.65,540.67,23891,regular,False
2026-08-04T16:59:00+00:00,540.66,540.86,540.65,540.86,10354,regular,False
2026-08-04T17:00:00+00:00,540.85,541.05,540.8,541.01,35486,regular,False
2026-08-04T17:01:00+00:00,541.06,541.28,541.06,541.15,8206,regular,False
2026-08-04T17:02:00+00:00,541.16,541.2,541.1,541.15,8882,regular,False
2026-08-04T17:03:00+00:00,541.11,541.12,541.06,541.12,3752,regular,False
2026-08-04T17:04:00+00:00,541.11,541.18,541.08,541.12,4286,regular,False
2026-08-04T17:05:00+00:00,541.13,541.28,540.97,540.97,16242,regular,False
2026-08-04T17:06:00+00:00,540.98,540.98,540.84,540.85,6662,regular,False
2026-08-04T17:07:00+00:00,540.88,541.13,540.88,541.12,13565,regular,False
2026-08-04T17:08:00+00:00,541.15,541.23,541.14,541.23,11312,regular,False
2026-08-04T17:09:00+00:00,541.23,541.25,541.08,541.11,3847,regular,False
2026-08-04T17:10:00+00:00,541.1,541.18,541.06,541.07,11545,regular,False
2026-08-04T17:11:00+00:00,541.07,541.23,541.06,541.21,7596,regular,False
2026-08-04T17:12:00+00:00,541.2,541.24,541.14,541.24,10481,regular,False
2026-08-04T17:13:00+00:00,541.22,541.23,541.06,541.2,12835,regular,False
2026-08-04T17:14:00+00:00,541.22,541.34,541.16,541.33,11732,regular,False
2026-08-04T17:15:00+00:00,541.35,541.46,541.34,541.46,11058,regular,False
2026-08-04T17:16:00+00:00,541.45,541.53,541.41,541.49,7156,regular,False
2026-08-04T17:17:00+00:00,541.49,541.63,541.48,541.55,5556,regular,False
2026-08-04T17:18:00+00:00,541.56,541.56,541.35,541.35,3257,regular,False
2026-08-04T17:19:00+00:00,541.34,541.44,541.33,541.35,6663,regular,False
2026-08-04T17:20:00+00:00,541.33,541.36,541.12,541.12,13803,regular,False
2026-08-04T17:21:00+00:00,541.14,541.2,541.08,541.1,12488,regular,False
2026-08-04T17:22:00+00:00,541.11,541.13,540.91,540.98,15540,regular,False
2026-08-04T17:23:00+00:00,540.96,541.12,540.93,541.07,23739,regular,False
2026-08-04T17:24:00+00:00,541.06,541.11,541.0,541.07,8806,regular,False
2026-08-04T17:25:00+00:00,541.06,541.15,541.03,541.12,8237,regular,False
2026-08-04T17:26:00+00:00,541.13,541.19,541.02,541.03,8278,regular,False
2026-08-04T17:27:00+00:00,541.04,541.12,540.99,541.03,7893,regular,False
2026-08-04T17:28:00+00:00,541.04,541.12,541.02,541.05,4925,regular,False
2026-08-04T17:29:00+00:00,541.06,541.07,541.0,541.05,5343,regular,False
2026-08-04T17:30:00+00:00,541.06,541.06,540.92,541.01,7422,regular,False
2026-08-04T17:31:00+00:00,540.99,541.08,540.94,541.05,16714,regular,False
2026-08-04T17:32:00+00:00,541.08,541.27,541.08,541.26,4071,regular,False
2026-08-04T17:33:00+00:00,541.28,541.29,541.21,541.23,4616,regular,False
2026-08-04T17:34:00+00:00,541.21,541.33,541.21,541.33,5229,regular,False
2026-08-04T17:35:00+00:00,541.32,541.46,541.3,541.46,7323,regular,False
2026-08-04T17:36:00+00:00,541.44,541.55,541.43,541.55,8991,regular,False
2026-08-04T17:37:00+00:00,541.58,541.58,541.45,541.45,2867,regular,False
2026-08-04T17:38:00+00:00,541.45,541.5,541.39,541.48,9986,regular,False
2026-08-04T17:39:00+00:00,541.48,541.49,541.44,541.46,3874,regular,False
2026-08-04T17:40:00+00:00,541.49,541.56,541.49,541.56,5008,regular,False
2026-08-04T17:41:00+00:00,541.57,541.58,541.49,541.55,6932,regular,False
2026-08-04T17:42:00+00:00,541.55,541.66,541.55,541.66,9611,regular,False
2026-08-04T17:43:00+00:00,541.65,541.65,541.55,541.57,5434,regular,False
2026-08-04T17:44:00+00:00,541.55,541.7,541.55,541.59,3620,regular,False
2026-08-04T17:45:00+00:00,541.65,541.71,541.64,541.67,3521,regular,False
2026-08-04T17:46:00+00:00,541.69,541.75,541.59,541.73,5964,regular,False
2026-08-04T17:47:00+00:00,541.75,541.88,541.75,541.88,3406,regular,False
2026-08-04T17:48:00+00:00,541.88,542.07,541.87,542.07,3507,regular,False
2026-08-04T17:49:00+00:00,542.08,542.09,541.84,541.87,4300,regular,False
2026-08-04T17:50:00+00:00,541.82,541.82,541.36,541.41,2556,regular,False
2026-08-04T17:51:00+00:00,541.37,541.44,541.15,541.17,14770,regular,False
2026-08-04T17:52:00+00:00,541.22,541.4,541.14,541.37,6777,regular,False
2026-08-04T17:53:00+00:00,541.34,541.38,541.26,541.36,4802,regular,False
2026-08-04T17:54:00+00:00,541.38,541.38,541.22,541.32,7692,regular,False
2026-08-04T17:55:00+00:00,541.31,541.47,541.28,541.42,15072,regular,False
2026-08-04T17:56:00+00:00,541.41,541.43,541.3,541.33,5175,regular,False
2026-08-04T17:57:00+00:00,541.33,541.33,541.24,541.32,6301,regular,False
2026-08-04T17:58:00+00:00,541.33,541.39,541.33,541.37,6542,regular,False
2026-08-04T17:59:00+00:00,541.37,541.38,541.15,541.16,8065,regular,False
2026-08-04T18:00:00+00:00,541.16,541.25,540.95,541.06,16654,regular,False
2026-08-04T18:01:00+00:00,541.05,541.24,541.01,541.18,18964,regular,False
2026-08-04T18:02:00+00:00,541.23,541.28,541.06,541.08,6432,regular,False
2026-08-04T18:03:00+00:00,541.12,541.14,540.96,541.02,4425,regular,False
2026-08-04T18:04:00+00:00,540.98,541.0,540.83,540.85,6472,regular,False
2026-08-04T18:05:00+00:00,540.85,541.27,540.84,541.27,4247,regular,False
2026-08-04T18:06:00+00:00,541.28,541.28,541.06,541.17,6482,regular,False
2026-08-04T18:07:00+00:00,541.2,541.34,541.2,541.28,2571,regular,False
2026-08-04T18:08:00+00:00,541.27,541.28,541.17,541.2,3770,regular,False
2026-08-04T18:09:00+00:00,541.21,541.32,541.2,541.21,3552,regular,False
2026-08-04T18:10:00+00:00,541.24,541.33,541.18,541.22,2321,regular,False
2026-08-04T18:11:00+00:00,541.24,541.35,541.2,541.24,4739,regular,False
2026-08-04T18:12:00+00:00,541.2,541.23,541.12,541.16,4253,regular,False
2026-08-04T18:13:00+00:00,541.13,541.22,541.09,541.22,3836,regular,False
2026-08-04T18:14:00+00:00,541.2,541.33,541.13,541.33,5771,regular,False
2026-08-04T18:15:00+00:00,541.35,541.43,541.31,541.33,3700,regular,False
2026-08-04T18:16:00+00:00,541.31,541.32,541.17,541.23,3601,regular,False
2026-08-04T18:17:00+00:00,541.24,541.28,541.17,541.19,6413,regular,False
2026-08-04T18:18:00+00:00,541.18,541.33,541.16,541.3,8026,regular,False
2026-08-04T18:19:00+00:00,541.27,541.27,541.14,541.15,5618,regular,False
2026-08-04T18:20:00+00:00,541.15,541.22,541.1,541.22,7966,regular,False
2026-08-04T18:21:00+00:00,541.23,541.27,541.18,541.22,10004,regular,False
2026-08-04T18:22:00+00:00,541.24,541.36,541.24,541.3,5038,regular,False
2026-08-04T18:23:00+00:00,541.29,541.37,541.27,541.27,2712,regular,False
2026-08-04T18:24:00+00:00,541.29,541.29,541.12,541.12,5803,regular,False
2026-08-04T18:25:00+00:00,541.15,541.17,541.1,541.16,2815,regular,False
2026-08-04T18:26:00+00:00,541.13,541.24,541.1,541.16,3336,regular,False
2026-08-04T18:27:00+00:00,541.2,541.23,541.11,541.11,1691,regular,False
2026-08-04T18:28:00+00:00,541.15,541.15,541.05,541.14,1133,regular,False
2026-08-04T18:29:00+00:00,541.16,541.27,541.16,541.27,2359,regular,False
2026-08-04T18:30:00+00:00,541.22,541.27,541.19,541.26,2697,regular,False
2026-08-04T18:31:00+00:00,541.27,541.3,541.13,541.16,7198,regular,False
2026-08-04T18:32:00+00:00,541.18,541.25,541.18,541.21,1501,regular,False
2026-08-04T18:33:00+00:00,541.14,541.17,541.09,541.15,4511,regular,False
2026-08-04T18:34:00+00:00,541.15,541.16,541.06,541.06,2456,regular,False
2026-08-04T18:35:00+00:00,541.01,541.12,541.0,541.05,1987,regular,False
2026-08-04T18:36:00+00:00,541.12,541.15,541.07,541.15,2736,regular,False
2026-08-04T18:37:00+00:00,541.15,541.15,540.92,541.02,6539,regular,False
2026-08-04T18:38:00+00:00,540.99,541.03,540.91,540.92,4338,regular,False
2026-08-04T18:39:00+00:00,540.95,540.97,540.9,540.97,5532,regular,False
2026-08-04T18:40:00+00:00,540.95,540.99,540.81,540.85,91943,regular,False
2026-08-04T18:41:00+00:00,540.85,540.96,540.79,540.92,9815,regular,False
2026-08-04T18:42:00+00:00,540.92,540.94,540.78,540.79,9418,regular,False
2026-08-04T18:43:00+00:00,540.79,540.87,540.74,540.86,4752,regular,False
2026-08-04T18:44:00+00:00,540.87,540.98,540.87,540.98,3459,regular,False
2026-08-04T18:45:00+00:00,540.98,541.14,540.98,541.08,5852,regular,False
2026-08-04T18:46:00+00:00,541.07,541.11,541.04,541.11,1208,regular,False
2026-08-04T18:47:00+00:00,541.11,541.11,540.99,541.04,1904,regular,False
2026-08-04T18:48:00+00:00,541.05,541.08,540.99,541.01,2247,regular,False
2026-08-04T18:49:00+00:00,540.99,541.04,540.89,540.91,2362,regular,False
2026-08-04T18:50:00+00:00,540.9,540.99,540.9,540.94,1238,regular,False
2026-08-04T18:51:00+00:00,540.95,541.01,540.92,541.01,1665,regular,False
2026-08-04T18:52:00+00:00,540.99,541.07,540.97,541.04,3024,regular,False
2026-08-04T18:53:00+00:00,541.07,541.11,540.97,540.98,3365,regular,False
2026-08-04T18:54:00+00:00,541.01,541.07,540.9,540.93,2433,regular,False
2026-08-04T18:55:00+00:00,540.92,540.96,540.87,540.87,2619,regular,False
2026-08-04T18:56:00+00:00,540.89,541.02,540.89,541.01,3034,regular,False
2026-08-04T18:57:00+00:00,541.0,541.07,540.97,541.07,3232,regular,False
2026-08-04T18:58:00+00:00,541.11,541.17,541.06,541.13,5255,regular,False
2026-08-04T18:59:00+00:00,541.11,541.17,541.06,541.17,3426,regular,False
2026-08-04T19:00:00+00:00,541.21,541.49,541.21,541.49,11051,regular,False
2026-08-04T19:01:00+00:00,541.5,541.7,541.49,541.65,6500,regular,False
2026-08-04T19:02:00+00:00,541.65,541.73,541.58,541.62,5821,regular,False
2026-08-04T19:03:00+00:00,541.6,541.76,541.6,541.74,2765,regular,False
2026-08-04T19:04:00+00:00,541.78,541.78,541.65,541.66,3686,regular,False
2026-08-04T19:05:00+00:00,541.67,541.73,541.64,541.69,9106,regular,False
2026-08-04T19:06:00+00:00,541.66,541.73,541.53,541.71,6240,regular,False
2026-08-04T19:07:00+00:00,541.69,541.71,541.56,541.62,8089,regular,False
2026-08-04T19:08:00+00:00,541.6,541.62,541.47,541.62,3256,regular,False
2026-08-04T19:09:00+00:00,541.64,541.66,541.6,541.66,6183,regular,False
2026-08-04T19:10:00+00:00,541.63,541.64,541.54,541.59,6159,regular,False
2026-08-04T19:11:00+00:00,541.59,541.6,541.45,541.45,6060,regular,False
2026-08-04T19:12:00+00:00,541.43,541.46,541.31,541.32,4104,regular,False
2026-08-04T19:13:00+00:00,541.3,541.44,541.29,541.42,4508,regular,False
2026-08-04T19:14:00+00:00,541.47,541.51,541.38,541.48,9360,regular,False
2026-08-04T19:15:00+00:00,541.48,541.56,541.38,541.42,5561,regular,False
2026-08-04T19:16:00+00:00,541.39,541.47,541.35,541.45,11497,regular,False
2026-08-04T19:17:00+00:00,541.48,541.48,541.38,541.46,3821,regular,False
2026-08-04T19:18:00+00:00,541.49,541.52,541.41,541.43,3908,regular,False
2026-08-04T19:19:00+00:00,541.42,541.42,541.35,541.38,2682,regular,False
2026-08-04T19:20:00+00:00,541.43,541.5,541.43,541.48,2920,regular,False
2026-08-04T19:21:00+00:00,541.53,541.54,541.44,541.48,4475,regular,False
2026-08-04T19:22:00+00:00,541.48,541.49,541.39,541.39,3435,regular,False
2026-08-04T19:23:00+00:00,541.42,541.46,541.26,541.36,5479,regular,False
2026-08-04T19:24:00+00:00,541.38,541.44,541.33,541.42,11424,regular,False
2026-08-04T19:25:00+00:00,541.41,541.47,541.29,541.34,13047,regular,False
2026-08-04T19:26:00+00:00,541.31,541.35,541.2,541.3,7212,regular,False
2026-08-04T19:27:00+00:00,541.28,541.37,541.28,541.29,10076,regular,False
2026-08-04T19:28:00+00:00,541.29,541.3,541.19,541.25,4888,regular,False
2026-08-04T19:29:00+00:00,541.24,541.25,541.13,541.21,6943,regular,False
2026-08-04T19:30:00+00:00,541.21,541.35,541.11,541.35,3518,regular,False
2026-08-04T19:31:00+00:00,541.36,541.41,541.28,541.38,9331,regular,False
2026-08-04T19:32:00+00:00,541.37,541.38,541.2,541.27,6367,regular,False
2026-08-04T19:33:00+00:00,541.28,541.35,541.27,541.33,4412,regular,False
2026-08-04T19:34:00+00:00,541.34,541.47,541.25,541.46,5394,regular,False
2026-08-04T19:35:00+00:00,541.49,541.5,541.26,541.35,14809,regular,False
2026-08-04T19:36:00+00:00,541.35,541.49,541.31,541.49,4969,regular,False
2026-08-04T19:37:00+00:00,541.51,541.67,541.51,541.67,6731,regular,False
2026-08-04T19:38:00+00:00,541.67,541.68,541.55,541.56,7068,regular,False
2026-08-04T19:39:00+00:00,541.55,541.59,541.51,541.53,9846,regular,False
2026-08-04T19:40:00+00:00,541.53,541.61,541.52,541.54,8115,regular,False
2026-08-04T19:41:00+00:00,541.55,541.64,541.51,541.57,8625,regular,False
2026-08-04T19:42:00+00:00,541.6,541.6,541.49,541.58,4591,regular,False
2026-08-04T19:43:00+00:00,541.57,541.63,541.48,541.63,8909,regular,False
2026-08-04T19:44:00+00:00,541.62,541.68,541.57,541.64,8687,regular,False
2026-08-04T19:45:00+00:00,541.61,541.61,541.5,541.55,9738,regular,False
2026-08-04T19:46:00+00:00,541.56,541.66,541.53,541.53,15260,regular,False
2026-08-04T19:47:00+00:00,541.54,541.54,541.41,541.44,6956,regular,False
2026-08-04T19:48:00+00:00,541.42,541.49,541.35,541.43,10292,regular,False
2026-08-04T19:49:00+00:00,541.39,541.44,541.31,541.44,6703,regular,False
2026-08-04T19:50:00+00:00,541.46,541.52,541.14,541.15,21725,regular,False
2026-08-04T19:51:00+00:00,541.14,541.25,541.09,541.18,8295,regular,False
2026-08-04T19:52:00+00:00,541.18,541.24,541.03,541.1,21761,regular,False
2026-08-04T19:53:00+00:00,541.12,541.14,540.94,540.99,18639,regular,False
2026-08-04T19:54:00+00:00,540.98,541.02,540.85,540.89,21932,regular,False
2026-08-04T19:55:00+00:00,540.89,540.91,540.59,540.66,55788,regular,False
2026-08-04T19:56:00+00:00,540.68,540.7,540.58,540.58,27831,regular,False
2026-08-04T19:57:00+00:00,540.58,540.77,540.56,540.72,20900,regular,False
2026-08-04T19:58:00+00:00,540.74,540.8,540.64,540.67,31846,regular,False
2026-08-04T19:59:00+00:00,540.68,541.18,540.23,540.36,318032,regular,False
2026-08-04T20:01:00+00:00,540.8,541.63,540.8,541.41,1300,after-market,False
2026-08-04T20:02:00+00:00,541.41,541.41,541.41,541.41,0,after-market,False
2026-08-04T20:03:00+00:00,541.28,541.32,541.26,541.26,752,after-market,False
2026-08-04T20:04:00+00:00,541.17,541.17,541.17,541.17,100,after-market,False
2026-08-04T20:05:00+00:00,541.07,541.38,541.07,541.38,2199,after-market,False
2026-08-04T20:06:00+00:00,541.36,541.36,541.36,541.36,100,after-market,False
2026-08-04T20:07:00+00:00,541.35,541.35,541.35,541.35,100,after-market,False
2026-08-04T20:08:00+00:00,541.35,541.35,541.35,541.35,0,after-market,False
2026-08-04T20:09:00+00:00,541.24,541.25,541.21,541.22,556,after-market,False
2026-08-04T20:10:00+00:00,541.12,541.12,541.11,541.12,200,after-market,False
2026-08-04T20:11:00+00:00,541.17,541.17,541.16,541.17,50,after-market,False
2026-08-04T20:12:00+00:00,541.17,541.17,541.17,541.17,0,after-market,False
2026-08-04T20:13:00+00:00,541.17,541.17,541.17,541.17,0,after-market,False
2026-08-04T20:14:00+00:00,541.2,541.2,541.2,541.2,100,after-market,False
2026-08-04T20:15:00+00:00,541.08,541.29,541.06,541.29,1302,after-market,False
2026-08-04T20:16:00+00:00,541.33,541.42,541.33,541.42,332,after-market,False
2026-08-04T20:17:00+00:00,541.38,541.38,541.23,541.23,155,after-market,False
2026-08-04T20:18:00+00:00,541.28,541.31,541.28,541.3,165,after-market,False
2026-08-04T20:19:00+00:00,541.3,541.3,541.3,541.3,0,after-market,False
2026-08-04T20:20:00+00:00,541.23,541.24,541.23,541.23,50,after-market,False
2026-08-04T20:21:00+00:00,541.23,541.23,541.23,541.23,0,after-market,False
2026-08-04T20:22:00+00:00,541.24,541.24,541.11,541.11,2283,after-market,False
2026-08-04T20:23:00+00:00,541.11,541.11,541.11,541.11,0,after-market,False
2026-08-04T20:24:00+00:00,541.11,541.11,541.11,541.11,0,after-market,False
2026-08-04T20:25:00+00:00,541.26,541.26,541.26,541.26,840,after-market,False
2026-08-04T20:26:00+00:00,541.1,541.2,541.1,541.2,376,after-market,False
2026-08-04T20:27:00+00:00,541.2,541.2,541.2,541.2,0,after-market,False
2026-08-04T20:28:00+00:00,541.04,541.04,541.03,541.04,55,after-market,False
2026-08-04T20:29:00+00:00,541.04,541.04,541.04,541.04,0,after-market,False
2026-08-04T20:30:00+00:00,541.12,541.14,541.12,541.14,1140,after-market,False
2026-08-04T20:31:00+00:00,541.31,541.31,541.3,541.31,100,after-market,False
2026-08-04T20:32:00+00:00,541.31,541.31,541.31,541.31,0,after-market,False
2026-08-04T20:33:00+00:00,541.31,541.31,541.31,541.31,0,after-market,False
2026-08-04T20:34:00+00:00,541.3,541.31,541.3,541.3,100,after-market,False
2026-08-04T20:35:00+00:00,541.43,541.43,541.36,541.36,1131,after-market,False
2026-08-04T20:36:00+00:00,541.37,541.48,541.37,541.44,1918,after-market,False
2026-08-04T20:37:00+00:00,541.46,541.52,541.46,541.52,290,after-market,False
2026-08-04T20:38:00+00:00,541.52,541.52,541.52,541.52,0,after-market,False
2026-08-04T20:39:00+00:00,541.39,541.39,541.38,541.39,100,after-market,False
2026-08-04T20:40:00+00:00,541.39,541.39,541.39,541.39,0,after-market,False
2026-08-04T20:41:00+00:00,541.39,541.39,541.39,541.39,0,after-market,False
2026-08-04T20:42:00+00:00,541.39,541.39,541.39,541.39,0,after-market,False
2026-08-04T20:43:00+00:00,541.45,541.45,541.45,541.45,93,after-market,False
2026-08-04T20:45:00+00:00,541.47,541.47,541.46,541.47,200,after-market,False
2026-08-04T20:46:00+00:00,541.47,541.47,541.47,541.47,0,after-market,False
2026-08-04T20:47:00+00:00,541.55,541.56,541.55,541.55,300,after-market,False
2026-08-04T20:48:00+00:00,541.47,541.47,541.47,541.47,125,after-market,False
2026-08-04T20:49:00+00:00,541.46,541.46,541.44,541.46,1000,after-market,False
2026-08-04T20:50:00+00:00,541.51,541.51,541.51,541.51,50,after-market,False
2026-08-04T20:51:00+00:00,541.51,541.51,541.51,541.51,0,after-market,False
2026-08-04T20:52:00+00:00,541.52,541.58,541.52,541.58,345,after-market,False
2026-08-04T20:53:00+00:00,541.58,541.58,541.58,541.58,0,after-market,False
2026-08-04T20:55:00+00:00,541.58,541.58,541.58,541.58,0,after-market,False
2026-08-04T20:56:00+00:00,541.61,541.62,541.58,541.58,147,after-market,False
2026-08-04T20:57:00+00:00,541.63,541.63,541.63,541.63,120,after-market,False
2026-08-04T20:58:00+00:00,541.63,541.63,541.63,541.63,40,after-market,False
2026-08-04T21:01:00+00:00,541.39,541.39,541.39,541.39,70,after-market,False
2026-08-04T21:02:00+00:00,541.39,541.39,541.39,541.39,60,after-market,False
2026-08-04T21:04:00+00:00,541.89,541.89,541.88,541.89,250,after-market,False
2026-08-04T21:05:00+00:00,541.42,541.42,541.41,541.42,50,after-market,False
2026-08-04T21:08:00+00:00,541.42,541.42,541.42,541.42,0,after-market,False
2026-08-04T21:09:00+00:00,541.42,541.42,541.42,541.42,0,after-market,False
2026-08-04T21:10:00+00:00,541.42,541.42,541.42,541.42,0,after-market,False
2026-08-04T21:11:00+00:00,541.42,541.42,541.42,541.42,0,after-market,False
2026-08-04T21:14:00+00:00,541.42,541.42,541.42,541.42,0,after-market,False
2026-08-04T21:16:00+00:00,541.4,541.4,541.4,541.4,120,after-market,False
2026-08-04T21:17:00+00:00,541.4,541.4,541.4,541.4,0,after-market,False
2026-08-04T21:19:00+00:00,541.4,541.4,541.4,541.4,0,after-market,False
2026-08-04T21:20:00+00:00,541.4,541.4,541.4,541.4,100,after-market,False
2026-08-04T21:21:00+00:00,541.4,541.4,541.4,541.4,0,after-market,False
2026-08-04T21:22:00+00:00,541.15,541.15,541.15,541.15,44,after-market,False
2026-08-04T21:24:00+00:00,541.21,541.21,541.21,541.21,148,after-market,False
2026-08-04T21:25:00+00:00,541.21,541.21,541.21,541.21,0,after-market,False
2026-08-04T21:26:00+00:00,541.21,541.21,541.21,541.21,0,after-market,False
2026-08-04T21:27:00+00:00,541.21,541.21,541.21,541.21,0,after-market,False
2026-08-04T21:30:00+00:00,541.21,541.21,541.21,541.21,0,after-market,False
2026-08-04T21:31:00+00:00,541.21,541.21,541.21,541.21,0,after-market,False
2026-08-04T21:33:00+00:00,541.21,541.21,541.21,541.21,0,after-market,False
2026-08-04T21:34:00+00:00,541.21,541.21,541.21,541.21,0,after-market,False
2026-08-04T21:35:00+00:00,541.21,541.21,541.21,541.21,0,after-market,False
2026-08-04T21:36:00+00:00,541.21,541.21,541.21,541.21,0,after-market,False
2026-08-04T21:38:00+00:00,541.21,541.21,541.21,541.21,0,after-market,False
2026-08-04T21:39:00+00:00,541.21,541.21,541.21,541.21,0,after-market,False
2026-08-04T21:40:00+00:00,541.21,541.21,541.21,541.21,0,after-market,False
2026-08-04T21:43:00+00:00,541.21,541.21,541.21,541.21,0,after-market,False
2026-08-04T21:45:00+00:00,541.21,541.21,541.21,541.21,0,after-market,False
2026-08-04T21:46:00+00:00,541.21,541.21,541.21,541.21,0,after-market,False
2026-08-04T21:47:00+00:00,541.21,541.21,541.21,541.21,0,after-market,False
2026-08-04T21:48:00+00:00,541.21,541.21,541.21,541.21,0,after-market,False
2026-08-04T21:50:00+00:00,541.21,541.21,541.21,541.21,0,after-market,False
2026-08-04T21:51:00+00:00,541.21,541.21,541.21,541.21,0,after-market,False
2026-08-04T21:53:00+00:00,541.21,541.21,541.21,541.21,0,after-market,False
2026-08-04T21:58:00+00:00,541.21,541.21,541.21,541.21,0,after-market,False
2026-08-04T22:00:00+00:00,541.41,541.41,541.41,541.41,60,after-market,False
2026-08-04T22:01:00+00:00,541.38,541.38,541.38,541.38,4940,after-market,False
2026-08-04T22:02:00+00:00,541.38,541.38,541.38,541.38,0,after-market,False
2026-08-04T22:04:00+00:00,541.38,541.38,541.38,541.38,0,after-market,False
2026-08-04T22:06:00+00:00,541.38,541.38,541.38,541.38,0,after-market,False
2026-08-04T22:08:00+00:00,541.38,541.38,541.38,541.38,0,after-market,False
2026-08-04T22:10:00+00:00,541.38,541.38,541.38,541.38,0,after-market,False
2026-08-04T22:11:00+00:00,541.38,541.38,541.38,541.38,0,after-market,False
2026-08-04T22:12:00+00:00,541.38,541.38,541.38,541.38,0,after-market,False
2026-08-04T22:14:00+00:00,541.38,541.38,541.38,541.38,0,after-market,False
2026-08-04T22:15:00+00:00,541.38,541.38,541.38,541.38,0,after-market,False
2026-08-04T22:18:00+00:00,541.38,541.38,541.38,541.38,0,after-market,False
2026-08-04T22:19:00+00:00,541.38,541.38,541.38,541.38,0,after-market,False
2026-08-04T22:20:00+00:00,541.38,541.38,541.38,541.38,0,after-market,False
2026-08-04T22:21:00+00:00,541.38,541.38,541.38,541.38,0,after-market,False
2026-08-04T22:22:00+00:00,541.38,541.38,541.38,541.38,0,after-market,False
2026-08-04T22:23:00+00:00,541.47,541.47,541.46,541.47,110,after-market,False
2026-08-04T22:25:00+00:00,541.47,541.47,541.47,541.47,0,after-market,False
2026-08-04T22:26:00+00:00,541.47,541.47,541.47,541.47,0,after-market,False
2026-08-04T22:27:00+00:00,541.47,541.47,541.47,541.47,0,after-market,False
2026-08-04T22:29:00+00:00,541.62,541.62,541.6,541.6,180,after-market,False
2026-08-04T22:30:00+00:00,541.65,541.66,541.65,541.65,200,after-market,False
2026-08-04T22:31:00+00:00,541.65,541.65,541.65,541.65,0,after-market,False
2026-08-04T22:32:00+00:00,541.7,541.7,541.7,541.7,99,after-market,False
2026-08-04T22:33:00+00:00,541.59,541.59,541.59,541.59,55,after-market,False
2026-08-04T22:34:00+00:00,541.59,541.59,541.59,541.59,0,after-market,False
2026-08-04T22:35:00+00:00,541.64,541.64,541.64,541.64,80,after-market,False
2026-08-04T22:36:00+00:00,541.64,541.64,541.64,541.64,0,after-market,False
2026-08-04T22:37:00+00:00,541.64,541.64,541.64,541.64,0,after-market,False
2026-08-04T22:38:00+00:00,541.64,541.64,541.64,541.64,0,after-market,False
2026-08-04T22:39:00+00:00,541.67,541.67,541.67,541.67,100,after-market,False
2026-08-04T22:40:00+00:00,541.65,541.65,541.65,541.65,100,after-market,False
2026-08-04T22:43:00+00:00,541.65,541.65,541.65,541.65,0,after-market,False
2026-08-04T22:45:00+00:00,541.65,541.65,541.65,541.65,0,after-market,False
2026-08-04T22:46:00+00:00,541.65,541.65,541.65,541.65,0,after-market,False
2026-08-04T22:47:00+00:00,541.58,541.58,541.56,541.58,526,after-market,False
2026-08-04T22:49:00+00:00,541.6,541.6,541.6,541.6,50,after-market,False
2026-08-04T22:50:00+00:00,541.6,541.6,541.6,541.6,0,after-market,False
2026-08-04T22:51:00+00:00,541.6,541.6,541.6,541.6,0,after-market,False
2026-08-04T22:52:00+00:00,541.6,541.6,541.6,541.6,0,after-market,False
2026-08-04T22:53:00+00:00,541.6,541.6,541.6,541.6,0,after-market,False
2026-08-04T22:56:00+00:00,541.6,541.6,541.6,541.6,0,after-market,False
2026-08-04T22:57:00+00:00,541.6,541.6,541.6,541.6,0,after-market,False
2026-08-04T22:59:00+00:00,541.68,541.68,541.67,541.68,45,after-market,False
2026-08-04T23:00:00+00:00,541.66,541.66,541.66,541.66,100,after-market,False
2026-08-04T23:01:00+00:00,541.66,541.66,541.66,541.66,0,after-market,False
2026-08-04T23:02:00+00:00,541.66,541.66,541.66,541.66,0,after-market,False
2026-08-04T23:03:00+00:00,541.72,541.73,541.72,541.72,100,after-market,False
2026-08-04T23:05:00+00:00,541.68,541.69,541.68,541.68,100,after-market,False
2026-08-04T23:06:00+00:00,541.68,541.68,541.68,541.68,100,after-market,False
2026-08-04T23:07:00+00:00,541.68,541.68,541.68,541.68,0,after-market,False
2026-08-04T23:08:00+00:00,541.68,541.68,541.68,541.68,0,after-market,False
2026-08-04T23:09:00+00:00,541.68,541.68,541.68,541.68,0,after-market,False
2026-08-04T23:10:00+00:00,541.68,541.68,541.68,541.68,0,after-market,False
2026-08-04T23:12:00+00:00,541.68,541.68,541.68,541.68,0,after-market,False
2026-08-04T23:13:00+00:00,541.68,541.68,541.68,541.68,0,after-market,False
2026-08-04T23:17:00+00:00,541.68,541.68,541.68,541.68,0,after-market,False
2026-08-04T23:20:00+00:00,541.66,541.66,541.66,541.66,80,after-market,False
2026-08-04T23:21:00+00:00,541.66,541.66,541.63,541.63,100,after-market,False
2026-08-04T23:22:00+00:00,541.65,541.65,541.64,541.65,140,after-market,False
2026-08-04T23:23:00+00:00,541.6,541.6,541.6,541.6,40,after-market,False
2026-08-04T23:25:00+00:00,541.6,541.6,541.6,541.6,0,after-market,False
2026-08-04T23:26:00+00:00,541.6,541.6,541.6,541.6,0,after-market,False
2026-08-04T23:27:00+00:00,541.6,541.6,541.6,541.6,0,after-market,False
2026-08-04T23:28:00+00:00,541.6,541.6,541.6,541.6,0,after-market,False
2026-08-04T23:30:00+00:00,541.6,541.6,541.6,541.6,0,after-market,False
2026-08-04T23:32:00+00:00,541.6,541.6,541.6,541.6,0,after-market,False
2026-08-04T23:33:00+00:00,541.6,541.6,541.6,541.6,0,after-market,False
2026-08-04T23:34:00+00:00,541.45,541.45,541.45,541.45,187,after-market,False
2026-08-04T23:35:00+00:00,541.45,541.45,541.45,541.45,0,after-market,False
2026-08-04T23:36:00+00:00,541.45,541.45,541.45,541.45,0,after-market,False
2026-08-04T23:39:00+00:00,541.45,541.45,541.45,541.45,0,after-market,False
2026-08-04T23:42:00+00:00,541.47,541.47,541.47,541.47,120,after-market,False
2026-08-04T23:44:00+00:00,541.47,541.47,541.47,541.47,0,after-market,False
2026-08-04T23:45:00+00:00,541.47,541.47,541.47,541.47,0,after-market,False
2026-08-04T23:47:00+00:00,541.47,541.47,541.47,541.47,0,after-market,False
2026-08-04T23:48:00+00:00,541.47,541.47,541.47,541.47,0,after-market,False
2026-08-04T23:49:00+00:00,541.43,541.43,541.42,541.43,100,after-market,False
2026-08-04T23:50:00+00:00,541.43,541.43,541.43,541.43,0,after-market,False
2026-08-04T23:51:00+00:00,541.43,541.43,541.43,541.43,0,after-market,False
2026-08-04T23:52:00+00:00,541.43,541.43,541.43,541.43,0,after-market,False
2026-08-04T23:54:00+00:00,541.42,541.42,541.42,541.42,55,after-market,False
2026-08-04T23:55:00+00:00,541.42,541.42,541.42,541.42,0,after-market,False
2026-08-04T23:56:00+00:00,541.42,541.42,541.42,541.42,0,after-market,False
2026-08-04T23:57:00+00:00,541.33,541.34,541.29,541.29,2098,after-market,False
2026-08-04T23:58:00+00:00,541.29,541.29,541.29,541.29,0,after-market,False
2026-08-04T23:59:00+00:00,541.46,541.46,541.45,541.46,100,after-market,False
2026-08-05T08:00:00+00:00,542.29,542.91,542.01,542.64,1299,pre-market,False
2026-08-05T08:01:00+00:00,542.65,542.91,542.34,542.34,2109,pre-market,False
2026-08-05T08:02:00+00:00,541.96,542.29,541.54,541.79,1233,pre-market,False
2026-08-05T08:03:00+00:00,542.15,542.15,542.15,542.15,100,pre-market,False
2026-08-05T08:04:00+00:00,542.15,542.15,542.15,542.15,0,pre-market,False
2026-08-05T08:06:00+00:00,542.21,542.21,542.21,542.21,50,pre-market,False
2026-08-05T08:08:00+00:00,542.21,542.21,542.21,542.21,0,pre-market,False
2026-08-05T08:13:00+00:00,541.89,541.89,541.89,541.89,52,pre-market,False
2026-08-05T08:18:00+00:00,541.89,541.89,541.89,541.89,0,pre-market,False
2026-08-05T08:23:00+00:00,541.89,541.89,541.89,541.89,0,pre-market,False
2026-08-05T08:24:00+00:00,541.61,541.61,541.61,541.61,185,pre-market,False
2026-08-05T08:25:00+00:00,541.61,541.61,541.61,541.61,0,pre-market,False
2026-08-05T08:26:00+00:00,541.61,541.61,541.61,541.61,0,pre-market,False
2026-08-05T08:27:00+00:00,541.61,541.61,541.61,541.61,0,pre-market,False
2026-08-05T08:30:00+00:00,541.61,541.61,541.61,541.61,0,pre-market,False
2026-08-05T08:31:00+00:00,541.85,541.85,541.85,541.85,169,pre-market,False
2026-08-05T08:32:00+00:00,541.6,541.6,541.6,541.6,80,pre-market,False
2026-08-05T08:35:00+00:00,541.75,541.75,541.67,541.67,365,pre-market,False
2026-08-05T08:38:00+00:00,541.92,541.92,541.92,541.92,100,pre-market,False
2026-08-05T08:40:00+00:00,541.98,541.98,541.96,541.96,344,pre-market,False
2026-08-05T08:44:00+00:00,541.96,541.96,541.96,541.96,0,pre-market,False
2026-08-05T08:46:00+00:00,541.96,541.96,541.96,541.96,0,pre-market,False
2026-08-05T08:53:00+00:00,541.96,541.96,541.96,541.96,0,pre-market,False
2026-08-05T08:57:00+00:00,541.84,541.84,541.84,541.84,70,pre-market,False
2026-08-05T09:00:00+00:00,541.95,541.95,541.95,541.95,100,pre-market,False
2026-08-05T09:05:00+00:00,541.95,541.95,541.95,541.95,0,pre-market,False
2026-08-05T09:07:00+00:00,541.95,541.95,541.95,541.95,0,pre-market,False
2026-08-05T09:08:00+00:00,541.95,541.95,541.95,541.95,0,pre-market,False
2026-08-05T09:11:00+00:00,541.95,541.95,541.95,541.95,0,pre-market,False
2026-08-05T09:12:00+00:00,541.95,541.95,541.95,541.95,0,pre-market,False
2026-08-05T09:13:00+00:00,542.0,542.0,542.0,542.0,40,pre-market,False
2026-08-05T09:14:00+00:00,542.03,542.03,541.99,541.99,284,pre-market,False
2026-08-05T09:18:00+00:00,541.93,541.93,541.93,541.93,100,pre-market,False
2026-08-05T09:19:00+00:00,541.93,541.93,541.93,541.93,125,pre-market,False
2026-08-05T09:22:00+00:00,541.93,541.93,541.93,541.93,0,pre-market,False
2026-08-05T09:23:00+00:00,541.93,541.93,541.93,541.93,0,pre-market,False
2026-08-05T09:30:00+00:00,541.93,541.93,541.93,541.93,0,pre-market,False
2026-08-05T09:35:00+00:00,542.1,542.1,542.1,542.1,100,pre-market,False
2026-08-05T09:36:00+00:00,542.1,542.1,542.1,542.1,0,pre-market,False
2026-08-05T09:37:00+00:00,542.1,542.1,542.1,542.1,0,pre-market,False
2026-08-05T09:38:00+00:00,542.1,542.1,542.1,542.1,0,pre-market,False
2026-08-05T09:39:00+00:00,542.1,542.1,542.1,542.1,0,pre-market,False
2026-08-05T09:41:00+00:00,542.02,542.02,542.02,542.02,60,pre-market,False
2026-08-05T09:46:00+00:00,542.07,542.07,542.07,542.07,100,pre-market,False
2026-08-05T09:47:00+00:00,542.15,542.15,542.13,542.13,785,pre-market,False
2026-08-05T09:48:00+00:00,542.13,542.13,542.13,542.13,0,pre-market,False
2026-08-05T09:49:00+00:00,542.13,542.13,542.13,542.13,0,pre-market,False
2026-08-05T09:50:00+00:00,542.13,542.13,542.13,542.13,0,pre-market,False
2026-08-05T09:52:00+00:00,542.13,542.13,542.13,542.13,0,pre-market,False
2026-08-05T09:53:00+00:00,542.13,542.13,542.13,542.13,0,pre-market,False
2026-08-05T09:55:00+00:00,542.13,542.13,542.13,542.13,0,pre-market,False
2026-08-05T09:56:00+00:00,542.07,542.07,542.07,542.07,70,pre-market,False
2026-08-05T09:57:00+00:00,541.96,541.96,541.95,541.96,160,pre-market,False
2026-08-05T10:01:00+00:00,541.96,541.96,541.96,541.96,0,pre-market,False
2026-08-05T10:04:00+00:00,541.95,541.95,541.95,541.95,180,pre-market,False
2026-08-05T10:06:00+00:00,541.95,541.95,541.95,541.95,0,pre-market,False
2026-08-05T10:08:00+00:00,541.96,541.96,541.96,541.96,110,pre-market,False
2026-08-05T10:11:00+00:00,541.96,541.96,541.96,541.96,0,pre-market,False
2026-08-05T10:13:00+00:00,541.96,541.96,541.96,541.96,0,pre-market,False
2026-08-05T10:15:00+00:00,542.0,542.0,542.0,542.0,250,pre-market,False
2026-08-05T10:17:00+00:00,542.0,542.02,542.0,542.02,210,pre-market,False
2026-08-05T10:18:00+00:00,542.02,542.02,542.02,542.02,0,pre-market,False
2026-08-05T10:23:00+00:00,542.02,542.02,542.02,542.02,0,pre-market,False
2026-08-05T10:24:00+00:00,542.02,542.02,542.02,542.02,0,pre-market,False
2026-08-05T10:25:00+00:00,542.02,542.02,542.02,542.02,0,pre-market,False
2026-08-05T10:27:00+00:00,542.12,542.12,542.12,542.12,100,pre-market,False
2026-08-05T10:30:00+00:00,542.2,542.2,542.2,542.2,100,pre-market,False
2026-08-05T10:31:00+00:00,542.12,542.21,542.12,542.21,1655,pre-market,False
2026-08-05T10:32:00+00:00,542.21,542.21,542.21,542.21,0,pre-market,False
2026-08-05T10:35:00+00:00,542.21,542.21,542.21,542.21,0,pre-market,False
2026-08-05T10:37:00+00:00,542.21,542.21,542.21,542.21,0,pre-market,False
2026-08-05T10:38:00+00:00,542.21,542.21,542.21,542.21,0,pre-market,False
2026-08-05T10:42:00+00:00,542.21,542.21,542.21,542.21,0,pre-market,False
2026-08-05T10:43:00+00:00,542.21,542.21,542.21,542.21,0,pre-market,False
2026-08-05T10:44:00+00:00,542.21,542.21,542.21,542.21,0,pre-market,False
2026-08-05T10:45:00+00:00,542.45,542.45,542.45,542.45,100,pre-market,False
2026-08-05T10:53:00+00:00,542.45,542.45,542.45,542.45,0,pre-market,False
2026-08-05T10:55:00+00:00,542.45,542.45,542.45,542.45,0,pre-market,False
2026-08-05T10:58:00+00:00,542.45,542.45,542.45,542.45,0,pre-market,False
2026-08-05T11:00:00+00:00,542.54,542.54,542.39,542.4,764,pre-market,False
2026-08-05T11:01:00+00:00,542.67,542.67,542.52,542.52,290,pre-market,False
2026-08-05T11:02:00+00:00,542.42,542.42,542.42,542.42,60,pre-market,False
2026-08-05T11:03:00+00:00,542.42,542.42,542.42,542.42,0,pre-market,False
2026-08-05T11:04:00+00:00,542.46,542.46,542.45,542.45,750,pre-market,False
2026-08-05T11:05:00+00:00,542.45,542.45,542.45,542.45,0,pre-market,False
2026-08-05T11:06:00+00:00,542.7,542.7,542.7,542.7,100,pre-market,False
2026-08-05T11:07:00+00:00,542.68,542.68,542.67,542.68,279,pre-market,False
2026-08-05T11:08:00+00:00,542.71,542.71,542.71,542.71,40,pre-market,False
2026-08-05T11:09:00+00:00,542.77,542.77,542.77,542.77,50,pre-market,False
2026-08-05T11:10:00+00:00,542.77,542.77,542.77,542.77,0,pre-market,False
2026-08-05T11:11:00+00:00,542.73,542.73,542.72,542.73,42,pre-market,False
2026-08-05T11:12:00+00:00,542.79,542.79,542.78,542.79,186,pre-market,False
2026-08-05T11:13:00+00:00,542.79,542.79,542.79,542.79,0,pre-market,False
2026-08-05T11:14:00+00:00,542.79,542.79,542.79,542.79,0,pre-market,False
2026-08-05T11:15:00+00:00,542.8,542.81,542.77,542.77,339,pre-market,False
2026-08-05T11:16:00+00:00,542.85,542.87,542.85,542.87,140,pre-market,False
2026-08-05T11:17:00+00:00,542.87,542.87,542.87,542.87,0,pre-market,False
2026-08-05T11:19:00+00:00,542.87,542.87,542.87,542.87,0,pre-market,False
2026-08-05T11:20:00+00:00,542.85,542.85,542.84,542.85,84,pre-market,False
2026-08-05T11:21:00+00:00,542.9,542.9,542.9,542.9,89,pre-market,False
2026-08-05T11:22:00+00:00,542.9,542.92,542.86,542.87,947,pre-market,False
2026-08-05T11:23:00+00:00,542.85,542.85,542.85,542.85,125,pre-market,False
2026-08-05T11:24:00+00:00,542.85,542.85,542.85,542.85,0,pre-market,False
2026-08-05T11:25:00+00:00,542.95,542.95,542.95,542.95,100,pre-market,False
2026-08-05T11:26:00+00:00,543.0,543.0,542.95,542.96,235,pre-market,False
2026-08-05T11:27:00+00:00,542.96,542.96,542.96,542.96,0,pre-market,False
2026-08-05T11:28:00+00:00,542.88,542.88,542.82,542.82,300,pre-market,False
2026-08-05T11:29:00+00:00,542.74,542.75,542.67,542.67,248,pre-market,False
2026-08-05T11:31:00+00:00,542.62,542.62,542.62,542.62,94,pre-market,False
2026-08-05T11:32:00+00:00,542.63,542.63,542.63,542.63,50,pre-market,False
2026-08-05T11:34:00+00:00,542.63,542.63,542.63,542.63,0,pre-market,False
2026-08-05T11:36:00+00:00,542.63,542.63,542.63,542.63,0,pre-market,False
2026-08-05T11:37:00+00:00,542.63,542.63,542.63,542.63,0,pre-market,False
2026-08-05T11:38:00+00:00,542.63,542.63,542.63,542.63,0,pre-market,False
2026-08-05T11:39:00+00:00,542.63,542.63,542.63,542.63,0,pre-market,False
2026-08-05T11:40:00+00:00,542.6,542.6,542.6,542.6,200,pre-market,False
2026-08-05T11:41:00+00:00,542.65,542.65,542.65,542.65,100,pre-market,False
2026-08-05T11:43:00+00:00,542.58,542.58,542.58,542.58,100,pre-market,False
2026-08-05T11:44:00+00:00,542.49,542.49,542.49,542.49,60,pre-market,False
2026-08-05T11:45:00+00:00,542.5,542.5,542.43,542.43,2265,pre-market,False
2026-08-05T11:47:00+00:00,542.43,542.43,542.43,542.43,100,pre-market,False
2026-08-05T11:48:00+00:00,542.43,542.43,542.43,542.43,0,pre-market,False
2026-08-05T11:49:00+00:00,542.43,542.43,542.43,542.43,0,pre-market,False
2026-08-05T11:51:00+00:00,542.43,542.43,542.43,542.43,0,pre-market,False
2026-08-05T11:52:00+00:00,542.75,542.78,542.75,542.78,740,pre-market,False
2026-08-05T11:53:00+00:00,542.78,542.78,542.78,542.78,0,pre-market,False
2026-08-05T11:54:00+00:00,542.83,542.83,542.83,542.83,500,pre-market,False
2026-08-05T11:56:00+00:00,542.83,542.83,542.83,542.83,0,pre-market,False
2026-08-05T11:57:00+00:00,542.95,542.96,542.95,542.95,480,pre-market,False
2026-08-05T11:58:00+00:00,543.1,543.12,543.1,543.11,373,pre-market,False
2026-08-05T11:59:00+00:00,543.11,543.11,543.11,543.11,0,pre-market,False
2026-08-05T12:00:00+00:00,543.11,543.11,543.11,543.11,0,pre-market,False
2026-08-05T12:01:00+00:00,543.05,543.09,543.05,543.09,190,pre-market,False
2026-08-05T12:02:00+00:00,543.09,543.09,543.09,543.09,0,pre-market,False
2026-08-05T12:03:00+00:00,543.09,543.09,543.09,543.09,0,pre-market,False
2026-08-05T12:04:00+00:00,543.24,543.24,543.24,543.24,234,pre-market,False
2026-08-05T12:05:00+00:00,543.28,543.28,543.25,543.25,445,pre-market,False
2026-08-05T12:06:00+00:00,543.29,543.29,543.29,543.29,40,pre-market,False
2026-08-05T12:07:00+00:00,543.29,543.29,543.29,543.29,0,pre-market,False
2026-08-05T12:08:00+00:00,543.12,543.12,543.11,543.12,90,pre-market,False
2026-08-05T12:09:00+00:00,543.12,543.12,543.12,543.12,0,pre-market,False
2026-08-05T12:10:00+00:00,543.12,543.12,543.12,543.12,0,pre-market,False
2026-08-05T12:11:00+00:00,543.12,543.12,543.12,543.12,0,pre-market,False
2026-08-05T12:12:00+00:00,543.12,543.12,543.12,543.12,0,pre-market,False
2026-08-05T12:13:00+00:00,543.12,543.12,543.12,543.12,0,pre-market,False
2026-08-05T12:14:00+00:00,543.24,543.25,543.2,543.2,150,pre-market,False
2026-08-05T12:15:00+00:00,543.2,543.2,543.2,543.2,0,pre-market,False
2026-08-05T12:16:00+00:00,543.2,543.2,543.2,543.2,0,pre-market,False
2026-08-05T12:17:00+00:00,543.2,543.2,543.2,543.2,0,pre-market,False
2026-08-05T12:18:00+00:00,543.2,543.2,543.2,543.2,0,pre-market,False
2026-08-05T12:19:00+00:00,543.39,543.39,543.31,543.37,551,pre-market,False
2026-08-05T12:20:00+00:00,543.37,543.37,543.37,543.37,0,pre-market,False
2026-08-05T12:21:00+00:00,543.42,543.45,543.42,543.43,551,pre-market,False
2026-08-05T12:22:00+00:00,543.33,543.33,543.33,543.33,125,pre-market,False
2026-08-05T12:23:00+00:00,543.33,543.33,543.33,543.33,0,pre-market,False
2026-08-05T12:24:00+00:00,543.33,543.33,543.33,543.33,0,pre-market,False
2026-08-05T12:25:00+00:00,543.33,543.33,543.33,543.33,0,pre-market,False
2026-08-05T12:26:00+00:00,543.23,543.23,543.15,543.15,410,pre-market,False
2026-08-05T12:27:00+00:00,543.15,543.15,543.15,543.15,0,pre-market,False
2026-08-05T12:28:00+00:00,543.15,543.15,543.15,543.15,0,pre-market,False
2026-08-05T12:29:00+00:00,543.16,543.16,543.16,543.16,211,pre-market,False
2026-08-05T12:30:00+00:00,543.0,543.0,543.0,543.0,41,pre-market,False
2026-08-05T12:31:00+00:00,542.95,542.95,542.82,542.82,500,pre-market,False
2026-08-05T12:32:00+00:00,542.82,542.82,542.82,542.82,0,pre-market,False
2026-08-05T12:33:00+00:00,542.82,542.82,542.82,542.82,0,pre-market,False
2026-08-05T12:34:00+00:00,542.84,542.85,542.84,542.85,307,pre-market,False
2026-08-05T12:35:00+00:00,542.94,542.94,542.94,542.94,90,pre-market,False
2026-08-05T12:36:00+00:00,542.94,542.94,542.94,542.94,0,pre-market,False
2026-08-05T12:38:00+00:00,542.91,542.91,542.91,542.91,200,pre-market,False
2026-08-05T12:39:00+00:00,542.91,542.91,542.91,542.91,0,pre-market,False
2026-08-05T12:40:00+00:00,542.91,542.91,542.91,542.91,0,pre-market,False
2026-08-05T12:41:00+00:00,542.85,542.85,542.84,542.85,340,pre-market,False
2026-08-05T12:42:00+00:00,542.85,542.85,542.85,542.85,0,pre-market,False
2026-08-05T12:43:00+00:00,542.83,542.9,542.83,542.9,563,pre-market,False
2026-08-05T12:44:00+00:00,542.9,542.9,542.9,542.9,0,pre-market,False
2026-08-05T12:45:00+00:00,542.89,542.92,542.89,542.92,636,pre-market,False
2026-08-05T12:46:00+00:00,542.94,542.94,542.94,542.94,65,pre-market,False
2026-08-05T12:47:00+00:00,542.82,542.83,542.8,542.83,1240,pre-market,False
2026-08-05T12:48:00+00:00,542.86,542.86,542.86,542.86,80,pre-market,False
2026-08-05T12:49:00+00:00,542.86,542.86,542.86,542.86,0,pre-market,False
2026-08-05T12:51:00+00:00,542.86,542.86,542.86,542.86,0,pre-market,False
2026-08-05T12:52:00+00:00,542.86,542.86,542.86,542.86,0,pre-market,False
2026-08-05T12:53:00+00:00,542.86,542.86,542.86,542.86,0,pre-market,False
2026-08-05T12:54:00+00:00,542.86,542.86,542.86,542.86,0,pre-market,False
2026-08-05T12:56:00+00:00,542.86,542.86,542.86,542.86,0,pre-market,False
2026-08-05T12:57:00+00:00,542.74,542.74,542.7,542.7,360,pre-market,False
2026-08-05T12:58:00+00:00,542.8,542.8,542.8,542.8,200,pre-market,False
2026-08-05T12:59:00+00:00,542.8,542.8,542.8,542.8,0,pre-market,False
2026-08-05T13:00:00+00:00,542.8,542.8,542.8,542.8,0,pre-market,False
2026-08-05T13:01:00+00:00,542.74,542.74,542.73,542.74,300,pre-market,False
2026-08-05T13:02:00+00:00,542.75,542.85,542.75,542.85,589,pre-market,False
2026-08-05T13:04:00+00:00,542.87,542.87,542.84,542.84,1568,pre-market,False
2026-08-05T13:05:00+00:00,542.88,542.98,542.87,542.98,957,pre-market,False
2026-08-05T13:06:00+00:00,543.0,543.01,543.0,543.01,920,pre-market,False
2026-08-05T13:07:00+00:00,543.01,543.01,543.01,543.01,0,pre-market,False
2026-08-05T13:08:00+00:00,543.05,543.05,543.05,543.05,73,pre-market,False
2026-08-05T13:09:00+00:00,543.1,543.1,543.1,543.1,180,pre-market,False
2026-08-05T13:10:00+00:00,543.06,543.06,543.05,543.06,71,pre-market,False
2026-08-05T13:11:00+00:00,542.94,542.94,542.93,542.94,805,pre-market,False
2026-08-05T13:12:00+00:00,542.9,542.91,542.9,542.91,800,pre-market,False
2026-08-05T13:13:00+00:00,542.98,542.98,542.98,542.98,46,pre-market,False
2026-08-05T13:14:00+00:00,543.0,543.0,543.0,543.0,200,pre-market,False
2026-08-05T13:31:00+00:00,544.15,544.79,544.09,544.39,47959,regular,False
2026-08-05T13:32:00+00:00,544.37,544.48,544.02,544.3,31827,regular,False
2026-08-05T13:33:00+00:00,544.12,544.34,543.95,544.08,13093,regular,False
2026-08-05T13:34:00+00:00,544.04,544.84,544.04,544.84,21422,regular,False
2026-08-05T13:35:00+00:00,544.85,544.93,544.52,544.92,26743,regular,False
2026-08-05T13:36:00+00:00,544.92,545.05,544.67,545.01,19939,regular,False
2026-08-05T13:38:00+00:00,545.1,545.36,544.95,545.11,20851,regular,False
2026-08-05T13:39:00+00:00,545.07,545.5,544.7,545.2,21118,regular,False
2026-08-05T13:41:00+00:00,545.12,545.45,545.1,545.3,22678,regular,False
2026-08-05T13:42:00+00:00,545.3,545.3,545.11,545.21,12769,regular,False
2026-08-05T13:43:00+00:00,545.17,545.38,545.03,545.11,13059,regular,False
2026-08-05T13:44:00+00:00,545.1,545.5,544.93,545.44,20160,regular,False
2026-08-05T13:45:00+00:00,545.47,545.56,544.76,544.79,24839,regular,False
2026-08-05T13:46:00+00:00,544.78,545.06,544.6,544.63,17779,regular,False
2026-08-05T13:47:00+00:00,544.63,544.85,544.55,544.74,8788,regular,False
2026-08-05T13:48:00+00:00,544.74,544.91,544.65,544.69,25707,regular,False
2026-08-05T13:49:00+00:00,544.62,544.74,544.31,544.32,16333,regular,False
2026-08-05T13:50:00+00:00,544.3,544.3,543.79,544.18,58447,regular,False
2026-08-05T13:51:00+00:00,544.2,544.4,544.1,544.4,7284,regular,False
2026-08-05T13:52:00+00:00,544.46,545.07,544.45,545.04,6605,regular,False
2026-08-05T13:53:00+00:00,544.97,545.29,544.82,544.99,13554,regular,False
2026-08-05T13:54:00+00:00,545.13,545.75,545.09,545.74,150379,regular,False
2026-08-05T13:55:00+00:00,545.75,546.0,545.69,546.0,62032,regular,False
2026-08-05T13:56:00+00:00,546.01,546.29,545.91,546.17,121393,regular,False
2026-08-05T13:57:00+00:00,546.18,546.4,546.09,546.4,38609,regular,False
2026-08-05T13:58:00+00:00,546.41,546.56,546.36,546.53,27144,regular,False
2026-08-05T13:59:00+00:00,546.52,546.75,546.51,546.71,22193,regular,False
2026-08-05T14:00:00+00:00,546.73,546.73,546.11,546.29,40743,regular,False
2026-08-05T14:01:00+00:00,546.29,546.48,546.18,546.41,23624,regular,False
2026-08-05T14:02:00+00:00,546.42,546.43,546.08,546.24,24318,regular,False
2026-08-05T14:03:00+00:00,546.23,546.56,546.18,546.46,32363,regular,False
2026-08-05T14:04:00+00:00,546.47,546.5,546.04,546.22,26925,regular,False
2026-08-05T14:05:00+00:00,546.23,546.6,546.2,546.44,22766,regular,False
2026-08-05T14:06:00+00:00,546.46,546.57,546.21,546.4,25726,regular,False
2026-08-05T14:07:00+00:00,546.34,546.57,546.18,546.25,13225,regular,False
2026-08-05T14:08:00+00:00,546.27,546.42,546.24,546.3,7243,regular,False
2026-08-05T14:09:00+00:00,546.28,546.56,546.28,546.36,9943,regular,False
2026-08-05T14:10:00+00:00,546.36,546.53,546.34,546.45,9008,regular,False
2026-08-05T14:11:00+00:00,546.46,546.51,546.16,546.3,12411,regular,False
2026-08-05T14:12:00+00:00,546.33,546.41,546.24,546.39,13648,regular,False
2026-08-05T14:13:00+00:00,546.37,546.45,546.25,546.44,10539,regular,False
2026-08-05T14:14:00+00:00,546.43,546.75,546.39,546.61,8582,regular,False
2026-08-05T14:15:00+00:00,546.59,546.65,546.42,546.53,13886,regular,False
2026-08-05T14:16:00+00:00,546.51,546.62,546.33,546.36,8228,regular,False
2026-08-05T14:17:00+00:00,546.36,546.42,546.21,546.4,9305,regular,False
2026-08-05T14:18:00+00:00,546.4,546.47,546.28,546.35,8413,regular,False
2026-08-05T14:19:00+00:00,546.35,546.46,546.21,546.21,17149,regular,False
2026-08-05T14:20:00+00:00,546.22,546.39,546.13,546.23,29974,regular,False
2026-08-05T14:21:00+00:00,546.21,546.25,546.03,546.19,29043,regular,False
2026-08-05T14:22:00+00:00,546.21,546.23,545.98,546.05,15069,regular,False
2026-08-05T14:23:00+00:00,546.04,546.12,545.83,545.9,13725,regular,False
2026-08-05T14:24:00+00:00,545.92,546.37,545.84,546.37,10416,regular,False
2026-08-05T14:25:00+00:00,546.43,546.62,546.3,546.37,12283,regular,False
2026-08-05T14:26:00+00:00,546.35,546.37,546.0,546.0,14354,regular,False
2026-08-05T14:27:00+00:00,546.0,546.17,545.97,546.16,14318,regular,False
2026-08-05T14:28:00+00:00,546.14,546.17,546.01,546.06,17762,regular,False
2026-08-05T14:29:00+00:00,546.13,546.14,545.92,545.94,7387,regular,False
2026-08-05T14:30:00+00:00,545.91,546.22,545.88,546.21,11378,regular,False
2026-08-05T14:31:00+00:00,546.23,546.35,546.1,546.27,12528,regular,False
2026-08-05T14:32:00+00:00,546.27,546.46,546.26,546.45,12961,regular,False
2026-08-05T14:33:00+00:00,546.44,546.67,546.43,546.6,11929,regular,False
2026-08-05T14:34:00+00:00,546.6,546.61,546.18,546.18,20630,regular,False
2026-08-05T14:35:00+00:00,546.13,546.22,546.03,546.07,22665,regular,False
2026-08-05T14:36:00+00:00,546.09,546.15,545.79,545.93,14789,regular,False
2026-08-05T14:37:00+00:00,545.94,546.09,545.94,546.0,12200,regular,False
2026-08-05T14:38:00+00:00,546.05,546.19,546.01,546.19,13671,regular,False
2026-08-05T14:39:00+00:00,546.22,546.34,546.06,546.06,9695,regular,False
2026-08-05T14:40:00+00:00,546.05,546.24,545.98,546.03,29329,regular,False
2026-08-05T14:41:00+00:00,546.03,546.14,545.9,546.11,19033,regular,False
2026-08-05T14:42:00+00:00,546.15,546.34,546.0,546.3,7812,regular,False
2026-08-05T14:43:00+00:00,546.28,546.31,546.05,546.16,10557,regular,False
2026-08-05T14:44:00+00:00,546.17,546.19,545.9,546.01,10539,regular,False
2026-08-05T14:45:00+00:00,545.98,546.18,545.9,546.12,3573,regular,False
2026-08-05T14:46:00+00:00,546.14,546.53,546.14,546.48,9605,regular,False
2026-08-05T14:47:00+00:00,546.48,546.55,546.3,546.34,6808,regular,False
2026-08-05T14:48:00+00:00,546.3,546.33,546.13,546.13,11343,regular,False
2026-08-05T14:49:00+00:00,546.18,546.54,546.16,546.51,6332,regular,False
2026-08-05T14:50:00+00:00,546.55,546.67,546.29,546.32,4612,regular,False
2026-08-05T14:51:00+00:00,546.31,546.32,545.96,546.02,2848,regular,False
2026-08-05T14:52:00+00:00,545.97,546.08,545.84,545.91,5978,regular,False
2026-08-05T14:53:00+00:00,545.9,545.9,545.4,545.6,43485,regular,False
2026-08-05T14:54:00+00:00,545.6,545.68,545.45,545.63,6294,regular,False
2026-08-05T14:55:00+00:00,545.67,545.67,545.38,545.67,9365,regular,False
2026-08-05T14:56:00+00:00,545.66,545.69,545.47,545.69,4587,regular,False
2026-08-05T14:57:00+00:00,545.73,546.03,545.67,545.9,5959,regular,False
2026-08-05T14:58:00+00:00,545.87,545.89,545.59,545.62,3399,regular,False
2026-08-05T14:59:00+00:00,545.68,545.86,545.62,545.77,3499,regular,False
2026-08-05T15:00:00+00:00,545.81,546.11,545.71,546.11,8143,regular,False
2026-08-05T15:01:00+00:00,546.08,546.15,545.95,546.13,12223,regular,False
2026-08-05T15:02:00+00:00,546.13,546.46,546.13,546.38,6637,regular,False
2026-08-05T15:03:00+00:00,546.36,546.43,546.29,546.36,5997,regular,False
2026-08-05T15:04:00+00:00,546.35,546.41,546.27,546.35,9553,regular,False
2026-08-05T15:05:00+00:00,546.38,546.45,546.21,546.21,4819,regular,False
2026-08-05T15:06:00+00:00,546.21,546.21,545.98,546.07,5455,regular,False
2026-08-05T15:07:00+00:00,546.08,546.15,546.02,546.08,4163,regular,False
2026-08-05T15:08:00+00:00,546.1,546.1,545.85,545.85,4613,regular,False
2026-08-05T15:09:00+00:00,545.89,546.11,545.88,545.99,5385,regular,False
2026-08-05T15:10:00+00:00,546.02,546.02,545.91,545.97,3548,regular,False
2026-08-05T15:11:00+00:00,546.08,546.11,545.91,545.91,9539,regular,False
2026-08-05T15:12:00+00:00,545.91,545.91,545.61,545.62,5318,regular,False
2026-08-05T15:13:00+00:00,545.6,545.6,545.36,545.4,3637,regular,False
2026-08-05T15:14:00+00:00,545.41,545.52,545.39,545.48,4126,regular,False
2026-08-05T15:15:00+00:00,545.46,545.48,545.1,545.1,10292,regular,False
2026-08-05T15:16:00+00:00,545.11,545.26,545.08,545.24,7819,regular,False
2026-08-05T15:17:00+00:00,545.25,545.25,544.78,544.78,14822,regular,False
2026-08-05T15:18:00+00:00,544.78,544.79,544.29,544.52,52578,regular,False
2026-08-05T15:19:00+00:00,544.55,544.92,544.53,544.87,30372,regular,False
2026-08-05T15:20:00+00:00,544.87,545.0,544.71,545.0,4550,regular,False
2026-08-05T15:21:00+00:00,544.98,545.14,544.98,545.13,5056,regular,False
2026-08-05T15:22:00+00:00,545.13,545.13,544.93,544.93,4540,regular,False
2026-08-05T15:23:00+00:00,544.95,545.12,544.92,544.93,8638,regular,False
2026-08-05T15:24:00+00:00,544.94,545.05,544.84,544.9,5218,regular,False
2026-08-05T15:25:00+00:00,544.91,544.91,544.61,544.63,8373,regular,False
2026-08-05T15:26:00+00:00,544.63,544.87,544.63,544.85,8275,regular,False
2026-08-05T15:27:00+00:00,544.78,544.92,544.77,544.83,8298,regular,False
2026-08-05T15:28:00+00:00,544.77,544.77,544.5,544.54,8687,regular,False
2026-08-05T15:29:00+00:00,544.5,544.76,544.5,544.63,11236,regular,False
2026-08-05T15:30:00+00:00,544.7,544.86,544.64,544.86,3845,regular,False
2026-08-05T15:31:00+00:00,544.83,544.99,544.8,544.93,5161,regular,False
2026-08-05T15:32:00+00:00,544.91,545.0,544.85,544.92,2940,regular,False
2026-08-05T15:33:00+00:00,544.92,545.1,544.87,545.03,5770,regular,False
2026-08-05T15:34:00+00:00,545.07,545.11,544.72,544.72,4848,regular,False
2026-08-05T15:35:00+00:00,544.7,544.8,544.62,544.64,3704,regular,False
2026-08-05T15:36:00+00:00,544.63,544.68,544.55,544.68,3606,regular,False
2026-08-05T15:37:00+00:00,544.66,544.66,544.59,544.6,3755,regular,False
2026-08-05T15:38:00+00:00,544.58,544.6,544.42,544.42,4835,regular,False
2026-08-05T15:39:00+00:00,544.44,544.7,544.39,544.67,4038,regular,False
2026-08-05T15:40:00+00:00,544.64,544.65,544.58,544.62,2664,regular,False
2026-08-05T15:41:00+00:00,544.6,544.63,544.44,544.63,6732,regular,False
2026-08-05T15:42:00+00:00,544.63,544.68,544.53,544.68,9037,regular,False
2026-08-05T15:43:00+00:00,544.72,544.72,544.53,544.62,6051,regular,False
2026-08-05T15:44:00+00:00,544.64,544.76,544.58,544.75,13033,regular,False
2026-08-05T15:45:00+00:00,544.73,544.73,544.51,544.7,6386,regular,False
2026-08-05T15:46:00+00:00,544.7,544.71,544.61,544.64,4274,regular,False
2026-08-05T15:47:00+00:00,544.66,544.67,544.61,544.67,2162,regular,False
2026-08-05T15:48:00+00:00,544.74,544.78,544.7,544.7,3779,regular,False
2026-08-05T15:49:00+00:00,544.81,544.83,544.51,544.57,3646,regular,False
2026-08-05T15:50:00+00:00,544.61,544.65,544.45,544.46,8293,regular,False
2026-08-05T15:51:00+00:00,544.55,544.58,544.44,544.52,5888,regular,False
2026-08-05T15:52:00+00:00,544.52,544.63,544.5,544.58,6198,regular,False
2026-08-05T15:53:00+00:00,544.56,544.73,544.56,544.6,90630,regular,False
2026-08-05T15:54:00+00:00,544.59,544.61,544.43,544.43,56430,regular,False
2026-08-05T15:55:00+00:00,544.43,544.46,544.36,544.36,4916,regular,False
2026-08-05T15:56:00+00:00,544.44,544.49,544.21,544.41,17611,regular,False
2026-08-05T15:57:00+00:00,544.42,544.44,544.26,544.38,10673,regular,False
2026-08-05T15:58:00+00:00,544.39,544.51,544.39,544.48,3151,regular,False
2026-08-05T15:59:00+00:00,544.47,544.57,544.31,544.31,5754,regular,False
2026-08-05T16:00:00+00:00,544.28,544.38,544.26,544.35,5508,regular,False
2026-08-05T16:01:00+00:00,544.34,544.4,544.26,544.36,8502,regular,False
2026-08-05T16:02:00+00:00,544.31,544.37,544.17,544.25,10991,regular,False
2026-08-05T16:03:00+00:00,544.28,544.3,544.19,544.29,11209,regular,False
2026-08-05T16:04:00+00:00,544.3,544.58,544.3,544.4,6692,regular,False
2026-08-05T16:05:00+00:00,544.41,544.41,544.26,544.4,7818,regular,False
2026-08-05T16:06:00+00:00,544.32,544.32,544.14,544.2,5466,regular,False
2026-08-05T16:07:00+00:00,544.23,544.39,544.16,544.31,15176,regular,False
2026-08-05T16:08:00+00:00,544.32,544.32,544.14,544.17,10403,regular,False
2026-08-05T16:09:00+00:00,544.13,544.33,544.09,544.32,5942,regular,False
2026-08-05T16:10:00+00:00,544.29,544.4,544.29,544.3,4880,regular,False
2026-08-05T16:11:00+00:00,544.26,544.45,544.23,544.45,5463,regular,False
2026-08-05T16:12:00+00:00,544.45,544.47,544.16,544.22,3622,regular,False
2026-08-05T16:13:00+00:00,544.3,544.36,544.16,544.21,5540,regular,False
2026-08-05T16:14:00+00:00,544.22,544.38,544.1,544.38,6510,regular,False
2026-08-05T16:15:00+00:00,544.35,544.36,544.21,544.35,6162,regular,False
2026-08-05T16:16:00+00:00,544.36,544.69,544.35,544.65,12514,regular,False
2026-08-05T16:17:00+00:00,544.61,544.67,544.51,544.6,4801,regular,False
2026-08-05T16:18:00+00:00,544.57,544.57,544.34,544.35,2479,regular,False
2026-08-05T16:19:00+00:00,544.4,544.4,544.31,544.33,3166,regular,False
2026-08-05T16:20:00+00:00,544.4,544.74,544.4,544.72,4471,regular,False
2026-08-05T16:21:00+00:00,544.7,544.83,544.66,544.77,49449,regular,False
2026-08-05T16:22:00+00:00,544.76,544.81,544.69,544.79,4243,regular,False
2026-08-05T16:23:00+00:00,544.84,544.84,544.68,544.68,4290,regular,False
2026-08-05T16:24:00+00:00,544.66,544.66,544.39,544.44,6540,regular,False
2026-08-05T16:25:00+00:00,544.46,544.63,544.44,544.6,4622,regular,False
2026-08-05T16:26:00+00:00,544.64,544.75,544.61,544.71,3304,regular,False
2026-08-05T16:27:00+00:00,544.77,544.86,544.66,544.67,7307,regular,False
2026-08-05T16:28:00+00:00,544.65,544.68,544.61,544.64,1566,regular,False
2026-08-05T16:29:00+00:00,544.69,544.83,544.67,544.83,1732,regular,False
2026-08-05T16:30:00+00:00,544.87,544.88,544.69,544.69,3680,regular,False
2026-08-05T16:31:00+00:00,544.66,544.73,544.58,544.7,3430,regular,False
2026-08-05T16:32:00+00:00,544.63,544.74,544.63,544.73,425,regular,False
2026-08-05T16:33:00+00:00,544.71,544.71,544.42,544.42,6553,regular,False
2026-08-05T16:34:00+00:00,544.48,544.55,544.44,544.48,2955,regular,False
2026-08-05T16:35:00+00:00,544.48,544.49,544.36,544.49,3983,regular,False
2026-08-05T16:36:00+00:00,544.41,544.56,544.36,544.53,7530,regular,False
2026-08-05T16:37:00+00:00,544.56,544.56,544.43,544.47,2551,regular,False
2026-08-05T16:38:00+00:00,544.47,544.61,544.44,544.58,2809,regular,False
2026-08-05T16:39:00+00:00,544.63,544.64,544.42,544.42,3278,regular,False
2026-08-05T16:40:00+00:00,544.44,544.51,544.4,544.51,3838,regular,False
2026-08-05T16:41:00+00:00,544.55,544.61,544.5,544.52,3233,regular,False
2026-08-05T16:42:00+00:00,544.46,544.51,544.3,544.3,2819,regular,False
2026-08-05T16:43:00+00:00,544.39,544.39,544.38,544.38,120,regular,False
2026-08-05T16:44:00+00:00,544.48,544.55,544.46,544.52,3452,regular,False
2026-08-05T16:45:00+00:00,544.47,544.52,544.38,544.48,2600,regular,False
2026-08-05T16:46:00+00:00,544.48,544.48,544.32,544.36,1106,regular,False
2026-08-05T16:47:00+00:00,544.42,544.51,544.39,544.42,3841,regular,False
2026-08-05T16:48:00+00:00,544.38,544.45,544.3,544.41,3745,regular,False
2026-08-05T16:49:00+00:00,544.41,544.44,544.35,544.44,3407,regular,False
2026-08-05T16:50:00+00:00,544.4,544.6,544.39,544.6,1492,regular,False
2026-08-05T16:51:00+00:00,544.6,544.66,544.57,544.58,2243,regular,False
2026-08-05T16:52:00+00:00,544.64,544.72,544.62,544.63,1641,regular,False
2026-08-05T16:53:00+00:00,544.65,544.72,544.62,544.72,2062,regular,False
2026-08-05T16:54:00+00:00,544.74,544.81,544.72,544.77,1551,regular,False
2026-08-05T16:55:00+00:00,544.77,544.78,544.59,544.59,1711,regular,False
2026-08-05T16:56:00+00:00,544.64,544.66,544.59,544.62,1851,regular,False
2026-08-05T16:57:00+00:00,544.69,544.8,544.69,544.76,628,regular,False
2026-08-05T16:58:00+00:00,544.8,544.8,544.64,544.65,1372,regular,False
2026-08-05T16:59:00+00:00,544.64,544.72,544.55,544.72,1913,regular,False
2026-08-05T17:00:00+00:00,544.76,544.79,544.66,544.76,1919,regular,False
2026-08-05T17:01:00+00:00,544.79,544.85,544.74,544.84,1772,regular,False
2026-08-05T17:02:00+00:00,544.79,544.79,544.58,544.58,2320,regular,False
2026-08-05T17:03:00+00:00,544.56,544.67,544.56,544.64,950,regular,False
2026-08-05T17:04:00+00:00,544.61,544.62,544.55,544.62,1123,regular,False
2026-08-05T17:05:00+00:00,544.61,544.69,544.61,544.69,380,regular,False
2026-08-05T17:06:00+00:00,544.66,544.66,544.51,544.6,1569,regular,False
2026-08-05T17:07:00+00:00,544.61,544.77,544.61,544.69,1413,regular,False
2026-08-05T17:08:00+00:00,544.7,544.73,544.65,544.66,2382,regular,False
2026-08-05T17:09:00+00:00,544.66,544.7,544.56,544.65,5566,regular,False
2026-08-05T17:10:00+00:00,544.67,544.71,544.56,544.57,4455,regular,False
2026-08-05T17:11:00+00:00,544.55,544.7,544.51,544.67,1760,regular,False
2026-08-05T17:12:00+00:00,544.7,544.77,544.61,544.7,5539,regular,False
2026-08-05T17:13:00+00:00,544.71,544.73,544.65,544.65,1102,regular,False
2026-08-05T17:14:00+00:00,544.67,544.67,544.61,544.61,1164,regular,False
2026-08-05T17:15:00+00:00,544.62,544.77,544.53,544.75,2032,regular,False
2026-08-05T17:16:00+00:00,544.74,544.78,544.5,544.53,139192,regular,False
2026-08-05T17:17:00+00:00,544.53,544.57,544.42,544.53,5944,regular,False
2026-08-05T17:18:00+00:00,544.52,544.63,544.52,544.63,3934,regular,False
2026-08-05T17:19:00+00:00,544.59,544.61,544.55,544.56,2951,regular,False
2026-08-05T17:20:00+00:00,544.59,544.59,544.52,544.55,3690,regular,False
2026-08-05T17:21:00+00:00,544.56,544.58,544.47,544.53,3699,regular,False
2026-08-05T17:22:00+00:00,544.55,544.55,544.39,544.4,3872,regular,False
2026-08-05T17:23:00+00:00,544.39,544.47,544.35,544.45,4809,regular,False
2026-08-05T17:24:00+00:00,544.45,544.59,544.43,544.59,8412,regular,False
2026-08-05T17:25:00+00:00,544.58,544.62,544.51,544.62,4299,regular,False
2026-08-05T17:26:00+00:00,544.7,544.77,544.68,544.77,3778,regular,False
2026-08-05T17:27:00+00:00,544.77,544.81,544.73,544.76,2987,regular,False
2026-08-05T17:28:00+00:00,544.77,544.77,544.62,544.62,2511,regular,False
2026-08-05T17:29:00+00:00,544.63,544.63,544.51,544.58,1688,regular,False
2026-08-05T17:30:00+00:00,544.57,544.58,544.5,544.54,3590,regular,False
2026-08-05T17:31:00+00:00,544.49,544.59,544.47,544.59,3614,regular,False
2026-08-05T17:32:00+00:00,544.59,544.73,544.54,544.73,3110,regular,False
2026-08-05T17:33:00+00:00,544.74,544.84,544.7,544.84,2556,regular,False
2026-08-05T17:34:00+00:00,544.9,544.94,544.83,544.88,3382,regular,False
2026-08-05T17:35:00+00:00,544.92,545.02,544.89,545.01,3265,regular,False
2026-08-05T17:36:00+00:00,545.01,545.02,544.86,544.93,1763,regular,False
2026-08-05T17:37:00+00:00,544.89,545.02,544.86,545.0,2395,regular,False
2026-08-05T17:38:00+00:00,545.01,545.01,544.92,544.92,1508,regular,False
2026-08-05T17:39:00+00:00,544.95,544.98,544.9,544.98,2600,regular,False
2026-08-05T17:40:00+00:00,545.02,545.17,545.0,545.11,4539,regular,False
2026-08-05T17:41:00+00:00,545.06,545.06,545.01,545.04,1000,regular,False
2026-08-05T17:42:00+00:00,545.05,545.14,545.05,545.13,4490,regular,False
2026-08-05T17:43:00+00:00,545.13,545.2,545.07,545.17,2851,regular,False
2026-08-05T17:44:00+00:00,545.13,545.14,545.09,545.12,2525,regular,False
2026-08-05T17:45:00+00:00,545.07,545.08,544.92,545.02,1614,regular,False
2026-08-05T17:46:00+00:00,545.02,545.02,544.94,544.97,1936,regular,False
2026-08-05T17:47:00+00:00,544.93,545.07,544.92,545.07,2914,regular,False
2026-08-05T17:48:00+00:00,545.01,545.09,544.97,545.09,1456,regular,False
2026-08-05T17:49:00+00:00,545.19,545.19,545.13,545.16,823,regular,False
2026-08-05T17:50:00+00:00,545.2,545.21,545.17,545.17,620,regular,False
2026-08-05T17:51:00+00:00,545.15,545.25,545.15,545.2,2794,regular,False
2026-08-05T17:52:00+00:00,545.19,545.21,545.12,545.12,492,regular,False
2026-08-05T17:53:00+00:00,545.12,545.13,545.05,545.1,3003,regular,False
2026-08-05T17:54:00+00:00,545.09,545.09,545.04,545.04,565,regular,False
2026-08-05T17:55:00+00:00,545.04,545.08,545.02,545.07,1402,regular,False
2026-08-05T17:56:00+00:00,545.1,545.16,545.07,545.16,3238,regular,False
2026-08-05T17:57:00+00:00,545.15,545.15,545.06,545.06,2382,regular,False
2026-08-05T17:58:00+00:00,545.07,545.07,544.96,544.97,3971,regular,False
2026-08-05T17:59:00+00:00,544.97,545.02,544.85,544.86,4121,regular,False
2026-08-05T18:00:00+00:00,544.85,544.96,544.8,544.8,4864,regular,False
2026-08-05T18:01:00+00:00,544.82,544.88,544.76,544.88,1038,regular,False
2026-08-05T18:02:00+00:00,544.84,544.96,544.83,544.93,3058,regular,False
2026-08-05T18:03:00+00:00,544.91,545.01,544.91,544.99,1034,regular,False
2026-08-05T18:04:00+00:00,544.96,545.05,544.91,545.02,2137,regular,False
2026-08-05T18:05:00+00:00,545.01,545.09,544.97,545.09,2812,regular,False
2026-08-05T18:06:00+00:00,545.14,545.14,544.88,544.93,5147,regular,False
2026-08-05T18:07:00+00:00,544.93,544.93,544.78,544.82,5648,regular,False
2026-08-05T18:08:00+00:00,544.8,544.87,544.78,544.83,5651,regular,False
2026-08-05T18:09:00+00:00,544.84,544.88,544.78,544.88,1481,regular,False
2026-08-05T18:10:00+00:00,544.9,544.9,544.84,544.85,749,regular,False
2026-08-05T18:11:00+00:00,544.91,544.99,544.89,544.97,895,regular,False
2026-08-05T18:12:00+00:00,544.97,544.97,544.91,544.96,908,regular,False
2026-08-05T18:13:00+00:00,544.99,544.99,544.87,544.91,2916,regular,False
2026-08-05T18:14:00+00:00,544.91,544.91,544.73,544.76,2779,regular,False
2026-08-05T18:15:00+00:00,544.73,544.82,544.72,544.82,1100,regular,False
2026-08-05T18:16:00+00:00,544.84,544.85,544.79,544.8,2387,regular,False
2026-08-05T18:17:00+00:00,544.82,544.87,544.79,544.8,3733,regular,False
2026-08-05T18:18:00+00:00,544.81,544.88,544.79,544.85,3461,regular,False
2026-08-05T18:19:00+00:00,544.86,544.89,544.82,544.82,2743,regular,False
2026-08-05T18:20:00+00:00,544.84,544.84,544.73,544.75,2412,regular,False
2026-08-05T18:21:00+00:00,544.73,544.76,544.69,544.71,4694,regular,False
2026-08-05T18:22:00+00:00,544.74,544.74,544.64,544.71,3898,regular,False
2026-08-05T18:23:00+00:00,544.7,544.72,544.66,544.68,2047,regular,False
2026-08-05T18:24:00+00:00,544.69,544.72,544.64,544.65,4508,regular,False
2026-08-05T18:25:00+00:00,544.66,544.76,544.66,544.72,2970,regular,False
2026-08-05T18:26:00+00:00,544.73,544.75,544.69,544.71,1673,regular,False
2026-08-05T18:27:00+00:00,544.69,544.69,544.62,544.63,2262,regular,False
2026-08-05T18:28:00+00:00,544.63,544.63,544.53,544.56,2520,regular,False
2026-08-05T18:29:00+00:00,544.58,544.59,544.56,544.56,1180,regular,False
2026-08-05T18:30:00+00:00,544.59,544.59,544.41,544.41,5587,regular,False
2026-08-05T18:31:00+00:00,544.42,544.44,544.29,544.33,2600,regular,False
2026-08-05T18:32:00+00:00,544.32,544.41,544.26,544.33,7424,regular,False
2026-08-05T18:33:00+00:00,544.31,544.38,544.26,544.29,18406,regular,False
2026-08-05T18:34:00+00:00,544.29,544.36,544.23,544.26,10722,regular,False
2026-08-05T18:35:00+00:00,544.29,544.32,544.23,544.29,6446,regular,False
2026-08-05T18:36:00+00:00,544.25,544.32,544.25,544.28,3120,regular,False
2026-08-05T18:37:00+00:00,544.28,544.3,544.19,544.27,4178,regular,False
2026-08-05T18:38:00+00:00,544.26,544.33,544.23,544.29,3049,regular,False
2026-08-05T18:39:00+00:00,544.31,544.31,544.17,544.17,3123,regular,False
2026-08-05T18:40:00+00:00,544.18,544.33,544.18,544.25,2329,regular,False
2026-08-05T18:41:00+00:00,544.23,544.23,544.12,544.17,3666,regular,False
2026-08-05T18:42:00+00:00,544.17,544.25,544.15,544.24,12554,regular,False
2026-08-05T18:43:00+00:00,544.25,544.26,544.16,544.22,19835,regular,False
2026-08-05T18:44:00+00:00,544.21,544.33,544.19,544.3,3212,regular,False
2026-08-05T18:45:00+00:00,544.34,544.45,544.31,544.4,6294,regular,False
2026-08-05T18:46:00+00:00,544.42,544.46,544.35,544.46,3397,regular,False
2026-08-05T18:47:00+00:00,544.47,544.5,544.41,544.46,6007,regular,False
2026-08-05T18:48:00+00:00,544.47,544.51,544.41,544.41,4857,regular,False
2026-08-05T18:49:00+00:00,544.4,544.46,544.37,544.46,3442,regular,False
2026-08-05T18:50:00+00:00,544.45,544.55,544.42,544.5,6147,regular,False
2026-08-05T18:51:00+00:00,544.5,544.51,544.42,544.46,2608,regular,False
2026-08-05T18:52:00+00:00,544.44,544.47,544.37,544.38,4090,regular,False
2026-08-05T18:53:00+00:00,544.39,544.42,544.28,544.34,6419,regular,False
2026-08-05T18:54:00+00:00,544.35,544.45,544.34,544.43,2445,regular,False
2026-08-05T18:55:00+00:00,544.46,544.46,544.35,544.35,4700,regular,False
2026-08-05T18:56:00+00:00,544.34,544.34,544.24,544.25,8088,regular,False
2026-08-05T18:57:00+00:00,544.24,544.28,544.18,544.28,10013,regular,False
2026-08-05T18:58:00+00:00,544.27,544.28,544.22,544.26,3945,regular,False
2026-08-05T18:59:00+00:00,544.26,544.27,544.15,544.16,5745,regular,False
2026-08-05T19:00:00+00:00,544.17,544.24,544.09,544.1,7320,regular,False
2026-08-05T19:01:00+00:00,544.12,544.19,544.07,544.16,10212,regular,False
2026-08-05T19:02:00+00:00,544.16,544.19,544.08,544.09,19005,regular,False
2026-08-05T19:03:00+00:00,544.14,544.15,544.03,544.15,10476,regular,False
2026-08-05T19:04:00+00:00,544.16,544.27,544.15,544.24,9429,regular,False
2026-08-05T19:05:00+00:00,544.28,544.28,544.17,544.19,15766,regular,False
2026-08-05T19:06:00+00:00,544.19,544.21,544.13,544.16,9716,regular,False
2026-08-05T19:07:00+00:00,544.2,544.35,544.18,544.31,17631,regular,False
2026-08-05T19:08:00+00:00,544.32,544.34,544.26,544.31,9008,regular,False
2026-08-05T19:09:00+00:00,544.29,544.29,544.21,544.22,11482,regular,False
2026-08-05T19:10:00+00:00,544.23,544.24,544.13,544.2,8816,regular,False
2026-08-05T19:11:00+00:00,544.2,544.21,544.08,544.15,16488,regular,False
2026-08-05T19:12:00+00:00,544.15,544.16,544.08,544.12,15291,regular,False
2026-08-05T19:13:00+00:00,544.12,544.18,544.07,544.17,15625,regular,False
2026-08-05T19:14:00+00:00,544.15,544.19,544.12,544.13,14694,regular,False
2026-08-05T19:15:00+00:00,544.14,544.17,544.05,544.09,13199,regular,False
2026-08-05T19:16:00+00:00,544.12,544.17,544.06,544.15,7150,regular,False
2026-08-05T19:17:00+00:00,544.14,544.19,544.11,544.15,8245,regular,False
2026-08-05T19:18:00+00:00,544.13,544.15,544.09,544.15,3543,regular,False
2026-08-05T19:19:00+00:00,544.16,544.18,544.08,544.12,12976,regular,False
2026-08-05T19:20:00+00:00,544.13,544.21,544.1,544.11,6046,regular,False
2026-08-05T19:21:00+00:00,544.09,544.09,543.98,543.99,9342,regular,False
2026-08-05T19:22:00+00:00,544.0,544.12,543.99,544.01,11438,regular,False
2026-08-05T19:23:00+00:00,544.01,544.16,544.0,544.12,10644,regular,False
2026-08-05T19:24:00+00:00,544.09,544.14,544.08,544.1,6121,regular,False
2026-08-05T19:25:00+00:00,544.11,544.11,544.07,544.09,6115,regular,False
2026-08-05T19:26:00+00:00,544.08,544.12,544.05,544.06,9869,regular,False
2026-08-05T19:27:00+00:00,544.05,544.13,544.04,544.1,7872,regular,False
2026-08-05T19:28:00+00:00,544.1,544.13,544.02,544.04,6344,regular,False
2026-08-05T19:29:00+00:00,544.05,544.14,544.05,544.1,7627,regular,False
2026-08-05T19:30:00+00:00,544.14,544.14,544.03,544.04,17882,regular,False
2026-08-05T19:31:00+00:00,544.04,544.05,543.96,544.04,8415,regular,False
2026-08-05T19:32:00+00:00,544.0,544.08,543.98,544.01,2855,regular,False
2026-08-05T19:33:00+00:00,544.02,544.02,543.91,543.94,1812,regular,False
2026-08-05T19:34:00+00:00,543.92,544.14,543.92,544.14,1754,regular,False
2026-08-05T19:35:00+00:00,544.11,544.13,543.99,544.01,3517,regular,False
2026-08-05T19:36:00+00:00,543.99,543.99,543.92,543.92,3773,regular,False
2026-08-05T19:37:00+00:00,543.93,543.95,543.82,543.82,3832,regular,False
2026-08-05T19:38:00+00:00,543.81,543.91,543.81,543.88,1683,regular,False
2026-08-05T19:39:00+00:00,543.89,543.93,543.86,543.93,3167,regular,False
2026-08-05T19:40:00+00:00,543.89,543.97,543.86,543.97,8807,regular,False
2026-08-05T19:41:00+00:00,543.96,543.96,543.87,543.89,7021,regular,False
2026-08-05T19:42:00+00:00,543.93,543.99,543.88,543.96,8638,regular,False
2026-08-05T19:43:00+00:00,543.94,544.0,543.9,543.92,13207,regular,False
2026-08-05T19:44:00+00:00,543.91,543.98,543.86,543.98,9340,regular,False
2026-08-05T19:45:00+00:00,543.97,544.08,543.96,543.98,8612,regular,False
2026-08-05T19:46:00+00:00,543.96,543.96,543.78,543.78,7682,regular,False
2026-08-05T19:47:00+00:00,543.82,543.9,543.82,543.87,6803,regular,False
2026-08-05T19:48:00+00:00,543.86,543.86,543.69,543.7,7939,regular,False
2026-08-05T19:49:00+00:00,543.7,544.0,543.68,544.0,11304,regular,False
2026-08-05T19:50:00+00:00,544.08,544.16,543.88,543.91,13784,regular,False
2026-08-05T19:51:00+00:00,543.93,544.0,543.93,543.98,14178,regular,False
2026-08-05T19:52:00+00:00,543.98,544.01,543.88,543.89,6936,regular,False
2026-08-05T19:53:00+00:00,543.91,543.97,543.88,543.96,4301,regular,False
2026-08-05T19:54:00+00:00,543.96,544.01,543.89,543.94,28361,regular,False
2026-08-05T19:55:00+00:00,543.95,544.04,543.71,543.71,17785,regular,False
2026-08-05T19:56:00+00:00,543.71,543.74,543.6,543.61,14313,regular,False
2026-08-05T19:57:00+00:00,543.62,543.64,543.46,543.57,26712,regular,False
2026-08-05T19:58:00+00:00,543.57,543.57,543.29,543.32,41207,regular,False
2026-08-05T19:59:00+00:00,543.32,543.32,542.65,542.79,119242,regular,False
2026-08-05T20:01:00+00:00,543.11,543.12,543.11,543.12,211,after-market,False
2026-08-05T20:02:00+00:00,543.16,543.16,543.16,543.16,57,after-market,False
2026-08-05T20:03:00+00:00,543.36,543.36,543.28,543.28,251,after-market,False
2026-08-05T20:04:00+00:00,543.28,543.28,543.28,543.28,0,after-market,False
2026-08-05T20:05:00+00:00,543.2,543.39,543.2,543.39,637,after-market,False
2026-08-05T20:06:00+00:00,543.52,543.52,543.52,543.52,100,after-market,False
2026-08-05T20:07:00+00:00,543.63,543.63,543.63,543.63,100,after-market,False
2026-08-05T20:08:00+00:00,543.51,543.51,543.51,543.51,149,after-market,False
2026-08-05T20:10:00+00:00,543.44,543.45,543.44,543.45,360,after-market,False
2026-08-05T20:11:00+00:00,543.49,543.49,543.39,543.39,500,after-market,False
2026-08-05T20:12:00+00:00,543.39,543.39,543.39,543.39,0,after-market,False
2026-08-05T20:13:00+00:00,543.41,543.41,543.41,543.41,80,after-market,False
2026-08-05T20:14:00+00:00,543.54,543.54,543.54,543.54,40,after-market,False
2026-08-05T20:15:00+00:00,543.54,543.54,543.54,543.54,0,after-market,False
2026-08-05T20:16:00+00:00,543.47,543.47,543.47,543.47,108,after-market,False
2026-08-05T20:17:00+00:00,543.44,543.44,543.44,543.44,80,after-market,False
2026-08-05T20:18:00+00:00,543.44,543.44,543.44,543.44,0,after-market,False
2026-08-05T20:19:00+00:00,543.44,543.44,543.44,543.44,0,after-market,False
2026-08-05T20:20:00+00:00,543.44,543.44,543.44,543.44,0,after-market,False
2026-08-05T20:22:00+00:00,543.44,543.44,543.44,543.44,0,after-market,False
2026-08-05T20:23:00+00:00,543.44,543.44,543.44,543.44,0,after-market,False
2026-08-05T20:24:00+00:00,543.65,543.66,543.65,543.65,50,after-market,False
2026-08-05T20:25:00+00:00,543.55,543.55,543.55,543.55,50,after-market,False
2026-08-05T20:26:00+00:00,543.44,543.45,543.44,543.44,585,after-market,False
2026-08-05T20:27:00+00:00,543.44,543.44,543.44,543.44,418,after-market,False
2026-08-05T20:28:00+00:00,543.44,543.44,543.44,543.44,0,after-market,False
2026-08-05T20:29:00+00:00,543.44,543.44,543.44,543.44,0,after-market,False
2026-08-05T20:30:00+00:00,543.44,543.44,543.44,543.44,0,after-market,False
2026-08-05T20:32:00+00:00,543.43,543.44,543.43,543.43,90,after-market,False
2026-08-05T20:33:00+00:00,543.43,543.43,543.43,543.43,0,after-market,False
2026-08-05T20:34:00+00:00,543.43,543.43,543.43,543.43,0,after-market,False
2026-08-05T20:36:00+00:00,543.43,543.43,543.43,543.43,0,after-market,False
2026-08-05T20:37:00+00:00,543.47,543.47,543.47,543.47,100,after-market,False
2026-08-05T20:38:00+00:00,543.45,543.45,543.45,543.45,50,after-market,False
2026-08-05T20:39:00+00:00,543.45,543.45,543.45,543.45,0,after-market,False
2026-08-05T20:40:00+00:00,543.45,543.45,543.45,543.45,0,after-market,False
2026-08-05T20:41:00+00:00,543.51,543.51,543.51,543.51,160,after-market,False
2026-08-05T20:42:00+00:00,543.51,543.51,543.51,543.51,0,after-market,False
2026-08-05T20:43:00+00:00,543.51,543.51,543.51,543.51,0,after-market,False
2026-08-05T20:44:00+00:00,543.51,543.51,543.51,543.51,0,after-market,False
2026-08-05T20:45:00+00:00,543.51,543.51,543.51,543.51,0,after-market,False
2026-08-05T20:46:00+00:00,543.51,543.51,543.51,543.51,0,after-market,False
2026-08-05T20:47:00+00:00,543.51,543.51,543.51,543.51,0,after-market,False
2026-08-05T20:48:00+00:00,543.51,543.51,543.51,543.51,0,after-market,False
2026-08-05T20:49:00+00:00,543.51,543.51,543.51,543.51,0,after-market,False
2026-08-05T20:50:00+00:00,543.56,543.57,543.56,543.57,1420,after-market,False
2026-08-05T20:51:00+00:00,543.57,543.57,543.57,543.57,0,after-market,False
2026-08-05T20:52:00+00:00,543.57,543.57,543.57,543.57,0,after-market,False
2026-08-05T20:53:00+00:00,543.57,543.57,543.57,543.57,0,after-market,False
2026-08-05T20:55:00+00:00,543.57,543.57,543.57,543.57,0,after-market,False
2026-08-05T20:56:00+00:00,543.57,543.57,543.57,543.57,0,after-market,False
2026-08-05T20:59:00+00:00,543.57,543.57,543.57,543.57,0,after-market,False
2026-08-05T21:00:00+00:00,543.5,543.5,543.5,543.5,100,after-market,False
2026-08-05T21:01:00+00:00,543.5,543.5,543.5,543.5,0,after-market,False
2026-08-05T21:02:00+00:00,543.5,543.5,543.5,543.5,0,after-market,False
2026-08-05T21:04:00+00:00,543.5,543.5,543.5,543.5,0,after-market,False
2026-08-05T21:05:00+00:00,543.5,543.5,543.5,543.5,0,after-market,False
2026-08-05T21:07:00+00:00,543.53,543.53,543.53,543.53,42,after-market,False
2026-08-05T21:08:00+00:00,543.53,543.53,543.53,543.53,0,after-market,False
2026-08-05T21:10:00+00:00,543.53,543.53,543.53,543.53,0,after-market,False
2026-08-05T21:11:00+00:00,543.53,543.53,543.53,543.53,0,after-market,False
2026-08-05T21:14:00+00:00,543.53,543.53,543.53,543.53,0,after-market,False
2026-08-05T21:15:00+00:00,543.53,543.53,543.53,543.53,0,after-market,False
2026-08-05T21:19:00+00:00,543.53,543.53,543.53,543.53,0,after-market,False
2026-08-05T21:22:00+00:00,543.53,543.53,543.53,543.53,0,after-market,False
2026-08-05T21:23:00+00:00,543.53,543.53,543.53,543.53,0,after-market,False
2026-08-05T21:26:00+00:00,543.53,543.53,543.53,543.53,0,after-market,False
2026-08-05T21:28:00+00:00,543.53,543.53,543.53,543.53,0,after-market,False
2026-08-05T21:29:00+00:00,543.53,543.53,543.53,543.53,0,after-market,False
2026-08-05T21:33:00+00:00,543.08,543.08,543.08,543.08,50,after-market,False
2026-08-05T21:34:00+00:00,543.08,543.08,543.08,543.08,0,after-market,False
2026-08-05T21:35:00+00:00,543.08,543.08,543.08,543.08,0,after-market,False
2026-08-05T21:37:00+00:00,543.08,543.08,543.08,543.08,0,after-market,False
2026-08-05T21:38:00+00:00,543.08,543.08,543.08,543.08,0,after-market,False
2026-08-05T21:41:00+00:00,543.08,543.08,543.08,543.08,0,after-market,False
2026-08-05T21:42:00+00:00,543.08,543.08,543.08,543.08,0,after-market,False
2026-08-05T21:43:00+00:00,543.08,543.08,543.08,543.08,0,after-market,False
2026-08-05T21:47:00+00:00,543.08,543.08,543.08,543.08,0,after-market,False
2026-08-05T21:50:00+00:00,543.08,543.08,543.08,543.08,0,after-market,False
2026-08-05T21:51:00+00:00,543.08,543.08,543.08,543.08,0,after-market,False
2026-08-05T21:53:00+00:00,543.08,543.08,543.08,543.08,0,after-market,False
2026-08-05T21:54:00+00:00,543.04,543.04,543.04,543.04,90,after-market,False
2026-08-05T21:55:00+00:00,543.04,543.04,543.04,543.04,0,after-market,False
2026-08-05T21:58:00+00:00,543.04,543.04,543.04,543.04,0,after-market,False
2026-08-05T21:59:00+00:00,543.04,543.04,543.04,543.04,0,after-market,False
2026-08-05T22:00:00+00:00,543.5,543.5,543.5,543.5,350,after-market,False
2026-08-05T22:01:00+00:00,543.54,543.54,543.53,543.54,100,after-market,False
2026-08-05T22:02:00+00:00,543.52,543.52,543.52,543.52,50,after-market,False
2026-08-05T22:04:00+00:00,543.52,543.52,543.52,543.52,0,after-market,False
2026-08-05T22:05:00+00:00,543.52,543.52,543.52,543.52,0,after-market,False
2026-08-05T22:06:00+00:00,543.4,543.4,543.4,543.4,59,after-market,False
2026-08-05T22:07:00+00:00,543.44,543.44,543.44,543.44,2500,after-market,False
2026-08-05T22:08:00+00:00,543.44,543.44,543.44,543.44,0,after-market,False
2026-08-05T22:09:00+00:00,543.44,543.44,543.44,543.44,0,after-market,False
2026-08-05T22:11:00+00:00,543.44,543.44,543.44,543.44,0,after-market,False
2026-08-05T22:12:00+00:00,543.44,543.44,543.44,543.44,0,after-market,False
2026-08-05T22:16:00+00:00,543.5,543.52,543.5,543.52,2600,after-market,False
2026-08-05T22:18:00+00:00,543.52,543.52,543.52,543.52,0,after-market,False
2026-08-05T22:21:00+00:00,543.52,543.52,543.52,543.52,0,after-market,False
2026-08-05T22:23:00+00:00,543.52,543.52,543.52,543.52,0,after-market,False
2026-08-05T22:24:00+00:00,543.52,543.52,543.52,543.52,0,after-market,False
2026-08-05T22:25:00+00:00,543.52,543.52,543.52,543.52,0,after-market,False
2026-08-05T22:26:00+00:00,543.52,543.52,543.52,543.52,0,after-market,False
2026-08-05T22:27:00+00:00,543.52,543.52,543.52,543.52,0,after-market,False
2026-08-05T22:29:00+00:00,543.52,543.52,543.52,543.52,0,after-market,False
2026-08-05T22:30:00+00:00,543.52,543.52,543.52,543.52,0,after-market,False
2026-08-05T22:32:00+00:00,543.52,543.52,543.52,543.52,0,after-market,False
2026-08-05T22:33:00+00:00,543.52,543.52,543.52,543.52,0,after-market,False
2026-08-05T22:35:00+00:00,543.77,543.79,543.76,543.77,2603,after-market,False
2026-08-05T22:37:00+00:00,543.77,543.77,543.77,543.77,0,after-market,False
2026-08-05T22:38:00+00:00,543.77,543.77,543.77,543.77,0,after-market,False
2026-08-05T22:39:00+00:00,543.77,543.77,543.77,543.77,0,after-market,False
2026-08-05T22:44:00+00:00,543.77,543.77,543.77,543.77,0,after-market,False
2026-08-05T22:47:00+00:00,543.76,543.76,543.76,543.76,77,after-market,False
2026-08-05T22:50:00+00:00,543.78,543.8,543.78,543.8,1227,after-market,False
2026-08-05T22:52:00+00:00,543.8,543.8,543.8,543.8,0,after-market,False
2026-08-05T22:53:00+00:00,543.8,543.8,543.8,543.8,0,after-market,False
2026-08-05T22:55:00+00:00,543.65,543.65,543.65,543.65,66,after-market,False
2026-08-05T22:56:00+00:00,543.65,543.65,543.65,543.65,0,after-market,False
2026-08-05T22:58:00+00:00,543.65,543.65,543.65,543.65,0,after-market,False
2026-08-05T23:00:00+00:00,543.65,543.65,543.65,543.65,0,after-market,False
2026-08-05T23:03:00+00:00,543.65,543.65,543.65,543.65,0,after-market,False
2026-08-05T23:04:00+00:00,543.65,543.65,543.65,543.65,0,after-market,False
2026-08-05T23:08:00+00:00,543.65,543.65,543.65,543.65,0,after-market,False
2026-08-05T23:11:00+00:00,543.65,543.65,543.65,543.65,0,after-market,False
2026-08-05T23:12:00+00:00,543.65,543.65,543.65,543.65,0,after-market,False
2026-08-05T23:14:00+00:00,543.65,543.65,543.65,543.65,0,after-market,False
2026-08-05T23:16:00+00:00,543.78,543.79,543.78,543.78,100,after-market,False
2026-08-05T23:17:00+00:00,543.79,543.79,543.79,543.79,1476,after-market,False
2026-08-05T23:19:00+00:00,543.79,543.79,543.79,543.79,0,after-market,False
2026-08-05T23:23:00+00:00,543.79,543.79,543.79,543.79,0,after-market,False
2026-08-05T23:25:00+00:00,543.82,543.83,543.82,543.82,100,after-market,False
2026-08-05T23:27:00+00:00,543.82,543.82,543.82,543.82,0,after-market,False
2026-08-05T23:29:00+00:00,543.86,543.86,543.86,543.86,100,after-market,False
2026-08-05T23:32:00+00:00,543.93,543.93,543.93,543.93,80,after-market,False
2026-08-05T23:33:00+00:00,543.94,543.94,543.94,543.94,100,after-market,False
2026-08-05T23:34:00+00:00,543.94,543.94,543.94,543.94,0,after-market,False
2026-08-05T23:35:00+00:00,543.87,543.87,543.87,543.87,52,after-market,False
2026-08-05T23:36:00+00:00,543.87,543.87,543.87,543.87,100,after-market,False
2026-08-05T23:37:00+00:00,543.87,543.87,543.87,543.87,0,after-market,False
2026-08-05T23:38:00+00:00,543.87,543.87,543.87,543.87,0,after-market,False
2026-08-05T23:40:00+00:00,543.87,543.87,543.87,543.87,0,after-market,False
2026-08-05T23:42:00+00:00,543.87,543.87,543.87,543.87,0,after-market,False
2026-08-05T23:44:00+00:00,543.77,543.77,543.77,543.77,200,after-market,False
2026-08-05T23:45:00+00:00,543.77,543.77,543.77,543.77,0,after-market,False
2026-08-05T23:46:00+00:00,543.77,543.77,543.77,543.77,0,after-market,False
2026-08-05T23:47:00+00:00,543.77,543.77,543.77,543.77,0,after-market,False
2026-08-05T23:49:00+00:00,543.77,543.77,543.77,543.77,0,after-market,False
2026-08-05T23:50:00+00:00,543.67,543.67,543.66,543.66,300,after-market,False
2026-08-05T23:52:00+00:00,543.77,543.78,543.77,543.77,459,after-market,False
2026-08-05T23:53:00+00:00,543.77,543.77,543.77,543.77,0,after-market,False
2026-08-05T23:54:00+00:00,543.77,543.77,543.77,543.77,0,after-market,False
2026-08-05T23:56:00+00:00,543.77,543.78,543.77,543.77,0,after-market,False
2026-08-05T23:57:00+00:00,543.77,543.78,543.77,543.77,0,after-market,False
2026-08-05T23:58:00+00:00,543.77,543.78,543.77,543.77,0,after-market,False
2026-08-05T23:59:00+00:00,543.75,543.75,543.75,543.75,80,after-market,False
