timestamp,open,high,low,close,volume,session,incomplete
2026-07-28T08:00:00+00:00,737.0,737.36,736.54,737.29,1055,pre-market,False
2026-07-28T08:01:00+00:00,737.36,738.12,736.16,736.9,32717,pre-market,False
2026-07-28T08:02:00+00:00,736.71,738.08,736.35,737.85,17346,pre-market,False
2026-07-28T08:03:00+00:00,737.75,737.93,737.69,737.73,1263,pre-market,False
2026-07-28T08:04:00+00:00,737.75,737.78,737.65,737.7,1072,pre-market,False
2026-07-28T08:05:00+00:00,737.68,737.82,737.68,737.76,2090,pre-market,False
2026-07-28T08:06:00+00:00,737.72,737.98,737.23,737.98,918,pre-market,False
2026-07-28T08:07:00+00:00,737.69,737.69,737.44,737.5,516,pre-market,False
2026-07-28T08:08:00+00:00,737.47,737.57,737.4,737.4,304,pre-market,False
2026-07-28T08:09:00+00:00,737.25,737.29,737.2,737.2,222,pre-market,False
2026-07-28T08:10:00+00:00,737.2,737.23,736.95,736.95,769,pre-market,False
2026-07-28T08:11:00+00:00,736.94,736.97,736.88,736.92,919,pre-market,False
2026-07-28T08:12:00+00:00,736.9,736.9,736.9,736.9,156,pre-market,False
2026-07-28T08:13:00+00:00,736.9,736.95,736.88,736.9,751,pre-market,False
2026-07-28T08:14:00+00:00,736.9,736.9,736.83,736.83,147,pre-market,False
2026-07-28T08:15:00+00:00,736.91,737.37,736.84,737.37,432,pre-market,False
2026-07-28T08:16:00+00:00,737.62,737.63,737.39,737.39,120,pre-market,False
2026-07-28T08:17:00+00:00,737.53,737.6,737.5,737.5,3490,pre-market,False
2026-07-28T08:18:00+00:00,737.5,737.72,737.5,737.72,212,pre-market,False
2026-07-28T08:19:00+00:00,737.77,737.92,737.77,737.92,247,pre-market,False
2026-07-28T08:20:00+00:00,738.05,738.06,738.05,738.06,500,pre-market,False
2026-07-28T08:21:00+00:00,738.16,738.22,738.14,738.14,531,pre-market,False
2026-07-28T08:22:00+00:00,738.0,738.0,738.0,738.0,40,pre-market,False
2026-07-28T08:23:00+00:00,738.0,738.0,738.0,738.0,0,pre-market,False
2026-07-28T08:24:00+00:00,738.45,738.74,738.39,738.74,3642,pre-market,False
2026-07-28T08:25:00+00:00,738.57,738.57,738.4,738.41,1121,pre-market,False
2026-07-28T08:26:00+00:00,738.32,738.32,738.32,738.32,70,pre-market,False
2026-07-28T08:27:00+00:00,738.32,738.32,738.32,738.32,0,pre-market,False
2026-07-28T08:28:00+00:00,738.46,738.46,738.34,738.37,826,pre-market,False
2026-07-28T08:29:00+00:00,738.52,738.52,738.52,738.52,67,pre-market,False
2026-07-28T08:30:00+00:00,738.49,738.49,738.2,738.24,387,pre-market,False
2026-07-28T08:31:00+00:00,738.3,738.3,738.3,738.3,60,pre-market,False
2026-07-28T08:32:00+00:00,738.27,738.27,738.23,738.27,168,pre-market,False
2026-07-28T08:33:00+00:00,738.24,738.26,738.24,738.26,526,pre-market,False
2026-07-28T08:34:00+00:00,738.28,738.55,738.27,738.55,240,pre-market,False
2026-07-28T08:35:00+00:00,738.57,738.57,738.56,738.57,100,pre-market,False
2026-07-28T08:36:00+00:00,738.47,738.47,738.47,738.47,128,pre-market,False
2026-07-28T08:37:00+00:00,738.33,738.47,738.33,738.47,381,pre-market,False
2026-07-28T08:38:00+00:00,738.64,738.68,738.57,738.68,4160,pre-market,False
2026-07-28T08:39:00+00:00,738.68,738.68,738.68,738.68,0,pre-market,False
2026-07-28T08:40:00+00:00,738.62,738.76,738.61,738.75,721,pre-market,False
2026-07-28T08:41:00+00:00,738.87,738.9,738.81,738.9,1771,pre-market,False
2026-07-28T08:42:00+00:00,738.87,738.87,738.75,738.75,354,pre-market,False
2026-07-28T08:43:00+00:00,738.82,738.9,738.81,738.89,477,pre-market,False
2026-07-28T08:44:00+00:00,738.81,738.81,738.76,738.76,107,pre-market,False
2026-07-28T08:45:00+00:00,738.78,738.78,738.78,738.78,137,pre-market,False
2026-07-28T08:46:00+00:00,738.78,738.78,738.78,738.78,0,pre-market,False
2026-07-28T08:47:00+00:00,738.74,739.06,738.73,738.93,2453,pre-market,False
2026-07-28T08:48:00+00:00,738.93,738.94,738.93,738.94,180,pre-market,False
2026-07-28T08:49:00+00:00,738.86,738.9,738.85,738.9,371,pre-market,False
2026-07-28T08:50:00+00:00,738.9,738.9,738.9,738.9,0,pre-market,False
2026-07-28T08:51:00+00:00,739.0,739.0,738.99,739.0,400,pre-market,False
2026-07-28T08:52:00+00:00,738.76,738.76,738.75,738.75,280,pre-market,False
2026-07-28T08:53:00+00:00,738.71,738.71,738.7,738.7,193,pre-market,False
2026-07-28T08:54:00+00:00,738.57,738.58,738.55,738.58,558,pre-market,False
2026-07-28T08:55:00+00:00,738.52,738.53,738.35,738.35,872,pre-market,False
2026-07-28T08:56:00+00:00,738.4,738.48,738.4,738.48,486,pre-market,False
2026-07-28T08:57:00+00:00,738.47,738.47,738.37,738.38,327,pre-market,False
2026-07-28T08:58:00+00:00,738.43,738.43,738.43,738.43,250,pre-market,False
2026-07-28T08:59:00+00:00,738.45,738.52,738.4,738.45,1606,pre-market,False
2026-07-28T09:00:00+00:00,738.45,738.51,738.39,738.5,517,pre-market,False
2026-07-28T09:01:00+00:00,738.53,738.62,738.45,738.62,1495,pre-market,False
2026-07-28T09:02:00+00:00,738.62,738.62,738.62,738.62,0,pre-market,False
2026-07-28T09:03:00+00:00,738.65,738.66,738.4,738.4,585,pre-market,False
2026-07-28T09:04:00+00:00,738.41,738.42,738.41,738.42,142,pre-market,False
2026-07-28T09:05:00+00:00,738.43,738.59,738.43,738.56,744,pre-market,False
2026-07-28T09:06:00+00:00,738.62,738.69,738.62,738.69,747,pre-market,False
2026-07-28T09:07:00+00:00,738.69,738.69,738.69,738.69,0,pre-market,False
2026-07-28T09:08:00+00:00,738.64,738.64,738.64,738.64,52,pre-market,False
2026-07-28T09:09:00+00:00,738.64,738.64,738.64,738.64,0,pre-market,False
2026-07-28T09:10:00+00:00,738.63,738.71,738.63,738.65,160,pre-market,False
2026-07-28T09:11:00+00:00,738.66,738.66,738.66,738.66,65,pre-market,False
2026-07-28T09:12:00+00:00,738.72,738.81,738.6,738.6,1288,pre-market,False
2026-07-28T09:13:00+00:00,738.6,738.6,738.6,738.6,60,pre-market,False
2026-07-28T09:14:00+00:00,738.38,738.38,738.38,738.38,40,pre-market,False
2026-07-28T09:15:00+00:00,738.55,738.55,738.55,738.55,200,pre-market,False
2026-07-28T09:16:00+00:00,738.51,738.58,738.51,738.58,120,pre-market,False
2026-07-28T09:17:00+00:00,738.57,738.57,738.57,738.57,67,pre-market,False
2026-07-28T09:18:00+00:00,738.48,738.52,738.43,738.52,667,pre-market,False
2026-07-28T09:19:00+00:00,738.55,738.55,738.55,738.55,100,pre-market,False
2026-07-28T09:20:00+00:00,738.62,738.69,738.62,738.69,160,pre-market,False
2026-07-28T09:21:00+00:00,738.66,738.66,738.64,738.65,1027,pre-market,False
2026-07-28T09:22:00+00:00,738.65,738.65,738.65,738.65,0,pre-market,False
2026-07-28T09:23:00+00:00,738.65,738.65,738.65,738.65,51,pre-market,False
2026-07-28T09:24:00+00:00,738.68,738.68,738.68,738.68,151,pre-market,False
2026-07-28T09:25:00+00:00,738.65,738.66,738.65,738.66,509,pre-market,False
2026-07-28T09:26:00+00:00,738.64,738.71,738.64,738.7,1252,pre-market,False
2026-07-28T09:27:00+00:00,738.7,738.7,738.7,738.7,0,pre-market,False
2026-07-28T09:28:00+00:00,738.78,738.79,738.78,738.79,992,pre-market,False
2026-07-28T09:29:00+00:00,738.81,738.85,738.81,738.85,151,pre-market,False
2026-07-28T09:30:00+00:00,738.85,738.85,738.85,738.85,0,pre-market,False
2026-07-28T09:31:00+00:00,738.68,738.68,738.68,738.68,80,pre-market,False
2026-07-28T09:32:00+00:00,738.68,738.68,738.68,738.68,0,pre-market,False
2026-07-28T09:33:00+00:00,738.57,738.6,738.56,738.6,206,pre-market,False
2026-07-28T09:34:00+00:00,738.6,738.6,738.6,738.6,0,pre-market,False
2026-07-28T09:35:00+00:00,738.52,738.56,738.51,738.51,498,pre-market,False
2026-07-28T09:36:00+00:00,738.5,738.5,738.49,738.49,499,pre-market,False
2026-07-28T09:37:00+00:00,738.49,738.49,738.49,738.49,61,pre-market,False
2026-07-28T09:38:00+00:00,738.53,738.53,738.53,738.53,63,pre-market,False
2026-07-28T09:39:00+00:00,738.59,738.6,738.55,738.55,286,pre-market,False
2026-07-28T09:40:00+00:00,738.5,738.5,738.5,738.5,63,pre-market,False
2026-07-28T09:41:00+00:00,738.63,738.63,738.62,738.62,500,pre-market,False
2026-07-28T09:42:00+00:00,738.59,738.77,738.59,738.77,793,pre-market,False
2026-07-28T09:43:00+00:00,738.69,738.69,738.69,738.69,166,pre-market,False
2026-07-28T09:44:00+00:00,738.69,738.69,738.69,738.69,0,pre-market,False
2026-07-28T09:45:00+00:00,738.51,738.51,738.51,738.51,40,pre-market,False
2026-07-28T09:46:00+00:00,738.57,738.57,738.57,738.57,976,pre-market,False
2026-07-28T09:47:00+00:00,738.52,738.52,738.52,738.52,40,pre-market,False
2026-07-28T09:48:00+00:00,738.53,738.56,738.46,738.48,570,pre-market,False
2026-07-28T09:49:00+00:00,738.56,738.56,738.52,738.52,107,pre-market,False
2026-07-28T09:50:00+00:00,738.66,738.72,738.66,738.69,247,pre-market,False
2026-07-28T09:51:00+00:00,738.6,738.6,738.6,738.6,50,pre-market,False
2026-07-28T09:52:00+00:00,738.58,738.58,738.5,738.5,270,pre-market,False
2026-07-28T09:53:00+00:00,738.59,738.59,738.56,738.56,250,pre-market,False
2026-07-28T09:54:00+00:00,738.44,738.46,738.44,738.45,792,pre-market,False
2026-07-28T09:55:00+00:00,738.5,738.5,738.5,738.5,100,pre-market,False
2026-07-28T09:56:00+00:00,738.41,738.41,738.41,738.41,82,pre-market,False
2026-07-28T09:57:00+00:00,738.36,738.37,738.18,738.18,203,pre-market,False
2026-07-28T09:58:00+00:00,738.1,738.1,738.1,738.1,66,pre-market,False
2026-07-28T09:59:00+00:00,738.21,738.26,738.2,738.26,128,pre-market,False
2026-07-28T10:00:00+00:00,738.28,738.28,738.28,738.28,80,pre-market,False
2026-07-28T10:01:00+00:00,738.25,738.3,738.25,738.3,335,pre-market,False
2026-07-28T10:02:00+00:00,738.35,738.35,738.35,738.35,40,pre-market,False
2026-07-28T10:03:00+00:00,738.35,738.35,738.35,738.35,0,pre-market,False
2026-07-28T10:04:00+00:00,738.35,738.35,738.35,738.35,0,pre-market,False
2026-07-28T10:05:00+00:00,738.35,738.35,738.35,738.35,0,pre-market,False
2026-07-28T10:06:00+00:00,738.22,738.31,738.22,738.31,151,pre-market,False
2026-07-28T10:07:00+00:00,738.31,738.31,738.31,738.31,0,pre-market,False
2026-07-28T10:08:00+00:00,738.18,738.19,738.16,738.19,606,pre-market,False
2026-07-28T10:09:00+00:00,738.1,738.28,738.1,738.28,544,pre-market,False
2026-07-28T10:10:00+00:00,738.28,738.28,738.28,738.28,0,pre-market,False
2026-07-28T10:11:00+00:00,738.28,738.28,738.28,738.28,0,pre-market,False
2026-07-28T10:12:00+00:00,738.28,738.28,738.28,738.28,0,pre-market,False
2026-07-28T10:13:00+00:00,738.31,738.35,738.27,738.27,1276,pre-market,False
2026-07-28T10:14:00+00:00,738.22,738.22,738.2,738.2,440,pre-market,False
2026-07-28T10:15:00+00:00,738.2,738.2,738.2,738.2,0,pre-market,False
2026-07-28T10:16:00+00:00,738.23,738.44,738.23,738.44,1111,pre-market,False
2026-07-28T10:17:00+00:00,738.35,738.38,738.35,738.38,1200,pre-market,False
2026-07-28T10:18:00+00:00,738.41,738.44,738.4,738.44,251,pre-market,False
2026-07-28T10:19:00+00:00,738.44,738.44,738.44,738.44,0,pre-market,False
2026-07-28T10:20:00+00:00,738.44,738.44,738.44,738.44,0,pre-market,False
2026-07-28T10:21:00+00:00,738.25,738.25,738.08,738.16,743,pre-market,False
2026-07-28T10:22:00+00:00,738.14,738.17,738.13,738.17,265,pre-market,False
2026-07-28T10:23:00+00:00,738.17,738.17,738.17,738.17,0,pre-market,False
2026-07-28T10:24:00+00:00,738.17,738.17,738.17,738.17,50,pre-market,False
2026-07-28T10:25:00+00:00,738.17,738.17,738.17,738.17,0,pre-market,False
2026-07-28T10:26:00+00:00,738.03,738.03,737.96,737.97,354,pre-market,False
2026-07-28T10:27:00+00:00,737.97,737.97,737.97,737.97,0,pre-market,False
2026-07-28T10:28:00+00:00,738.3,738.38,738.3,738.3,760,pre-market,False
2026-07-28T10:29:00+00:00,738.47,738.51,738.47,738.5,1180,pre-market,False
2026-07-28T10:30:00+00:00,738.51,738.63,738.47,738.6,6178,pre-market,False
2026-07-28T10:31:00+00:00,738.6,738.61,738.6,738.61,140,pre-market,False
2026-07-28T10:32:00+00:00,738.61,738.61,738.61,738.61,0,pre-market,False
2026-07-28T10:33:00+00:00,738.61,738.61,738.61,738.61,0,pre-market,False
2026-07-28T10:34:00+00:00,738.4,738.4,738.17,738.32,16723,pre-market,False
2026-07-28T10:35:00+00:00,738.18,738.18,737.9,737.91,2574,pre-market,False
2026-07-28T10:36:00+00:00,737.98,738.01,737.98,738.01,1170,pre-market,False
2026-07-28T10:37:00+00:00,738.28,738.29,738.18,738.18,290,pre-market,False
2026-07-28T10:38:00+00:00,738.16,738.2,738.07,738.07,236,pre-market,False
2026-07-28T10:39:00+00:00,738.0,738.0,738.0,738.0,69,pre-market,False
2026-07-28T10:40:00+00:00,737.9,737.9,737.69,737.69,1640,pre-market,False
2026-07-28T10:41:00+00:00,737.74,737.84,737.7,737.76,732,pre-market,False
2026-07-28T10:42:00+00:00,737.79,737.91,737.79,737.83,759,pre-market,False
2026-07-28T10:43:00+00:00,737.82,737.82,737.79,737.79,99,pre-market,False
2026-07-28T10:44:00+00:00,737.89,737.89,737.89,737.89,112,pre-market,False
2026-07-28T10:45:00+00:00,737.99,738.01,737.99,738.01,173,pre-market,False
2026-07-28T10:46:00+00:00,738.01,738.01,738.01,738.01,0,pre-market,False
2026-07-28T10:47:00+00:00,738.2,738.2,738.2,738.2,100,pre-market,False
2026-07-28T10:48:00+00:00,738.18,738.18,738.18,738.18,68,pre-market,False
2026-07-28T10:49:00+00:00,738.18,738.18,738.18,738.18,0,pre-market,False
2026-07-28T10:50:00+00:00,738.15,738.15,738.15,738.15,80,pre-market,False
2026-07-28T10:51:00+00:00,738.21,738.21,738.21,738.21,199,pre-market,False
2026-07-28T10:52:00+00:00,738.1,738.1,738.1,738.1,50,pre-market,False
2026-07-28T10:53:00+00:00,738.22,738.25,738.22,738.25,113,pre-market,False
2026-07-28T10:54:00+00:00,738.25,738.25,738.25,738.25,0,pre-market,False
2026-07-28T10:55:00+00:00,738.46,738.46,738.38,738.39,3870,pre-market,False
2026-07-28T10:56:00+00:00,738.38,738.38,738.38,738.38,220,pre-market,False
2026-07-28T10:57:00+00:00,738.39,738.39,738.39,738.39,100,pre-market,False
2026-07-28T10:58:00+00:00,738.39,738.39,738.39,738.39,0,pre-market,False
2026-07-28T10:59:00+00:00,738.27,738.52,738.27,738.52,4348,pre-market,False
2026-07-28T11:00:00+00:00,738.47,738.91,738.3,738.65,3065,pre-market,False
2026-07-28T11:01:00+00:00,738.66,738.7,738.5,738.5,4208,pre-market,False
2026-07-28T11:02:00+00:00,738.4,738.49,738.33,738.36,3905,pre-market,False
2026-07-28T11:03:00+00:00,738.33,738.33,738.21,738.26,3724,pre-market,False
2026-07-28T11:04:00+00:00,738.2,738.34,738.15,738.19,1018,pre-market,False
2026-07-28T11:05:00+00:00,738.21,738.33,738.15,738.33,1160,pre-market,False
2026-07-28T11:06:00+00:00,738.27,738.36,738.27,738.36,10322,pre-market,False
2026-07-28T11:07:00+00:00,738.16,738.16,738.0,738.08,2518,pre-market,False
2026-07-28T11:08:00+00:00,738.03,738.14,738.03,738.14,748,pre-market,False
2026-07-28T11:09:00+00:00,738.06,738.11,738.05,738.05,550,pre-market,False
2026-07-28T11:10:00+00:00,738.02,738.05,737.96,738.01,512,pre-market,False
2026-07-28T11:11:00+00:00,737.96,737.96,737.77,737.8,2200,pre-market,False
2026-07-28T11:12:00+00:00,737.79,737.89,737.77,737.79,834,pre-market,False
2026-07-28T11:13:00+00:00,737.75,737.75,737.62,737.69,1455,pre-market,False
2026-07-28T11:14:00+00:00,737.62,737.76,737.59,737.67,1566,pre-market,False
2026-07-28T11:15:00+00:00,737.63,738.68,737.63,738.49,10340,pre-market,False
2026-07-28T11:16:00+00:00,738.38,738.42,738.34,738.38,4810,pre-market,False
2026-07-28T11:17:00+00:00,738.36,738.49,738.36,738.49,5122,pre-market,False
2026-07-28T11:18:00+00:00,738.48,739.16,738.48,738.92,17719,pre-market,False
2026-07-28T11:19:00+00:00,738.93,739.04,738.91,738.99,1648,pre-market,False
2026-07-28T11:20:00+00:00,738.95,739.08,738.83,738.83,7925,pre-market,False
2026-07-28T11:21:00+00:00,738.75,738.78,738.71,738.71,616,pre-market,False
2026-07-28T11:22:00+00:00,738.69,738.78,738.6,738.78,342,pre-market,False
2026-07-28T11:23:00+00:00,738.75,738.87,738.75,738.87,180,pre-market,False
2026-07-28T11:24:00+00:00,738.83,738.89,738.83,738.85,255,pre-market,False
2026-07-28T11:25:00+00:00,738.57,738.57,738.44,738.44,1602,pre-market,False
2026-07-28T11:26:00+00:00,738.4,738.42,738.29,738.29,1060,pre-market,False
2026-07-28T11:27:00+00:00,738.29,738.3,738.17,738.17,352,pre-market,False
2026-07-28T11:28:00+00:00,738.12,738.15,738.06,738.07,12882,pre-market,False
2026-07-28T11:29:00+00:00,738.26,738.34,738.11,738.11,2049,pre-market,False
2026-07-28T11:30:00+00:00,738.14,738.16,737.94,737.94,1970,pre-market,False
2026-07-28T11:31:00+00:00,737.98,738.08,737.98,738.02,447,pre-market,False
2026-07-28T11:32:00+00:00,738.12,738.17,738.12,738.16,539,pre-market,False
2026-07-28T11:33:00+00:00,738.15,738.25,738.15,738.25,127,pre-market,False
2026-07-28T11:34:00+00:00,738.23,738.23,738.12,738.12,1846,pre-market,False
2026-07-28T11:35:00+00:00,738.21,738.22,738.21,738.21,40,pre-market,False
2026-07-28T11:36:00+00:00,738.27,739.23,738.27,738.84,16103,pre-market,False
2026-07-28T11:37:00+00:00,738.8,738.8,738.63,738.64,1568,pre-market,False
2026-07-28T11:38:00+00:00,738.62,738.69,738.48,738.48,2990,pre-market,False
2026-07-28T11:39:00+00:00,738.31,738.31,738.07,738.07,2307,pre-market,False
2026-07-28T11:40:00+00:00,738.07,738.07,737.75,737.75,4858,pre-market,False
2026-07-28T11:41:00+00:00,737.7,737.72,737.68,737.71,6651,pre-market,False
2026-07-28T11:42:00+00:00,737.71,737.71,737.62,737.69,1412,pre-market,False
2026-07-28T11:43:00+00:00,737.85,737.91,737.85,737.91,1579,pre-market,False
2026-07-28T11:44:00+00:00,737.95,738.16,737.95,737.96,2480,pre-market,False
2026-07-28T11:45:00+00:00,738.12,738.3,738.12,738.3,1368,pre-market,False
2026-07-28T11:46:00+00:00,738.35,738.47,738.32,738.47,1135,pre-market,False
2026-07-28T11:47:00+00:00,738.43,738.71,738.43,738.71,1932,pre-market,False
2026-07-28T11:48:00+00:00,738.7,738.88,738.7,738.88,1404,pre-market,False
2026-07-28T11:49:00+00:00,738.84,738.91,738.61,738.61,3505,pre-market,False
2026-07-28T11:50:00+00:00,738.6,738.67,738.53,738.58,2024,pre-market,False
2026-07-28T11:51:00+00:00,738.66,738.81,738.65,738.81,306,pre-market,False
2026-07-28T11:52:00+00:00,738.85,738.85,738.72,738.72,638,pre-market,False
2026-07-28T11:53:00+00:00,738.73,738.74,738.63,738.73,1350,pre-market,False
2026-07-28T11:54:00+00:00,738.75,738.77,738.7,738.75,2114,pre-market,False
2026-07-28T11:55:00+00:00,738.82,738.88,738.82,738.85,1359,pre-market,False
2026-07-28T11:56:00+00:00,738.84,739.05,738.84,739.05,2655,pre-market,False
2026-07-28T11:57:00+00:00,739.02,739.07,739.02,739.02,811,pre-market,False
2026-07-28T11:58:00+00:00,739.07,739.36,739.05,739.32,4242,pre-market,False
2026-07-28T11:59:00+00:00,739.37,739.49,739.36,739.36,3900,pre-market,False
2026-07-28T12:00:00+00:00,739.39,739.5,739.39,739.41,8384,pre-market,False
2026-07-28T12:01:00+00:00,739.4,739.4,739.22,739.23,6726,pre-market,False
2026-07-28T12:02:00+00:00,739.22,739.27,739.2,739.27,2984,pre-market,False
2026-07-28T12:03:00+00:00,739.3,739.36,739.25,739.35,23591,pre-market,False
2026-07-28T12:04:00+00:00,739.33,739.63,739.33,739.55,3933,pre-market,False
2026-07-28T12:05:00+00:00,739.5,739.65,739.5,739.64,9010,pre-market,False
2026-07-28T12:06:00+00:00,739.59,739.75,739.55,739.55,7783,pre-market,False
2026-07-28T12:07:00+00:00,739.51,739.58,739.47,739.49,3885,pre-market,False
2026-07-28T12:08:00+00:00,739.39,739.51,739.39,739.46,6147,pre-market,False
2026-07-28T12:09:00+00:00,739.45,739.61,739.41,739.57,25384,pre-market,False
2026-07-28T12:10:00+00:00,739.54,739.55,739.22,739.28,24004,pre-market,False
2026-07-28T12:11:00+00:00,739.31,739.31,739.23,739.28,7360,pre-market,False
2026-07-28T12:12:00+00:00,739.29,739.3,739.22,739.29,5703,pre-market,False
2026-07-28T12:13:00+00:00,739.29,739.34,739.17,739.34,15568,pre-market,False
2026-07-28T12:14:00+00:00,739.32,739.36,739.3,739.36,6797,pre-market,False
2026-07-28T12:15:00+00:00,739.39,739.39,739.29,739.3,10395,pre-market,False
2026-07-28T12:16:00+00:00,739.23,739.36,739.2,739.32,1732,pre-market,False
2026-07-28T12:17:00+00:00,739.28,739.28,739.22,739.22,370,pre-market,False
2026-07-28T12:18:00+00:00,739.26,739.29,739.23,739.28,7390,pre-market,False
2026-07-28T12:19:00+00:00,739.24,739.35,739.21,739.32,9132,pre-market,False
2026-07-28T12:20:00+00:00,739.34,739.34,739.24,739.26,904,pre-market,False
2026-07-28T12:21:00+00:00,739.31,739.5,739.31,739.5,3304,pre-market,False
2026-07-28T12:22:00+00:00,739.5,739.5,737.51,739.41,49407,pre-market,False
2026-07-28T12:23:00+00:00,739.42,739.57,739.42,739.45,2591,pre-market,False
2026-07-28T12:24:00+00:00,739.43,739.62,739.3,739.62,5672,pre-market,False
2026-07-28T12:25:00+00:00,739.59,739.81,739.56,739.78,6348,pre-market,False
2026-07-28T12:26:00+00:00,739.75,739.84,739.72,739.81,9121,pre-market,False
2026-07-28T12:27:00+00:00,739.85,740.06,739.83,739.98,13123,pre-market,False
2026-07-28T12:28:00+00:00,739.88,739.95,739.8,739.8,2317,pre-market,False
2026-07-28T12:29:00+00:00,739.85,739.95,739.78,739.95,2643,pre-market,False
2026-07-28T12:30:00+00:00,739.99,740.23,739.99,740.22,5708,pre-market,False
2026-07-28T12:31:00+00:00,740.15,740.16,739.87,739.89,1124,pre-market,False
2026-07-28T12:32:00+00:00,739.97,740.1,739.97,740.02,13765,pre-market,False
2026-07-28T12:33:00+00:00,740.02,740.02,739.84,739.84,2364,pre-market,False
2026-07-28T12:34:00+00:00,739.89,739.93,739.32,739.7,34229,pre-market,False
2026-07-28T12:35:00+00:00,739.63,739.8,739.63,739.76,4119,pre-market,False
2026-07-28T12:36:00+00:00,739.77,739.93,739.66,739.93,3479,pre-market,False
2026-07-28T12:37:00+00:00,740.01,740.01,739.85,739.87,1658,pre-market,False
2026-07-28T12:38:00+00:00,739.83,739.97,739.82,739.82,514,pre-market,False
2026-07-28T12:39:00+00:00,739.76,739.77,739.67,739.67,748,pre-market,False
2026-07-28T12:40:00+00:00,739.65,739.77,739.65,739.77,350,pre-market,False
2026-07-28T12:41:00+00:00,739.55,739.63,739.48,739.53,4634,pre-market,False
2026-07-28T12:42:00+00:00,739.68,739.9,739.68,739.9,2661,pre-market,False
2026-07-28T12:43:00+00:00,739.93,740.21,739.93,740.21,10957,pre-market,False
2026-07-28T12:44:00+00:00,740.1,740.25,740.08,740.22,1568,pre-market,False
2026-07-28T12:45:00+00:00,740.29,740.3,740.19,740.19,1475,pre-market,False
2026-07-28T12:46:00+00:00,740.29,741.0,740.29,740.33,27789,pre-market,False
2026-07-28T12:47:00+00:00,740.33,740.39,740.26,740.27,654,pre-market,False
2026-07-28T12:48:00+00:00,740.25,740.3,740.17,740.17,4479,pre-market,False
2026-07-28T12:49:00+00:00,740.21,740.39,740.17,740.28,6694,pre-market,False
2026-07-28T12:50:00+00:00,740.24,740.24,739.96,739.96,1031,pre-market,False
2026-07-28T12:51:00+00:00,739.92,739.98,739.91,739.98,12779,pre-market,False
2026-07-28T12:52:00+00:00,739.98,740.02,739.94,739.94,6252,pre-market,False
2026-07-28T12:53:00+00:00,739.94,739.94,739.87,739.88,4120,pre-market,False
2026-07-28T12:54:00+00:00,739.85,740.16,739.85,740.16,5879,pre-market,False
2026-07-28T12:55:00+00:00,740.19,740.24,740.07,740.07,3601,pre-market,False
2026-07-28T12:56:00+00:00,740.06,740.15,740.06,740.12,3538,pre-market,False
2026-07-28T12:57:00+00:00,740.12,740.14,740.06,740.06,2726,pre-market,False
2026-07-28T12:58:00+00:00,739.94,739.98,739.88,739.88,1443,pre-market,False
2026-07-28T12:59:00+00:00,739.94,739.94,739.88,739.88,2420,pre-market,False
2026-07-28T13:00:00+00:00,739.87,739.97,739.7,739.7,7864,pre-market,False
2026-07-28T13:01:00+00:00,739.67,739.67,739.59,739.62,3025,pre-market,False
2026-07-28T13:02:00+00:00,739.62,739.65,739.53,739.58,4683,pre-market,False
2026-07-28T13:03:00+00:00,739.61,739.75,739.6,739.61,1995,pre-market,False
2026-07-28T13:04:00+00:00,739.66,739.67,739.62,739.67,809,pre-market,False
2026-07-28T13:05:00+00:00,739.64,739.71,739.64,739.67,4362,pre-market,False
2026-07-28T13:06:00+00:00,739.7,740.02,739.7,740.01,12472,pre-market,False
2026-07-28T13:07:00+00:00,739.99,740.06,739.96,740.01,393,pre-market,False
2026-07-28T13:08:00+00:00,740.03,740.13,739.98,740.07,1979,pre-market,False
2026-07-28T13:09:00+00:00,740.08,740.13,740.07,740.12,5913,pre-market,False
2026-07-28T13:10:00+00:00,740.02,740.09,740.02,740.06,5330,pre-market,False
2026-07-28T13:11:00+00:00,740.05,740.05,739.88,739.88,1589,pre-market,False
2026-07-28T13:12:00+00:00,739.91,739.91,739.82,739.89,399,pre-market,False
2026-07-28T13:13:00+00:00,739.91,739.91,739.9,739.91,387,pre-market,False
2026-07-28T13:14:00+00:00,739.92,739.92,739.8,739.82,27025,pre-market,False
2026-07-28T13:15:00+00:00,739.87,739.92,739.83,739.91,2849,pre-market,False
2026-07-28T13:16:00+00:00,739.9,740.0,739.86,740.0,1811,pre-market,False
2026-07-28T13:17:00+00:00,740.1,740.1,740.01,740.02,1726,pre-market,False
2026-07-28T13:18:00+00:00,740.06,740.48,740.06,740.48,6072,pre-market,False
2026-07-28T13:19:00+00:00,740.27,740.27,740.17,740.17,2550,pre-market,False
2026-07-28T13:20:00+00:00,740.28,740.3,740.24,740.27,2171,pre-market,False
2026-07-28T13:21:00+00:00,740.27,740.33,740.24,740.32,937,pre-market,False
2026-07-28T13:22:00+00:00,740.33,740.35,740.09,740.09,5367,pre-market,False
2026-07-28T13:23:00+00:00,740.09,740.15,739.97,739.97,9508,pre-market,False
2026-07-28T13:24:00+00:00,740.0,740.19,739.95,740.18,595,pre-market,False
2026-07-28T13:25:00+00:00,740.13,740.13,739.74,739.97,17593,pre-market,False
2026-07-28T13:26:00+00:00,739.92,739.98,739.84,739.93,4088,pre-market,False
2026-07-28T13:27:00+00:00,739.92,739.99,739.71,739.77,19802,pre-market,False
2026-07-28T13:28:00+00:00,739.8,739.81,739.4,739.44,28234,pre-market,False
2026-07-28T13:29:00+00:00,739.45,739.5,739.14,739.21,42784,pre-market,False
2026-07-28T13:30:00+00:00,739.21,739.49,738.83,738.83,553655,regular,False
2026-07-28T13:31:00+00:00,738.83,738.9,738.29,738.41,378671,regular,False
2026-07-28T13:32:00+00:00,738.4,738.52,738.03,738.22,252642,regular,False
2026-07-28T13:33:00+00:00,738.22,738.6,738.09,738.28,241990,regular,False
2026-07-28T13:34:00+00:00,738.3,738.5,738.05,738.16,148778,regular,False
2026-07-28T13:35:00+00:00,738.16,739.06,738.16,738.99,160160,regular,False
2026-07-28T13:36:00+00:00,739.0,739.07,738.35,738.47,118684,regular,False
2026-07-28T13:37:00+00:00,738.51,738.76,738.07,738.21,202062,regular,False
2026-07-28T13:38:00+00:00,738.2,738.46,738.01,738.03,138491,regular,False
2026-07-28T13:39:00+00:00,738.02,738.12,737.76,737.79,118324,regular,False
2026-07-28T13:40:00+00:00,737.79,738.32,737.69,738.01,192238,regular,False
2026-07-28T13:41:00+00:00,738.0,738.34,737.7,737.79,101673,regular,False
2026-07-28T13:42:00+00:00,737.79,737.86,737.18,737.27,190928,regular,False
2026-07-28T13:43:00+00:00,737.27,737.37,736.56,736.65,235487,regular,False
2026-07-28T13:44:00+00:00,736.65,737.14,736.64,737.05,231896,regular,False
2026-07-28T13:45:00+00:00,737.05,737.33,736.76,736.82,181468,regular,False
2026-07-28T13:46:00+00:00,736.78,736.81,736.26,736.43,144154,regular,False
2026-07-28T13:47:00+00:00,736.43,736.46,735.99,736.02,151549,regular,False
2026-07-28T13:48:00+00:00,736.01,737.2,735.98,737.16,172267,regular,False
2026-07-28T13:49:00+00:00,737.16,737.61,737.0,737.53,160464,regular,False
2026-07-28T13:50:00+00:00,737.53,738.18,737.15,737.15,179468,regular,False
2026-07-28T13:51:00+00:00,737.16,737.4,736.87,737.18,157236,regular,False
2026-07-28T13:52:00+00:00,737.18,737.9,737.07,737.5,116395,regular,False
2026-07-28T13:53:00+00:00,737.5,737.53,736.73,737.29,136466,regular,False
2026-07-28T13:54:00+00:00,737.3,737.59,737.0,737.04,88012,regular,False
2026-07-28T13:55:00+00:00,737.05,737.25,736.65,736.73,74419,regular,False
2026-07-28T13:56:00+00:00,736.72,737.1,736.56,737.05,111606,regular,False
2026-07-28T13:57:00+00:00,737.04,737.16,736.64,736.77,76405,regular,False
2026-07-28T13:58:00+00:00,736.72,736.75,736.37,736.43,106334,regular,False
2026-07-28T13:59:00+00:00,736.44,736.74,736.16,736.5,98151,regular,False
2026-07-28T14:00:00+00:00,736.49,737.52,736.45,737.45,116245,regular,False
2026-07-28T14:01:00+00:00,737.45,737.57,737.07,737.11,62563,regular,False
2026-07-28T14:02:00+00:00,737.12,737.71,737.09,737.43,59163,regular,False
2026-07-28T14:03:00+00:00,737.43,737.6,737.21,737.34,59531,regular,False
2026-07-28T14:04:00+00:00,737.33,737.52,737.09,737.26,56481,regular,False
2026-07-28T14:05:00+00:00,737.24,737.96,737.15,737.96,63869,regular,False
2026-07-28T14:06:00+00:00,737.93,738.07,737.57,738.07,95730,regular,False
2026-07-28T14:07:00+00:00,738.07,738.22,737.46,737.47,113316,regular,False
2026-07-28T14:08:00+00:00,737.48,737.5,736.88,737.37,96119,regular,False
2026-07-28T14:09:00+00:00,737.41,737.49,737.09,737.09,77162,regular,False
2026-07-28T14:10:00+00:00,737.04,737.69,736.99,737.44,67135,regular,False
2026-07-28T14:11:00+00:00,737.45,737.66,737.3,737.65,70050,regular,False
2026-07-28T14:12:00+00:00,737.65,737.81,736.82,736.82,68751,regular,False
2026-07-28T14:13:00+00:00,736.84,737.11,736.66,736.69,48395,regular,False
2026-07-28T14:14:00+00:00,736.69,736.7,736.27,736.59,148504,regular,False
2026-07-28T14:15:00+00:00,736.61,737.14,736.61,737.06,109572,regular,False
2026-07-28T14:16:00+00:00,737.09,737.16,736.55,736.6,85689,regular,False
2026-07-28T14:17:00+00:00,736.61,736.87,736.44,736.66,67354,regular,False
2026-07-28T14:18:00+00:00,736.67,737.11,736.58,736.96,59705,regular,False
2026-07-28T14:19:00+00:00,736.97,737.04,736.56,736.61,42068,regular,False
2026-07-28T14:20:00+00:00,736.63,736.97,736.56,736.59,48010,regular,False
2026-07-28T14:21:00+00:00,736.59,737.26,736.37,737.21,53241,regular,False
2026-07-28T14:22:00+00:00,737.24,737.44,736.53,736.65,78454,regular,False
2026-07-28T14:23:00+00:00,736.64,737.58,736.57,737.57,98376,regular,False
2026-07-28T14:24:00+00:00,737.61,737.88,737.19,737.31,128289,regular,False
2026-07-28T14:25:00+00:00,737.31,737.57,737.15,737.41,45039,regular,False
2026-07-28T14:26:00+00:00,737.44,737.58,737.17,737.4,74799,regular,False
2026-07-28T14:27:00+00:00,737.44,737.72,737.29,737.33,45528,regular,False
2026-07-28T14:28:00+00:00,737.36,737.58,737.24,737.24,43350,regular,False
2026-07-28T14:29:00+00:00,737.23,737.75,737.16,737.7,72509,regular,False
2026-07-28T14:30:00+00:00,737.72,738.0,737.3,737.45,59205,regular,False
2026-07-28T14:31:00+00:00,737.48,737.89,737.33,737.68,81143,regular,False
2026-07-28T14:32:00+00:00,737.7,737.96,737.4,737.61,62836,regular,False
2026-07-28T14:33:00+00:00,737.64,737.75,737.39,737.75,75715,regular,False
2026-07-28T14:34:00+00:00,737.74,737.94,737.21,737.25,92172,regular,False
2026-07-28T14:35:00+00:00,737.24,737.91,737.15,737.91,67775,regular,False
2026-07-28T14:36:00+00:00,737.9,738.49,737.85,738.33,101786,regular,False
2026-07-28T14:37:00+00:00,738.34,738.62,738.13,738.41,79203,regular,False
2026-07-28T14:38:00+00:00,738.41,738.46,737.68,737.7,107259,regular,False
2026-07-28T14:39:00+00:00,737.68,737.7,737.35,737.53,53367,regular,False
2026-07-28T14:40:00+00:00,737.54,738.02,737.4,738.01,60125,regular,False
2026-07-28T14:41:00+00:00,737.99,738.4,737.94,738.39,119865,regular,False
2026-07-28T14:42:00+00:00,738.37,738.4,737.97,738.25,125094,regular,False
2026-07-28T14:43:00+00:00,738.25,738.61,738.08,738.42,95100,regular,False
2026-07-28T14:44:00+00:00,738.42,738.55,738.23,738.27,122546,regular,False
2026-07-28T14:45:00+00:00,738.25,738.51,737.86,737.95,98251,regular,False
2026-07-28T14:46:00+00:00,737.92,738.38,737.89,738.37,78595,regular,False
2026-07-28T14:47:00+00:00,738.34,738.77,738.34,738.72,170987,regular,False
2026-07-28T14:48:00+00:00,738.72,739.23,738.7,739.22,136740,regular,False
2026-07-28T14:49:00+00:00,739.17,739.41,739.11,739.31,93162,regular,False
2026-07-28T14:50:00+00:00,739.3,739.61,739.28,739.44,102616,regular,False
2026-07-28T14:51:00+00:00,739.48,739.79,739.39,739.7,97818,regular,False
2026-07-28T14:52:00+00:00,739.71,739.77,739.15,739.26,112686,regular,False
2026-07-28T14:53:00+00:00,739.27,739.75,739.26,739.52,85329,regular,False
2026-07-28T14:54:00+00:00,739.52,739.52,739.3,739.42,53587,regular,False
2026-07-28T14:55:00+00:00,739.43,739.82,739.27,739.61,52129,regular,False
2026-07-28T14:56:00+00:00,739.61,739.65,739.26,739.34,69958,regular,False
2026-07-28T14:57:00+00:00,739.33,739.33,738.86,738.99,57293,regular,False
2026-07-28T14:58:00+00:00,738.98,738.99,738.75,738.81,59188,regular,False
2026-07-28T14:59:00+00:00,738.81,738.97,738.58,738.64,77005,regular,False
2026-07-28T15:00:00+00:00,738.7,739.13,738.62,739.11,60601,regular,False
2026-07-28T15:01:00+00:00,739.11,739.18,738.82,739.0,58797,regular,False
2026-07-28T15:02:00+00:00,738.99,739.01,738.64,738.73,26446,regular,False
2026-07-28T15:03:00+00:00,738.72,738.72,738.29,738.31,41209,regular,False
2026-07-28T15:04:00+00:00,738.33,738.48,738.14,738.15,54133,regular,False
2026-07-28T15:05:00+00:00,738.16,738.38,738.01,738.38,60225,regular,False
2026-07-28T15:06:00+00:00,738.38,738.84,738.35,738.51,49535,regular,False
2026-07-28T15:07:00+00:00,738.53,738.53,738.16,738.4,34318,regular,False
2026-07-28T15:08:00+00:00,738.43,738.56,738.25,738.32,32017,regular,False
2026-07-28T15:09:00+00:00,738.34,738.81,738.31,738.8,44927,regular,False
2026-07-28T15:10:00+00:00,738.77,739.58,738.63,738.74,122365,regular,False
2026-07-28T15:11:00+00:00,738.78,738.94,738.46,738.87,27945,regular,False
2026-07-28T15:12:00+00:00,738.82,739.71,738.77,739.5,82330,regular,False
2026-07-28T15:13:00+00:00,739.53,739.55,739.13,739.36,86506,regular,False
2026-07-28T15:14:00+00:00,739.4,739.67,739.34,739.34,50365,regular,False
2026-07-28T15:15:00+00:00,739.38,739.59,739.19,739.53,53854,regular,False
2026-07-28T15:16:00+00:00,739.56,739.9,739.56,739.63,107999,regular,False
2026-07-28T15:17:00+00:00,739.66,739.9,739.32,739.86,84285,regular,False
2026-07-28T15:18:00+00:00,739.86,740.57,739.78,740.48,242541,regular,False
2026-07-28T15:19:00+00:00,740.46,740.57,740.26,740.57,113325,regular,False
2026-07-28T15:20:00+00:00,740.57,741.17,740.54,741.01,124579,regular,False
2026-07-28T15:21:00+00:00,741.03,741.13,740.82,741.0,105958,regular,False
2026-07-28T15:22:00+00:00,741.0,741.22,740.84,740.93,79603,regular,False
2026-07-28T15:23:00+00:00,740.94,741.16,740.91,741.09,137255,regular,False
2026-07-28T15:24:00+00:00,741.08,741.38,741.01,741.38,80097,regular,False
2026-07-28T15:25:00+00:00,741.36,741.53,741.31,741.38,76600,regular,False
2026-07-28T15:26:00+00:00,741.37,741.9,741.37,741.77,173634,regular,False
2026-07-28T15:27:00+00:00,741.78,741.79,741.29,741.33,107188,regular,False
2026-07-28T15:28:00+00:00,741.33,741.33,741.1,741.27,86380,regular,False
2026-07-28T15:29:00+00:00,741.3,741.32,741.04,741.2,52547,regular,False
2026-07-28T15:30:00+00:00,741.17,741.47,741.03,741.13,50551,regular,False
2026-07-28T15:31:00+00:00,741.11,741.2,740.99,741.18,46650,regular,False
2026-07-28T15:32:00+00:00,741.19,741.38,741.14,741.18,39834,regular,False
2026-07-28T15:33:00+00:00,741.17,741.44,741.13,741.42,41724,regular,False
2026-07-28T15:34:00+00:00,741.43,741.48,741.23,741.25,29621,regular,False
2026-07-28T15:35:00+00:00,741.31,741.56,741.24,741.52,43492,regular,False
2026-07-28T15:36:00+00:00,741.52,741.73,741.51,741.66,44422,regular,False
2026-07-28T15:37:00+00:00,741.64,741.74,741.45,741.74,27285,regular,False
2026-07-28T15:38:00+00:00,741.73,741.9,741.68,741.74,74685,regular,False
2026-07-28T15:39:00+00:00,741.75,741.8,741.6,741.62,35821,regular,False
2026-07-28T15:40:00+00:00,741.6,741.7,741.42,741.55,36337,regular,False
2026-07-28T15:41:00+00:00,741.59,741.79,741.54,741.67,21096,regular,False
2026-07-28T15:42:00+00:00,741.68,741.73,741.55,741.68,24418,regular,False
2026-07-28T15:43:00+00:00,741.66,741.92,741.58,741.9,40761,regular,False
2026-07-28T15:44:00+00:00,741.89,742.09,741.88,742.07,90610,regular,False
2026-07-28T15:45:00+00:00,742.07,742.22,741.96,742.06,56788,regular,False
2026-07-28T15:46:00+00:00,742.06,742.31,742.05,742.27,62495,regular,False
2026-07-28T15:47:00+00:00,742.27,742.28,742.17,742.19,46593,regular,False
2026-07-28T15:48:00+00:00,742.18,742.39,742.17,742.39,39904,regular,False
2026-07-28T15:49:00+00:00,742.39,742.45,742.26,742.32,107896,regular,False
2026-07-28T15:50:00+00:00,742.32,742.39,741.84,741.9,99550,regular,False
2026-07-28T15:51:00+00:00,741.9,742.06,741.79,742.02,70281,regular,False
2026-07-28T15:52:00+00:00,742.02,742.1,741.85,742.1,38351,regular,False
2026-07-28T15:53:00+00:00,742.11,742.41,742.06,742.36,49818,regular,False
2026-07-28T15:54:00+00:00,742.32,742.38,742.03,742.06,36930,regular,False
2026-07-28T15:55:00+00:00,742.07,742.11,741.8,741.84,35311,regular,False
2026-07-28T15:56:00+00:00,741.84,742.15,741.82,742.14,30989,regular,False
2026-07-28T15:57:00+00:00,742.14,742.26,742.07,742.24,31532,regular,False
2026-07-28T15:58:00+00:00,742.24,742.39,742.13,742.16,38560,regular,False
2026-07-28T15:59:00+00:00,742.17,742.24,742.11,742.22,39305,regular,False
2026-07-28T16:00:00+00:00,742.21,742.35,741.99,742.34,64692,regular,False
2026-07-28T16:01:00+00:00,742.35,742.35,742.17,742.18,74516,regular,False
2026-07-28T16:02:00+00:00,742.18,742.29,742.04,742.05,39782,regular,False
2026-07-28T16:03:00+00:00,742.06,742.18,741.96,742.12,61351,regular,False
2026-07-28T16:04:00+00:00,742.12,742.12,741.94,742.02,37394,regular,False
2026-07-28T16:05:00+00:00,742.02,742.2,742.02,742.04,35151,regular,False
2026-07-28T16:06:00+00:00,742.05,742.15,741.9,742.1,37241,regular,False
2026-07-28T16:07:00+00:00,742.11,742.11,741.71,741.71,47037,regular,False
2026-07-28T16:08:00+00:00,741.71,741.75,741.56,741.66,110342,regular,False
2026-07-28T16:09:00+00:00,741.64,741.72,741.56,741.57,38508,regular,False
2026-07-28T16:10:00+00:00,741.57,741.67,741.48,741.51,48182,regular,False
2026-07-28T16:11:00+00:00,741.53,741.77,741.51,741.75,77957,regular,False
2026-07-28T16:12:00+00:00,741.77,741.78,741.64,741.77,36576,regular,False
2026-07-28T16:13:00+00:00,741.77,741.84,741.54,741.54,31864,regular,False
2026-07-28T16:14:00+00:00,741.54,741.62,741.49,741.62,46758,regular,False
2026-07-28T16:15:00+00:00,741.61,741.75,741.47,741.53,58326,regular,False
2026-07-28T16:16:00+00:00,741.54,741.58,741.38,741.43,41520,regular,False
2026-07-28T16:17:00+00:00,741.41,741.6,741.39,741.39,41586,regular,False
2026-07-28T16:18:00+00:00,741.41,741.57,741.32,741.39,40468,regular,False
2026-07-28T16:19:00+00:00,741.39,741.92,741.38,741.9,36458,regular,False
2026-07-28T16:20:00+00:00,741.91,742.09,741.8,741.93,51527,regular,False
2026-07-28T16:21:00+00:00,741.93,741.94,741.7,741.87,27131,regular,False
2026-07-28T16:22:00+00:00,741.86,741.88,741.66,741.7,15257,regular,False
2026-07-28T16:23:00+00:00,741.7,741.71,741.44,741.48,33626,regular,False
2026-07-28T16:24:00+00:00,741.47,741.51,741.31,741.49,24948,regular,False
2026-07-28T16:25:00+00:00,741.48,741.6,741.4,741.6,28569,regular,False
2026-07-28T16:26:00+00:00,741.59,741.6,741.4,741.46,16353,regular,False
2026-07-28T16:27:00+00:00,741.47,741.56,741.28,741.42,75481,regular,False
2026-07-28T16:28:00+00:00,741.44,741.51,741.36,741.38,17955,regular,False
2026-07-28T16:29:00+00:00,741.38,741.46,741.21,741.21,17499,regular,False
2026-07-28T16:30:00+00:00,741.23,741.24,740.97,740.97,43069,regular,False
2026-07-28T16:31:00+00:00,740.97,741.05,740.92,741.04,46199,regular,False
2026-07-28T16:32:00+00:00,741.01,741.29,740.95,741.26,34380,regular,False
2026-07-28T16:33:00+00:00,741.29,741.39,741.1,741.11,18830,regular,False
2026-07-28T16:34:00+00:00,741.12,741.32,741.08,741.11,11000,regular,False
2026-07-28T16:35:00+00:00,741.12,741.31,741.12,741.21,22639,regular,False
2026-07-28T16:36:00+00:00,741.21,741.25,741.08,741.15,17732,regular,False
2026-07-28T16:37:00+00:00,741.15,741.24,741.1,741.17,31609,regular,False
2026-07-28T16:38:00+00:00,741.25,741.66,741.18,741.58,25381,regular,False
2026-07-28T16:39:00+00:00,741.59,741.8,741.5,741.78,52199,regular,False
2026-07-28T16:40:00+00:00,741.78,741.89,741.71,741.77,36386,regular,False
2026-07-28T16:41:00+00:00,741.79,742.02,741.74,741.99,49913,regular,False
2026-07-28T16:42:00+00:00,742.0,742.04,741.77,741.81,28466,regular,False
2026-07-28T16:43:00+00:00,741.84,742.1,741.84,742.1,23770,regular,False
2026-07-28T16:44:00+00:00,742.1,742.15,741.81,741.94,63035,regular,False
2026-07-28T16:45:00+00:00,741.94,742.08,741.77,741.82,51079,regular,False
2026-07-28T16:46:00+00:00,741.8,741.9,741.39,741.44,35004,regular,False
2026-07-28T16:47:00+00:00,741.44,741.79,741.44,741.71,20744,regular,False
2026-07-28T16:48:00+00:00,741.72,741.8,741.47,741.61,29891,regular,False
2026-07-28T16:49:00+00:00,741.56,741.82,741.56,741.79,15633,regular,False
2026-07-28T16:50:00+00:00,741.79,742.24,741.76,742.19,42736,regular,False
2026-07-28T16:51:00+00:00,742.21,742.53,742.2,742.52,50348,regular,False
2026-07-28T16:52:00+00:00,742.5,742.56,742.42,742.5,43049,regular,False
2026-07-28T16:53:00+00:00,742.49,742.66,742.47,742.51,49479,regular,False
2026-07-28T16:54:00+00:00,742.51,742.64,742.51,742.61,37036,regular,False
2026-07-28T16:55:00+00:00,742.62,742.63,742.48,742.62,30383,regular,False
2026-07-28T16:56:00+00:00,742.65,742.8,742.49,742.76,28331,regular,False
2026-07-28T16:57:00+00:00,742.75,742.78,742.56,742.68,35145,regular,False
2026-07-28T16:58:00+00:00,742.66,742.68,742.53,742.6,25758,regular,False
2026-07-28T16:59:00+00:00,742.62,742.66,742.56,742.61,22347,regular,False
2026-07-28T17:00:00+00:00,742.61,742.75,742.46,742.67,50638,regular,False
2026-07-28T17:01:00+00:00,742.67,742.78,742.61,742.61,24677,regular,False
2026-07-28T17:02:00+00:00,742.6,742.64,742.22,742.31,73621,regular,False
2026-07-28T17:03:00+00:00,742.32,742.34,742.11,742.19,89120,regular,False
2026-07-28T17:04:00+00:00,742.19,742.24,742.08,742.14,27308,regular,False
2026-07-28T17:05:00+00:00,742.15,742.32,742.07,742.16,22245,regular,False
2026-07-28T17:06:00+00:00,742.17,742.31,741.85,742.13,61867,regular,False
2026-07-28T17:07:00+00:00,742.12,742.16,741.96,742.06,33100,regular,False
2026-07-28T17:08:00+00:00,742.1,742.14,741.71,741.74,31799,regular,False
2026-07-28T17:09:00+00:00,741.74,741.78,741.45,741.53,52629,regular,False
2026-07-28T17:10:00+00:00,741.5,741.51,741.18,741.44,50244,regular,False
2026-07-28T17:11:00+00:00,741.45,741.64,741.34,741.62,27475,regular,False
2026-07-28T17:12:00+00:00,741.61,741.82,741.52,741.6,52764,regular,False
2026-07-28T17:13:00+00:00,741.62,741.63,741.23,741.34,27192,regular,False
2026-07-28T17:14:00+00:00,741.37,741.37,741.21,741.34,34888,regular,False
2026-07-28T17:15:00+00:00,741.34,741.53,741.31,741.42,16992,regular,False
2026-07-28T17:16:00+00:00,741.44,741.45,741.27,741.37,25941,regular,False
2026-07-28T17:17:00+00:00,741.4,741.41,741.08,741.13,23198,regular,False
2026-07-28T17:18:00+00:00,741.13,741.22,741.13,741.21,25399,regular,False
2026-07-28T17:19:00+00:00,741.18,741.37,741.14,741.31,63401,regular,False
2026-07-28T17:20:00+00:00,741.32,742.02,741.21,741.89,85784,regular,False
2026-07-28T17:21:00+00:00,741.9,742.19,741.59,741.59,67219,regular,False
2026-07-28T17:22:00+00:00,741.63,741.66,741.39,741.57,16027,regular,False
2026-07-28T17:23:00+00:00,741.56,741.8,741.55,741.61,17387,regular,False
2026-07-28T17:24:00+00:00,741.65,741.73,741.33,741.35,16905,regular,False
2026-07-28T17:25:00+00:00,741.34,741.36,741.13,741.24,22794,regular,False
2026-07-28T17:26:00+00:00,741.27,741.45,741.24,741.42,16349,regular,False
2026-07-28T17:27:00+00:00,741.41,741.72,741.41,741.59,37020,regular,False
2026-07-28T17:28:00+00:00,741.6,741.7,741.38,741.38,16327,regular,False
2026-07-28T17:29:00+00:00,741.4,741.57,741.3,741.31,12533,regular,False
2026-07-28T17:30:00+00:00,741.3,741.32,741.17,741.27,33352,regular,False
2026-07-28T17:31:00+00:00,741.27,741.28,741.12,741.17,24875,regular,False
2026-07-28T17:32:00+00:00,741.16,741.23,741.11,741.22,21751,regular,False
2026-07-28T17:33:00+00:00,741.21,741.65,741.19,741.52,52185,regular,False
2026-07-28T17:34:00+00:00,741.53,741.83,741.53,741.7,22756,regular,False
2026-07-28T17:35:00+00:00,741.72,741.92,741.68,741.69,19870,regular,False
2026-07-28T17:36:00+00:00,741.69,741.77,741.59,741.59,32037,regular,False
2026-07-28T17:37:00+00:00,741.61,741.74,741.6,741.61,13315,regular,False
2026-07-28T17:38:00+00:00,741.58,741.7,741.52,741.63,24971,regular,False
2026-07-28T17:39:00+00:00,741.62,741.62,741.34,741.4,17286,regular,False
2026-07-28T17:40:00+00:00,741.38,741.66,741.31,741.46,64500,regular,False
2026-07-28T17:41:00+00:00,741.47,741.48,741.18,741.2,29107,regular,False
2026-07-28T17:42:00+00:00,741.18,741.25,741.1,741.12,47487,regular,False
2026-07-28T17:43:00+00:00,741.11,741.12,740.8,740.84,63323,regular,False
2026-07-28T17:44:00+00:00,740.85,740.85,740.65,740.8,92037,regular,False
2026-07-28T17:45:00+00:00,740.8,740.95,740.64,740.73,55836,regular,False
2026-07-28T17:46:00+00:00,740.73,740.88,740.68,740.87,26822,regular,False
2026-07-28T17:47:00+00:00,740.87,741.0,740.69,740.76,36101,regular,False
2026-07-28T17:48:00+00:00,740.77,741.28,740.76,741.2,83772,regular,False
2026-07-28T17:49:00+00:00,741.21,741.39,741.06,741.3,41017,regular,False
2026-07-28T17:50:00+00:00,741.29,741.29,740.94,741.04,25429,regular,False
2026-07-28T17:51:00+00:00,741.03,741.03,740.84,740.98,19734,regular,False
2026-07-28T17:52:00+00:00,740.99,741.12,740.8,740.8,16648,regular,False
2026-07-28T17:53:00+00:00,740.8,740.92,740.8,740.9,20404,regular,False
2026-07-28T17:54:00+00:00,740.89,740.95,740.68,740.76,36612,regular,False
2026-07-28T17:55:00+00:00,740.74,740.83,740.51,740.6,60607,regular,False
2026-07-28T17:56:00+00:00,740.6,740.93,740.59,740.9,37171,regular,False
2026-07-28T17:57:00+00:00,740.89,740.95,740.82,740.86,38473,regular,False
2026-07-28T17:58:00+00:00,740.87,741.01,740.78,741.0,31709,regular,False
2026-07-28T17:59:00+00:00,741.0,741.22,740.99,741.19,33745,regular,False
2026-07-28T18:00:00+00:00,741.2,741.52,741.03,741.38,45207,regular,False
2026-07-28T18:01:00+00:00,741.37,741.5,741.13,741.13,47348,regular,False
2026-07-28T18:02:00+00:00,741.13,741.36,741.01,741.12,44119,regular,False
2026-07-28T18:03:00+00:00,741.13,741.24,741.08,741.13,38499,regular,False
2026-07-28T18:04:00+00:00,741.13,741.25,741.01,741.23,69355,regular,False
2026-07-28T18:05:00+00:00,741.2,741.29,741.03,741.07,37467,regular,False
2026-07-28T18:06:00+00:00,741.07,741.1,740.92,740.97,58717,regular,False
2026-07-28T18:07:00+00:00,740.97,740.98,740.81,740.87,37650,regular,False
2026-07-28T18:08:00+00:00,740.87,740.93,740.77,740.82,41326,regular,False
2026-07-28T18:09:00+00:00,740.81,740.88,740.74,740.85,31690,regular,False
2026-07-28T18:10:00+00:00,740.85,740.94,740.69,740.74,55051,regular,False
2026-07-28T18:11:00+00:00,740.74,740.8,740.56,740.61,47354,regular,False
2026-07-28T18:12:00+00:00,740.59,740.74,740.56,740.72,33810,regular,False
2026-07-28T18:13:00+00:00,740.74,740.78,740.45,740.61,153260,regular,False
2026-07-28T18:14:00+00:00,740.59,740.59,740.42,740.46,66736,regular,False
2026-07-28T18:15:00+00:00,740.46,740.74,740.43,740.71,54471,regular,False
2026-07-28T18:16:00+00:00,740.71,740.76,740.55,740.74,52987,regular,False
2026-07-28T18:17:00+00:00,740.75,740.75,740.43,740.58,98092,regular,False
2026-07-28T18:18:00+00:00,740.58,740.72,740.54,740.68,36730,regular,False
2026-07-28T18:19:00+00:00,740.71,740.85,740.59,740.76,28349,regular,False
2026-07-28T18:20:00+00:00,740.75,740.94,740.67,740.93,42606,regular,False
2026-07-28T18:21:00+00:00,740.93,740.96,740.69,740.7,30370,regular,False
2026-07-28T18:22:00+00:00,740.72,740.87,740.64,740.87,21312,regular,False
2026-07-28T18:23:00+00:00,740.87,740.91,740.51,740.57,28255,regular,False
2026-07-28T18:24:00+00:00,740.57,740.71,740.53,740.54,21166,regular,False
2026-07-28T18:25:00+00:00,740.55,740.66,740.47,740.63,45951,regular,False
2026-07-28T18:26:00+00:00,740.64,740.69,740.55,740.58,26278,regular,False
2026-07-28T18:27:00+00:00,740.59,740.63,740.49,740.59,35201,regular,False
2026-07-28T18:28:00+00:00,740.58,740.67,740.43,740.53,85975,regular,False
2026-07-28T18:29:00+00:00,740.54,740.65,740.49,740.59,34862,regular,False
2026-07-28T18:30:00+00:00,740.59,740.77,740.5,740.7,34965,regular,False
2026-07-28T18:31:00+00:00,740.69,740.69,740.51,740.59,32177,regular,False
2026-07-28T18:32:00+00:00,740.6,740.71,740.52,740.61,58678,regular,False
2026-07-28T18:33:00+00:00,740.62,740.92,740.62,740.86,38823,regular,False
2026-07-28T18:34:00+00:00,740.87,741.05,740.86,740.94,44491,regular,False
2026-07-28T18:35:00+00:00,740.9,740.95,740.75,740.88,58590,regular,False
2026-07-28T18:36:00+00:00,740.92,740.93,740.74,740.84,31987,regular,False
2026-07-28T18:37:00+00:00,740.84,740.99,740.82,740.97,15219,regular,False
2026-07-28T18:38:00+00:00,740.98,741.12,740.9,741.05,22058,regular,False
2026-07-28T18:39:00+00:00,741.03,741.04,740.74,740.82,18916,regular,False
2026-07-28T18:40:00+00:00,740.84,740.88,740.59,740.62,20442,regular,False
2026-07-28T18:41:00+00:00,740.66,740.72,740.62,740.64,17166,regular,False
2026-07-28T18:42:00+00:00,740.64,740.7,740.55,740.56,103462,regular,False
2026-07-28T18:43:00+00:00,740.56,740.76,740.56,740.74,31949,regular,False
2026-07-28T18:44:00+00:00,740.74,740.87,740.62,740.77,52919,regular,False
2026-07-28T18:45:00+00:00,740.79,741.08,740.69,741.06,139782,regular,False
2026-07-28T18:46:00+00:00,741.04,741.29,740.95,741.29,73032,regular,False
2026-07-28T18:47:00+00:00,741.29,741.41,741.23,741.28,36375,regular,False
2026-07-28T18:48:00+00:00,741.28,741.33,741.14,741.2,34984,regular,False
2026-07-28T18:49:00+00:00,741.2,741.33,741.17,741.25,17049,regular,False
2026-07-28T18:50:00+00:00,741.25,741.4,741.23,741.36,31602,regular,False
2026-07-28T18:51:00+00:00,741.37,741.52,741.36,741.42,35086,regular,False
2026-07-28T18:52:00+00:00,741.4,741.45,741.23,741.27,44578,regular,False
2026-07-28T18:53:00+00:00,741.28,741.36,741.16,741.2,32110,regular,False
2026-07-28T18:54:00+00:00,741.19,741.32,741.15,741.25,59484,regular,False
2026-07-28T18:55:00+00:00,741.25,741.44,741.07,741.42,76521,regular,False
2026-07-28T18:56:00+00:00,741.42,741.54,741.35,741.48,47356,regular,False
2026-07-28T18:57:00+00:00,741.49,741.6,741.4,741.52,35805,regular,False
2026-07-28T18:58:00+00:00,741.51,741.62,741.42,741.52,22756,regular,False
2026-07-28T18:59:00+00:00,741.53,741.56,741.45,741.45,17265,regular,False
2026-07-28T19:00:00+00:00,741.45,741.79,741.43,741.64,54295,regular,False
2026-07-28T19:01:00+00:00,741.65,741.72,741.56,741.68,31517,regular,False
2026-07-28T19:02:00+00:00,741.68,741.73,741.55,741.73,27084,regular,False
2026-07-28T19:03:00+00:00,741.73,741.9,741.69,741.84,32541,regular,False
2026-07-28T19:04:00+00:00,741.82,741.96,741.73,741.91,36004,regular,False
2026-07-28T19:05:00+00:00,741.88,741.94,741.74,741.91,65474,regular,False
2026-07-28T19:06:00+00:00,741.91,741.96,741.72,741.75,84667,regular,False
2026-07-28T19:07:00+00:00,741.76,741.89,741.71,741.73,38702,regular,False
2026-07-28T19:08:00+00:00,741.71,741.72,741.46,741.47,87526,regular,False
2026-07-28T19:09:00+00:00,741.47,741.56,741.39,741.42,52256,regular,False
2026-07-28T19:10:00+00:00,741.43,741.65,741.41,741.41,30435,regular,False
2026-07-28T19:11:00+00:00,741.43,741.54,741.39,741.52,27711,regular,False
2026-07-28T19:12:00+00:00,741.53,741.53,741.4,741.41,25196,regular,False
2026-07-28T19:13:00+00:00,741.38,741.52,741.33,741.52,82401,regular,False
2026-07-28T19:14:00+00:00,741.52,741.53,741.36,741.47,21862,regular,False
2026-07-28T19:15:00+00:00,741.46,741.58,741.37,741.39,64867,regular,False
2026-07-28T19:16:00+00:00,741.4,741.53,741.31,741.45,33057,regular,False
2026-07-28T19:17:00+00:00,741.45,741.56,741.37,741.44,84259,regular,False
2026-07-28T19:18:00+00:00,741.44,741.71,741.43,741.66,93324,regular,False
2026-07-28T19:19:00+00:00,741.65,741.72,741.59,741.65,33787,regular,False
2026-07-28T19:20:00+00:00,741.62,741.68,741.57,741.65,21667,regular,False
2026-07-28T19:21:00+00:00,741.65,741.71,741.53,741.58,37567,regular,False
2026-07-28T19:22:00+00:00,741.59,741.76,741.59,741.76,40834,regular,False
2026-07-28T19:23:00+00:00,741.76,741.82,741.72,741.74,33443,regular,False
2026-07-28T19:24:00+00:00,741.75,741.84,741.73,741.81,36650,regular,False
2026-07-28T19:25:00+00:00,741.82,741.85,741.63,741.64,78391,regular,False
2026-07-28T19:26:00+00:00,741.63,741.69,741.38,741.43,70948,regular,False
2026-07-28T19:27:00+00:00,741.42,741.45,741.35,741.43,95226,regular,False
2026-07-28T19:28:00+00:00,741.44,741.76,741.4,741.72,75099,regular,False
2026-07-28T19:29:00+00:00,741.73,741.78,741.61,741.7,38655,regular,False
2026-07-28T19:30:00+00:00,741.71,741.73,741.46,741.58,94476,regular,False
2026-07-28T19:31:00+00:00,741.56,741.68,741.52,741.55,46744,regular,False
2026-07-28T19:32:00+00:00,741.56,741.67,741.51,741.6,44673,regular,False
2026-07-28T19:33:00+00:00,741.61,741.66,741.49,741.5,44896,regular,False
2026-07-28T19:34:00+00:00,741.49,741.61,741.47,741.53,44673,regular,False
2026-07-28T19:35:00+00:00,741.53,741.56,741.23,741.28,78415,regular,False
2026-07-28T19:36:00+00:00,741.27,741.28,741.13,741.19,102204,regular,False
2026-07-28T19:37:00+00:00,741.18,741.21,741.08,741.16,60465,regular,False
2026-07-28T19:38:00+00:00,741.15,741.2,741.04,741.14,44760,regular,False
2026-07-28T19:39:00+00:00,741.14,741.18,740.93,741.01,68482,regular,False
2026-07-28T19:40:00+00:00,741.01,741.2,740.99,741.12,74178,regular,False
2026-07-28T19:41:00+00:00,741.11,741.2,741.04,741.2,50464,regular,False
2026-07-28T19:42:00+00:00,741.19,741.29,741.07,741.11,100923,regular,False
2026-07-28T19:43:00+00:00,741.1,741.31,741.1,741.24,103108,regular,False
2026-07-28T19:44:00+00:00,741.24,741.3,741.14,741.3,97781,regular,False
2026-07-28T19:45:00+00:00,741.3,741.34,740.97,740.98,156253,regular,False
2026-07-28T19:46:00+00:00,740.98,741.02,740.89,741.02,92997,regular,False
2026-07-28T19:47:00+00:00,741.01,741.16,740.99,741.06,115421,regular,False
2026-07-28T19:48:00+00:00,741.05,741.16,740.99,741.05,91488,regular,False
2026-07-28T19:49:00+00:00,741.04,741.14,741.01,741.11,143983,regular,False
2026-07-28T19:50:00+00:00,741.1,741.18,740.86,740.91,261329,regular,False
2026-07-28T19:51:00+00:00,740.9,740.98,740.85,740.89,82597,regular,False
2026-07-28T19:52:00+00:00,740.87,741.04,740.87,741.02,105424,regular,False
2026-07-28T19:53:00+00:00,741.03,741.18,740.97,741.18,101520,regular,False
2026-07-28T19:54:00+00:00,741.19,741.67,741.19,741.64,178882,regular,False
2026-07-28T19:55:00+00:00,741.63,741.63,741.0,741.19,231077,regular,False
2026-07-28T19:56:00+00:00,741.19,741.36,741.1,741.16,227086,regular,False
2026-07-28T19:57:00+00:00,741.16,741.21,741.0,741.12,305659,regular,False
2026-07-28T19:58:00+00:00,741.12,741.21,741.03,741.07,500976,regular,False
2026-07-28T19:59:00+00:00,741.06,741.09,740.43,740.76,1095379,regular,False
2026-07-28T20:00:00+00:00,740.76,740.91,740.56,740.84,1024182,after-market,False
2026-07-28T20:01:00+00:00,740.82,740.86,740.61,740.61,104465,after-market,False
2026-07-28T20:02:00+00:00,740.62,740.69,740.4,740.51,17504,after-market,False
2026-07-28T20:03:00+00:00,740.5,740.62,740.48,740.62,49879,after-market,False
2026-07-28T20:04:00+00:00,740.61,740.7,740.58,740.64,31701,after-market,False
2026-07-28T20:05:00+00:00,740.62,741.11,740.38,740.38,31086,after-market,False
2026-07-28T20:06:00+00:00,740.46,740.47,740.08,740.41,29560,after-market,False
2026-07-28T20:07:00+00:00,740.5,740.58,740.32,740.36,30782,after-market,False
2026-07-28T20:08:00+00:00,740.36,740.68,740.36,740.61,31912,after-market,False
2026-07-28T20:09:00+00:00,740.56,740.62,740.45,740.58,25616,after-market,False
2026-07-28T20:10:00+00:00,740.56,740.73,740.53,740.73,10626,after-market,False
2026-07-28T20:11:00+00:00,740.74,740.83,740.67,740.71,22469,after-market,False
2026-07-28T20:12:00+00:00,740.81,740.98,740.81,740.86,3563,after-market,False
2026-07-28T20:13:00+00:00,741.0,741.06,740.94,740.94,7009,after-market,False
2026-07-28T20:14:00+00:00,740.98,741.01,740.89,740.95,25949,after-market,False
2026-07-28T20:15:00+00:00,740.94,740.94,740.66,740.7,6537,after-market,False
2026-07-28T20:16:00+00:00,740.73,740.88,740.73,740.88,1818,after-market,False
2026-07-28T20:17:00+00:00,740.88,740.88,740.75,740.78,35785,after-market,False
2026-07-28T20:18:00+00:00,740.83,740.95,740.8,740.95,1460,after-market,False
2026-07-28T20:19:00+00:00,740.94,741.05,740.94,741.03,6901,after-market,False
2026-07-28T20:20:00+00:00,741.05,741.06,740.88,740.88,8427,after-market,False
2026-07-28T20:21:00+00:00,740.89,740.91,740.86,740.89,9888,after-market,False
2026-07-28T20:22:00+00:00,740.91,741.02,740.85,740.9,34608,after-market,False
2026-07-28T20:23:00+00:00,740.9,740.98,740.8,740.98,22194,after-market,False
2026-07-28T20:24:00+00:00,740.97,741.02,740.93,741.01,1757,after-market,False
2026-07-28T20:25:00+00:00,741.0,741.1,741.0,741.09,5649,after-market,False
2026-07-28T20:26:00+00:00,741.13,741.47,741.13,741.38,28131,after-market,False
2026-07-28T20:27:00+00:00,741.41,741.49,741.39,741.42,11403,after-market,False
2026-07-28T20:28:00+00:00,741.45,741.52,741.4,741.51,24296,after-market,False
2026-07-28T20:29:00+00:00,741.6,741.6,741.44,741.44,23674,after-market,False
2026-07-28T20:30:00+00:00,741.44,741.53,741.42,741.49,5742,after-market,False
2026-07-28T20:31:00+00:00,741.41,741.42,741.35,741.4,2279,after-market,False
2026-07-28T20:32:00+00:00,741.37,741.48,741.37,741.48,1830,after-market,False
2026-07-28T20:33:00+00:00,741.48,741.48,741.35,741.35,2144,after-market,False
2026-07-28T20:34:00+00:00,741.36,741.36,741.36,741.36,58,after-market,False
2026-07-28T20:35:00+00:00,741.38,741.47,741.38,741.46,3554,after-market,False
2026-07-28T20:36:00+00:00,741.38,741.38,741.31,741.31,10139,after-market,False
2026-07-28T20:37:00+00:00,741.17,741.17,740.83,741.12,32086,after-market,False
2026-07-28T20:38:00+00:00,741.06,741.06,740.85,740.95,14271,after-market,False
2026-07-28T20:39:00+00:00,740.95,740.96,740.93,740.93,4527,after-market,False
2026-07-28T20:40:00+00:00,740.93,740.93,740.84,740.86,4073,after-market,False
2026-07-28T20:41:00+00:00,740.94,740.96,740.83,740.87,1882,after-market,False
2026-07-28T20:42:00+00:00,740.86,740.93,740.86,740.92,2860,after-market,False
2026-07-28T20:43:00+00:00,740.95,740.95,740.88,740.88,8185,after-market,False
2026-07-28T20:44:00+00:00,740.9,740.9,740.9,740.9,5282,after-market,False
2026-07-28T20:45:00+00:00,740.96,740.96,740.95,740.96,50,after-market,False
2026-07-28T20:46:00+00:00,741.04,741.04,741.02,741.04,1539,after-market,False
2026-07-28T20:47:00+00:00,741.08,741.09,741.04,741.08,5890,after-market,False
2026-07-28T20:48:00+00:00,741.09,741.1,740.98,741.04,1664,after-market,False
2026-07-28T20:49:00+00:00,741.06,741.06,741.01,741.06,1265,after-market,False
2026-07-28T20:50:00+00:00,740.88,740.88,740.83,740.87,3712,after-market,False
2026-07-28T20:51:00+00:00,740.85,740.86,740.77,740.83,11655,after-market,False
2026-07-28T20:52:00+00:00,740.85,740.89,740.83,740.89,2082,after-market,False
2026-07-28T20:53:00+00:00,740.94,740.94,740.86,740.86,3352,after-market,False
2026-07-28T20:54:00+00:00,741.04,741.04,740.99,740.99,167,after-market,False
2026-07-28T20:55:00+00:00,741.03,741.03,741.02,741.02,188,after-market,False
2026-07-28T20:56:00+00:00,740.99,741.02,740.98,740.98,212,after-market,False
2026-07-28T20:57:00+00:00,741.02,741.1,741.02,741.1,5066,after-market,False
2026-07-28T20:58:00+00:00,741.09,741.09,741.04,741.04,387,after-market,False
2026-07-28T20:59:00+00:00,741.05,741.05,741.02,741.03,2308,after-market,False
2026-07-28T21:00:00+00:00,740.95,740.95,740.95,740.95,447,after-market,False
2026-07-28T21:01:00+00:00,741.05,741.05,741.01,741.01,654,after-market,False
2026-07-28T21:02:00+00:00,741.01,741.01,741.01,741.01,0,after-market,False
2026-07-28T21:03:00+00:00,741.01,741.05,741.01,741.05,193,after-market,False
2026-07-28T21:04:00+00:00,741.05,741.05,741.05,741.05,0,after-market,False
2026-07-28T21:05:00+00:00,741.05,741.05,740.95,740.95,228,after-market,False
2026-07-28T21:06:00+00:00,740.94,740.94,740.94,740.94,50,after-market,False
2026-07-28T21:07:00+00:00,740.93,740.99,740.86,740.86,926,after-market,False
2026-07-28T21:08:00+00:00,740.99,740.99,740.99,740.99,124,after-market,False
2026-07-28T21:09:00+00:00,740.99,740.99,740.99,740.99,0,after-market,False
2026-07-28T21:10:00+00:00,741.02,741.02,740.95,740.95,1120,after-market,False
2026-07-28T21:11:00+00:00,740.95,740.95,740.95,740.95,849,after-market,False
2026-07-28T21:12:00+00:00,740.99,740.99,740.99,740.99,56,after-market,False
2026-07-28T21:13:00+00:00,740.95,740.96,740.85,740.86,7199,after-market,False
2026-07-28T21:14:00+00:00,740.88,740.88,740.88,740.88,127,after-market,False
2026-07-28T21:15:00+00:00,740.88,740.88,740.88,740.88,0,after-market,False
2026-07-28T21:16:00+00:00,740.97,740.97,740.97,740.97,470,after-market,False
2026-07-28T21:17:00+00:00,740.97,740.99,740.97,740.99,91,after-market,False
2026-07-28T21:18:00+00:00,741.05,741.05,740.99,740.99,3491,after-market,False
2026-07-28T21:19:00+00:00,740.95,740.98,740.95,740.98,795,after-market,False
2026-07-28T21:20:00+00:00,740.95,740.95,740.92,740.92,1240,after-market,False
2026-07-28T21:21:00+00:00,740.92,740.93,740.92,740.92,560,after-market,False
2026-07-28T21:22:00+00:00,740.92,740.92,740.92,740.92,80,after-market,False
2026-07-28T21:23:00+00:00,740.92,740.92,740.92,740.92,0,after-market,False
2026-07-28T21:24:00+00:00,740.9,740.9,740.9,740.9,301,after-market,False
2026-07-28T21:25:00+00:00,740.98,740.98,740.98,740.98,58,after-market,False
2026-07-28T21:26:00+00:00,740.92,741.0,740.87,741.0,648,after-market,False
2026-07-28T21:27:00+00:00,740.95,740.95,740.95,740.95,4100,after-market,False
2026-07-28T21:28:00+00:00,740.92,740.93,740.92,740.92,100,after-market,False
2026-07-28T21:29:00+00:00,740.92,740.92,740.92,740.92,0,after-market,False
2026-07-28T21:30:00+00:00,740.92,740.92,740.92,740.92,0,after-market,False
2026-07-28T21:31:00+00:00,741.06,741.06,740.94,740.94,2040,after-market,False
2026-07-28T21:32:00+00:00,740.93,740.93,740.88,740.88,1210,after-market,False
2026-07-28T21:33:00+00:00,740.91,740.94,740.91,740.94,2034,after-market,False
2026-07-28T21:34:00+00:00,740.94,741.0,740.93,741.0,728,after-market,False
2026-07-28T21:35:00+00:00,741.0,741.03,741.0,741.03,172,after-market,False
2026-07-28T21:36:00+00:00,741.03,741.03,741.03,741.03,0,after-market,False
2026-07-28T21:37:00+00:00,741.17,741.17,741.17,741.17,76,after-market,False
2026-07-28T21:38:00+00:00,741.17,741.17,741.17,741.17,0,after-market,False
2026-07-28T21:39:00+00:00,741.03,741.03,741.03,741.03,220,after-market,False
2026-07-28T21:40:00+00:00,741.03,741.03,741.03,741.03,0,after-market,False
2026-07-28T21:41:00+00:00,741.18,741.18,741.18,741.18,46,after-market,False
2026-07-28T21:42:00+00:00,741.1,741.1,741.1,741.1,54,after-market,False
2026-07-28T21:43:00+00:00,741.11,741.17,741.11,741.17,366,after-market,False
2026-07-28T21:44:00+00:00,741.01,741.02,741.01,741.01,130,after-market,False
2026-07-28T21:45:00+00:00,741.01,741.01,741.01,741.01,0,after-market,False
2026-07-28T21:46:00+00:00,741.01,741.01,741.01,741.01,0,after-market,False
2026-07-28T21:47:00+00:00,741.09,741.09,741.08,741.08,478,after-market,False
2026-07-28T21:48:00+00:00,741.08,741.08,741.08,741.08,0,after-market,False
2026-07-28T21:49:00+00:00,741.08,741.08,741.08,741.08,74,after-market,False
2026-07-28T21:50:00+00:00,741.12,741.17,741.12,741.17,250,after-market,False
2026-07-28T21:51:00+00:00,741.13,741.13,741.13,741.13,77,after-market,False
2026-07-28T21:52:00+00:00,741.19,741.19,741.08,741.08,977,after-market,False
2026-07-28T21:53:00+00:00,741.16,741.17,741.16,741.17,209,after-market,False
2026-07-28T21:54:00+00:00,741.17,741.17,741.17,741.17,0,after-market,False
2026-07-28T21:55:00+00:00,741.11,741.11,741.0,741.0,3493,after-market,False
2026-07-28T21:56:00+00:00,741.0,741.0,741.0,741.0,0,after-market,False
2026-07-28T21:57:00+00:00,741.06,741.06,741.0,741.0,1914,after-market,False
2026-07-28T21:58:00+00:00,740.94,740.94,740.93,740.93,1060,after-market,False
2026-07-28T21:59:00+00:00,740.91,741.01,740.78,740.78,5397,after-market,False
2026-07-28T22:00:00+00:00,740.91,741.1,740.91,741.1,1219,after-market,False
2026-07-28T22:01:00+00:00,741.07,741.15,741.07,741.15,2075,after-market,False
2026-07-28T22:02:00+00:00,740.92,741.15,740.88,741.15,2375,after-market,False
2026-07-28T22:03:00+00:00,741.15,741.3,741.13,741.26,7608,after-market,False
2026-07-28T22:04:00+00:00,741.3,741.31,741.26,741.31,726,after-market,False
2026-07-28T22:05:00+00:00,741.43,741.47,741.35,741.42,6265,after-market,False
2026-07-28T22:06:00+00:00,741.44,741.48,741.35,741.35,1420,after-market,False
2026-07-28T22:07:00+00:00,741.35,741.35,741.35,741.35,0,after-market,False
2026-07-28T22:08:00+00:00,741.45,741.56,741.45,741.5,2038,after-market,False
2026-07-28T22:09:00+00:00,741.53,741.53,741.49,741.5,1296,after-market,False
2026-07-28T22:10:00+00:00,741.45,741.6,741.44,741.58,3457,after-market,False
2026-07-28T22:11:00+00:00,741.35,741.35,741.27,741.27,250,after-market,False
2026-07-28T22:12:00+00:00,741.27,741.27,741.27,741.27,0,after-market,False
2026-07-28T22:13:00+00:00,741.29,741.29,740.83,740.91,44730,after-market,False
2026-07-28T22:14:00+00:00,740.84,741.0,740.7,740.78,10350,after-market,False
2026-07-28T22:15:00+00:00,740.91,741.02,740.9,741.02,3182,after-market,False
2026-07-28T22:16:00+00:00,740.96,740.98,740.83,740.83,4893,after-market,False
2026-07-28T22:17:00+00:00,740.82,740.82,740.71,740.71,3783,after-market,False
2026-07-28T22:18:00+00:00,740.74,740.76,740.4,740.44,12197,after-market,False
2026-07-28T22:19:00+00:00,740.56,740.56,740.56,740.56,833,after-market,False
2026-07-28T22:20:00+00:00,740.55,740.55,740.28,740.35,4842,after-market,False
2026-07-28T22:21:00+00:00,740.44,740.44,740.35,740.35,4345,after-market,False
2026-07-28T22:22:00+00:00,740.43,740.46,740.43,740.44,4912,after-market,False
2026-07-28T22:23:00+00:00,740.32,740.32,740.17,740.23,2246,after-market,False
2026-07-28T22:24:00+00:00,740.19,740.26,740.18,740.18,1002,after-market,False
2026-07-28T22:25:00+00:00,740.14,740.14,740.01,740.01,372,after-market,False
2026-07-28T22:26:00+00:00,740.02,740.4,740.02,740.36,7184,after-market,False
2026-07-28T22:27:00+00:00,740.4,740.4,740.27,740.27,2536,after-market,False
2026-07-28T22:28:00+00:00,740.33,740.45,740.33,740.42,4248,after-market,False
2026-07-28T22:29:00+00:00,740.45,740.46,740.44,740.46,1999,after-market,False
2026-07-28T22:30:00+00:00,740.37,740.46,740.36,740.46,1100,after-market,False
2026-07-28T22:31:00+00:00,740.48,740.48,740.41,740.42,1489,after-market,False
2026-07-28T22:32:00+00:00,740.12,740.12,739.77,740.04,1873,after-market,False
2026-07-28T22:33:00+00:00,740.1,740.1,739.66,739.72,5122,after-market,False
2026-07-28T22:34:00+00:00,739.91,739.93,739.85,739.85,3204,after-market,False
2026-07-28T22:35:00+00:00,739.86,739.86,739.7,739.79,7308,after-market,False
2026-07-28T22:36:00+00:00,739.93,740.2,739.93,740.19,9204,after-market,False
2026-07-28T22:37:00+00:00,739.89,739.89,739.86,739.86,2945,after-market,False
2026-07-28T22:38:00+00:00,739.86,739.87,739.66,739.66,1879,after-market,False
2026-07-28T22:39:00+00:00,739.58,739.62,739.52,739.52,4800,after-market,False
2026-07-28T22:40:00+00:00,739.42,739.68,739.42,739.62,4367,after-market,False
2026-07-28T22:41:00+00:00,739.65,739.66,739.57,739.66,5096,after-market,False
2026-07-28T22:42:00+00:00,739.75,739.75,739.75,739.75,3180,after-market,False
2026-07-28T22:43:00+00:00,739.73,739.77,739.63,739.76,3530,after-market,False
2026-07-28T22:44:00+00:00,739.56,739.56,739.45,739.51,14353,after-market,False
2026-07-28T22:45:00+00:00,739.44,739.44,739.4,739.42,5130,after-market,False
2026-07-28T22:46:00+00:00,739.45,739.52,739.45,739.47,457,after-market,False
2026-07-28T22:47:00+00:00,739.43,739.47,739.4,739.47,506,after-market,False
2026-07-28T22:48:00+00:00,739.39,739.6,739.32,739.56,7624,after-market,False
2026-07-28T22:49:00+00:00,739.57,739.57,739.38,739.46,1800,after-market,False
2026-07-28T22:50:00+00:00,739.38,739.61,739.38,739.58,17337,after-market,False
2026-07-28T22:51:00+00:00,739.48,739.55,739.46,739.55,696,after-market,False
2026-07-28T22:52:00+00:00,739.63,739.93,739.63,739.91,13081,after-market,False
2026-07-28T22:53:00+00:00,739.38,739.4,739.3,739.3,771,after-market,False
2026-07-28T22:54:00+00:00,739.39,739.65,739.37,739.61,3367,after-market,False
2026-07-28T22:55:00+00:00,739.71,739.75,739.71,739.75,310,after-market,False
2026-07-28T22:56:00+00:00,739.75,739.78,739.62,739.65,1248,after-market,False
2026-07-28T22:57:00+00:00,739.7,739.85,739.7,739.84,3100,after-market,False
2026-07-28T22:58:00+00:00,739.75,739.77,739.71,739.71,349,after-market,False
2026-07-28T22:59:00+00:00,739.6,739.68,739.6,739.61,634,after-market,False
2026-07-28T23:00:00+00:00,739.38,739.4,739.24,739.39,6287,after-market,False
2026-07-28T23:01:00+00:00,739.44,739.48,739.32,739.32,3701,after-market,False
2026-07-28T23:02:00+00:00,739.32,739.35,739.25,739.33,5181,after-market,False
2026-07-28T23:03:00+00:00,739.32,739.43,739.15,739.29,4377,after-market,False
2026-07-28T23:04:00+00:00,739.33,739.8,739.3,739.8,2136,after-market,False
2026-07-28T23:05:00+00:00,739.8,739.86,739.78,739.84,7319,after-market,False
2026-07-28T23:06:00+00:00,739.89,740.07,739.88,739.89,3109,after-market,False
2026-07-28T23:07:00+00:00,739.95,740.07,739.95,740.07,948,after-market,False
2026-07-28T23:08:00+00:00,740.02,740.05,740.0,740.05,787,after-market,False
2026-07-28T23:09:00+00:00,739.99,740.0,739.51,739.51,2659,after-market,False
2026-07-28T23:10:00+00:00,739.46,739.64,739.44,739.64,444,after-market,False
2026-07-28T23:11:00+00:00,739.56,740.01,739.56,740.0,5793,after-market,False
2026-07-28T23:12:00+00:00,740.09,740.15,740.07,740.12,8254,after-market,False
2026-07-28T23:13:00+00:00,740.15,740.55,740.11,740.47,14377,after-market,False
2026-07-28T23:14:00+00:00,740.42,740.72,740.42,740.71,8501,after-market,False
2026-07-28T23:15:00+00:00,740.49,740.53,740.44,740.53,341,after-market,False
2026-07-28T23:16:00+00:00,740.3,740.31,740.14,740.14,675,after-market,False
2026-07-28T23:17:00+00:00,740.4,740.5,740.32,740.47,3450,after-market,False
2026-07-28T23:18:00+00:00,740.63,740.63,740.57,740.57,93,after-market,False
2026-07-28T23:19:00+00:00,740.57,740.57,740.57,740.57,0,after-market,False
2026-07-28T23:20:00+00:00,740.3,740.52,740.15,740.52,2816,after-market,False
2026-07-28T23:21:00+00:00,740.36,740.57,740.36,740.53,742,after-market,False
2026-07-28T23:22:00+00:00,740.63,740.91,740.63,740.91,2055,after-market,False
2026-07-28T23:23:00+00:00,740.96,741.07,740.9,741.06,4869,after-market,False
2026-07-28T23:24:00+00:00,741.04,741.05,741.03,741.03,269,after-market,False
2026-07-28T23:25:00+00:00,741.04,741.04,741.03,741.03,270,after-market,False
2026-07-28T23:26:00+00:00,741.04,741.15,741.03,741.15,850,after-market,False
2026-07-28T23:27:00+00:00,741.08,741.22,741.07,741.17,1555,after-market,False
2026-07-28T23:28:00+00:00,741.15,741.19,741.15,741.16,2440,after-market,False
2026-07-28T23:29:00+00:00,741.1,741.11,740.99,741.07,8370,after-market,False
2026-07-28T23:30:00+00:00,741.07,741.07,740.94,740.98,973,after-market,False
2026-07-28T23:31:00+00:00,741.09,741.12,741.06,741.06,1174,after-market,False
2026-07-28T23:32:00+00:00,741.1,741.2,741.1,741.2,935,after-market,False
2026-07-28T23:33:00+00:00,741.2,741.2,741.2,741.2,0,after-market,False
2026-07-28T23:34:00+00:00,741.1,741.13,741.08,741.08,1268,after-market,False
2026-07-28T23:35:00+00:00,741.09,741.09,741.09,741.09,122,after-market,False
2026-07-28T23:36:00+00:00,741.06,741.06,741.06,741.06,200,after-market,False
2026-07-28T23:37:00+00:00,741.12,741.13,741.12,741.13,86,after-market,False
2026-07-28T23:38:00+00:00,741.1,741.1,741.1,741.1,50,after-market,False
2026-07-28T23:39:00+00:00,741.0,741.0,741.0,741.0,58,after-market,False
2026-07-28T23:40:00+00:00,741.07,741.15,741.05,741.05,1194,after-market,False
2026-07-28T23:41:00+00:00,741.15,741.16,741.12,741.12,1050,after-market,False
2026-07-28T23:42:00+00:00,741.08,741.1,741.07,741.08,3020,after-market,False
2026-07-28T23:43:00+00:00,741.06,741.32,741.05,741.32,418,after-market,False
2026-07-28T23:44:00+00:00,741.35,742.51,741.35,742.51,6613,after-market,False
2026-07-28T23:45:00+00:00,742.43,742.43,742.18,742.18,3439,after-market,False
2026-07-28T23:46:00+00:00,742.47,742.64,742.38,742.58,894,after-market,False
2026-07-28T23:47:00+00:00,742.63,742.91,742.63,742.77,3692,after-market,False
2026-07-28T23:48:00+00:00,742.81,742.9,742.79,742.86,321,after-market,False
2026-07-28T23:49:00+00:00,742.74,743.05,742.74,742.98,3314,after-market,False
2026-07-28T23:50:00+00:00,743.04,743.63,743.04,743.55,5103,after-market,False
2026-07-28T23:51:00+00:00,743.57,743.57,743.3,743.36,955,after-market,False
2026-07-28T23:52:00+00:00,743.36,743.37,743.0,743.0,11896,after-market,False
2026-07-28T23:53:00+00:00,743.13,743.31,743.12,743.12,2280,after-market,False
2026-07-28T23:54:00+00:00,743.08,743.27,743.08,743.26,390,after-market,False
2026-07-28T23:55:00+00:00,743.17,743.28,743.14,743.24,11445,after-market,False
2026-07-28T23:56:00+00:00,743.25,743.4,743.25,743.4,600,after-market,False
2026-07-28T23:57:00+00:00,743.32,743.52,743.32,743.52,290,after-market,False
2026-07-28T23:58:00+00:00,743.56,743.6,743.4,743.6,7772,after-market,False
2026-07-28T23:59:00+00:00,743.5,743.57,743.49,743.57,1024,after-market,False
2026-07-29T08:00:00+00:00,743.26,743.48,738.39,742.35,6788,pre-market,False
2026-07-29T08:01:00+00:00,742.44,742.44,738.62,742.3,3005,pre-market,False
2026-07-29T08:02:00+00:00,742.43,742.43,738.6,738.7,6625,pre-market,False
2026-07-29T08:03:00+00:00,738.64,742.39,738.2,740.14,10865,pre-market,False
2026-07-29T08:04:00+00:00,740.05,742.41,739.5,741.78,12653,pre-market,False
2026-07-29T08:05:00+00:00,742.0,742.57,740.83,742.12,14223,pre-market,False
2026-07-29T08:06:00+00:00,742.17,742.28,742.17,742.21,1228,pre-market,False
2026-07-29T08:07:00+00:00,742.26,742.31,742.21,742.21,356,pre-market,False
2026-07-29T08:08:00+00:00,742.19,742.4,738.94,742.39,829,pre-market,False
2026-07-29T08:09:00+00:00,742.08,742.08,742.08,742.08,67,pre-market,False
2026-07-29T08:10:00+00:00,742.15,742.3,742.15,742.3,527,pre-market,False
2026-07-29T08:11:00+00:00,742.2,742.24,742.2,742.2,220,pre-market,False
2026-07-29T08:12:00+00:00,742.15,742.15,741.83,741.83,1074,pre-market,False
2026-07-29T08:13:00+00:00,741.89,742.0,741.89,741.98,462,pre-market,False
2026-07-29T08:14:00+00:00,741.92,741.92,741.71,741.77,1607,pre-market,False
2026-07-29T08:15:00+00:00,741.74,741.83,741.74,741.83,107,pre-market,False
2026-07-29T08:16:00+00:00,741.7,742.03,741.7,742.03,434,pre-market,False
2026-07-29T08:17:00+00:00,741.98,741.98,741.98,741.98,80,pre-market,False
2026-07-29T08:18:00+00:00,742.01,742.02,741.97,741.97,234,pre-market,False
2026-07-29T08:19:00+00:00,742.0,742.0,741.94,741.94,1695,pre-market,False
2026-07-29T08:20:00+00:00,741.79,741.79,741.71,741.73,327,pre-market,False
2026-07-29T08:21:00+00:00,741.74,741.76,741.7,741.75,1313,pre-market,False
2026-07-29T08:22:00+00:00,741.77,741.84,741.77,741.84,148,pre-market,False
2026-07-29T08:23:00+00:00,741.73,741.75,741.55,741.62,515,pre-market,False
2026-07-29T08:24:00+00:00,741.6,741.6,741.41,741.41,358,pre-market,False
2026-07-29T08:25:00+00:00,741.38,741.38,741.38,741.38,184,pre-market,False
2026-07-29T08:26:00+00:00,741.36,741.36,741.23,741.28,420,pre-market,False
2026-07-29T08:27:00+00:00,741.27,741.42,741.2,741.42,361,pre-market,False
2026-07-29T08:28:00+00:00,741.4,741.4,741.31,741.31,276,pre-market,False
2026-07-29T08:29:00+00:00,741.33,741.39,741.33,741.39,158,pre-market,False
2026-07-29T08:30:00+00:00,741.31,741.66,741.31,741.65,289,pre-market,False
2026-07-29T08:31:00+00:00,741.85,741.94,741.85,741.85,447,pre-market,False
2026-07-29T08:32:00+00:00,742.17,742.32,742.17,742.29,967,pre-market,False
2026-07-29T08:33:00+00:00,742.29,742.36,742.15,742.15,1678,pre-market,False
2026-07-29T08:34:00+00:00,742.25,742.32,742.17,742.24,1821,pre-market,False
2026-07-29T08:35:00+00:00,742.23,742.29,742.11,742.11,585,pre-market,False
2026-07-29T08:36:00+00:00,742.18,742.31,742.18,742.31,256,pre-market,False
2026-07-29T08:37:00+00:00,742.31,742.31,742.22,742.22,134,pre-market,False
2026-07-29T08:38:00+00:00,742.22,742.3,742.2,742.2,332,pre-market,False
2026-07-29T08:39:00+00:00,742.12,742.16,742.11,742.16,520,pre-market,False
2026-07-29T08:40:00+00:00,742.16,742.16,742.16,742.16,0,pre-market,False
2026-07-29T08:41:00+00:00,742.16,742.16,742.16,742.16,0,pre-market,False
2026-07-29T08:42:00+00:00,742.16,742.16,742.16,742.16,0,pre-market,False
2026-07-29T08:43:00+00:00,742.53,742.55,742.47,742.47,450,pre-market,False
2026-07-29T08:44:00+00:00,742.52,742.63,742.52,742.63,241,pre-market,False
2026-07-29T08:45:00+00:00,742.57,742.63,742.57,742.62,274,pre-market,False
2026-07-29T08:46:00+00:00,742.66,742.72,742.62,742.72,560,pre-market,False
2026-07-29T08:47:00+00:00,742.74,742.74,742.74,742.74,67,pre-market,False
2026-07-29T08:48:00+00:00,742.65,742.68,742.56,742.57,280,pre-market,False
2026-07-29T08:49:00+00:00,742.54,742.65,742.54,742.65,1030,pre-market,False
2026-07-29T08:50:00+00:00,742.82,742.82,742.82,742.82,220,pre-market,False
2026-07-29T08:51:00+00:00,742.82,742.82,742.82,742.82,0,pre-market,False
2026-07-29T08:52:00+00:00,742.82,742.82,742.82,742.82,0,pre-market,False
2026-07-29T08:53:00+00:00,742.82,742.82,742.82,742.82,0,pre-market,False
2026-07-29T08:54:00+00:00,742.35,742.35,742.35,742.35,50,pre-market,False
2026-07-29T08:55:00+00:00,742.53,742.53,742.53,742.53,100,pre-market,False
2026-07-29T08:56:00+00:00,742.53,742.53,742.53,742.53,0,pre-market,False
2026-07-29T08:57:00+00:00,742.4,742.4,742.4,742.4,450,pre-market,False
2026-07-29T08:58:00+00:00,742.35,742.35,742.26,742.26,310,pre-market,False
2026-07-29T08:59:00+00:00,742.26,742.26,742.26,742.26,0,pre-market,False
2026-07-29T09:00:00+00:00,742.38,742.38,742.38,742.38,79,pre-market,False
2026-07-29T09:01:00+00:00,742.39,742.52,742.39,742.52,360,pre-market,False
2026-07-29T09:02:00+00:00,742.5,742.5,742.38,742.38,165,pre-market,False
2026-07-29T09:03:00+00:00,742.53,742.53,742.53,742.53,40,pre-market,False
2026-07-29T09:04:00+00:00,742.62,742.62,742.62,742.62,101,pre-market,False
2026-07-29T09:05:00+00:00,742.51,742.51,742.51,742.51,67,pre-market,False
2026-07-29T09:06:00+00:00,742.52,742.58,742.48,742.52,440,pre-market,False
2026-07-29T09:07:00+00:00,742.43,742.48,742.32,742.46,497,pre-market,False
2026-07-29T09:08:00+00:00,742.39,742.41,742.25,742.25,441,pre-market,False
2026-07-29T09:09:00+00:00,742.51,742.51,742.46,742.48,429,pre-market,False
2026-07-29T09:10:00+00:00,742.46,742.46,742.46,742.46,67,pre-market,False
2026-07-29T09:11:00+00:00,742.35,742.35,742.35,742.35,95,pre-market,False
2026-07-29T09:12:00+00:00,742.45,742.45,742.42,742.42,1056,pre-market,False
2026-07-29T09:13:00+00:00,742.48,742.51,742.35,742.35,603,pre-market,False
2026-07-29T09:14:00+00:00,742.5,742.5,742.5,742.5,40,pre-market,False
2026-07-29T09:15:00+00:00,742.52,742.53,742.5,742.53,447,pre-market,False
2026-07-29T09:16:00+00:00,742.53,742.53,742.53,742.53,0,pre-market,False
2026-07-29T09:17:00+00:00,742.35,742.36,742.34,742.35,500,pre-market,False
2026-07-29T09:18:00+00:00,742.36,742.5,742.36,742.5,223,pre-market,False
2026-07-29T09:19:00+00:00,742.43,742.43,742.35,742.35,181,pre-market,False
2026-07-29T09:20:00+00:00,742.34,742.36,742.25,742.3,562,pre-market,False
2026-07-29T09:21:00+00:00,742.38,742.39,742.29,742.29,352,pre-market,False
2026-07-29T09:22:00+00:00,742.29,742.29,742.29,742.29,0,pre-market,False
2026-07-29T09:23:00+00:00,742.26,742.26,742.26,742.26,290,pre-market,False
2026-07-29T09:24:00+00:00,742.31,742.31,742.3,742.3,115,pre-market,False
2026-07-29T09:25:00+00:00,742.3,742.3,742.3,742.3,0,pre-market,False
2026-07-29T09:26:00+00:00,742.43,742.43,742.41,742.41,95,pre-market,False
2026-07-29T09:27:00+00:00,742.25,742.25,742.25,742.25,100,pre-market,False
2026-07-29T09:28:00+00:00,742.25,742.29,742.22,742.23,1352,pre-market,False
2026-07-29T09:29:00+00:00,742.27,742.28,742.27,742.27,292,pre-market,False
2026-07-29T09:30:00+00:00,742.33,742.33,742.28,742.28,1496,pre-market,False
2026-07-29T09:31:00+00:00,742.19,742.23,742.19,742.23,332,pre-market,False
2026-07-29T09:32:00+00:00,742.16,742.18,742.14,742.14,398,pre-market,False
2026-07-29T09:33:00+00:00,742.05,742.15,742.05,742.09,552,pre-market,False
2026-07-29T09:34:00+00:00,742.14,742.19,742.14,742.19,174,pre-market,False
2026-07-29T09:35:00+00:00,742.23,742.23,742.23,742.23,786,pre-market,False
2026-07-29T09:36:00+00:00,742.32,742.32,742.16,742.16,864,pre-market,False
2026-07-29T09:37:00+00:00,742.26,742.33,742.26,742.33,611,pre-market,False
2026-07-29T09:38:00+00:00,742.33,742.33,742.33,742.33,0,pre-market,False
2026-07-29T09:39:00+00:00,742.3,742.3,742.28,742.28,100,pre-market,False
2026-07-29T09:40:00+00:00,742.3,742.53,742.3,742.53,525,pre-market,False
2026-07-29T09:41:00+00:00,742.5,742.56,742.43,742.56,1324,pre-market,False
2026-07-29T09:42:00+00:00,742.56,742.56,742.53,742.56,259,pre-market,False
2026-07-29T09:43:00+00:00,742.66,742.7,742.58,742.58,1307,pre-market,False
2026-07-29T09:44:00+00:00,742.53,742.58,742.53,742.58,299,pre-market,False
2026-07-29T09:45:00+00:00,742.61,742.78,742.61,742.78,450,pre-market,False
2026-07-29T09:46:00+00:00,742.77,742.77,742.77,742.77,134,pre-market,False
2026-07-29T09:47:00+00:00,742.74,742.74,742.71,742.71,542,pre-market,False
2026-07-29T09:48:00+00:00,742.85,742.85,742.81,742.81,732,pre-market,False
2026-07-29T09:49:00+00:00,742.85,742.99,742.85,742.99,535,pre-market,False
2026-07-29T09:50:00+00:00,743.0,743.18,743.0,743.17,1982,pre-market,False
2026-07-29T09:51:00+00:00,743.21,743.29,743.17,743.29,954,pre-market,False
2026-07-29T09:52:00+00:00,743.29,743.42,743.28,743.42,801,pre-market,False
2026-07-29T09:53:00+00:00,743.44,743.44,743.23,743.23,218,pre-market,False
2026-07-29T09:54:00+00:00,743.15,743.16,743.14,743.15,654,pre-market,False
2026-07-29T09:55:00+00:00,743.0,743.0,742.89,742.89,570,pre-market,False
2026-07-29T09:56:00+00:00,742.8,742.8,742.72,742.72,483,pre-market,False
2026-07-29T09:57:00+00:00,742.7,742.75,742.56,742.75,4137,pre-market,False
2026-07-29T09:58:00+00:00,742.78,742.78,742.78,742.78,100,pre-market,False
2026-07-29T09:59:00+00:00,742.9,742.91,742.9,742.91,850,pre-market,False
2026-07-29T10:00:00+00:00,742.75,742.75,742.71,742.71,1540,pre-market,False
2026-07-29T10:01:00+00:00,742.77,742.82,742.77,742.82,583,pre-market,False
2026-07-29T10:02:00+00:00,742.9,742.93,742.75,742.75,307,pre-market,False
2026-07-29T10:03:00+00:00,742.9,742.98,742.87,742.98,941,pre-market,False
2026-07-29T10:04:00+00:00,742.92,742.92,742.92,742.92,67,pre-market,False
2026-07-29T10:05:00+00:00,742.88,743.06,742.81,743.0,2287,pre-market,False
2026-07-29T10:06:00+00:00,742.95,742.95,742.6,742.6,5872,pre-market,False
2026-07-29T10:07:00+00:00,742.53,742.53,742.5,742.5,1118,pre-market,False
2026-07-29T10:08:00+00:00,742.7,742.7,742.7,742.7,300,pre-market,False
2026-07-29T10:09:00+00:00,742.6,742.66,742.6,742.66,824,pre-market,False
2026-07-29T10:10:00+00:00,742.72,742.72,742.67,742.67,130,pre-market,False
2026-07-29T10:11:00+00:00,742.68,742.68,742.68,742.68,100,pre-market,False
2026-07-29T10:12:00+00:00,742.58,742.6,742.58,742.59,530,pre-market,False
2026-07-29T10:13:00+00:00,742.56,742.56,742.54,742.55,1020,pre-market,False
2026-07-29T10:14:00+00:00,742.66,742.66,742.55,742.56,15161,pre-market,False
2026-07-29T10:15:00+00:00,742.56,742.56,742.56,742.56,0,pre-market,False
2026-07-29T10:16:00+00:00,742.71,742.76,742.71,742.76,780,pre-market,False
2026-07-29T10:17:00+00:00,742.77,742.77,742.73,742.73,217,pre-market,False
2026-07-29T10:18:00+00:00,742.76,742.8,742.75,742.76,367,pre-market,False
2026-07-29T10:19:00+00:00,742.63,742.64,742.63,742.64,160,pre-market,False
2026-07-29T10:20:00+00:00,742.61,742.68,742.6,742.63,2134,pre-market,False
2026-07-29T10:21:00+00:00,742.63,742.63,742.63,742.63,0,pre-market,False
2026-07-29T10:22:00+00:00,742.63,742.63,742.63,742.63,0,pre-market,False
2026-07-29T10:23:00+00:00,742.63,742.63,742.63,742.63,0,pre-market,False
2026-07-29T10:24:00+00:00,742.63,742.63,742.63,742.63,0,pre-market,False
2026-07-29T10:25:00+00:00,742.61,742.61,742.42,742.42,4235,pre-market,False
2026-07-29T10:26:00+00:00,742.43,742.47,742.39,742.47,912,pre-market,False
2026-07-29T10:27:00+00:00,742.49,742.49,742.49,742.49,67,pre-market,False
2026-07-29T10:28:00+00:00,742.5,742.51,742.46,742.46,147,pre-market,False
2026-07-29T10:29:00+00:00,742.58,742.75,742.58,742.75,716,pre-market,False
2026-07-29T10:30:00+00:00,742.76,742.85,742.68,742.68,1751,pre-market,False
2026-07-29T10:31:00+00:00,742.68,742.68,742.68,742.68,0,pre-market,False
2026-07-29T10:32:00+00:00,742.4,742.41,742.4,742.41,112,pre-market,False
2026-07-29T10:33:00+00:00,742.44,742.53,742.41,742.46,2650,pre-market,False
2026-07-29T10:34:00+00:00,742.43,742.43,742.39,742.39,140,pre-market,False
2026-07-29T10:35:00+00:00,742.41,742.41,742.36,742.36,107,pre-market,False
2026-07-29T10:36:00+00:00,742.3,742.3,742.3,742.3,67,pre-market,False
2026-07-29T10:37:00+00:00,742.3,742.31,742.3,742.31,107,pre-market,False
2026-07-29T10:38:00+00:00,742.22,742.25,742.04,742.04,423,pre-market,False
2026-07-29T10:39:00+00:00,742.14,742.14,742.06,742.06,199,pre-market,False
2026-07-29T10:40:00+00:00,742.11,742.11,742.09,742.09,1806,pre-market,False
2026-07-29T10:41:00+00:00,742.22,742.37,742.22,742.37,326,pre-market,False
2026-07-29T10:42:00+00:00,742.37,742.37,742.37,742.37,0,pre-market,False
2026-07-29T10:43:00+00:00,742.24,742.29,742.24,742.29,201,pre-market,False
2026-07-29T10:44:00+00:00,742.26,742.33,742.26,742.33,281,pre-market,False
2026-07-29T10:45:00+00:00,742.31,742.35,742.23,742.23,1287,pre-market,False
2026-07-29T10:46:00+00:00,742.33,742.33,742.18,742.18,134,pre-market,False
2026-07-29T10:47:00+00:00,742.18,742.22,742.18,742.22,166,pre-market,False
2026-07-29T10:48:00+00:00,742.25,742.27,742.25,742.27,120,pre-market,False
2026-07-29T10:49:00+00:00,742.27,742.27,742.27,742.27,0,pre-market,False
2026-07-29T10:50:00+00:00,742.27,742.27,742.27,742.27,0,pre-market,False
2026-07-29T10:51:00+00:00,742.15,742.15,742.15,742.15,43,pre-market,False
2026-07-29T10:52:00+00:00,742.05,742.07,742.0,742.07,341,pre-market,False
2026-07-29T10:53:00+00:00,742.03,742.03,741.96,741.96,1091,pre-market,False
2026-07-29T10:54:00+00:00,742.01,742.02,741.9,741.94,8017,pre-market,False
2026-07-29T10:55:00+00:00,741.95,741.96,741.95,741.96,380,pre-market,False
2026-07-29T10:56:00+00:00,741.97,742.07,741.94,742.07,1356,pre-market,False
2026-07-29T10:57:00+00:00,742.04,742.04,742.02,742.02,145,pre-market,False
2026-07-29T10:58:00+00:00,741.96,741.97,741.96,741.97,80,pre-market,False
2026-07-29T10:59:00+00:00,741.99,741.99,741.92,741.92,187,pre-market,False
2026-07-29T11:00:00+00:00,742.04,742.31,742.02,742.31,9439,pre-market,False
2026-07-29T11:01:00+00:00,742.31,742.42,742.31,742.35,12108,pre-market,False
2026-07-29T11:02:00+00:00,742.29,742.43,742.29,742.38,7608,pre-market,False
2026-07-29T11:03:00+00:00,742.38,742.46,742.33,742.33,2908,pre-market,False
2026-07-29T11:04:00+00:00,742.33,742.33,742.3,742.3,4366,pre-market,False
2026-07-29T11:05:00+00:00,742.25,742.3,742.25,742.29,195,pre-market,False
2026-07-29T11:06:00+00:00,742.29,742.29,742.29,742.29,0,pre-market,False
2026-07-29T11:07:00+00:00,742.2,742.23,742.2,742.23,200,pre-market,False
2026-07-29T11:08:00+00:00,742.37,742.53,742.37,742.53,400,pre-market,False
2026-07-29T11:09:00+00:00,742.55,742.55,742.55,742.55,50,pre-market,False
2026-07-29T11:10:00+00:00,742.6,742.6,742.6,742.6,277,pre-market,False
2026-07-29T11:11:00+00:00,742.67,742.68,742.61,742.61,995,pre-market,False
2026-07-29T11:12:00+00:00,742.6,742.6,742.56,742.56,682,pre-market,False
2026-07-29T11:13:00+00:00,742.49,742.57,742.49,742.56,177,pre-market,False
2026-07-29T11:14:00+00:00,742.47,742.47,742.4,742.42,360,pre-market,False
2026-07-29T11:15:00+00:00,742.41,742.5,742.41,742.47,647,pre-market,False
2026-07-29T11:16:00+00:00,742.51,742.51,742.44,742.44,730,pre-market,False
2026-07-29T11:17:00+00:00,742.4,742.49,742.4,742.49,144,pre-market,False
2026-07-29T11:18:00+00:00,742.73,742.73,742.63,742.63,700,pre-market,False
2026-07-29T11:19:00+00:00,742.61,742.61,742.54,742.58,2982,pre-market,False
2026-07-29T11:20:00+00:00,742.62,742.64,742.59,742.64,668,pre-market,False
2026-07-29T11:21:00+00:00,742.69,742.69,742.64,742.69,184,pre-market,False
2026-07-29T11:22:00+00:00,742.66,742.72,742.59,742.6,13547,pre-market,False
2026-07-29T11:23:00+00:00,742.53,742.62,742.51,742.62,9771,pre-market,False
2026-07-29T11:24:00+00:00,742.55,742.56,742.5,742.5,8631,pre-market,False
2026-07-29T11:25:00+00:00,742.55,742.55,742.55,742.55,79,pre-market,False
2026-07-29T11:26:00+00:00,742.55,742.6,742.53,742.53,4600,pre-market,False
2026-07-29T11:27:00+00:00,742.52,742.65,742.52,742.65,1207,pre-market,False
2026-07-29T11:28:00+00:00,742.68,742.68,742.58,742.65,10262,pre-market,False
2026-07-29T11:29:00+00:00,742.6,742.6,742.46,742.46,450,pre-market,False
2026-07-29T11:30:00+00:00,742.45,742.48,742.4,742.44,1581,pre-market,False
2026-07-29T11:31:00+00:00,742.55,742.55,742.48,742.52,1220,pre-market,False
2026-07-29T11:32:00+00:00,742.4,742.4,742.17,742.18,9930,pre-market,False
2026-07-29T11:33:00+00:00,742.22,742.26,742.15,742.26,2396,pre-market,False
2026-07-29T11:34:00+00:00,742.2,742.29,742.2,742.24,554,pre-market,False
2026-07-29T11:35:00+00:00,742.23,742.25,742.14,742.16,5337,pre-market,False
2026-07-29T11:36:00+00:00,742.16,742.23,742.16,742.16,740,pre-market,False
2026-07-29T11:37:00+00:00,742.21,742.21,742.14,742.15,3929,pre-market,False
2026-07-29T11:38:00+00:00,742.15,742.15,742.11,742.13,1579,pre-market,False
2026-07-29T11:39:00+00:00,742.01,742.02,742.0,742.01,1745,pre-market,False
2026-07-29T11:40:00+00:00,742.17,742.19,742.17,742.17,1462,pre-market,False
2026-07-29T11:41:00+00:00,742.12,742.12,742.04,742.04,895,pre-market,False
2026-07-29T11:42:00+00:00,742.11,742.2,742.11,742.18,1700,pre-market,False
2026-07-29T11:43:00+00:00,742.15,742.2,742.15,742.18,560,pre-market,False
2026-07-29T11:44:00+00:00,742.15,742.15,742.13,742.13,3016,pre-market,False
2026-07-29T11:45:00+00:00,742.15,742.15,742.15,742.15,100,pre-market,False
2026-07-29T11:46:00+00:00,742.1,742.1,742.02,742.1,7597,pre-market,False
2026-07-29T11:47:00+00:00,742.26,742.31,742.22,742.27,1462,pre-market,False
2026-07-29T11:48:00+00:00,742.32,742.55,742.3,742.43,546,pre-market,False
2026-07-29T11:49:00+00:00,742.4,742.43,742.35,742.35,918,pre-market,False
2026-07-29T11:50:00+00:00,742.38,742.38,742.34,742.35,5878,pre-market,False
2026-07-29T11:51:00+00:00,742.3,742.32,742.26,742.31,3107,pre-market,False
2026-07-29T11:52:00+00:00,742.38,742.42,742.2,742.2,2506,pre-market,False
2026-07-29T11:53:00+00:00,742.11,742.12,742.08,742.12,781,pre-market,False
2026-07-29T11:54:00+00:00,742.14,742.14,742.14,742.14,40,pre-market,False
2026-07-29T11:55:00+00:00,742.06,742.1,742.06,742.1,666,pre-market,False
2026-07-29T11:56:00+00:00,742.18,742.22,742.18,742.22,1100,pre-market,False
2026-07-29T11:57:00+00:00,742.22,742.22,742.22,742.22,0,pre-market,False
2026-07-29T11:58:00+00:00,742.18,742.23,742.18,742.19,426,pre-market,False
2026-07-29T11:59:00+00:00,742.21,742.32,742.21,742.25,2180,pre-market,False
2026-07-29T12:00:00+00:00,742.36,742.42,742.2,742.22,916,pre-market,False
2026-07-29T12:01:00+00:00,742.21,742.21,742.21,742.21,276,pre-market,False
2026-07-29T12:02:00+00:00,742.23,742.23,742.09,742.09,794,pre-market,False
2026-07-29T12:03:00+00:00,742.03,742.03,742.03,742.03,40,pre-market,False
2026-07-29T12:04:00+00:00,742.03,742.03,742.03,742.03,0,pre-market,False
2026-07-29T12:05:00+00:00,742.08,742.18,742.08,742.18,150,pre-market,False
2026-07-29T12:06:00+00:00,742.24,742.35,742.05,742.05,1407,pre-market,False
2026-07-29T12:07:00+00:00,742.02,742.02,741.86,741.88,550,pre-market,False
2026-07-29T12:08:00+00:00,741.8,741.8,741.69,741.79,1459,pre-market,False
2026-07-29T12:09:00+00:00,741.8,741.8,741.77,741.77,828,pre-market,False
2026-07-29T12:10:00+00:00,741.79,741.79,741.76,741.76,570,pre-market,False
2026-07-29T12:11:00+00:00,741.87,741.9,741.87,741.89,89,pre-market,False
2026-07-29T12:12:00+00:00,741.89,741.89,741.77,741.8,1809,pre-market,False
2026-07-29T12:13:00+00:00,741.88,741.88,741.85,741.85,540,pre-market,False
2026-07-29T12:14:00+00:00,741.75,741.76,741.37,741.44,2863,pre-market,False
2026-07-29T12:15:00+00:00,741.49,741.5,741.41,741.46,300,pre-market,False
2026-07-29T12:16:00+00:00,741.05,741.05,740.28,740.28,24146,pre-market,False
2026-07-29T12:17:00+00:00,740.28,740.51,740.0,740.5,5701,pre-market,False
2026-07-29T12:18:00+00:00,740.61,740.61,740.2,740.46,12754,pre-market,False
2026-07-29T12:19:00+00:00,740.53,740.56,740.38,740.4,4427,pre-market,False
2026-07-29T12:20:00+00:00,740.43,740.51,740.35,740.51,5469,pre-market,False
2026-07-29T12:21:00+00:00,740.61,740.64,740.27,740.27,2458,pre-market,False
2026-07-29T12:22:00+00:00,740.2,740.33,740.02,740.33,14271,pre-market,False
2026-07-29T12:23:00+00:00,740.26,740.54,740.25,740.54,3548,pre-market,False
2026-07-29T12:24:00+00:00,740.54,740.59,740.15,740.15,5996,pre-market,False
2026-07-29T12:25:00+00:00,740.19,740.42,740.19,740.4,1190,pre-market,False
2026-07-29T12:26:00+00:00,740.51,740.56,740.45,740.55,12426,pre-market,False
2026-07-29T12:27:00+00:00,740.51,740.75,740.47,740.55,16929,pre-market,False
2026-07-29T12:28:00+00:00,740.5,740.6,740.5,740.59,1087,pre-market,False
2026-07-29T12:29:00+00:00,740.73,740.73,740.25,740.25,10749,pre-market,False
2026-07-29T12:30:00+00:00,740.2,740.2,739.9,740.16,5585,pre-market,False
2026-07-29T12:31:00+00:00,740.22,740.25,740.18,740.18,800,pre-market,False
2026-07-29T12:32:00+00:00,740.22,740.24,740.22,740.24,150,pre-market,False
2026-07-29T12:33:00+00:00,740.2,740.22,740.08,740.21,18974,pre-market,False
2026-07-29T12:34:00+00:00,740.27,740.54,740.26,740.54,5893,pre-market,False
2026-07-29T12:35:00+00:00,740.59,740.61,740.5,740.52,3177,pre-market,False
2026-07-29T12:36:00+00:00,740.52,740.63,740.33,740.36,11501,pre-market,False
2026-07-29T12:37:00+00:00,740.36,740.5,740.36,740.48,2963,pre-market,False
2026-07-29T12:38:00+00:00,740.49,740.51,740.43,740.43,4876,pre-market,False
2026-07-29T12:39:00+00:00,740.43,740.57,740.42,740.52,8056,pre-market,False
2026-07-29T12:40:00+00:00,740.63,740.63,740.48,740.5,3183,pre-market,False
2026-07-29T12:41:00+00:00,740.55,740.77,740.55,740.76,6917,pre-market,False
2026-07-29T12:42:00+00:00,740.73,740.84,740.69,740.69,2827,pre-market,False
2026-07-29T12:43:00+00:00,740.79,740.86,740.77,740.79,1199,pre-market,False
2026-07-29T12:44:00+00:00,740.81,740.94,740.77,740.92,7480,pre-market,False
2026-07-29T12:45:00+00:00,740.97,740.97,740.8,740.8,1503,pre-market,False
2026-07-29T12:46:00+00:00,740.82,740.93,740.82,740.92,2798,pre-market,False
2026-07-29T12:47:00+00:00,740.83,740.85,740.74,740.79,1705,pre-market,False
2026-07-29T12:48:00+00:00,740.82,740.9,740.76,740.9,1871,pre-market,False
2026-07-29T12:49:00+00:00,740.88,740.96,740.83,740.83,3482,pre-market,False
2026-07-29T12:50:00+00:00,740.93,740.98,740.85,740.96,8251,pre-market,False
2026-07-29T12:51:00+00:00,740.92,740.92,740.8,740.86,1245,pre-market,False
2026-07-29T12:52:00+00:00,740.86,740.86,740.72,740.72,2446,pre-market,False
2026-07-29T12:53:00+00:00,740.76,740.8,740.72,740.76,10208,pre-market,False
2026-07-29T12:54:00+00:00,740.71,740.8,740.68,740.78,2784,pre-market,False
2026-07-29T12:55:00+00:00,740.71,740.76,740.71,740.72,3254,pre-market,False
2026-07-29T12:56:00+00:00,740.8,740.84,740.76,740.84,590,pre-market,False
2026-07-29T12:57:00+00:00,740.7,740.72,740.69,740.7,948,pre-market,False
2026-07-29T12:58:00+00:00,740.66,740.66,740.57,740.57,3348,pre-market,False
2026-07-29T12:59:00+00:00,740.56,740.65,740.56,740.65,295,pre-market,False
2026-07-29T13:00:00+00:00,740.67,740.72,740.52,740.59,2688,pre-market,False
2026-07-29T13:01:00+00:00,740.57,740.6,740.53,740.57,534,pre-market,False
2026-07-29T13:02:00+00:00,740.57,740.58,740.4,740.4,2527,pre-market,False
2026-07-29T13:03:00+00:00,740.37,740.37,740.18,740.18,4003,pre-market,False
2026-07-29T13:04:00+00:00,740.09,740.09,739.96,740.02,10493,pre-market,False
2026-07-29T13:05:00+00:00,740.0,740.09,739.96,740.04,15690,pre-market,False
2026-07-29T13:06:00+00:00,740.06,740.09,739.9,739.9,8362,pre-market,False
2026-07-29T13:07:00+00:00,740.04,740.14,740.01,740.14,1677,pre-market,False
2026-07-29T13:08:00+00:00,740.14,740.16,740.07,740.13,4778,pre-market,False
2026-07-29T13:09:00+00:00,740.08,740.17,740.07,740.16,3124,pre-market,False
2026-07-29T13:10:00+00:00,740.19,740.2,740.09,740.13,1855,pre-market,False
2026-07-29T13:11:00+00:00,740.1,740.1,739.93,739.94,2370,pre-market,False
2026-07-29T13:12:00+00:00,739.96,740.0,739.85,739.92,15602,pre-market,False
2026-07-29T13:13:00+00:00,739.85,739.9,739.82,739.82,1452,pre-market,False
2026-07-29T13:14:00+00:00,739.83,739.9,739.75,739.81,5771,pre-market,False
2026-07-29T13:15:00+00:00,739.76,739.94,739.71,739.94,1188,pre-market,False
2026-07-29T13:16:00+00:00,739.97,739.99,739.79,739.79,20802,pre-market,False
2026-07-29T13:17:00+00:00,739.82,739.86,739.66,739.68,7639,pre-market,False
2026-07-29T13:18:00+00:00,739.68,739.68,739.54,739.57,13773,pre-market,False
2026-07-29T13:19:00+00:00,739.64,739.76,739.64,739.72,1204,pre-market,False
2026-07-29T13:20:00+00:00,739.68,739.73,739.56,739.58,1842,pre-market,False
2026-07-29T13:21:00+00:00,739.62,740.0,739.62,739.97,5076,pre-market,False
2026-07-29T13:22:00+00:00,739.97,740.41,739.97,740.3,9592,pre-market,False
2026-07-29T13:23:00+00:00,740.29,740.33,740.21,740.3,6819,pre-market,False
2026-07-29T13:24:00+00:00,740.3,740.38,740.25,740.38,8725,pre-market,False
2026-07-29T13:25:00+00:00,740.35,740.45,740.29,740.37,6486,pre-market,False
2026-07-29T13:26:00+00:00,740.42,740.7,740.4,740.7,6506,pre-market,False
2026-07-29T13:27:00+00:00,740.7,740.81,740.41,740.44,32091,pre-market,False
2026-07-29T13:28:00+00:00,740.48,740.59,740.37,740.5,36902,pre-market,False
2026-07-29T13:29:00+00:00,740.47,740.52,739.9,739.96,41528,pre-market,False
2026-07-29T13:30:00+00:00,739.97,739.97,738.82,739.37,505118,regular,False
2026-07-29T13:31:00+00:00,739.38,739.6,738.72,738.82,105687,regular,False
2026-07-29T13:32:00+00:00,738.85,739.49,738.79,739.34,135260,regular,False
2026-07-29T13:33:00+00:00,739.38,740.1,739.15,740.09,119545,regular,False
2026-07-29T13:34:00+00:00,740.09,740.39,739.93,740.03,112011,regular,False
2026-07-29T13:35:00+00:00,740.01,740.24,739.9,740.08,67417,regular,False
2026-07-29T13:36:00+00:00,740.08,740.17,739.75,740.02,74334,regular,False
2026-07-29T13:37:00+00:00,740.02,740.08,739.39,739.78,48929,regular,False
2026-07-29T13:38:00+00:00,739.8,740.06,739.21,739.25,79219,regular,False
2026-07-29T13:39:00+00:00,739.24,740.04,739.17,739.9,80135,regular,False
2026-07-29T13:40:00+00:00,739.89,740.04,739.43,739.98,108359,regular,False
2026-07-29T13:41:00+00:00,739.99,740.04,739.62,739.71,70143,regular,False
2026-07-29T13:42:00+00:00,739.75,739.82,739.42,739.54,62722,regular,False
2026-07-29T13:43:00+00:00,739.58,739.7,739.32,739.51,86099,regular,False
2026-07-29T13:44:00+00:00,739.54,739.75,739.52,739.68,59738,regular,False
2026-07-29T13:45:00+00:00,739.66,740.22,739.63,739.98,90979,regular,False
2026-07-29T13:46:00+00:00,739.97,740.13,739.44,739.54,62862,regular,False
2026-07-29T13:47:00+00:00,739.56,739.63,739.02,739.2,111084,regular,False
2026-07-29T13:48:00+00:00,739.2,739.36,739.05,739.21,85461,regular,False
2026-07-29T13:49:00+00:00,739.22,739.38,738.88,739.15,132681,regular,False
2026-07-29T13:50:00+00:00,739.16,739.21,738.29,738.32,83542,regular,False
2026-07-29T13:51:00+00:00,738.28,738.29,737.87,737.89,149443,regular,False
2026-07-29T13:52:00+00:00,737.89,737.94,737.46,737.56,124596,regular,False
2026-07-29T13:53:00+00:00,737.56,737.99,737.43,737.97,107501,regular,False
2026-07-29T13:54:00+00:00,737.99,738.1,737.6,737.81,106711,regular,False
2026-07-29T13:55:00+00:00,737.78,737.78,737.04,737.25,131806,regular,False
2026-07-29T13:56:00+00:00,737.27,737.27,736.88,736.96,78402,regular,False
2026-07-29T13:57:00+00:00,736.94,737.12,736.61,737.04,122813,regular,False
2026-07-29T13:58:00+00:00,737.06,737.51,737.05,737.49,89330,regular,False
2026-07-29T13:59:00+00:00,737.49,737.62,737.03,737.36,147036,regular,False
2026-07-29T14:00:00+00:00,737.43,737.84,737.35,737.56,111111,regular,False
2026-07-29T14:01:00+00:00,737.58,737.73,737.36,737.52,63121,regular,False
2026-07-29T14:02:00+00:00,737.52,738.09,737.47,737.81,119907,regular,False
2026-07-29T14:03:00+00:00,737.78,738.0,737.52,737.54,92351,regular,False
2026-07-29T14:04:00+00:00,737.54,737.8,737.39,737.8,69433,regular,False
2026-07-29T14:05:00+00:00,737.78,738.33,737.78,737.87,97307,regular,False
2026-07-29T14:06:00+00:00,737.85,737.94,737.27,737.34,97851,regular,False
2026-07-29T14:07:00+00:00,737.35,737.35,736.87,737.08,85800,regular,False
2026-07-29T14:08:00+00:00,737.11,737.16,736.77,736.93,53663,regular,False
2026-07-29T14:09:00+00:00,736.96,737.12,736.71,736.81,38502,regular,False
2026-07-29T14:10:00+00:00,736.78,736.8,736.55,736.76,83065,regular,False
2026-07-29T14:11:00+00:00,736.77,737.04,736.68,736.88,95135,regular,False
2026-07-29T14:12:00+00:00,736.87,736.99,735.71,735.76,129950,regular,False
2026-07-29T14:13:00+00:00,735.74,735.74,735.04,735.33,189144,regular,False
2026-07-29T14:14:00+00:00,735.36,735.57,735.14,735.41,162317,regular,False
2026-07-29T14:15:00+00:00,735.41,735.82,735.36,735.7,97407,regular,False
2026-07-29T14:16:00+00:00,735.67,735.91,735.53,735.88,48659,regular,False
2026-07-29T14:17:00+00:00,735.87,736.01,735.52,735.62,84738,regular,False
2026-07-29T14:18:00+00:00,735.62,736.27,735.61,736.09,137441,regular,False
2026-07-29T14:19:00+00:00,736.11,736.19,735.76,735.89,111162,regular,False
2026-07-29T14:20:00+00:00,735.89,736.16,735.69,736.04,99977,regular,False
2026-07-29T14:21:00+00:00,736.02,736.28,735.88,736.22,101524,regular,False
2026-07-29T14:22:00+00:00,736.23,736.47,736.1,736.25,69878,regular,False
2026-07-29T14:23:00+00:00,736.25,736.44,735.93,735.98,95642,regular,False
2026-07-29T14:24:00+00:00,735.99,736.06,735.31,735.49,103057,regular,False
2026-07-29T14:25:00+00:00,735.47,735.52,734.8,734.8,136362,regular,False
2026-07-29T14:26:00+00:00,734.8,734.81,734.26,734.66,202923,regular,False
2026-07-29T14:27:00+00:00,734.66,734.93,734.4,734.83,149527,regular,False
2026-07-29T14:28:00+00:00,734.83,735.11,734.76,735.08,107437,regular,False
2026-07-29T14:29:00+00:00,735.08,735.22,734.83,734.92,73941,regular,False
2026-07-29T14:30:00+00:00,734.91,735.39,734.81,735.32,76654,regular,False
2026-07-29T14:31:00+00:00,735.3,735.44,735.06,735.2,80198,regular,False
2026-07-29T14:32:00+00:00,735.23,735.57,735.17,735.49,101193,regular,False
2026-07-29T14:33:00+00:00,735.47,735.84,735.42,735.5,110961,regular,False
2026-07-29T14:34:00+00:00,735.5,735.52,735.06,735.32,79596,regular,False
2026-07-29T14:35:00+00:00,735.32,735.4,734.93,735.32,57705,regular,False
2026-07-29T14:36:00+00:00,735.37,735.46,735.1,735.34,93636,regular,False
2026-07-29T14:37:00+00:00,735.34,735.34,735.08,735.19,85183,regular,False
2026-07-29T14:38:00+00:00,735.16,735.41,734.9,735.4,84186,regular,False
2026-07-29T14:39:00+00:00,735.4,735.42,734.66,734.81,99194,regular,False
2026-07-29T14:40:00+00:00,734.78,734.8,734.02,734.25,154625,regular,False
2026-07-29T14:41:00+00:00,734.26,734.72,734.21,734.38,91992,regular,False
2026-07-29T14:42:00+00:00,734.36,734.39,733.95,733.96,83744,regular,False
2026-07-29T14:43:00+00:00,733.96,734.35,733.93,734.2,103443,regular,False
2026-07-29T14:44:00+00:00,734.09,734.26,733.79,734.22,88187,regular,False
2026-07-29T14:45:00+00:00,734.21,734.39,734.04,734.23,93833,regular,False
2026-07-29T14:46:00+00:00,734.24,734.58,733.99,734.52,109546,regular,False
2026-07-29T14:47:00+00:00,734.51,734.79,734.26,734.28,86662,regular,False
2026-07-29T14:48:00+00:00,734.27,734.29,733.89,734.03,49910,regular,False
2026-07-29T14:49:00+00:00,734.04,734.44,733.95,734.43,65834,regular,False
2026-07-29T14:50:00+00:00,734.42,734.66,734.26,734.57,52045,regular,False
2026-07-29T14:51:00+00:00,734.57,734.67,734.33,734.56,43796,regular,False
2026-07-29T14:52:00+00:00,734.55,735.34,734.55,734.98,142563,regular,False
2026-07-29T14:53:00+00:00,734.94,735.26,734.86,735.12,126062,regular,False
2026-07-29T14:54:00+00:00,735.1,735.13,734.73,735.03,64372,regular,False
2026-07-29T14:55:00+00:00,735.02,735.09,734.58,734.6,41955,regular,False
2026-07-29T14:56:00+00:00,734.54,734.58,734.38,734.48,43571,regular,False
2026-07-29T14:57:00+00:00,734.48,734.69,734.27,734.37,50588,regular,False
2026-07-29T14:58:00+00:00,734.35,734.75,734.32,734.66,59962,regular,False
2026-07-29T14:59:00+00:00,734.69,734.97,734.69,734.82,46340,regular,False
2026-07-29T15:00:00+00:00,734.82,735.15,734.43,734.67,78495,regular,False
2026-07-29T15:01:00+00:00,734.66,735.13,734.53,735.13,51138,regular,False
2026-07-29T15:02:00+00:00,735.14,735.45,735.09,735.33,72166,regular,False
2026-07-29T15:03:00+00:00,735.3,735.55,735.18,735.29,64173,regular,False
2026-07-29T15:04:00+00:00,735.3,735.36,735.08,735.32,66068,regular,False
2026-07-29T15:05:00+00:00,735.32,735.35,734.67,734.96,64892,regular,False
2026-07-29T15:06:00+00:00,734.95,735.18,734.93,734.96,48675,regular,False
2026-07-29T15:07:00+00:00,734.94,735.39,734.91,735.34,57549,regular,False
2026-07-29T15:08:00+00:00,735.36,735.59,735.28,735.28,52884,regular,False
2026-07-29T15:09:00+00:00,735.24,735.62,735.18,735.59,77583,regular,False
2026-07-29T15:10:00+00:00,735.63,735.66,735.21,735.21,91996,regular,False
2026-07-29T15:11:00+00:00,735.21,735.22,734.53,734.78,107068,regular,False
2026-07-29T15:12:00+00:00,734.78,735.06,734.75,734.91,48832,regular,False
2026-07-29T15:13:00+00:00,734.9,735.07,734.73,734.79,38118,regular,False
2026-07-29T15:14:00+00:00,734.8,734.96,734.53,734.64,32758,regular,False
2026-07-29T15:15:00+00:00,734.65,735.02,734.54,735.02,45728,regular,False
2026-07-29T15:16:00+00:00,735.02,735.44,734.88,735.39,69177,regular,False
2026-07-29T15:17:00+00:00,735.38,735.43,734.96,735.19,50501,regular,False
2026-07-29T15:18:00+00:00,735.18,735.49,735.18,735.22,49812,regular,False
2026-07-29T15:19:00+00:00,735.25,735.3,734.53,734.56,47820,regular,False
2026-07-29T15:20:00+00:00,734.57,734.7,734.37,734.66,66985,regular,False
2026-07-29T15:21:00+00:00,734.67,734.75,734.47,734.73,50553,regular,False
2026-07-29T15:22:00+00:00,734.73,734.76,734.44,734.7,35300,regular,False
2026-07-29T15:23:00+00:00,734.7,734.99,734.64,734.96,56669,regular,False
2026-07-29T15:24:00+00:00,734.96,735.05,734.76,735.02,37460,regular,False
2026-07-29T15:25:00+00:00,735.01,735.09,734.63,734.98,43462,regular,False
2026-07-29T15:26:00+00:00,734.96,735.22,734.42,734.64,31761,regular,False
2026-07-29T15:27:00+00:00,734.64,734.8,734.47,734.48,39291,regular,False
2026-07-29T15:28:00+00:00,734.54,734.7,734.45,734.6,32857,regular,False
2026-07-29T15:29:00+00:00,734.59,734.67,734.35,734.42,28432,regular,False
2026-07-29T15:30:00+00:00,734.44,734.6,734.28,734.54,31386,regular,False
2026-07-29T15:31:00+00:00,734.57,734.65,734.37,734.64,34709,regular,False
2026-07-29T15:32:00+00:00,734.7,734.87,734.59,734.72,35848,regular,False
2026-07-29T15:33:00+00:00,734.69,734.99,734.52,734.8,37165,regular,False
2026-07-29T15:34:00+00:00,734.8,734.95,734.38,734.57,35096,regular,False
2026-07-29T15:35:00+00:00,734.58,734.87,734.42,734.83,54426,regular,False
2026-07-29T15:36:00+00:00,734.85,734.89,734.57,734.79,35534,regular,False
2026-07-29T15:37:00+00:00,734.82,734.97,734.59,734.68,40668,regular,False
2026-07-29T15:38:00+00:00,734.67,734.86,734.36,734.42,40286,regular,False
2026-07-29T15:39:00+00:00,734.43,734.45,734.03,734.03,31543,regular,False
2026-07-29T15:40:00+00:00,734.02,734.2,733.95,734.07,43570,regular,False
2026-07-29T15:41:00+00:00,734.08,734.4,734.07,734.28,55755,regular,False
2026-07-29T15:42:00+00:00,734.28,734.42,733.97,733.97,35332,regular,False
2026-07-29T15:43:00+00:00,733.97,734.04,733.72,733.72,58820,regular,False
2026-07-29T15:44:00+00:00,733.74,734.06,733.74,733.99,34722,regular,False
2026-07-29T15:45:00+00:00,733.98,734.15,733.79,733.94,46679,regular,False
2026-07-29T15:46:00+00:00,733.94,734.22,733.94,734.11,30426,regular,False
2026-07-29T15:47:00+00:00,734.1,734.35,734.05,734.28,49110,regular,False
2026-07-29T15:48:00+00:00,734.3,734.47,734.18,734.24,36294,regular,False
2026-07-29T15:49:00+00:00,734.23,734.47,734.17,734.44,23124,regular,False
2026-07-29T15:50:00+00:00,734.43,734.54,734.16,734.34,36002,regular,False
2026-07-29T15:51:00+00:00,734.34,734.42,734.19,734.27,23511,regular,False
2026-07-29T15:52:00+00:00,734.26,734.36,734.05,734.36,21425,regular,False
2026-07-29T15:53:00+00:00,734.36,734.38,733.95,734.07,44243,regular,False
2026-07-29T15:54:00+00:00,734.07,734.08,733.47,733.48,78973,regular,False
2026-07-29T15:55:00+00:00,733.51,733.52,733.1,733.25,86870,regular,False
2026-07-29T15:56:00+00:00,733.24,733.39,733.02,733.37,68952,regular,False
2026-07-29T15:57:00+00:00,733.37,733.47,733.29,733.4,42988,regular,False
2026-07-29T15:58:00+00:00,733.38,733.54,733.3,733.53,72404,regular,False
2026-07-29T15:59:00+00:00,733.52,733.88,733.47,733.73,87482,regular,False
2026-07-29T16:00:00+00:00,733.76,734.03,733.37,733.37,59666,regular,False
2026-07-29T16:01:00+00:00,733.39,733.52,733.11,733.19,44463,regular,False
2026-07-29T16:02:00+00:00,733.16,733.29,733.08,733.18,50974,regular,False
2026-07-29T16:03:00+00:00,733.18,733.28,733.1,733.14,45851,regular,False
2026-07-29T16:04:00+00:00,733.15,733.15,732.74,732.81,89952,regular,False
2026-07-29T16:05:00+00:00,732.84,732.84,732.22,732.49,113584,regular,False
2026-07-29T16:06:00+00:00,732.48,732.68,732.37,732.55,46677,regular,False
2026-07-29T16:07:00+00:00,732.53,732.7,732.45,732.68,97827,regular,False
2026-07-29T16:08:00+00:00,732.71,732.82,732.57,732.76,128237,regular,False
2026-07-29T16:09:00+00:00,732.74,732.78,732.52,732.71,41396,regular,False
2026-07-29T16:10:00+00:00,732.7,732.76,732.56,732.68,35017,regular,False
2026-07-29T16:11:00+00:00,732.66,732.74,732.44,732.51,37538,regular,False
2026-07-29T16:12:00+00:00,732.52,732.73,732.5,732.5,40155,regular,False
2026-07-29T16:13:00+00:00,732.52,732.68,732.48,732.51,53649,regular,False
2026-07-29T16:14:00+00:00,732.51,732.6,732.02,732.02,124320,regular,False
2026-07-29T16:15:00+00:00,732.02,732.14,731.73,732.07,132730,regular,False
2026-07-29T16:16:00+00:00,732.07,732.11,731.87,732.06,65460,regular,False
2026-07-29T16:17:00+00:00,732.06,732.27,731.95,732.2,50646,regular,False
2026-07-29T16:18:00+00:00,732.19,732.33,732.05,732.29,54280,regular,False
2026-07-29T16:19:00+00:00,732.3,732.36,732.2,732.23,60624,regular,False
2026-07-29T16:20:00+00:00,732.24,732.52,732.11,732.51,69421,regular,False
2026-07-29T16:21:00+00:00,732.51,732.7,732.49,732.54,45510,regular,False
2026-07-29T16:22:00+00:00,732.54,733.02,732.54,732.98,72927,regular,False
2026-07-29T16:23:00+00:00,732.98,733.6,732.91,733.27,113775,regular,False
2026-07-29T16:24:00+00:00,733.25,733.41,733.14,733.35,56861,regular,False
2026-07-29T16:25:00+00:00,733.35,733.6,733.32,733.37,72473,regular,False
2026-07-29T16:26:00+00:00,733.39,733.67,733.28,733.67,34862,regular,False
2026-07-29T16:27:00+00:00,733.65,733.7,733.48,733.56,67947,regular,False
2026-07-29T16:28:00+00:00,733.55,733.83,733.41,733.75,48253,regular,False
2026-07-29T16:29:00+00:00,733.76,733.92,733.73,733.85,95101,regular,False
2026-07-29T16:30:00+00:00,733.84,734.32,733.76,734.14,95591,regular,False
2026-07-29T16:31:00+00:00,734.15,734.21,733.84,734.01,134068,regular,False
2026-07-29T16:32:00+00:00,734.0,734.02,733.56,733.64,54339,regular,False
2026-07-29T16:33:00+00:00,733.65,733.81,733.58,733.75,31562,regular,False
2026-07-29T16:34:00+00:00,733.75,733.94,733.39,733.39,40723,regular,False
2026-07-29T16:35:00+00:00,733.4,733.46,733.08,733.24,70097,regular,False
2026-07-29T16:36:00+00:00,733.25,733.37,732.98,733.0,38546,regular,False
2026-07-29T16:37:00+00:00,733.05,733.42,733.05,733.36,55997,regular,False
2026-07-29T16:38:00+00:00,733.38,733.5,733.27,733.3,47252,regular,False
2026-07-29T16:39:00+00:00,733.33,733.68,733.31,733.57,58052,regular,False
2026-07-29T16:40:00+00:00,733.55,733.68,733.29,733.65,50354,regular,False
2026-07-29T16:41:00+00:00,733.65,733.71,733.3,733.3,65283,regular,False
2026-07-29T16:42:00+00:00,733.34,733.35,732.91,733.08,56442,regular,False
2026-07-29T16:43:00+00:00,733.1,733.2,732.96,732.96,41355,regular,False
2026-07-29T16:44:00+00:00,732.96,733.23,732.88,733.23,49093,regular,False
2026-07-29T16:45:00+00:00,733.22,733.33,733.05,733.15,53980,regular,False
2026-07-29T16:46:00+00:00,733.13,733.24,733.03,733.13,64260,regular,False
2026-07-29T16:47:00+00:00,733.13,733.61,733.13,733.57,51826,regular,False
2026-07-29T16:48:00+00:00,733.58,733.68,733.49,733.58,27720,regular,False
2026-07-29T16:49:00+00:00,733.55,733.96,733.52,733.93,39753,regular,False
2026-07-29T16:50:00+00:00,733.95,734.11,733.78,734.0,43172,regular,False
2026-07-29T16:51:00+00:00,734.01,734.18,733.93,733.97,39105,regular,False
2026-07-29T16:52:00+00:00,733.96,734.34,733.71,734.34,40907,regular,False
2026-07-29T16:53:00+00:00,734.34,734.5,734.28,734.39,58996,regular,False
2026-07-29T16:54:00+00:00,734.38,734.42,734.16,734.29,35387,regular,False
2026-07-29T16:55:00+00:00,734.26,734.5,734.16,734.32,34614,regular,False
2026-07-29T16:56:00+00:00,734.33,734.5,734.14,734.48,39429,regular,False
2026-07-29T16:57:00+00:00,734.5,734.67,734.42,734.51,38538,regular,False
2026-07-29T16:58:00+00:00,734.51,734.59,734.32,734.52,32752,regular,False
2026-07-29T16:59:00+00:00,734.54,734.87,734.53,734.87,42780,regular,False
2026-07-29T17:00:00+00:00,734.88,735.0,734.74,734.92,51924,regular,False
2026-07-29T17:01:00+00:00,734.9,735.16,734.86,735.03,69647,regular,False
2026-07-29T17:02:00+00:00,735.04,735.16,734.88,735.06,57661,regular,False
2026-07-29T17:03:00+00:00,735.07,735.6,735.02,735.57,57769,regular,False
2026-07-29T17:04:00+00:00,735.55,735.99,735.47,735.86,80205,regular,False
2026-07-29T17:05:00+00:00,735.89,735.93,735.49,735.62,72306,regular,False
2026-07-29T17:06:00+00:00,735.64,735.87,735.53,735.85,44492,regular,False
2026-07-29T17:07:00+00:00,735.83,735.85,735.45,735.46,80305,regular,False
2026-07-29T17:08:00+00:00,735.46,735.68,735.34,735.53,63231,regular,False
2026-07-29T17:09:00+00:00,735.5,735.63,735.37,735.39,47720,regular,False
2026-07-29T17:10:00+00:00,735.4,735.96,735.33,735.87,59887,regular,False
2026-07-29T17:11:00+00:00,735.89,736.0,735.84,735.95,56865,regular,False
2026-07-29T17:12:00+00:00,735.96,736.19,735.75,736.17,79202,regular,False
2026-07-29T17:13:00+00:00,736.17,736.5,736.17,736.32,86203,regular,False
2026-07-29T17:14:00+00:00,736.3,736.62,736.24,736.6,103339,regular,False
2026-07-29T17:15:00+00:00,736.61,736.66,736.34,736.44,95070,regular,False
2026-07-29T17:16:00+00:00,736.42,736.54,736.29,736.43,73550,regular,False
2026-07-29T17:17:00+00:00,736.43,736.73,736.34,736.64,43331,regular,False
2026-07-29T17:18:00+00:00,736.66,736.87,736.53,736.66,82707,regular,False
2026-07-29T17:19:00+00:00,736.65,736.75,736.58,736.73,43963,regular,False
2026-07-29T17:20:00+00:00,736.73,736.99,736.7,736.83,72053,regular,False
2026-07-29T17:21:00+00:00,736.83,737.24,736.77,737.23,72896,regular,False
2026-07-29T17:22:00+00:00,737.22,737.24,736.87,736.87,51251,regular,False
2026-07-29T17:23:00+00:00,736.88,737.0,736.71,736.92,56875,regular,False
2026-07-29T17:24:00+00:00,736.91,736.92,736.29,736.34,75457,regular,False
2026-07-29T17:25:00+00:00,736.33,736.41,736.12,736.22,91325,regular,False
2026-07-29T17:26:00+00:00,736.23,736.46,736.15,736.41,66134,regular,False
2026-07-29T17:27:00+00:00,736.41,736.46,736.18,736.25,51638,regular,False
2026-07-29T17:28:00+00:00,736.24,736.43,736.15,736.32,54146,regular,False
2026-07-29T17:29:00+00:00,736.32,736.32,735.73,735.74,81790,regular,False
2026-07-29T17:30:00+00:00,735.75,735.75,735.34,735.37,91223,regular,False
2026-07-29T17:31:00+00:00,735.37,735.76,735.27,735.75,73838,regular,False
2026-07-29T17:32:00+00:00,735.75,736.07,735.66,736.06,60822,regular,False
2026-07-29T17:33:00+00:00,736.05,736.29,736.04,736.29,47949,regular,False
2026-07-29T17:34:00+00:00,736.29,736.35,735.75,735.84,50566,regular,False
2026-07-29T17:35:00+00:00,735.81,735.97,735.5,735.56,33180,regular,False
2026-07-29T17:36:00+00:00,735.54,735.65,735.4,735.4,31369,regular,False
2026-07-29T17:37:00+00:00,735.4,735.7,735.35,735.52,26788,regular,False
2026-07-29T17:38:00+00:00,735.48,735.67,735.46,735.53,40193,regular,False
2026-07-29T17:39:00+00:00,735.51,735.72,735.5,735.64,56331,regular,False
2026-07-29T17:40:00+00:00,735.64,735.71,735.52,735.61,42370,regular,False
2026-07-29T17:41:00+00:00,735.6,735.79,735.58,735.7,38955,regular,False
2026-07-29T17:42:00+00:00,735.71,735.85,735.47,735.53,53965,regular,False
2026-07-29T17:43:00+00:00,735.52,735.89,735.39,735.85,44044,regular,False
2026-07-29T17:44:00+00:00,735.84,735.92,735.69,735.75,23688,regular,False
2026-07-29T17:45:00+00:00,735.76,735.87,735.48,735.5,38845,regular,False
2026-07-29T17:46:00+00:00,735.52,735.71,735.39,735.65,39182,regular,False
2026-07-29T17:47:00+00:00,735.65,735.75,735.57,735.74,36213,regular,False
2026-07-29T17:48:00+00:00,735.76,735.92,735.65,735.92,35371,regular,False
2026-07-29T17:49:00+00:00,735.91,736.03,735.82,735.98,33106,regular,False
2026-07-29T17:50:00+00:00,735.98,736.13,735.95,736.11,36804,regular,False
2026-07-29T17:51:00+00:00,736.12,736.24,736.07,736.2,31493,regular,False
2026-07-29T17:52:00+00:00,736.19,736.4,736.1,736.18,59554,regular,False
2026-07-29T17:53:00+00:00,736.16,736.29,736.08,736.25,34724,regular,False
2026-07-29T17:54:00+00:00,736.25,736.27,736.07,736.19,41984,regular,False
2026-07-29T17:55:00+00:00,736.19,736.24,735.81,735.91,55167,regular,False
2026-07-29T17:56:00+00:00,735.92,735.92,735.72,735.78,61408,regular,False
2026-07-29T17:57:00+00:00,735.79,735.85,735.69,735.81,59057,regular,False
2026-07-29T17:58:00+00:00,735.82,735.96,735.61,735.88,70761,regular,False
2026-07-29T17:59:00+00:00,735.89,736.42,735.89,736.41,44164,regular,False
2026-07-29T18:00:00+00:00,736.37,738.98,736.37,738.93,678948,regular,False
2026-07-29T18:01:00+00:00,738.83,739.51,738.22,739.23,449271,regular,False
2026-07-29T18:02:00+00:00,739.16,739.55,738.7,738.73,184465,regular,False
2026-07-29T18:03:00+00:00,738.75,739.03,738.29,738.56,199694,regular,False
2026-07-29T18:04:00+00:00,738.55,738.56,737.84,738.14,196682,regular,False
2026-07-29T18:05:00+00:00,738.11,738.63,737.95,738.39,170802,regular,False
2026-07-29T18:06:00+00:00,738.42,739.04,738.35,738.71,144680,regular,False
2026-07-29T18:07:00+00:00,738.72,738.8,738.26,738.3,110847,regular,False
2026-07-29T18:08:00+00:00,738.3,738.45,737.98,738.19,89146,regular,False
2026-07-29T18:09:00+00:00,738.15,738.23,737.68,738.09,83042,regular,False
2026-07-29T18:10:00+00:00,738.06,738.38,737.67,737.86,135924,regular,False
2026-07-29T18:11:00+00:00,737.83,738.37,737.64,738.18,94818,regular,False
2026-07-29T18:12:00+00:00,738.24,738.35,737.75,737.85,57374,regular,False
2026-07-29T18:13:00+00:00,737.83,737.98,737.44,737.66,67493,regular,False
2026-07-29T18:14:00+00:00,737.66,737.76,736.96,737.39,79812,regular,False
2026-07-29T18:15:00+00:00,737.42,738.09,737.42,737.92,58227,regular,False
2026-07-29T18:16:00+00:00,737.9,738.26,737.64,737.73,64969,regular,False
2026-07-29T18:17:00+00:00,737.73,737.79,737.16,737.55,64429,regular,False
2026-07-29T18:18:00+00:00,737.53,737.61,737.16,737.28,46084,regular,False
2026-07-29T18:19:00+00:00,737.28,737.31,736.82,737.02,80700,regular,False
2026-07-29T18:20:00+00:00,737.01,737.11,736.55,736.83,57967,regular,False
2026-07-29T18:21:00+00:00,736.8,737.02,736.51,736.7,70840,regular,False
2026-07-29T18:22:00+00:00,736.68,736.76,736.42,736.73,54264,regular,False
2026-07-29T18:23:00+00:00,736.73,737.03,736.31,736.36,66306,regular,False
2026-07-29T18:24:00+00:00,736.38,736.97,736.35,736.66,102708,regular,False
2026-07-29T18:25:00+00:00,736.69,736.94,736.46,736.7,94993,regular,False
2026-07-29T18:26:00+00:00,736.7,737.07,736.57,736.83,71810,regular,False
2026-07-29T18:27:00+00:00,736.81,736.87,736.5,736.69,41810,regular,False
2026-07-29T18:28:00+00:00,736.75,737.1,736.72,736.95,53058,regular,False
2026-07-29T18:29:00+00:00,736.96,737.36,736.85,737.31,52179,regular,False
2026-07-29T18:30:00+00:00,737.36,737.86,737.35,737.75,75858,regular,False
2026-07-29T18:31:00+00:00,737.81,738.08,736.89,737.0,115498,regular,False
2026-07-29T18:32:00+00:00,736.94,737.0,735.95,736.73,228536,regular,False
2026-07-29T18:33:00+00:00,736.73,737.35,736.2,737.0,141749,regular,False
2026-07-29T18:34:00+00:00,737.02,737.13,736.51,736.91,52681,regular,False
2026-07-29T18:35:00+00:00,736.93,737.05,736.34,736.67,72609,regular,False
2026-07-29T18:36:00+00:00,736.7,737.46,736.41,737.45,56922,regular,False
2026-07-29T18:37:00+00:00,737.5,738.0,737.27,737.89,73857,regular,False
2026-07-29T18:38:00+00:00,737.91,738.96,737.87,738.57,154460,regular,False
2026-07-29T18:39:00+00:00,738.59,739.29,738.21,738.94,113412,regular,False
2026-07-29T18:40:00+00:00,738.93,739.74,738.85,739.57,97875,regular,False
2026-07-29T18:41:00+00:00,739.56,740.25,739.53,739.81,142277,regular,False
2026-07-29T18:42:00+00:00,739.83,740.03,739.19,739.84,121594,regular,False
2026-07-29T18:43:00+00:00,739.82,740.4,739.64,740.34,128664,regular,False
2026-07-29T18:44:00+00:00,740.36,741.02,740.19,740.72,207013,regular,False
2026-07-29T18:45:00+00:00,740.72,741.16,740.47,740.86,131009,regular,False
2026-07-29T18:46:00+00:00,740.88,741.34,740.72,741.08,199166,regular,False
2026-07-29T18:47:00+00:00,741.09,742.02,740.95,741.58,194503,regular,False
2026-07-29T18:48:00+00:00,741.57,741.73,741.04,741.22,147065,regular,False
2026-07-29T18:49:00+00:00,741.23,742.12,741.19,741.93,182642,regular,False
2026-07-29T18:50:00+00:00,741.92,742.07,741.53,741.91,202618,regular,False
2026-07-29T18:51:00+00:00,741.92,741.94,741.27,741.92,139483,regular,False
2026-07-29T18:52:00+00:00,741.91,742.12,741.69,741.93,106169,regular,False
2026-07-29T18:53:00+00:00,741.93,742.49,741.93,742.29,164539,regular,False
2026-07-29T18:54:00+00:00,742.3,742.65,742.2,742.59,109781,regular,False
2026-07-29T18:55:00+00:00,742.61,742.68,742.25,742.41,121050,regular,False
2026-07-29T18:56:00+00:00,742.42,742.48,741.91,741.91,159061,regular,False
2026-07-29T18:57:00+00:00,741.86,741.99,741.55,741.98,120430,regular,False
2026-07-29T18:58:00+00:00,741.98,742.24,741.89,741.95,59520,regular,False
2026-07-29T18:59:00+00:00,741.97,742.05,741.56,741.95,88330,regular,False
2026-07-29T19:00:00+00:00,741.95,742.09,741.37,741.54,135131,regular,False
2026-07-29T19:01:00+00:00,741.53,742.46,741.32,742.46,106089,regular,False
2026-07-29T19:02:00+00:00,742.43,742.59,741.86,741.9,68263,regular,False
2026-07-29T19:03:00+00:00,741.89,741.94,740.96,741.15,107022,regular,False
2026-07-29T19:04:00+00:00,741.14,741.18,740.1,740.54,128186,regular,False
2026-07-29T19:05:00+00:00,740.52,740.56,739.71,739.85,116301,regular,False
2026-07-29T19:06:00+00:00,739.86,740.01,739.58,739.7,193566,regular,False
2026-07-29T19:07:00+00:00,739.76,739.78,739.11,739.12,96222,regular,False
2026-07-29T19:08:00+00:00,739.14,739.5,738.65,738.84,177587,regular,False
2026-07-29T19:09:00+00:00,738.85,739.01,738.42,738.43,106334,regular,False
2026-07-29T19:10:00+00:00,738.41,738.55,737.95,738.34,171464,regular,False
2026-07-29T19:11:00+00:00,738.33,739.21,738.31,739.07,223852,regular,False
2026-07-29T19:12:00+00:00,739.05,739.23,738.32,738.92,78252,regular,False
2026-07-29T19:13:00+00:00,738.91,739.25,738.73,738.87,94344,regular,False
2026-07-29T19:14:00+00:00,738.89,739.13,738.71,738.91,78419,regular,False
2026-07-29T19:15:00+00:00,738.89,739.69,738.63,739.64,142132,regular,False
2026-07-29T19:16:00+00:00,739.64,739.77,738.73,738.91,120871,regular,False
2026-07-29T19:17:00+00:00,738.9,738.99,738.07,738.07,99381,regular,False
2026-07-29T19:18:00+00:00,738.08,738.08,737.41,737.73,93668,regular,False
2026-07-29T19:19:00+00:00,737.71,737.81,737.38,737.59,87993,regular,False
2026-07-29T19:20:00+00:00,737.59,737.67,736.71,736.74,208072,regular,False
2026-07-29T19:21:00+00:00,736.73,736.75,735.94,736.36,237834,regular,False
2026-07-29T19:22:00+00:00,736.32,736.42,735.37,736.05,216123,regular,False
2026-07-29T19:23:00+00:00,736.02,736.15,735.49,735.72,238133,regular,False
2026-07-29T19:24:00+00:00,735.71,736.15,735.33,735.37,205189,regular,False
2026-07-29T19:25:00+00:00,735.37,735.71,734.88,734.93,212401,regular,False
2026-07-29T19:26:00+00:00,734.92,734.98,734.28,734.82,270854,regular,False
2026-07-29T19:27:00+00:00,734.82,735.24,734.46,734.93,219595,regular,False
2026-07-29T19:28:00+00:00,734.93,735.22,734.63,735.1,166662,regular,False
2026-07-29T19:29:00+00:00,735.08,735.32,734.83,735.15,218701,regular,False
2026-07-29T19:30:00+00:00,735.21,735.59,734.9,735.43,232645,regular,False
2026-07-29T19:31:00+00:00,735.45,735.74,734.93,735.32,240516,regular,False
2026-07-29T19:32:00+00:00,735.33,735.46,734.35,734.61,212594,regular,False
2026-07-29T19:33:00+00:00,734.64,734.67,732.92,733.07,259509,regular,False
2026-07-29T19:34:00+00:00,733.1,733.61,732.69,733.59,280376,regular,False
2026-07-29T19:35:00+00:00,733.58,733.71,732.94,733.16,314985,regular,False
2026-07-29T19:36:00+00:00,733.18,733.92,732.89,733.91,257672,regular,False
2026-07-29T19:37:00+00:00,733.9,734.02,732.85,732.94,213609,regular,False
2026-07-29T19:38:00+00:00,732.96,732.99,731.95,731.99,410084,regular,False
2026-07-29T19:39:00+00:00,731.95,731.99,731.52,731.61,250797,regular,False
2026-07-29T19:40:00+00:00,731.6,731.86,731.06,731.86,417848,regular,False
2026-07-29T19:41:00+00:00,731.87,732.27,731.46,731.76,392765,regular,False
2026-07-29T19:42:00+00:00,731.76,732.0,731.5,731.64,229568,regular,False
2026-07-29T19:43:00+00:00,731.64,731.89,730.9,731.73,270176,regular,False
2026-07-29T19:44:00+00:00,731.72,731.78,730.9,731.3,298285,regular,False
2026-07-29T19:45:00+00:00,731.3,731.49,730.86,730.87,317295,regular,False
2026-07-29T19:46:00+00:00,730.88,731.46,730.77,730.83,459906,regular,False
2026-07-29T19:47:00+00:00,730.84,731.11,730.41,730.87,688753,regular,False
2026-07-29T19:48:00+00:00,730.89,731.69,730.8,731.44,302818,regular,False
2026-07-29T19:49:00+00:00,731.43,732.09,731.17,731.91,266833,regular,False
2026-07-29T19:50:00+00:00,731.89,731.89,730.62,731.12,401174,regular,False
2026-07-29T19:51:00+00:00,731.14,731.14,730.67,730.92,488565,regular,False
2026-07-29T19:52:00+00:00,730.92,730.98,730.17,730.66,460118,regular,False
2026-07-29T19:53:00+00:00,730.7,730.95,730.53,730.66,207195,regular,False
2026-07-29T19:54:00+00:00,730.62,731.17,730.59,730.83,274719,regular,False
2026-07-29T19:55:00+00:00,730.82,730.82,729.74,730.07,484070,regular,False
2026-07-29T19:56:00+00:00,730.07,730.34,729.65,729.83,480501,regular,False
2026-07-29T19:57:00+00:00,729.84,730.07,729.61,729.69,566065,regular,False
2026-07-29T19:58:00+00:00,729.69,729.81,729.46,729.56,1205302,regular,False
2026-07-29T19:59:00+00:00,729.57,730.09,729.1,729.47,2913319,regular,False
2026-07-29T20:00:00+00:00,729.51,729.85,725.98,729.46,1663464,after-market,False
2026-07-29T20:01:00+00:00,729.35,730.2,728.45,728.53,197364,after-market,False
2026-07-29T20:02:00+00:00,728.64,730.0,728.27,729.1,122576,after-market,False
2026-07-29T20:03:00+00:00,729.16,729.5,728.58,728.8,114535,after-market,False
2026-07-29T20:04:00+00:00,728.8,729.05,727.79,728.5,71636,after-market,False
2026-07-29T20:05:00+00:00,728.45,729.12,728.03,728.71,134066,after-market,False
2026-07-29T20:06:00+00:00,728.5,729.25,728.28,728.85,197253,after-market,False
2026-07-29T20:07:00+00:00,728.78,729.0,728.5,728.67,55335,after-market,False
2026-07-29T20:08:00+00:00,728.54,728.54,727.91,728.24,169912,after-market,False
2026-07-29T20:09:00+00:00,728.22,728.46,727.53,727.58,38963,after-market,False
2026-07-29T20:10:00+00:00,727.57,727.68,727.26,727.45,131202,after-market,False
2026-07-29T20:11:00+00:00,727.47,727.9,727.2,727.65,71648,after-market,False
2026-07-29T20:12:00+00:00,727.75,729.0,727.5,728.28,136312,after-market,False
2026-07-29T20:13:00+00:00,728.34,729.46,728.06,728.06,67211,after-market,False
2026-07-29T20:14:00+00:00,728.13,728.53,728.0,728.25,14541,after-market,False
2026-07-29T20:15:00+00:00,728.2,728.5,727.85,728.5,20606,after-market,False
2026-07-29T20:16:00+00:00,728.5,728.85,728.45,728.6,39312,after-market,False
2026-07-29T20:17:00+00:00,728.57,728.65,728.19,728.2,13736,after-market,False
2026-07-29T20:18:00+00:00,728.14,728.14,727.66,727.81,11730,after-market,False
2026-07-29T20:19:00+00:00,727.81,727.9,727.71,727.9,2040,after-market,False
2026-07-29T20:20:00+00:00,727.91,728.32,727.9,728.03,21671,after-market,False
2026-07-29T20:21:00+00:00,728.04,728.25,727.91,728.25,16216,after-market,False
2026-07-29T20:22:00+00:00,728.3,728.33,727.88,727.95,4792,after-market,False
2026-07-29T20:23:00+00:00,727.98,728.24,727.77,728.02,40951,after-market,False
2026-07-29T20:24:00+00:00,727.92,727.99,727.62,727.72,2760,after-market,False
2026-07-29T20:25:00+00:00,727.83,728.06,727.83,728.0,8310,after-market,False
2026-07-29T20:26:00+00:00,727.93,727.93,727.31,727.32,3663,after-market,False
2026-07-29T20:27:00+00:00,727.3,727.31,726.93,727.02,35631,after-market,False
2026-07-29T20:28:00+00:00,726.99,727.46,726.97,727.45,21023,after-market,False
2026-07-29T20:29:00+00:00,727.53,727.8,727.53,727.6,2827,after-market,False
2026-07-29T20:30:00+00:00,727.56,727.58,727.02,727.28,10486,after-market,False
2026-07-29T20:31:00+00:00,727.21,727.79,727.21,727.63,12910,after-market,False
2026-07-29T20:32:00+00:00,727.58,728.06,727.58,728.0,19192,after-market,False
2026-07-29T20:33:00+00:00,728.07,728.36,728.07,728.27,8784,after-market,False
2026-07-29T20:34:00+00:00,728.24,728.46,728.22,728.39,56369,after-market,False
2026-07-29T20:35:00+00:00,728.38,728.73,728.33,728.47,23390,after-market,False
2026-07-29T20:36:00+00:00,728.51,728.53,728.22,728.42,9837,after-market,False
2026-07-29T20:37:00+00:00,728.47,728.64,728.36,728.64,22176,after-market,False
2026-07-29T20:38:00+00:00,728.7,728.9,728.59,728.89,10672,after-market,False
2026-07-29T20:39:00+00:00,728.9,729.1,728.9,729.05,21088,after-market,False
2026-07-29T20:40:00+00:00,729.09,729.14,728.97,729.01,11220,after-market,False
2026-07-29T20:41:00+00:00,728.88,728.88,728.62,728.8,36857,after-market,False
2026-07-29T20:42:00+00:00,728.81,728.82,728.46,728.53,17624,after-market,False
2026-07-29T20:43:00+00:00,728.41,728.69,728.33,728.68,50213,after-market,False
2026-07-29T20:44:00+00:00,728.73,728.74,728.47,728.56,36675,after-market,False
2026-07-29T20:45:00+00:00,728.67,728.84,728.61,728.84,3870,after-market,False
2026-07-29T20:46:00+00:00,728.8,728.8,728.61,728.62,1509,after-market,False
2026-07-29T20:47:00+00:00,728.45,728.61,728.45,728.61,35582,after-market,False
2026-07-29T20:48:00+00:00,728.67,728.68,728.38,728.38,2585,after-market,False
2026-07-29T20:49:00+00:00,728.3,728.36,728.17,728.17,2114,after-market,False
2026-07-29T20:50:00+00:00,728.1,728.22,728.04,728.18,37500,after-market,False
2026-07-29T20:51:00+00:00,728.21,728.56,728.16,728.38,2854,after-market,False
2026-07-29T20:52:00+00:00,728.38,728.5,728.3,728.5,650,after-market,False
2026-07-29T20:53:00+00:00,728.53,728.61,728.39,728.46,9711,after-market,False
2026-07-29T20:54:00+00:00,728.46,728.72,728.46,728.71,1808,after-market,False
2026-07-29T20:55:00+00:00,728.75,728.81,728.62,728.62,10059,after-market,False
2026-07-29T20:56:00+00:00,728.69,728.75,728.47,728.67,5548,after-market,False
2026-07-29T20:57:00+00:00,728.61,728.76,728.61,728.72,4116,after-market,False
2026-07-29T20:58:00+00:00,728.61,728.61,728.3,728.33,12920,after-market,False
2026-07-29T20:59:00+00:00,728.34,728.4,728.11,728.11,5092,after-market,False
2026-07-29T21:00:00+00:00,728.11,728.19,727.81,727.86,3073,after-market,False
2026-07-29T21:01:00+00:00,727.79,728.09,727.79,727.91,442,after-market,False
2026-07-29T21:02:00+00:00,727.9,728.09,727.83,727.96,511,after-market,False
2026-07-29T21:03:00+00:00,727.95,728.0,727.95,727.99,10268,after-market,False
2026-07-29T21:04:00+00:00,727.99,728.0,727.95,728.0,4683,after-market,False
2026-07-29T21:05:00+00:00,728.0,728.01,727.94,728.0,45104,after-market,False
2026-07-29T21:06:00+00:00,728.01,728.45,728.0,728.13,4794,after-market,False
2026-07-29T21:07:00+00:00,728.01,737.28,728.0,728.01,129054,after-market,False
2026-07-29T21:08:00+00:00,728.01,728.05,727.95,728.05,12487,after-market,False
2026-07-29T21:09:00+00:00,727.93,733.38,727.9,727.98,252738,after-market,False
2026-07-29T21:10:00+00:00,728.0,728.0,727.89,728.0,11002,after-market,False
2026-07-29T21:11:00+00:00,727.95,728.01,727.95,727.95,8600,after-market,False
2026-07-29T21:12:00+00:00,727.95,728.0,727.95,728.0,9379,after-market,False
2026-07-29T21:13:00+00:00,728.0,728.07,728.0,728.05,22450,after-market,False
2026-07-29T21:14:00+00:00,728.05,728.06,727.88,728.01,35880,after-market,False
2026-07-29T21:15:00+00:00,727.86,728.04,727.86,727.86,28130,after-market,False
2026-07-29T21:16:00+00:00,727.86,727.87,727.5,727.6,7230,after-market,False
2026-07-29T21:17:00+00:00,727.74,727.86,727.73,727.85,5189,after-market,False
2026-07-29T21:18:00+00:00,727.9,728.0,727.82,728.0,10060,after-market,False
2026-07-29T21:19:00+00:00,728.06,728.06,727.9,728.0,2736,after-market,False
2026-07-29T21:20:00+00:00,728.0,728.06,728.0,728.04,7665,after-market,False
2026-07-29T21:21:00+00:00,728.03,728.06,728.0,728.03,4782,after-market,False
2026-07-29T21:22:00+00:00,728.0,728.04,728.0,728.0,2006,after-market,False
2026-07-29T21:23:00+00:00,727.95,728.04,727.95,728.04,5680,after-market,False
2026-07-29T21:24:00+00:00,728.0,728.0,727.95,727.99,3785,after-market,False
2026-07-29T21:25:00+00:00,727.99,727.99,727.95,727.95,9569,after-market,False
2026-07-29T21:26:00+00:00,727.95,727.97,727.87,727.97,6667,after-market,False
2026-07-29T21:27:00+00:00,727.89,728.07,727.89,728.07,1482,after-market,False
2026-07-29T21:28:00+00:00,728.12,728.17,728.08,728.08,2091,after-market,False
2026-07-29T21:29:00+00:00,728.17,728.23,728.07,728.07,1324,after-market,False
2026-07-29T21:30:00+00:00,728.1,728.17,728.1,728.1,613,after-market,False
2026-07-29T21:31:00+00:00,728.01,728.1,728.01,728.1,172,after-market,False
2026-07-29T21:32:00+00:00,728.1,728.1,727.99,727.99,2205,after-market,False
2026-07-29T21:33:00+00:00,727.99,727.99,727.81,727.96,250,after-market,False
2026-07-29T21:34:00+00:00,727.8,727.9,727.62,727.62,9477,after-market,False
2026-07-29T21:35:00+00:00,727.62,727.62,727.41,727.41,4081,after-market,False
2026-07-29T21:36:00+00:00,727.51,727.69,727.5,727.5,938,after-market,False
2026-07-29T21:37:00+00:00,727.48,727.68,727.31,727.45,1665,after-market,False
2026-07-29T21:38:00+00:00,727.33,727.45,727.33,727.33,3483,after-market,False
2026-07-29T21:39:00+00:00,727.32,727.32,727.17,727.17,5005,after-market,False
2026-07-29T21:40:00+00:00,727.17,727.23,727.06,727.06,3497,after-market,False
2026-07-29T21:41:00+00:00,727.18,727.3,727.18,727.3,4377,after-market,False
2026-07-29T21:42:00+00:00,727.3,727.3,727.1,727.17,2239,after-market,False
2026-07-29T21:43:00+00:00,727.01,727.15,727.01,727.1,1250,after-market,False
2026-07-29T21:44:00+00:00,727.16,727.17,727.01,727.08,1305,after-market,False
2026-07-29T21:45:00+00:00,727.09,727.1,727.03,727.08,6363,after-market,False
2026-07-29T21:46:00+00:00,727.08,727.09,727.08,727.08,5355,after-market,False
2026-07-29T21:47:00+00:00,727.16,727.16,727.1,727.1,439,after-market,False
2026-07-29T21:48:00+00:00,727.1,727.23,727.09,727.09,895,after-market,False
2026-07-29T21:49:00+00:00,727.1,727.16,726.84,726.86,6903,after-market,False
2026-07-29T21:50:00+00:00,727.0,727.0,726.68,726.68,275,after-market,False
2026-07-29T21:51:00+00:00,726.99,727.15,726.99,727.15,2310,after-market,False
2026-07-29T21:52:00+00:00,727.05,727.26,727.01,727.25,1360,after-market,False
2026-07-29T21:53:00+00:00,727.21,727.22,727.19,727.22,1327,after-market,False
2026-07-29T21:54:00+00:00,727.25,727.33,727.14,727.33,6577,after-market,False
2026-07-29T21:55:00+00:00,727.15,727.3,727.12,727.25,2817,after-market,False
2026-07-29T21:56:00+00:00,727.16,727.45,727.16,727.45,1978,after-market,False
2026-07-29T21:57:00+00:00,727.44,727.66,727.44,727.6,6761,after-market,False
2026-07-29T21:58:00+00:00,727.76,727.92,727.51,727.67,6404,after-market,False
2026-07-29T21:59:00+00:00,727.77,727.89,727.65,727.89,2854,after-market,False
2026-07-29T22:00:00+00:00,727.94,728.92,727.75,728.92,18816,after-market,False
2026-07-29T22:01:00+00:00,728.94,729.41,728.9,729.32,14064,after-market,False
2026-07-29T22:02:00+00:00,729.36,729.71,729.36,729.69,6312,after-market,False
2026-07-29T22:03:00+00:00,729.68,729.76,729.44,729.65,3104,after-market,False
2026-07-29T22:04:00+00:00,729.62,729.92,729.57,729.92,7462,after-market,False
2026-07-29T22:05:00+00:00,729.89,730.39,729.89,730.35,4690,after-market,False
2026-07-29T22:06:00+00:00,730.24,730.7,730.23,730.55,10072,after-market,False
2026-07-29T22:07:00+00:00,730.67,730.67,730.54,730.54,1413,after-market,False
2026-07-29T22:08:00+00:00,730.63,731.0,730.63,730.9,14684,after-market,False
2026-07-29T22:09:00+00:00,731.04,731.27,731.04,731.07,9184,after-market,False
2026-07-29T22:10:00+00:00,731.19,731.5,731.17,731.4,5990,after-market,False
2026-07-29T22:11:00+00:00,731.52,731.87,731.52,731.58,13055,after-market,False
2026-07-29T22:12:00+00:00,731.55,731.88,731.51,731.88,2962,after-market,False
2026-07-29T22:13:00+00:00,731.79,731.88,731.6,731.64,6552,after-market,False
2026-07-29T22:14:00+00:00,731.71,731.72,731.28,731.4,31866,after-market,False
2026-07-29T22:15:00+00:00,731.45,731.48,731.3,731.36,2390,after-market,False
2026-07-29T22:16:00+00:00,731.45,731.7,731.31,731.67,6442,after-market,False
2026-07-29T22:17:00+00:00,731.67,731.75,731.64,731.73,940,after-market,False
2026-07-29T22:18:00+00:00,731.72,731.8,731.64,731.76,4866,after-market,False
2026-07-29T22:19:00+00:00,731.89,732.01,731.83,731.96,4562,after-market,False
2026-07-29T22:20:00+00:00,731.95,732.0,731.86,731.86,1019,after-market,False
2026-07-29T22:21:00+00:00,731.76,731.87,731.67,731.74,9453,after-market,False
2026-07-29T22:22:00+00:00,731.7,731.88,731.62,731.8,11542,after-market,False
2026-07-29T22:23:00+00:00,731.86,732.04,731.8,732.0,1028,after-market,False
2026-07-29T22:24:00+00:00,731.96,731.97,731.52,731.52,2330,after-market,False
2026-07-29T22:25:00+00:00,731.52,731.65,731.52,731.65,943,after-market,False
2026-07-29T22:26:00+00:00,731.55,731.57,731.37,731.37,763,after-market,False
2026-07-29T22:27:00+00:00,731.35,731.55,731.35,731.55,234,after-market,False
2026-07-29T22:28:00+00:00,731.54,731.54,731.33,731.38,1680,after-market,False
2026-07-29T22:29:00+00:00,731.35,731.78,731.35,731.74,607,after-market,False
2026-07-29T22:30:00+00:00,731.69,731.69,731.69,731.69,80,after-market,False
2026-07-29T22:31:00+00:00,731.49,731.5,731.49,731.5,200,after-market,False
2026-07-29T22:32:00+00:00,731.3,731.41,731.3,731.39,1404,after-market,False
2026-07-29T22:33:00+00:00,731.34,731.51,731.28,731.51,1921,after-market,False
2026-07-29T22:34:00+00:00,731.39,731.39,731.39,731.39,1042,after-market,False
2026-07-29T22:35:00+00:00,731.42,731.45,731.35,731.35,11082,after-market,False
2026-07-29T22:36:00+00:00,731.72,731.72,731.58,731.58,676,after-market,False
2026-07-29T22:37:00+00:00,731.66,731.76,731.66,731.71,2603,after-market,False
2026-07-29T22:38:00+00:00,731.77,731.82,731.75,731.75,320,after-market,False
2026-07-29T22:39:00+00:00,731.75,731.75,731.54,731.54,3169,after-market,False
2026-07-29T22:40:00+00:00,731.54,731.59,731.48,731.5,2827,after-market,False
2026-07-29T22:41:00+00:00,731.5,731.5,731.41,731.41,1725,after-market,False
2026-07-29T22:42:00+00:00,731.48,731.48,731.43,731.43,2060,after-market,False
2026-07-29T22:43:00+00:00,731.43,731.43,731.35,731.35,341,after-market,False
2026-07-29T22:44:00+00:00,731.5,731.77,731.5,731.75,5518,after-market,False
2026-07-29T22:45:00+00:00,731.71,732.06,731.68,732.06,11842,after-market,False
2026-07-29T22:46:00+00:00,731.98,732.0,731.76,731.76,3409,after-market,False
2026-07-29T22:47:00+00:00,731.81,731.81,731.6,731.62,6958,after-market,False
2026-07-29T22:48:00+00:00,731.64,731.64,731.52,731.57,981,after-market,False
2026-07-29T22:49:00+00:00,731.59,731.59,731.52,731.52,588,after-market,False
2026-07-29T22:50:00+00:00,731.52,731.71,731.52,731.71,1252,after-market,False
2026-07-29T22:51:00+00:00,731.58,731.58,731.51,731.51,549,after-market,False
2026-07-29T22:52:00+00:00,731.49,731.49,731.43,731.43,205,after-market,False
2026-07-29T22:53:00+00:00,731.38,731.4,731.31,731.39,2259,after-market,False
2026-07-29T22:54:00+00:00,731.43,731.43,731.43,731.43,100,after-market,False
2026-07-29T22:55:00+00:00,731.39,731.39,731.16,731.27,3085,after-market,False
2026-07-29T22:56:00+00:00,731.32,731.33,731.29,731.33,2307,after-market,False
2026-07-29T22:57:00+00:00,731.33,731.38,731.33,731.38,2583,after-market,False
2026-07-29T22:58:00+00:00,731.36,731.36,731.25,731.25,1383,after-market,False
2026-07-29T22:59:00+00:00,731.28,731.28,731.25,731.26,193,after-market,False
2026-07-29T23:00:00+00:00,731.6,731.6,731.6,731.6,44,after-market,False
2026-07-29T23:01:00+00:00,731.62,731.74,731.62,731.69,3266,after-market,False
2026-07-29T23:02:00+00:00,731.79,731.87,731.72,731.87,2210,after-market,False
2026-07-29T23:03:00+00:00,731.9,731.99,731.89,731.99,1398,after-market,False
2026-07-29T23:04:00+00:00,731.94,732.0,731.89,732.0,2106,after-market,False
2026-07-29T23:05:00+00:00,731.95,731.95,731.87,731.93,801,after-market,False
2026-07-29T23:06:00+00:00,731.93,731.93,731.82,731.82,626,after-market,False
2026-07-29T23:07:00+00:00,731.82,731.82,731.78,731.82,1356,after-market,False
2026-07-29T23:08:00+00:00,731.82,732.35,731.8,732.35,4890,after-market,False
2026-07-29T23:09:00+00:00,732.43,732.48,732.18,732.25,5006,after-market,False
2026-07-29T23:10:00+00:00,732.02,732.02,731.72,731.72,394,after-market,False
2026-07-29T23:11:00+00:00,731.76,731.76,731.52,731.68,4592,after-market,False
2026-07-29T23:12:00+00:00,731.78,731.92,731.72,731.92,655,after-market,False
2026-07-29T23:13:00+00:00,731.95,731.96,731.71,731.71,1095,after-market,False
2026-07-29T23:14:00+00:00,731.73,731.73,731.62,731.67,530,after-market,False
2026-07-29T23:15:00+00:00,731.92,731.92,731.88,731.88,4280,after-market,False
2026-07-29T23:16:00+00:00,731.85,731.85,731.84,731.84,157,after-market,False
2026-07-29T23:17:00+00:00,731.8,731.8,731.8,731.8,3047,after-market,False
2026-07-29T23:18:00+00:00,731.99,732.24,731.99,732.2,1420,after-market,False
2026-07-29T23:19:00+00:00,732.22,732.23,732.17,732.22,400,after-market,False
2026-07-29T23:20:00+00:00,732.26,732.32,732.26,732.28,902,after-market,False
2026-07-29T23:21:00+00:00,732.24,732.24,732.2,732.24,129,after-market,False
2026-07-29T23:22:00+00:00,732.19,732.23,732.18,732.19,445,after-market,False
2026-07-29T23:23:00+00:00,732.37,732.39,732.33,732.34,395,after-market,False
2026-07-29T23:24:00+00:00,732.33,732.34,732.23,732.32,2386,after-market,False
2026-07-29T23:25:00+00:00,732.19,732.37,732.19,732.37,140,after-market,False
2026-07-29T23:26:00+00:00,732.38,732.39,732.32,732.32,437,after-market,False
2026-07-29T23:27:00+00:00,732.27,732.32,732.19,732.2,1376,after-market,False
2026-07-29T23:28:00+00:00,732.25,732.32,732.24,732.28,1239,after-market,False
2026-07-29T23:29:00+00:00,732.34,732.34,732.29,732.29,297,after-market,False
2026-07-29T23:30:00+00:00,732.41,732.43,732.4,732.4,1152,after-market,False
2026-07-29T23:31:00+00:00,732.39,733.0,732.39,732.55,6323,after-market,False
2026-07-29T23:32:00+00:00,732.56,732.69,732.56,732.64,3453,after-market,False
2026-07-29T23:33:00+00:00,732.56,732.6,732.52,732.52,1914,after-market,False
2026-07-29T23:34:00+00:00,732.45,732.51,732.4,732.44,666,after-market,False
2026-07-29T23:35:00+00:00,732.43,732.5,732.43,732.5,1212,after-market,False
2026-07-29T23:36:00+00:00,732.51,732.51,732.46,732.46,417,after-market,False
2026-07-29T23:37:00+00:00,732.51,732.51,732.42,732.42,165,after-market,False
2026-07-29T23:38:00+00:00,732.5,732.62,732.5,732.57,3542,after-market,False
2026-07-29T23:39:00+00:00,732.5,732.73,732.49,732.73,4183,after-market,False
2026-07-29T23:40:00+00:00,732.4,732.41,732.31,732.32,2573,after-market,False
2026-07-29T23:41:00+00:00,732.25,732.25,732.12,732.12,612,after-market,False
2026-07-29T23:42:00+00:00,732.15,732.2,732.15,732.19,3663,after-market,False
2026-07-29T23:43:00+00:00,732.29,732.29,732.21,732.22,630,after-market,False
2026-07-29T23:44:00+00:00,732.3,732.36,732.3,732.3,237,after-market,False
2026-07-29T23:45:00+00:00,732.22,732.34,732.22,732.25,1750,after-market,False
2026-07-29T23:46:00+00:00,732.46,732.67,732.45,732.67,2280,after-market,False
2026-07-29T23:47:00+00:00,732.61,732.72,732.56,732.56,1154,after-market,False
2026-07-29T23:48:00+00:00,732.6,732.6,732.58,732.58,1099,after-market,False
2026-07-29T23:49:00+00:00,732.45,732.45,732.18,732.27,1946,after-market,False
2026-07-29T23:50:00+00:00,732.29,732.31,732.21,732.21,380,after-market,False
2026-07-29T23:51:00+00:00,732.3,732.3,732.17,732.17,2350,after-market,False
2026-07-29T23:52:00+00:00,732.08,732.15,732.06,732.13,2064,after-market,False
2026-07-29T23:53:00+00:00,732.1,732.37,732.1,732.19,316,after-market,False
2026-07-29T23:54:00+00:00,732.18,732.46,732.18,732.46,590,after-market,False
2026-07-29T23:55:00+00:00,732.59,732.59,732.58,732.59,100,after-market,False
2026-07-29T23:56:00+00:00,732.61,732.61,732.55,732.57,500,after-market,False
2026-07-29T23:57:00+00:00,732.66,732.66,732.51,732.52,741,after-market,False
2026-07-29T23:58:00+00:00,732.56,732.56,732.56,732.56,250,after-market,False
2026-07-29T23:59:00+00:00,732.48,732.48,732.4,732.4,1670,after-market,False
2026-07-30T08:00:00+00:00,730.72,732.8,730.13,730.2,16348,pre-market,False
2026-07-30T08:01:00+00:00,730.91,732.36,730.11,731.81,7029,pre-market,False
2026-07-30T08:02:00+00:00,731.82,732.76,729.88,732.67,33482,pre-market,False
2026-07-30T08:03:00+00:00,730.25,732.63,729.98,729.98,20229,pre-market,False
2026-07-30T08:04:00+00:00,730.01,730.37,730.01,730.36,1594,pre-market,False
2026-07-30T08:05:00+00:00,730.38,730.68,730.06,730.66,1232,pre-market,False
2026-07-30T08:06:00+00:00,730.61,730.99,730.6,730.99,6368,pre-market,False
2026-07-30T08:07:00+00:00,731.11,731.14,731.11,731.14,120,pre-market,False
2026-07-30T08:08:00+00:00,731.57,731.6,731.38,731.38,4938,pre-market,False
2026-07-30T08:09:00+00:00,731.46,731.5,731.39,731.49,1595,pre-market,False
2026-07-30T08:10:00+00:00,731.54,731.7,731.53,731.67,436,pre-market,False
2026-07-30T08:11:00+00:00,731.75,731.75,731.54,731.54,823,pre-market,False
2026-07-30T08:12:00+00:00,731.54,731.54,731.54,731.54,0,pre-market,False
2026-07-30T08:13:00+00:00,731.64,731.64,731.55,731.55,80,pre-market,False
2026-07-30T08:14:00+00:00,731.46,731.53,731.43,731.47,526,pre-market,False
2026-07-30T08:15:00+00:00,731.52,731.52,731.46,731.46,319,pre-market,False
2026-07-30T08:16:00+00:00,731.46,731.46,731.46,731.46,0,pre-market,False
2026-07-30T08:17:00+00:00,731.49,731.58,731.35,731.55,4953,pre-market,False
2026-07-30T08:18:00+00:00,731.47,731.5,731.35,731.5,1080,pre-market,False
2026-07-30T08:19:00+00:00,731.41,731.41,731.41,731.41,91,pre-market,False
2026-07-30T08:20:00+00:00,731.31,731.6,731.31,731.6,694,pre-market,False
2026-07-30T08:21:00+00:00,731.52,731.74,731.43,731.73,1317,pre-market,False
2026-07-30T08:22:00+00:00,731.74,731.76,731.62,731.69,539,pre-market,False
2026-07-30T08:23:00+00:00,731.7,732.0,731.7,732.0,1613,pre-market,False
2026-07-30T08:24:00+00:00,732.06,732.06,731.95,731.98,434,pre-market,False
2026-07-30T08:25:00+00:00,731.97,732.24,731.97,732.21,853,pre-market,False
2026-07-30T08:26:00+00:00,732.23,732.44,732.23,732.44,1482,pre-market,False
2026-07-30T08:27:00+00:00,732.41,732.5,732.21,732.21,2723,pre-market,False
2026-07-30T08:28:00+00:00,732.2,732.33,732.16,732.22,2343,pre-market,False
2026-07-30T08:29:00+00:00,732.33,732.33,732.25,732.25,531,pre-market,False
2026-07-30T08:30:00+00:00,732.29,732.44,732.29,732.33,570,pre-market,False
2026-07-30T08:31:00+00:00,732.36,732.41,732.19,732.24,875,pre-market,False
2026-07-30T08:32:00+00:00,732.25,732.35,732.25,732.35,1080,pre-market,False
2026-07-30T08:33:00+00:00,732.23,732.45,732.23,732.38,296,pre-market,False
2026-07-30T08:34:00+00:00,732.32,732.32,732.32,732.32,351,pre-market,False
2026-07-30T08:35:00+00:00,732.29,732.36,732.24,732.34,1706,pre-market,False
2026-07-30T08:36:00+00:00,732.34,732.34,732.34,732.34,0,pre-market,False
2026-07-30T08:37:00+00:00,732.39,732.44,732.37,732.4,6109,pre-market,False
2026-07-30T08:38:00+00:00,732.4,732.4,732.4,732.4,0,pre-market,False
2026-07-30T08:39:00+00:00,732.03,732.03,732.01,732.01,557,pre-market,False
2026-07-30T08:40:00+00:00,731.99,732.09,731.97,732.09,306,pre-market,False
2026-07-30T08:41:00+00:00,732.08,732.09,732.04,732.04,473,pre-market,False
2026-07-30T08:42:00+00:00,732.08,732.09,731.97,732.08,590,pre-market,False
2026-07-30T08:43:00+00:00,732.02,732.1,732.02,732.05,1191,pre-market,False
2026-07-30T08:44:00+00:00,732.09,732.09,732.09,732.09,68,pre-market,False
2026-07-30T08:45:00+00:00,732.02,732.07,732.02,732.07,256,pre-market,False
2026-07-30T08:46:00+00:00,732.14,732.23,732.14,732.23,200,pre-market,False
2026-07-30T08:47:00+00:00,732.17,732.23,732.17,732.18,281,pre-market,False
2026-07-30T08:48:00+00:00,731.97,732.01,731.97,732.01,564,pre-market,False
2026-07-30T08:49:00+00:00,731.98,731.98,731.98,731.98,40,pre-market,False
2026-07-30T08:50:00+00:00,731.9,731.92,731.89,731.89,760,pre-market,False
2026-07-30T08:51:00+00:00,731.89,731.89,731.89,731.89,0,pre-market,False
2026-07-30T08:52:00+00:00,731.92,731.92,731.84,731.85,1884,pre-market,False
2026-07-30T08:53:00+00:00,731.75,731.78,731.72,731.78,244,pre-market,False
2026-07-30T08:54:00+00:00,731.78,731.82,731.73,731.73,640,pre-market,False
2026-07-30T08:55:00+00:00,731.7,731.76,731.54,731.54,328,pre-market,False
2026-07-30T08:56:00+00:00,731.55,731.55,731.55,731.55,40,pre-market,False
2026-07-30T08:57:00+00:00,731.57,731.57,731.57,731.57,68,pre-market,False
2026-07-30T08:58:00+00:00,731.79,731.85,731.76,731.83,1289,pre-market,False
2026-07-30T08:59:00+00:00,731.82,731.88,731.82,731.88,1484,pre-market,False
2026-07-30T09:00:00+00:00,731.86,731.86,731.8,731.8,125,pre-market,False
2026-07-30T09:01:00+00:00,731.81,731.95,731.81,731.93,184,pre-market,False
2026-07-30T09:02:00+00:00,731.93,731.96,731.93,731.95,270,pre-market,False
2026-07-30T09:03:00+00:00,732.03,732.03,732.03,732.03,120,pre-market,False
2026-07-30T09:04:00+00:00,731.93,732.34,731.92,732.26,2680,pre-market,False
2026-07-30T09:05:00+00:00,732.07,732.19,732.03,732.19,328,pre-market,False
2026-07-30T09:06:00+00:00,732.21,732.25,732.21,732.25,153,pre-market,False
2026-07-30T09:07:00+00:00,732.23,732.37,732.23,732.37,392,pre-market,False
2026-07-30T09:08:00+00:00,732.42,732.43,732.35,732.35,313,pre-market,False
2026-07-30T09:09:00+00:00,732.37,732.37,732.37,732.37,200,pre-market,False
2026-07-30T09:10:00+00:00,732.38,732.38,732.24,732.24,1138,pre-market,False
2026-07-30T09:11:00+00:00,732.38,732.39,732.32,732.35,291,pre-market,False
2026-07-30T09:12:00+00:00,732.33,732.33,732.33,732.33,40,pre-market,False
2026-07-30T09:13:00+00:00,732.27,732.34,732.27,732.34,758,pre-market,False
2026-07-30T09:14:00+00:00,732.35,732.91,732.28,732.61,8761,pre-market,False
2026-07-30T09:15:00+00:00,732.64,732.73,732.48,732.52,1486,pre-market,False
2026-07-30T09:16:00+00:00,732.54,732.79,732.54,732.79,784,pre-market,False
2026-07-30T09:17:00+00:00,732.78,732.8,732.65,732.72,965,pre-market,False
2026-07-30T09:18:00+00:00,732.72,732.72,732.72,732.72,0,pre-market,False
2026-07-30T09:19:00+00:00,732.59,732.64,732.59,732.64,243,pre-market,False
2026-07-30T09:20:00+00:00,732.66,732.66,732.66,732.66,148,pre-market,False
2026-07-30T09:21:00+00:00,732.65,732.95,732.65,732.92,2357,pre-market,False
2026-07-30T09:22:00+00:00,732.85,732.96,732.85,732.87,328,pre-market,False
2026-07-30T09:23:00+00:00,732.91,733.06,732.86,733.03,2031,pre-market,False
2026-07-30T09:24:00+00:00,732.94,733.1,732.94,732.94,3438,pre-market,False
2026-07-30T09:25:00+00:00,732.93,733.02,732.88,732.88,730,pre-market,False
2026-07-30T09:26:00+00:00,732.99,732.99,732.99,732.99,140,pre-market,False
2026-07-30T09:27:00+00:00,733.08,733.08,732.97,733.04,743,pre-market,False
2026-07-30T09:28:00+00:00,733.03,733.11,733.03,733.04,3249,pre-market,False
2026-07-30T09:29:00+00:00,732.9,732.91,732.89,732.91,687,pre-market,False
2026-07-30T09:30:00+00:00,732.9,732.9,732.71,732.71,1097,pre-market,False
2026-07-30T09:31:00+00:00,732.72,732.72,732.71,732.71,300,pre-market,False
2026-07-30T09:32:00+00:00,732.82,732.89,732.78,732.89,507,pre-market,False
2026-07-30T09:33:00+00:00,732.87,733.08,732.86,733.08,1820,pre-market,False
2026-07-30T09:34:00+00:00,733.02,733.13,733.0,733.13,2447,pre-market,False
2026-07-30T09:35:00+00:00,733.22,733.27,733.22,733.27,216,pre-market,False
2026-07-30T09:36:00+00:00,733.15,733.15,733.15,733.15,40,pre-market,False
2026-07-30T09:37:00+00:00,733.26,733.38,733.26,733.35,858,pre-market,False
2026-07-30T09:38:00+00:00,733.17,733.2,733.08,733.2,3331,pre-market,False
2026-07-30T09:39:00+00:00,733.06,733.06,732.97,732.97,580,pre-market,False
2026-07-30T09:40:00+00:00,733.0,733.0,732.93,732.93,182,pre-market,False
2026-07-30T09:41:00+00:00,732.88,732.96,732.83,732.83,576,pre-market,False
2026-07-30T09:42:00+00:00,732.82,732.89,732.82,732.84,486,pre-market,False
2026-07-30T09:43:00+00:00,732.82,732.83,732.81,732.83,540,pre-market,False
2026-07-30T09:44:00+00:00,732.82,732.91,732.79,732.9,633,pre-market,False
2026-07-30T09:45:00+00:00,732.86,732.88,732.86,732.88,412,pre-market,False
2026-07-30T09:46:00+00:00,732.87,732.95,732.87,732.95,108,pre-market,False
2026-07-30T09:47:00+00:00,732.95,732.95,732.95,732.95,0,pre-market,False
2026-07-30T09:48:00+00:00,732.95,732.95,732.95,732.95,0,pre-market,False
2026-07-30T09:49:00+00:00,732.9,732.9,732.9,732.9,50,pre-market,False
2026-07-30T09:50:00+00:00,732.99,732.99,732.99,732.99,68,pre-market,False
2026-07-30T09:51:00+00:00,732.99,732.99,732.99,732.99,0,pre-market,False
2026-07-30T09:52:00+00:00,732.9,732.9,732.79,732.79,84,pre-market,False
2026-07-30T09:53:00+00:00,732.79,732.79,732.79,732.79,0,pre-market,False
2026-07-30T09:54:00+00:00,732.84,732.9,732.83,732.89,2786,pre-market,False
2026-07-30T09:55:00+00:00,732.82,732.83,732.82,732.82,250,pre-market,False
2026-07-30T09:56:00+00:00,732.77,732.77,732.77,732.77,40,pre-market,False
2026-07-30T09:57:00+00:00,732.74,732.74,732.73,732.74,126,pre-market,False
2026-07-30T09:58:00+00:00,732.5,732.5,732.45,732.45,412,pre-market,False
2026-07-30T09:59:00+00:00,732.27,732.27,732.03,732.03,3903,pre-market,False
2026-07-30T10:00:00+00:00,732.0,732.11,731.82,732.11,2805,pre-market,False
2026-07-30T10:01:00+00:00,732.06,732.25,732.02,732.25,784,pre-market,False
2026-07-30T10:02:00+00:00,732.26,732.26,732.25,732.25,1060,pre-market,False
2026-07-30T10:03:00+00:00,732.21,732.24,732.21,732.24,148,pre-market,False
2026-07-30T10:04:00+00:00,732.13,732.18,732.12,732.12,148,pre-market,False
2026-07-30T10:05:00+00:00,732.16,732.22,732.16,732.22,290,pre-market,False
2026-07-30T10:06:00+00:00,732.3,732.32,732.3,732.32,500,pre-market,False
2026-07-30T10:07:00+00:00,732.58,732.58,732.58,732.58,330,pre-market,False
2026-07-30T10:08:00+00:00,732.59,732.59,732.5,732.5,149,pre-market,False
2026-07-30T10:09:00+00:00,732.64,732.64,732.64,732.64,526,pre-market,False
2026-07-30T10:10:00+00:00,732.68,732.68,732.68,732.68,41,pre-market,False
2026-07-30T10:11:00+00:00,732.65,732.65,732.52,732.52,1496,pre-market,False
2026-07-30T10:12:00+00:00,732.45,732.45,732.31,732.34,629,pre-market,False
2026-07-30T10:13:00+00:00,732.23,732.23,732.22,732.22,1972,pre-market,False
2026-07-30T10:14:00+00:00,732.34,732.34,732.31,732.31,80,pre-market,False
2026-07-30T10:15:00+00:00,732.38,732.41,732.36,732.41,420,pre-market,False
2026-07-30T10:16:00+00:00,732.53,732.64,732.53,732.6,520,pre-market,False
2026-07-30T10:17:00+00:00,732.52,732.83,732.51,732.78,902,pre-market,False
2026-07-30T10:18:00+00:00,732.78,732.88,732.78,732.83,248,pre-market,False
2026-07-30T10:19:00+00:00,732.99,733.04,732.9,732.98,2962,pre-market,False
2026-07-30T10:20:00+00:00,733.07,733.1,733.07,733.1,136,pre-market,False
2026-07-30T10:21:00+00:00,733.04,733.19,733.02,733.19,2080,pre-market,False
2026-07-30T10:22:00+00:00,733.18,733.24,733.14,733.24,2791,pre-market,False
2026-07-30T10:23:00+00:00,733.24,733.25,733.17,733.19,4131,pre-market,False
2026-07-30T10:24:00+00:00,733.23,733.23,733.21,733.21,466,pre-market,False
2026-07-30T10:25:00+00:00,733.19,733.33,733.19,733.23,367,pre-market,False
2026-07-30T10:26:00+00:00,733.36,733.4,733.28,733.33,803,pre-market,False
2026-07-30T10:27:00+00:00,733.36,733.36,733.19,733.19,1864,pre-market,False
2026-07-30T10:28:00+00:00,733.25,733.26,733.16,733.17,1404,pre-market,False
2026-07-30T10:29:00+00:00,733.14,733.25,733.13,733.25,1590,pre-market,False
2026-07-30T10:30:00+00:00,733.23,733.27,733.17,733.17,1294,pre-market,False
2026-07-30T10:31:00+00:00,733.27,733.37,733.27,733.37,4099,pre-market,False
2026-07-30T10:32:00+00:00,733.31,733.32,733.25,733.26,630,pre-market,False
2026-07-30T10:33:00+00:00,733.28,733.28,733.28,733.28,40,pre-market,False
2026-07-30T10:34:00+00:00,733.13,733.13,733.07,733.09,626,pre-market,False
2026-07-30T10:35:00+00:00,733.18,733.3,733.18,733.3,499,pre-market,False
2026-07-30T10:36:00+00:00,733.33,733.37,733.33,733.37,97,pre-market,False
2026-07-30T10:37:00+00:00,733.37,733.37,733.37,733.37,0,pre-market,False
2026-07-30T10:38:00+00:00,733.37,733.37,733.37,733.37,0,pre-market,False
2026-07-30T10:39:00+00:00,733.3,733.36,733.3,733.36,110,pre-market,False
2026-07-30T10:40:00+00:00,733.37,733.66,733.31,733.54,1537,pre-market,False
2026-07-30T10:41:00+00:00,733.49,733.6,733.39,733.6,3938,pre-market,False
2026-07-30T10:42:00+00:00,733.46,733.46,733.41,733.41,100,pre-market,False
2026-07-30T10:43:00+00:00,733.42,733.74,733.42,733.62,1180,pre-market,False
2026-07-30T10:44:00+00:00,733.64,733.64,733.49,733.57,1650,pre-market,False
2026-07-30T10:45:00+00:00,733.5,733.74,733.49,733.68,1667,pre-market,False
2026-07-30T10:46:00+00:00,733.66,733.72,733.66,733.72,546,pre-market,False
2026-07-30T10:47:00+00:00,733.7,733.72,733.7,733.7,150,pre-market,False
2026-07-30T10:48:00+00:00,733.61,733.66,733.61,733.66,178,pre-market,False
2026-07-30T10:49:00+00:00,733.71,733.71,733.54,733.54,425,pre-market,False
2026-07-30T10:50:00+00:00,733.54,733.8,733.52,733.73,15297,pre-market,False
2026-07-30T10:51:00+00:00,733.71,733.72,733.6,733.64,605,pre-market,False
2026-07-30T10:52:00+00:00,733.74,733.74,733.65,733.72,776,pre-market,False
2026-07-30T10:53:00+00:00,733.69,733.71,733.38,733.38,866,pre-market,False
2026-07-30T10:54:00+00:00,733.3,733.3,733.15,733.15,2514,pre-market,False
2026-07-30T10:55:00+00:00,733.15,733.21,733.15,733.18,940,pre-market,False
2026-07-30T10:56:00+00:00,733.23,733.23,733.07,733.07,2518,pre-market,False
2026-07-30T10:57:00+00:00,733.13,733.15,733.09,733.09,3482,pre-market,False
2026-07-30T10:58:00+00:00,733.09,733.09,733.09,733.09,0,pre-market,False
2026-07-30T10:59:00+00:00,733.11,733.11,733.11,733.11,100,pre-market,False
2026-07-30T11:00:00+00:00,733.07,733.46,733.07,733.46,12219,pre-market,False
2026-07-30T11:01:00+00:00,733.42,733.42,733.33,733.42,7681,pre-market,False
2026-07-30T11:02:00+00:00,733.42,733.63,733.42,733.48,3271,pre-market,False
2026-07-30T11:03:00+00:00,733.46,733.58,733.4,733.52,5520,pre-market,False
2026-07-30T11:04:00+00:00,733.51,733.54,733.45,733.49,1213,pre-market,False
2026-07-30T11:05:00+00:00,733.48,733.62,733.48,733.58,1271,pre-market,False
2026-07-30T11:06:00+00:00,733.59,733.76,733.58,733.76,3342,pre-market,False
2026-07-30T11:07:00+00:00,733.81,733.82,733.68,733.69,2673,pre-market,False
2026-07-30T11:08:00+00:00,733.66,733.73,733.59,733.73,7570,pre-market,False
2026-07-30T11:09:00+00:00,733.78,733.8,733.74,733.75,6042,pre-market,False
2026-07-30T11:10:00+00:00,733.74,733.83,733.67,733.76,4180,pre-market,False
2026-07-30T11:11:00+00:00,733.66,733.75,733.63,733.73,1255,pre-market,False
2026-07-30T11:12:00+00:00,733.82,733.82,733.75,733.75,606,pre-market,False
2026-07-30T11:13:00+00:00,733.76,733.78,733.49,733.51,2726,pre-market,False
2026-07-30T11:14:00+00:00,733.57,733.61,733.56,733.61,2518,pre-market,False
2026-07-30T11:15:00+00:00,733.59,733.7,733.58,733.68,10352,pre-market,False
2026-07-30T11:16:00+00:00,733.71,733.91,733.65,733.9,3121,pre-market,False
2026-07-30T11:17:00+00:00,733.95,734.04,733.9,734.01,5156,pre-market,False
2026-07-30T11:18:00+00:00,734.01,734.08,733.98,733.98,2830,pre-market,False
2026-07-30T11:19:00+00:00,733.92,733.96,733.92,733.95,836,pre-market,False
2026-07-30T11:20:00+00:00,733.95,733.95,733.95,733.95,0,pre-market,False
2026-07-30T11:21:00+00:00,733.81,733.82,733.8,733.82,90,pre-market,False
2026-07-30T11:22:00+00:00,733.75,733.75,733.74,733.75,50,pre-market,False
2026-07-30T11:23:00+00:00,733.85,733.86,733.81,733.86,2587,pre-market,False
2026-07-30T11:24:00+00:00,733.9,734.17,733.9,734.17,6373,pre-market,False
2026-07-30T11:25:00+00:00,734.2,734.23,734.13,734.23,2048,pre-market,False
2026-07-30T11:26:00+00:00,734.24,734.29,734.22,734.29,1102,pre-market,False
2026-07-30T11:27:00+00:00,734.28,734.29,734.28,734.29,354,pre-market,False
2026-07-30T11:28:00+00:00,734.16,734.31,734.15,734.19,20687,pre-market,False
2026-07-30T11:29:00+00:00,734.18,734.3,734.17,734.3,2025,pre-market,False
2026-07-30T11:30:00+00:00,734.29,734.35,734.25,734.27,3680,pre-market,False
2026-07-30T11:31:00+00:00,734.3,734.35,734.24,734.3,2843,pre-market,False
2026-07-30T11:32:00+00:00,734.34,734.41,734.15,734.15,2478,pre-market,False
2026-07-30T11:33:00+00:00,734.11,734.16,734.06,734.08,1988,pre-market,False
2026-07-30T11:34:00+00:00,734.12,734.22,733.99,734.05,1773,pre-market,False
2026-07-30T11:35:00+00:00,734.08,734.17,734.08,734.15,25198,pre-market,False
2026-07-30T11:36:00+00:00,734.2,734.31,734.16,734.31,27759,pre-market,False
2026-07-30T11:37:00+00:00,734.33,734.43,734.28,734.41,21316,pre-market,False
2026-07-30T11:38:00+00:00,734.41,734.46,734.4,734.46,2387,pre-market,False
2026-07-30T11:39:00+00:00,734.47,734.48,734.3,734.34,11815,pre-market,False
2026-07-30T11:40:00+00:00,734.33,734.33,734.21,734.25,1382,pre-market,False
2026-07-30T11:41:00+00:00,734.29,734.31,734.15,734.15,2941,pre-market,False
2026-07-30T11:42:00+00:00,734.01,734.22,734.0,734.22,3798,pre-market,False
2026-07-30T11:43:00+00:00,734.31,734.45,734.31,734.4,24650,pre-market,False
2026-07-30T11:44:00+00:00,734.4,734.4,734.15,734.15,3064,pre-market,False
2026-07-30T11:45:00+00:00,734.15,734.15,734.15,734.15,0,pre-market,False
2026-07-30T11:46:00+00:00,734.42,734.43,734.33,734.35,2632,pre-market,False
2026-07-30T11:47:00+00:00,734.36,734.46,734.28,734.28,1615,pre-market,False
2026-07-30T11:48:00+00:00,734.26,734.36,734.25,734.34,25171,pre-market,False
2026-07-30T11:49:00+00:00,734.36,734.55,734.34,734.46,9979,pre-market,False
2026-07-30T11:50:00+00:00,734.41,734.54,734.41,734.54,7686,pre-market,False
2026-07-30T11:51:00+00:00,734.54,734.54,734.43,734.43,1762,pre-market,False
2026-07-30T11:52:00+00:00,734.33,734.39,734.32,734.33,904,pre-market,False
2026-07-30T11:53:00+00:00,734.33,734.5,734.33,734.49,1021,pre-market,False
2026-07-30T11:54:00+00:00,734.53,734.71,734.53,734.71,5416,pre-market,False
2026-07-30T11:55:00+00:00,734.71,734.71,734.55,734.55,1180,pre-market,False
2026-07-30T11:56:00+00:00,734.55,734.6,734.53,734.53,4091,pre-market,False
2026-07-30T11:57:00+00:00,734.56,734.57,734.52,734.57,6817,pre-market,False
2026-07-30T11:58:00+00:00,734.54,734.63,734.54,734.6,21431,pre-market,False
2026-07-30T11:59:00+00:00,734.55,734.56,734.45,734.54,3094,pre-market,False
2026-07-30T12:00:00+00:00,734.52,734.6,734.4,734.4,3917,pre-market,False
2026-07-30T12:01:00+00:00,734.4,734.4,734.13,734.13,8967,pre-market,False
2026-07-30T12:02:00+00:00,734.15,734.45,734.15,734.42,11096,pre-market,False
2026-07-30T12:03:00+00:00,734.43,734.76,734.41,734.75,5747,pre-market,False
2026-07-30T12:04:00+00:00,734.8,734.84,734.79,734.83,3733,pre-market,False
2026-07-30T12:05:00+00:00,734.82,734.89,734.72,734.86,19703,pre-market,False
2026-07-30T12:06:00+00:00,734.86,734.9,734.79,734.9,2285,pre-market,False
2026-07-30T12:07:00+00:00,734.93,734.93,734.83,734.85,842,pre-market,False
2026-07-30T12:08:00+00:00,734.87,734.91,734.75,734.75,15599,pre-market,False
2026-07-30T12:09:00+00:00,734.75,734.91,734.74,734.91,2956,pre-market,False
2026-07-30T12:10:00+00:00,734.94,735.0,734.86,734.92,7782,pre-market,False
2026-07-30T12:11:00+00:00,734.92,735.0,734.8,734.85,16494,pre-market,False
2026-07-30T12:12:00+00:00,734.74,734.86,734.71,734.81,3433,pre-market,False
2026-07-30T12:13:00+00:00,734.89,734.9,734.89,734.89,2800,pre-market,False
2026-07-30T12:14:00+00:00,734.96,735.05,734.96,734.96,17623,pre-market,False
2026-07-30T12:15:00+00:00,734.97,734.97,734.91,734.95,1355,pre-market,False
2026-07-30T12:16:00+00:00,734.91,734.94,734.87,734.9,852,pre-market,False
2026-07-30T12:17:00+00:00,734.89,734.89,734.8,734.83,4578,pre-market,False
2026-07-30T12:18:00+00:00,734.82,734.91,734.82,734.91,2063,pre-market,False
2026-07-30T12:19:00+00:00,734.91,734.95,734.8,734.8,3882,pre-market,False
2026-07-30T12:20:00+00:00,734.8,734.8,734.41,734.49,12434,pre-market,False
2026-07-30T12:21:00+00:00,734.55,734.63,734.51,734.57,4820,pre-market,False
2026-07-30T12:22:00+00:00,734.5,734.57,734.44,734.53,2049,pre-market,False
2026-07-30T12:23:00+00:00,734.45,734.65,734.45,734.65,1227,pre-market,False
2026-07-30T12:24:00+00:00,734.67,734.89,734.67,734.8,1934,pre-market,False
2026-07-30T12:25:00+00:00,734.84,734.84,734.71,734.74,1458,pre-market,False
2026-07-30T12:26:00+00:00,734.75,734.89,734.7,734.86,14080,pre-market,False
2026-07-30T12:27:00+00:00,734.75,734.8,734.52,734.55,5166,pre-market,False
2026-07-30T12:28:00+00:00,734.45,734.45,734.25,734.29,7264,pre-market,False
2026-07-30T12:29:00+00:00,734.3,734.7,734.25,734.7,9881,pre-market,False
2026-07-30T12:30:00+00:00,734.93,735.13,734.65,734.84,44873,pre-market,False
2026-07-30T12:31:00+00:00,734.75,734.8,734.41,734.45,1835,pre-market,False
2026-07-30T12:32:00+00:00,734.5,734.5,734.23,734.26,20372,pre-market,False
2026-07-30T12:33:00+00:00,734.36,734.36,734.14,734.14,9903,pre-market,False
2026-07-30T12:34:00+00:00,734.13,734.41,733.95,734.24,4997,pre-market,False
2026-07-30T12:35:00+00:00,734.18,734.5,734.15,734.32,20089,pre-market,False
2026-07-30T12:36:00+00:00,734.49,734.65,734.35,734.4,12671,pre-market,False
2026-07-30T12:37:00+00:00,734.4,734.4,734.05,734.07,2223,pre-market,False
2026-07-30T12:38:00+00:00,734.08,734.21,734.07,734.15,3707,pre-market,False
2026-07-30T12:39:00+00:00,734.07,734.25,734.06,734.2,4719,pre-market,False
2026-07-30T12:40:00+00:00,734.21,734.23,733.93,733.98,3175,pre-market,False
2026-07-30T12:41:00+00:00,734.08,734.34,733.97,733.98,25647,pre-market,False
2026-07-30T12:42:00+00:00,734.02,734.33,733.95,734.17,1878,pre-market,False
2026-07-30T12:43:00+00:00,734.12,734.18,733.94,734.13,9520,pre-market,False
2026-07-30T12:44:00+00:00,734.16,734.16,734.1,734.13,380,pre-market,False
2026-07-30T12:45:00+00:00,734.13,734.19,734.1,734.13,1947,pre-market,False
2026-07-30T12:46:00+00:00,734.16,734.22,733.97,734.0,4175,pre-market,False
2026-07-30T12:47:00+00:00,734.08,734.11,733.94,734.05,20280,pre-market,False
2026-07-30T12:48:00+00:00,734.1,734.16,734.01,734.16,4052,pre-market,False
2026-07-30T12:49:00+00:00,734.2,734.2,734.09,734.15,5688,pre-market,False
2026-07-30T12:50:00+00:00,734.25,734.25,734.15,734.19,2949,pre-market,False
2026-07-30T12:51:00+00:00,734.16,734.34,734.16,734.24,13413,pre-market,False
2026-07-30T12:52:00+00:00,734.4,734.4,734.22,734.24,17112,pre-market,False
2026-07-30T12:53:00+00:00,734.24,734.34,734.16,734.34,1172,pre-market,False
2026-07-30T12:54:00+00:00,734.27,734.47,734.27,734.4,1314,pre-market,False
2026-07-30T12:55:00+00:00,734.35,734.4,734.35,734.4,989,pre-market,False
2026-07-30T12:56:00+00:00,734.25,734.37,734.22,734.36,1261,pre-market,False
2026-07-30T12:57:00+00:00,734.34,734.55,734.33,734.5,13361,pre-market,False
2026-07-30T12:58:00+00:00,734.48,734.61,734.4,734.49,8021,pre-market,False
2026-07-30T12:59:00+00:00,734.55,734.56,734.38,734.38,1115,pre-market,False
2026-07-30T13:00:00+00:00,734.41,734.89,734.35,734.8,11016,pre-market,False
2026-07-30T13:01:00+00:00,734.8,735.03,734.8,734.96,10889,pre-market,False
2026-07-30T13:02:00+00:00,734.98,735.03,734.93,734.95,5458,pre-market,False
2026-07-30T13:03:00+00:00,734.96,734.96,734.79,734.95,7393,pre-market,False
2026-07-30T13:04:00+00:00,734.94,735.03,734.89,734.98,13968,pre-market,False
2026-07-30T13:05:00+00:00,734.98,735.08,734.93,735.08,16448,pre-market,False
2026-07-30T13:06:00+00:00,735.14,735.2,735.01,735.2,10017,pre-market,False
2026-07-30T13:07:00+00:00,735.15,735.54,735.08,735.14,9139,pre-market,False
2026-07-30T13:08:00+00:00,735.2,735.2,734.97,735.04,3916,pre-market,False
2026-07-30T13:09:00+00:00,735.02,735.04,734.88,734.88,5530,pre-market,False
2026-07-30T13:10:00+00:00,734.8,734.91,734.67,734.68,5349,pre-market,False
2026-07-30T13:11:00+00:00,734.64,734.68,734.55,734.67,2909,pre-market,False
2026-07-30T13:12:00+00:00,734.65,734.77,734.6,734.77,6177,pre-market,False
2026-07-30T13:13:00+00:00,734.81,735.15,734.81,734.94,18728,pre-market,False
2026-07-30T13:14:00+00:00,735.0,735.0,734.72,734.8,1499,pre-market,False
2026-07-30T13:15:00+00:00,734.77,734.9,734.72,734.87,3459,pre-market,False
2026-07-30T13:16:00+00:00,734.86,734.94,734.83,734.86,1645,pre-market,False
2026-07-30T13:17:00+00:00,734.83,734.91,734.79,734.82,1311,pre-market,False
2026-07-30T13:18:00+00:00,734.87,735.13,734.79,735.06,2303,pre-market,False
2026-07-30T13:19:00+00:00,735.11,735.35,735.11,735.35,6117,pre-market,False
2026-07-30T13:20:00+00:00,735.31,735.32,735.05,735.12,2999,pre-market,False
2026-07-30T13:21:00+00:00,735.11,735.12,735.0,735.01,6037,pre-market,False
2026-07-30T13:22:00+00:00,735.01,735.11,735.0,735.08,3383,pre-market,False
2026-07-30T13:23:00+00:00,735.15,735.25,735.08,735.14,4315,pre-market,False
2026-07-30T13:24:00+00:00,735.14,735.27,735.11,735.26,3029,pre-market,False
2026-07-30T13:25:00+00:00,735.27,735.56,735.21,735.21,26388,pre-market,False
2026-07-30T13:26:00+00:00,735.25,735.32,735.23,735.25,7436,pre-market,False
2026-07-30T13:27:00+00:00,735.31,735.33,735.14,735.27,23465,pre-market,False
2026-07-30T13:28:00+00:00,735.26,735.43,735.17,735.39,37342,pre-market,False
2026-07-30T13:29:00+00:00,735.4,736.06,735.36,736.01,46161,pre-market,False
2026-07-30T13:30:00+00:00,736.03,736.27,735.16,735.51,845575,regular,False
2026-07-30T13:31:00+00:00,735.52,735.73,735.31,735.51,242917,regular,False
2026-07-30T13:32:00+00:00,735.51,735.77,735.34,735.48,273844,regular,False
2026-07-30T13:33:00+00:00,735.48,735.62,734.97,735.29,254551,regular,False
2026-07-30T13:34:00+00:00,735.3,735.7,735.07,735.45,248041,regular,False
2026-07-30T13:35:00+00:00,735.45,735.79,735.03,735.57,190286,regular,False
2026-07-30T13:36:00+00:00,735.56,735.84,735.33,735.73,226168,regular,False
2026-07-30T13:37:00+00:00,735.72,736.03,735.23,736.02,156673,regular,False
2026-07-30T13:38:00+00:00,736.0,736.05,735.43,735.51,201452,regular,False
2026-07-30T13:39:00+00:00,735.51,735.6,734.98,735.34,150044,regular,False
2026-07-30T13:40:00+00:00,735.31,735.44,734.63,734.74,206673,regular,False
2026-07-30T13:41:00+00:00,734.74,735.37,734.7,735.16,169186,regular,False
2026-07-30T13:42:00+00:00,735.13,736.05,735.03,735.88,183116,regular,False
2026-07-30T13:43:00+00:00,735.86,736.49,735.82,736.45,207735,regular,False
2026-07-30T13:44:00+00:00,736.46,736.79,736.34,736.4,215092,regular,False
2026-07-30T13:45:00+00:00,736.39,736.91,736.35,736.84,310431,regular,False
2026-07-30T13:46:00+00:00,736.86,737.38,736.77,737.28,216290,regular,False
2026-07-30T13:47:00+00:00,737.28,737.31,736.83,737.15,267612,regular,False
2026-07-30T13:48:00+00:00,737.15,737.31,736.96,737.14,208737,regular,False
2026-07-30T13:49:00+00:00,737.14,737.43,737.08,737.4,195095,regular,False
2026-07-30T13:50:00+00:00,737.39,738.31,737.07,738.1,292488,regular,False
2026-07-30T13:51:00+00:00,738.12,738.38,737.81,737.87,219466,regular,False
2026-07-30T13:52:00+00:00,737.87,737.91,737.26,737.58,215800,regular,False
2026-07-30T13:53:00+00:00,737.58,738.11,737.51,737.64,109045,regular,False
2026-07-30T13:54:00+00:00,737.63,737.99,737.56,737.87,115331,regular,False
2026-07-30T13:55:00+00:00,737.87,738.07,737.59,737.93,176385,regular,False
2026-07-30T13:56:00+00:00,737.93,738.05,737.64,737.86,155046,regular,False
2026-07-30T13:57:00+00:00,737.86,738.13,737.7,737.96,138374,regular,False
2026-07-30T13:58:00+00:00,737.97,738.09,737.72,738.08,205997,regular,False
2026-07-30T13:59:00+00:00,738.08,738.66,738.04,738.63,196478,regular,False
2026-07-30T14:00:00+00:00,738.63,738.72,738.28,738.72,378319,regular,False
2026-07-30T14:01:00+00:00,738.71,738.9,738.47,738.71,301825,regular,False
2026-07-30T14:02:00+00:00,738.71,738.99,738.5,738.69,220924,regular,False
2026-07-30T14:03:00+00:00,738.71,738.71,738.08,738.39,194386,regular,False
2026-07-30T14:04:00+00:00,738.4,738.8,738.34,738.58,164367,regular,False
2026-07-30T14:05:00+00:00,738.58,738.76,738.28,738.61,148673,regular,False
2026-07-30T14:06:00+00:00,738.62,738.91,738.36,738.63,92690,regular,False
2026-07-30T14:07:00+00:00,738.64,738.73,738.06,738.09,89144,regular,False
2026-07-30T14:08:00+00:00,738.11,738.13,737.65,737.75,187307,regular,False
2026-07-30T14:09:00+00:00,737.76,737.83,737.55,737.77,185160,regular,False
2026-07-30T14:10:00+00:00,737.76,737.96,737.49,737.65,138240,regular,False
2026-07-30T14:11:00+00:00,737.64,738.06,737.44,738.05,158234,regular,False
2026-07-30T14:12:00+00:00,738.05,738.16,737.76,737.94,90151,regular,False
2026-07-30T14:13:00+00:00,737.95,737.96,737.54,737.66,91174,regular,False
2026-07-30T14:14:00+00:00,737.67,738.03,737.65,737.98,109568,regular,False
2026-07-30T14:15:00+00:00,737.98,738.13,737.81,738.08,88780,regular,False
2026-07-30T14:16:00+00:00,738.09,738.38,737.95,738.33,62103,regular,False
2026-07-30T14:17:00+00:00,738.31,738.48,737.9,737.93,95827,regular,False
2026-07-30T14:18:00+00:00,737.93,737.94,737.38,737.77,158036,regular,False
2026-07-30T14:19:00+00:00,737.76,737.9,737.5,737.79,75457,regular,False
2026-07-30T14:20:00+00:00,737.79,737.93,737.62,737.87,82996,regular,False
2026-07-30T14:21:00+00:00,737.87,738.36,737.85,738.15,81552,regular,False
2026-07-30T14:22:00+00:00,738.17,738.38,737.87,738.31,77816,regular,False
2026-07-30T14:23:00+00:00,738.29,738.57,738.17,738.17,67181,regular,False
2026-07-30T14:24:00+00:00,738.17,738.34,737.75,737.97,112978,regular,False
2026-07-30T14:25:00+00:00,737.97,738.16,737.85,738.1,89559,regular,False
2026-07-30T14:26:00+00:00,738.1,738.25,737.73,738.16,60273,regular,False
2026-07-30T14:27:00+00:00,738.17,738.75,738.09,738.74,105403,regular,False
2026-07-30T14:28:00+00:00,738.73,739.3,738.72,739.01,119011,regular,False
2026-07-30T14:29:00+00:00,738.99,739.07,738.57,738.58,119075,regular,False
2026-07-30T14:30:00+00:00,738.64,738.7,738.18,738.64,198306,regular,False
2026-07-30T14:31:00+00:00,738.65,738.88,738.4,738.8,103825,regular,False
2026-07-30T14:32:00+00:00,738.81,738.87,738.56,738.75,74582,regular,False
2026-07-30T14:33:00+00:00,738.73,738.73,738.32,738.51,120373,regular,False
2026-07-30T14:34:00+00:00,738.5,738.57,738.05,738.36,134254,regular,False
2026-07-30T14:35:00+00:00,738.32,738.35,738.03,738.1,66367,regular,False
2026-07-30T14:36:00+00:00,738.08,738.89,738.04,738.79,111702,regular,False
2026-07-30T14:37:00+00:00,738.78,738.94,738.61,738.82,77876,regular,False
2026-07-30T14:38:00+00:00,738.81,738.81,738.49,738.59,68406,regular,False
2026-07-30T14:39:00+00:00,738.57,738.76,738.49,738.69,72143,regular,False
2026-07-30T14:40:00+00:00,738.69,738.97,738.55,738.92,75910,regular,False
2026-07-30T14:41:00+00:00,738.95,739.11,738.82,739.02,63039,regular,False
2026-07-30T14:42:00+00:00,739.03,739.11,738.51,738.53,62117,regular,False
2026-07-30T14:43:00+00:00,738.53,738.53,738.06,738.08,103602,regular,False
2026-07-30T14:44:00+00:00,738.07,738.07,737.68,737.84,104828,regular,False
2026-07-30T14:45:00+00:00,737.85,738.06,737.54,738.06,92782,regular,False
2026-07-30T14:46:00+00:00,738.06,738.15,737.6,737.71,79092,regular,False
2026-07-30T14:47:00+00:00,737.7,737.84,737.33,737.34,123705,regular,False
2026-07-30T14:48:00+00:00,737.34,737.34,736.83,737.12,128894,regular,False
2026-07-30T14:49:00+00:00,737.12,737.39,736.85,737.22,109100,regular,False
2026-07-30T14:50:00+00:00,737.22,737.36,736.98,737.04,85833,regular,False
2026-07-30T14:51:00+00:00,737.05,737.19,736.7,736.97,90970,regular,False
2026-07-30T14:52:00+00:00,736.98,737.01,736.65,736.66,85624,regular,False
2026-07-30T14:53:00+00:00,736.68,736.69,736.34,736.43,124381,regular,False
2026-07-30T14:54:00+00:00,736.43,736.44,736.08,736.21,120402,regular,False
2026-07-30T14:55:00+00:00,736.2,736.23,735.85,736.16,204132,regular,False
2026-07-30T14:56:00+00:00,736.15,736.22,735.6,735.8,174728,regular,False
2026-07-30T14:57:00+00:00,735.81,736.08,735.64,736.0,105783,regular,False
2026-07-30T14:58:00+00:00,736.0,736.27,735.82,736.2,131329,regular,False
2026-07-30T14:59:00+00:00,736.22,736.57,736.12,736.23,156610,regular,False
2026-07-30T15:00:00+00:00,736.23,736.28,735.31,735.48,134638,regular,False
2026-07-30T15:01:00+00:00,735.48,735.71,735.32,735.44,105160,regular,False
2026-07-30T15:02:00+00:00,735.43,735.93,735.26,735.93,151442,regular,False
2026-07-30T15:03:00+00:00,735.93,736.4,735.79,736.4,132795,regular,False
2026-07-30T15:04:00+00:00,736.37,736.59,735.95,736.27,136092,regular,False
2026-07-30T15:05:00+00:00,736.22,736.42,736.09,736.16,129348,regular,False
2026-07-30T15:06:00+00:00,736.17,736.23,735.76,735.84,109185,regular,False
2026-07-30T15:07:00+00:00,735.84,735.97,735.53,735.6,72708,regular,False
2026-07-30T15:08:00+00:00,735.6,735.94,735.39,735.92,94838,regular,False
2026-07-30T15:09:00+00:00,735.93,736.82,735.81,736.75,113792,regular,False
2026-07-30T15:10:00+00:00,736.74,736.77,735.85,735.92,99893,regular,False
2026-07-30T15:11:00+00:00,735.93,735.95,735.35,735.45,75906,regular,False
2026-07-30T15:12:00+00:00,735.44,735.61,735.31,735.52,85130,regular,False
2026-07-30T15:13:00+00:00,735.52,735.53,734.94,735.06,107475,regular,False
2026-07-30T15:14:00+00:00,735.06,735.26,734.83,734.89,78141,regular,False
2026-07-30T15:15:00+00:00,734.87,735.37,734.59,735.37,151817,regular,False
2026-07-30T15:16:00+00:00,735.42,735.73,735.3,735.4,96058,regular,False
2026-07-30T15:17:00+00:00,735.43,735.65,735.0,735.09,61467,regular,False
2026-07-30T15:18:00+00:00,735.08,735.47,735.06,735.38,69215,regular,False
2026-07-30T15:19:00+00:00,735.36,735.55,735.25,735.47,73562,regular,False
2026-07-30T15:20:00+00:00,735.48,735.52,735.23,735.44,53258,regular,False
2026-07-30T15:21:00+00:00,735.46,736.17,735.42,735.92,82720,regular,False
2026-07-30T15:22:00+00:00,735.9,736.09,735.67,735.9,74232,regular,False
2026-07-30T15:23:00+00:00,735.86,735.91,735.21,735.65,77859,regular,False
2026-07-30T15:24:00+00:00,735.63,735.65,735.27,735.43,185627,regular,False
2026-07-30T15:25:00+00:00,735.43,735.82,735.07,735.18,65945,regular,False
2026-07-30T15:26:00+00:00,735.15,735.3,734.63,735.3,127591,regular,False
2026-07-30T15:27:00+00:00,735.32,735.41,734.98,735.06,60715,regular,False
2026-07-30T15:28:00+00:00,735.09,735.14,734.83,735.02,72224,regular,False
2026-07-30T15:29:00+00:00,735.04,735.2,734.73,734.8,66891,regular,False
2026-07-30T15:30:00+00:00,734.84,734.98,734.68,734.8,74131,regular,False
2026-07-30T15:31:00+00:00,734.82,735.24,734.76,735.01,93931,regular,False
2026-07-30T15:32:00+00:00,734.99,735.29,734.96,735.14,51789,regular,False
2026-07-30T15:33:00+00:00,735.14,735.3,734.93,735.3,46729,regular,False
2026-07-30T15:34:00+00:00,735.29,736.08,735.12,736.08,91699,regular,False
2026-07-30T15:35:00+00:00,736.09,736.24,735.81,735.89,69981,regular,False
2026-07-30T15:36:00+00:00,735.87,736.46,735.87,736.46,64621,regular,False
2026-07-30T15:37:00+00:00,736.45,736.45,735.54,735.57,88962,regular,False
2026-07-30T15:38:00+00:00,735.58,735.77,735.45,735.65,45333,regular,False
2026-07-30T15:39:00+00:00,735.67,735.93,735.58,735.93,32719,regular,False
2026-07-30T15:40:00+00:00,735.92,736.24,735.78,736.1,71338,regular,False
2026-07-30T15:41:00+00:00,736.07,736.34,735.99,736.23,63305,regular,False
2026-07-30T15:42:00+00:00,736.22,736.45,736.0,736.45,85977,regular,False
2026-07-30T15:43:00+00:00,736.44,736.73,736.33,736.71,64562,regular,False
2026-07-30T15:44:00+00:00,736.71,736.97,736.62,736.62,83228,regular,False
2026-07-30T15:45:00+00:00,736.65,736.93,736.65,736.82,42637,regular,False
2026-07-30T15:46:00+00:00,736.81,737.15,736.77,737.07,73155,regular,False
2026-07-30T15:47:00+00:00,737.06,737.32,737.06,737.14,100941,regular,False
2026-07-30T15:48:00+00:00,737.14,737.21,736.87,736.93,66669,regular,False
2026-07-30T15:49:00+00:00,736.93,737.1,736.73,737.08,78099,regular,False
2026-07-30T15:50:00+00:00,737.08,737.22,736.77,736.86,65032,regular,False
2026-07-30T15:51:00+00:00,736.85,737.1,736.59,737.1,66779,regular,False
2026-07-30T15:52:00+00:00,737.09,737.09,736.38,736.63,76146,regular,False
2026-07-30T15:53:00+00:00,736.65,737.11,736.61,737.02,94290,regular,False
2026-07-30T15:54:00+00:00,737.05,737.25,736.87,737.23,61748,regular,False
2026-07-30T15:55:00+00:00,737.23,737.57,737.23,737.5,65094,regular,False
2026-07-30T15:56:00+00:00,737.52,737.67,737.4,737.4,68614,regular,False
2026-07-30T15:57:00+00:00,737.4,737.57,737.29,737.55,97443,regular,False
2026-07-30T15:58:00+00:00,737.57,737.57,737.25,737.37,39682,regular,False
2026-07-30T15:59:00+00:00,737.34,737.35,737.06,737.13,40743,regular,False
2026-07-30T16:00:00+00:00,737.15,737.18,736.87,737.07,68059,regular,False
2026-07-30T16:01:00+00:00,737.1,737.49,736.96,737.48,71046,regular,False
2026-07-30T16:02:00+00:00,737.5,737.75,737.37,737.75,62670,regular,False
2026-07-30T16:03:00+00:00,737.77,737.86,737.68,737.8,46350,regular,False
2026-07-30T16:04:00+00:00,737.79,738.35,737.76,738.28,99922,regular,False
2026-07-30T16:05:00+00:00,738.27,738.43,737.99,738.1,93438,regular,False
2026-07-30T16:06:00+00:00,738.11,738.27,737.98,738.0,88808,regular,False
2026-07-30T16:07:00+00:00,738.01,738.15,737.88,738.12,95712,regular,False
2026-07-30T16:08:00+00:00,738.12,738.25,737.97,738.23,38039,regular,False
2026-07-30T16:09:00+00:00,738.23,738.25,738.05,738.19,40905,regular,False
2026-07-30T16:10:00+00:00,738.18,738.5,738.13,738.39,48836,regular,False
2026-07-30T16:11:00+00:00,738.41,738.66,738.3,738.63,65715,regular,False
2026-07-30T16:12:00+00:00,738.61,738.8,738.52,738.8,56324,regular,False
2026-07-30T16:13:00+00:00,738.8,738.98,738.79,738.95,136400,regular,False
2026-07-30T16:14:00+00:00,738.97,738.98,738.72,738.87,39967,regular,False
2026-07-30T16:15:00+00:00,738.87,738.97,738.82,738.84,43407,regular,False
2026-07-30T16:16:00+00:00,738.86,739.07,738.85,739.06,62260,regular,False
2026-07-30T16:17:00+00:00,739.07,739.08,738.84,739.08,67317,regular,False
2026-07-30T16:18:00+00:00,739.07,739.13,738.82,739.09,47497,regular,False
2026-07-30T16:19:00+00:00,739.09,739.22,738.89,738.95,41179,regular,False
2026-07-30T16:20:00+00:00,738.95,739.13,738.86,739.08,70508,regular,False
2026-07-30T16:21:00+00:00,739.08,739.12,738.94,739.12,38796,regular,False
2026-07-30T16:22:00+00:00,739.11,739.12,738.83,738.85,34228,regular,False
2026-07-30T16:23:00+00:00,738.83,738.86,738.58,738.79,85605,regular,False
2026-07-30T16:24:00+00:00,738.78,738.86,738.59,738.67,42071,regular,False
2026-07-30T16:25:00+00:00,738.65,738.7,738.54,738.67,43146,regular,False
2026-07-30T16:26:00+00:00,738.64,738.77,738.58,738.72,27350,regular,False
2026-07-30T16:27:00+00:00,738.71,738.95,738.7,738.95,46295,regular,False
2026-07-30T16:28:00+00:00,738.97,738.97,738.71,738.81,35640,regular,False
2026-07-30T16:29:00+00:00,738.81,738.88,738.67,738.76,34081,regular,False
2026-07-30T16:30:00+00:00,738.77,738.89,738.47,738.49,50408,regular,False
2026-07-30T16:31:00+00:00,738.5,738.59,738.36,738.54,57374,regular,False
2026-07-30T16:32:00+00:00,738.58,738.7,738.4,738.68,34328,regular,False
2026-07-30T16:33:00+00:00,738.7,738.76,738.57,738.72,84830,regular,False
2026-07-30T16:34:00+00:00,738.75,738.83,738.59,738.74,58006,regular,False
2026-07-30T16:35:00+00:00,738.77,739.05,738.71,738.85,78095,regular,False
2026-07-30T16:36:00+00:00,738.85,738.97,738.74,738.84,38417,regular,False
2026-07-30T16:37:00+00:00,738.85,738.86,738.59,738.63,50597,regular,False
2026-07-30T16:38:00+00:00,738.64,738.67,738.49,738.56,25839,regular,False
2026-07-30T16:39:00+00:00,738.56,738.67,738.48,738.51,20104,regular,False
2026-07-30T16:40:00+00:00,738.51,738.55,738.08,738.09,62625,regular,False
2026-07-30T16:41:00+00:00,738.09,738.2,737.89,738.05,56602,regular,False
2026-07-30T16:42:00+00:00,738.08,738.13,737.8,737.91,44917,regular,False
2026-07-30T16:43:00+00:00,737.87,738.22,737.75,738.01,107844,regular,False
2026-07-30T16:44:00+00:00,737.99,738.08,737.89,738.03,108127,regular,False
2026-07-30T16:45:00+00:00,738.04,738.48,738.0,738.4,80181,regular,False
2026-07-30T16:46:00+00:00,738.4,738.75,738.4,738.56,95868,regular,False
2026-07-30T16:47:00+00:00,738.57,738.64,738.43,738.5,41676,regular,False
2026-07-30T16:48:00+00:00,738.49,738.57,738.44,738.46,15214,regular,False
2026-07-30T16:49:00+00:00,738.43,738.62,738.39,738.56,30386,regular,False
2026-07-30T16:50:00+00:00,738.59,738.67,738.27,738.39,36979,regular,False
2026-07-30T16:51:00+00:00,738.4,738.85,738.39,738.84,35246,regular,False
2026-07-30T16:52:00+00:00,738.84,739.17,738.79,739.14,65414,regular,False
2026-07-30T16:53:00+00:00,739.15,739.16,738.89,739.0,63080,regular,False
2026-07-30T16:54:00+00:00,738.98,739.08,738.94,738.97,29501,regular,False
2026-07-30T16:55:00+00:00,738.97,739.12,738.86,739.08,48106,regular,False
2026-07-30T16:56:00+00:00,739.07,739.17,738.98,739.06,22964,regular,False
2026-07-30T16:57:00+00:00,739.06,739.09,738.88,738.89,24944,regular,False
2026-07-30T16:58:00+00:00,738.89,739.01,738.78,738.99,45995,regular,False
2026-07-30T16:59:00+00:00,739.02,739.04,738.93,738.99,41605,regular,False
2026-07-30T17:00:00+00:00,738.98,739.89,738.97,739.77,176180,regular,False
2026-07-30T17:01:00+00:00,739.78,740.05,739.74,740.02,114681,regular,False
2026-07-30T17:02:00+00:00,740.02,740.05,739.73,739.78,94255,regular,False
2026-07-30T17:03:00+00:00,739.79,739.92,739.73,739.75,68124,regular,False
2026-07-30T17:04:00+00:00,739.79,739.98,739.77,739.95,40172,regular,False
2026-07-30T17:05:00+00:00,739.96,740.0,739.85,739.91,55312,regular,False
2026-07-30T17:06:00+00:00,739.91,740.13,739.86,739.92,69842,regular,False
2026-07-30T17:07:00+00:00,739.94,739.95,739.68,739.74,92911,regular,False
2026-07-30T17:08:00+00:00,739.74,739.8,739.65,739.75,54250,regular,False
2026-07-30T17:09:00+00:00,739.73,739.8,739.61,739.78,28833,regular,False
2026-07-30T17:10:00+00:00,739.79,739.99,739.76,739.85,39804,regular,False
2026-07-30T17:11:00+00:00,739.84,739.91,739.67,739.91,31437,regular,False
2026-07-30T17:12:00+00:00,739.9,739.93,739.53,739.71,59623,regular,False
2026-07-30T17:13:00+00:00,739.71,739.78,739.66,739.73,26484,regular,False
2026-07-30T17:14:00+00:00,739.74,739.81,739.69,739.7,24892,regular,False
2026-07-30T17:15:00+00:00,739.7,739.81,739.64,739.64,32779,regular,False
2026-07-30T17:16:00+00:00,739.65,740.04,739.65,740.0,41261,regular,False
2026-07-30T17:17:00+00:00,740.0,740.1,739.96,739.98,36044,regular,False
2026-07-30T17:18:00+00:00,739.99,740.03,739.8,739.84,44770,regular,False
2026-07-30T17:19:00+00:00,739.84,740.24,739.83,740.18,66565,regular,False
2026-07-30T17:20:00+00:00,740.17,740.18,739.96,740.15,50776,regular,False
2026-07-30T17:21:00+00:00,740.15,740.17,740.01,740.11,31316,regular,False
2026-07-30T17:22:00+00:00,740.08,740.09,739.76,739.8,42591,regular,False
2026-07-30T17:23:00+00:00,739.8,740.0,739.79,739.98,31945,regular,False
2026-07-30T17:24:00+00:00,739.97,739.99,739.85,739.98,42766,regular,False
2026-07-30T17:25:00+00:00,739.96,739.97,739.78,739.86,38963,regular,False
2026-07-30T17:26:00+00:00,739.85,739.87,739.71,739.8,30520,regular,False
2026-07-30T17:27:00+00:00,739.79,739.99,739.79,739.86,40868,regular,False
2026-07-30T17:28:00+00:00,739.85,739.9,739.65,739.76,49187,regular,False
2026-07-30T17:29:00+00:00,739.75,739.8,739.66,739.76,36045,regular,False
2026-07-30T17:30:00+00:00,739.77,740.01,739.73,739.85,67590,regular,False
2026-07-30T17:31:00+00:00,739.86,739.86,739.7,739.77,44670,regular,False
2026-07-30T17:32:00+00:00,739.78,739.79,739.62,739.64,51193,regular,False
2026-07-30T17:33:00+00:00,739.64,739.69,739.45,739.54,74423,regular,False
2026-07-30T17:34:00+00:00,739.54,739.58,739.38,739.53,54430,regular,False
2026-07-30T17:35:00+00:00,739.54,739.75,739.51,739.74,45807,regular,False
2026-07-30T17:36:00+00:00,739.74,739.89,739.68,739.88,89585,regular,False
2026-07-30T17:37:00+00:00,739.88,739.93,739.48,739.53,59993,regular,False
2026-07-30T17:38:00+00:00,739.55,739.57,739.19,739.5,89806,regular,False
2026-07-30T17:39:00+00:00,739.52,739.52,739.28,739.3,50160,regular,False
2026-07-30T17:40:00+00:00,739.35,739.64,739.35,739.58,65451,regular,False
2026-07-30T17:41:00+00:00,739.58,739.76,739.57,739.72,93824,regular,False
2026-07-30T17:42:00+00:00,739.71,739.98,739.69,739.74,43507,regular,False
2026-07-30T17:43:00+00:00,739.77,740.16,739.77,739.96,42384,regular,False
2026-07-30T17:44:00+00:00,739.94,739.99,739.87,739.91,44617,regular,False
2026-07-30T17:45:00+00:00,739.91,740.02,739.88,739.89,48282,regular,False
2026-07-30T17:46:00+00:00,739.89,740.16,739.87,740.11,37265,regular,False
2026-07-30T17:47:00+00:00,740.13,740.16,739.95,739.96,30544,regular,False
2026-07-30T17:48:00+00:00,739.95,740.11,739.93,740.1,30052,regular,False
2026-07-30T17:49:00+00:00,740.1,740.1,739.86,739.87,40595,regular,False
2026-07-30T17:50:00+00:00,739.87,740.1,739.82,740.1,40645,regular,False
2026-07-30T17:51:00+00:00,740.09,740.38,740.07,740.3,72034,regular,False
2026-07-30T17:52:00+00:00,740.3,740.34,739.98,740.1,61113,regular,False
2026-07-30T17:53:00+00:00,740.1,740.11,739.88,739.88,36632,regular,False
2026-07-30T17:54:00+00:00,739.85,740.03,739.85,739.87,28446,regular,False
2026-07-30T17:55:00+00:00,739.86,739.91,739.65,739.91,38865,regular,False
2026-07-30T17:56:00+00:00,739.91,739.97,739.77,739.9,21984,regular,False
2026-07-30T17:57:00+00:00,739.88,739.99,739.84,739.94,25548,regular,False
2026-07-30T17:58:00+00:00,739.94,739.96,739.72,739.81,37071,regular,False
2026-07-30T17:59:00+00:00,739.82,739.95,739.73,739.79,30314,regular,False
2026-07-30T18:00:00+00:00,739.78,740.1,739.78,740.04,62349,regular,False
2026-07-30T18:01:00+00:00,740.05,740.25,740.04,740.2,95992,regular,False
2026-07-30T18:02:00+00:00,740.19,740.3,740.1,740.21,48639,regular,False
2026-07-30T18:03:00+00:00,740.2,740.25,739.95,740.01,44138,regular,False
2026-07-30T18:04:00+00:00,740.02,740.03,739.72,739.76,55803,regular,False
2026-07-30T18:05:00+00:00,739.74,739.99,739.7,739.93,73764,regular,False
2026-07-30T18:06:00+00:00,739.95,740.06,739.91,740.06,45460,regular,False
2026-07-30T18:07:00+00:00,740.09,740.14,739.98,740.02,44488,regular,False
2026-07-30T18:08:00+00:00,740.01,740.16,739.91,740.16,86825,regular,False
2026-07-30T18:09:00+00:00,740.16,740.22,740.08,740.09,63763,regular,False
2026-07-30T18:10:00+00:00,740.12,740.19,740.0,740.12,41625,regular,False
2026-07-30T18:11:00+00:00,740.11,740.19,740.02,740.19,48113,regular,False
2026-07-30T18:12:00+00:00,740.19,740.19,739.98,740.15,44153,regular,False
2026-07-30T18:13:00+00:00,740.15,740.18,740.03,740.14,32574,regular,False
2026-07-30T18:14:00+00:00,740.14,740.3,740.09,740.2,60227,regular,False
2026-07-30T18:15:00+00:00,740.22,740.31,740.11,740.18,37494,regular,False
2026-07-30T18:16:00+00:00,740.17,740.29,740.15,740.18,51624,regular,False
2026-07-30T18:17:00+00:00,740.18,740.2,740.06,740.16,36880,regular,False
2026-07-30T18:18:00+00:00,740.16,740.36,740.11,740.27,50516,regular,False
2026-07-30T18:19:00+00:00,740.25,740.26,740.08,740.17,53346,regular,False
2026-07-30T18:20:00+00:00,740.15,740.27,740.06,740.18,60187,regular,False
2026-07-30T18:21:00+00:00,740.18,740.4,740.16,740.31,47571,regular,False
2026-07-30T18:22:00+00:00,740.31,740.43,740.22,740.42,54462,regular,False
2026-07-30T18:23:00+00:00,740.4,740.44,740.27,740.33,48286,regular,False
2026-07-30T18:24:00+00:00,740.33,740.39,740.29,740.31,32193,regular,False
2026-07-30T18:25:00+00:00,740.3,740.39,740.24,740.24,40912,regular,False
2026-07-30T18:26:00+00:00,740.24,740.28,740.12,740.22,34886,regular,False
2026-07-30T18:27:00+00:00,740.24,740.36,740.23,740.3,34321,regular,False
2026-07-30T18:28:00+00:00,740.27,740.4,740.22,740.35,41491,regular,False
2026-07-30T18:29:00+00:00,740.36,740.41,740.31,740.38,42618,regular,False
2026-07-30T18:30:00+00:00,740.4,740.59,740.34,740.57,59101,regular,False
2026-07-30T18:31:00+00:00,740.56,740.57,740.26,740.39,92942,regular,False
2026-07-30T18:32:00+00:00,740.39,740.41,740.2,740.28,59213,regular,False
2026-07-30T18:33:00+00:00,740.3,740.43,740.29,740.31,49720,regular,False
2026-07-30T18:34:00+00:00,740.31,740.35,740.2,740.32,45443,regular,False
2026-07-30T18:35:00+00:00,740.31,740.34,740.22,740.31,40932,regular,False
2026-07-30T18:36:00+00:00,740.29,740.38,740.23,740.29,35838,regular,False
2026-07-30T18:37:00+00:00,740.29,740.31,740.06,740.16,76788,regular,False
2026-07-30T18:38:00+00:00,740.16,740.35,740.12,740.14,78248,regular,False
2026-07-30T18:39:00+00:00,740.13,740.17,740.03,740.12,100421,regular,False
2026-07-30T18:40:00+00:00,740.11,740.37,740.07,740.31,168784,regular,False
2026-07-30T18:41:00+00:00,740.29,740.33,740.13,740.16,69530,regular,False
2026-07-30T18:42:00+00:00,740.16,740.3,740.09,740.12,71824,regular,False
2026-07-30T18:43:00+00:00,740.14,740.26,740.14,740.24,45051,regular,False
2026-07-30T18:44:00+00:00,740.24,740.39,740.17,740.33,58521,regular,False
2026-07-30T18:45:00+00:00,740.34,740.44,740.31,740.43,68946,regular,False
2026-07-30T18:46:00+00:00,740.44,740.54,740.36,740.5,53637,regular,False
2026-07-30T18:47:00+00:00,740.51,740.57,740.44,740.53,39891,regular,False
2026-07-30T18:48:00+00:00,740.54,740.58,740.43,740.44,51698,regular,False
2026-07-30T18:49:00+00:00,740.43,740.52,740.4,740.51,48246,regular,False
2026-07-30T18:50:00+00:00,740.5,740.69,740.49,740.53,112519,regular,False
2026-07-30T18:51:00+00:00,740.55,740.56,740.39,740.49,67684,regular,False
2026-07-30T18:52:00+00:00,740.5,740.62,740.47,740.5,55056,regular,False
2026-07-30T18:53:00+00:00,740.51,740.65,740.46,740.59,69958,regular,False
2026-07-30T18:54:00+00:00,740.59,740.64,740.48,740.5,58284,regular,False
2026-07-30T18:55:00+00:00,740.49,740.6,740.48,740.5,59085,regular,False
2026-07-30T18:56:00+00:00,740.5,740.63,740.39,740.61,39802,regular,False
2026-07-30T18:57:00+00:00,740.61,740.64,740.5,740.57,51524,regular,False
2026-07-30T18:58:00+00:00,740.56,740.61,740.5,740.53,52995,regular,False
2026-07-30T18:59:00+00:00,740.54,740.83,740.53,740.77,69025,regular,False
2026-07-30T19:00:00+00:00,740.75,741.04,740.74,740.99,114607,regular,False
2026-07-30T19:01:00+00:00,741.01,741.13,740.97,741.1,82528,regular,False
2026-07-30T19:02:00+00:00,741.1,741.36,741.09,741.16,91540,regular,False
2026-07-30T19:03:00+00:00,741.15,741.21,741.07,741.08,80588,regular,False
2026-07-30T19:04:00+00:00,741.08,741.25,741.05,741.22,75341,regular,False
2026-07-30T19:05:00+00:00,741.23,741.32,741.14,741.29,134341,regular,False
2026-07-30T19:06:00+00:00,741.29,741.43,741.2,741.42,119593,regular,False
2026-07-30T19:07:00+00:00,741.42,741.59,741.39,741.55,125024,regular,False
2026-07-30T19:08:00+00:00,741.54,741.69,741.47,741.68,77332,regular,False
2026-07-30T19:09:00+00:00,741.68,741.81,741.65,741.78,89199,regular,False
2026-07-30T19:10:00+00:00,741.78,742.25,741.76,742.15,122345,regular,False
2026-07-30T19:11:00+00:00,742.16,742.21,742.0,742.0,90226,regular,False
2026-07-30T19:12:00+00:00,742.01,742.3,742.01,742.25,138891,regular,False
2026-07-30T19:13:00+00:00,742.24,742.3,742.11,742.21,94460,regular,False
2026-07-30T19:14:00+00:00,742.2,742.25,742.07,742.07,80931,regular,False
2026-07-30T19:15:00+00:00,742.06,742.11,741.81,741.94,116636,regular,False
2026-07-30T19:16:00+00:00,741.92,742.2,741.91,742.17,129378,regular,False
2026-07-30T19:17:00+00:00,742.2,742.27,742.14,742.24,47278,regular,False
2026-07-30T19:18:00+00:00,742.25,742.45,742.18,742.42,61981,regular,False
2026-07-30T19:19:00+00:00,742.42,742.42,742.23,742.29,70887,regular,False
2026-07-30T19:20:00+00:00,742.31,742.31,742.15,742.24,70348,regular,False
2026-07-30T19:21:00+00:00,742.21,742.3,742.1,742.1,76281,regular,False
2026-07-30T19:22:00+00:00,742.12,742.18,741.96,742.01,69735,regular,False
2026-07-30T19:23:00+00:00,742.01,742.16,741.96,742.16,65455,regular,False
2026-07-30T19:24:00+00:00,742.16,742.25,742.03,742.04,78558,regular,False
2026-07-30T19:25:00+00:00,742.03,742.16,741.99,742.06,62459,regular,False
2026-07-30T19:26:00+00:00,742.05,742.21,742.0,742.17,78082,regular,False
2026-07-30T19:27:00+00:00,742.17,742.19,741.99,742.07,113663,regular,False
2026-07-30T19:28:00+00:00,742.07,742.14,741.93,741.98,95136,regular,False
2026-07-30T19:29:00+00:00,741.99,742.0,741.74,741.78,144765,regular,False
2026-07-30T19:30:00+00:00,741.77,741.99,741.71,741.95,137167,regular,False
2026-07-30T19:31:00+00:00,741.95,741.99,741.71,741.85,116918,regular,False
2026-07-30T19:32:00+00:00,741.86,741.91,741.65,741.7,91734,regular,False
2026-07-30T19:33:00+00:00,741.7,741.84,741.68,741.81,81117,regular,False
2026-07-30T19:34:00+00:00,741.81,741.89,741.69,741.77,99104,regular,False
2026-07-30T19:35:00+00:00,741.77,741.85,741.64,741.65,278349,regular,False
2026-07-30T19:36:00+00:00,741.64,741.64,741.43,741.47,321677,regular,False
2026-07-30T19:37:00+00:00,741.47,741.74,741.45,741.66,110395,regular,False
2026-07-30T19:38:00+00:00,741.66,741.9,741.62,741.7,91689,regular,False
2026-07-30T19:39:00+00:00,741.72,741.82,741.67,741.73,149426,regular,False
2026-07-30T19:40:00+00:00,741.73,741.79,741.55,741.7,139998,regular,False
2026-07-30T19:41:00+00:00,741.68,741.84,741.63,741.78,145521,regular,False
2026-07-30T19:42:00+00:00,741.78,741.79,741.52,741.68,238113,regular,False
2026-07-30T19:43:00+00:00,741.68,741.91,741.62,741.85,106954,regular,False
2026-07-30T19:44:00+00:00,741.85,741.89,741.78,741.79,145151,regular,False
2026-07-30T19:45:00+00:00,741.8,741.88,741.69,741.79,175143,regular,False
2026-07-30T19:46:00+00:00,741.78,741.87,741.59,741.61,240675,regular,False
2026-07-30T19:47:00+00:00,741.61,741.69,741.5,741.6,249197,regular,False
2026-07-30T19:48:00+00:00,741.61,741.64,741.41,741.42,359557,regular,False
2026-07-30T19:49:00+00:00,741.43,741.62,741.31,741.61,284841,regular,False
2026-07-30T19:50:00+00:00,741.59,741.65,741.29,741.45,279068,regular,False
2026-07-30T19:51:00+00:00,741.42,741.49,741.16,741.36,306005,regular,False
2026-07-30T19:52:00+00:00,741.36,741.5,741.28,741.5,314598,regular,False
2026-07-30T19:53:00+00:00,741.49,741.59,741.17,741.19,359409,regular,False
2026-07-30T19:54:00+00:00,741.16,741.58,741.14,741.39,310772,regular,False
2026-07-30T19:55:00+00:00,741.41,741.41,741.0,741.18,626282,regular,False
2026-07-30T19:56:00+00:00,741.18,741.59,741.15,741.41,360863,regular,False
2026-07-30T19:57:00+00:00,741.39,741.63,741.35,741.61,456281,regular,False
2026-07-30T19:58:00+00:00,741.6,741.68,741.41,741.52,728123,regular,False
2026-07-30T19:59:00+00:00,741.52,742.1,741.27,741.71,1734203,regular,False
2026-07-30T20:00:00+00:00,741.71,741.86,741.33,741.58,1600223,after-market,False
2026-07-30T20:01:00+00:00,741.72,743.68,741.6,743.46,123077,after-market,False
2026-07-30T20:02:00+00:00,743.35,743.47,742.94,743.4,57844,after-market,False
2026-07-30T20:03:00+00:00,743.4,743.53,743.06,743.09,38278,after-market,False
2026-07-30T20:04:00+00:00,743.07,743.66,742.95,743.66,58439,after-market,False
2026-07-30T20:05:00+00:00,743.63,743.64,743.18,743.28,39651,after-market,False
2026-07-30T20:06:00+00:00,743.33,743.52,743.2,743.25,46148,after-market,False
2026-07-30T20:07:00+00:00,743.25,743.54,743.25,743.3,59845,after-market,False
2026-07-30T20:08:00+00:00,743.27,743.37,743.05,743.05,45053,after-market,False
2026-07-30T20:09:00+00:00,743.08,743.1,742.81,742.88,47058,after-market,False
2026-07-30T20:10:00+00:00,742.86,742.97,742.6,742.81,63793,after-market,False
2026-07-30T20:11:00+00:00,742.86,742.95,742.52,742.54,66956,after-market,False
2026-07-30T20:12:00+00:00,742.55,743.08,742.54,743.03,23039,after-market,False
2026-07-30T20:13:00+00:00,743.03,743.24,743.03,743.24,5311,after-market,False
2026-07-30T20:14:00+00:00,743.14,743.41,743.13,743.21,9455,after-market,False
2026-07-30T20:15:00+00:00,743.24,743.55,743.22,743.55,3862,after-market,False
2026-07-30T20:16:00+00:00,743.55,743.6,743.3,743.49,29508,after-market,False
2026-07-30T20:17:00+00:00,743.45,743.45,743.18,743.22,32893,after-market,False
2026-07-30T20:18:00+00:00,743.37,743.48,743.15,743.4,12723,after-market,False
2026-07-30T20:19:00+00:00,743.54,743.57,743.45,743.49,14115,after-market,False
2026-07-30T20:20:00+00:00,743.5,743.7,743.46,743.56,2446,after-market,False
2026-07-30T20:21:00+00:00,743.59,743.59,743.31,743.33,11482,after-market,False
2026-07-30T20:22:00+00:00,743.33,743.56,743.33,743.5,34942,after-market,False
2026-07-30T20:23:00+00:00,743.48,743.68,743.48,743.59,42636,after-market,False
2026-07-30T20:24:00+00:00,743.57,743.6,743.46,743.59,12523,after-market,False
2026-07-30T20:25:00+00:00,743.57,743.58,743.35,743.42,43490,after-market,False
2026-07-30T20:26:00+00:00,743.43,743.58,743.43,743.58,30505,after-market,False
2026-07-30T20:27:00+00:00,743.56,743.56,743.36,743.36,14726,after-market,False
2026-07-30T20:28:00+00:00,743.36,743.6,743.36,743.58,12799,after-market,False
2026-07-30T20:29:00+00:00,743.55,743.58,743.43,743.58,2846,after-market,False
2026-07-30T20:30:00+00:00,743.57,744.2,742.6,742.6,54549,after-market,False
2026-07-30T20:31:00+00:00,742.62,742.97,742.5,742.5,13761,after-market,False
2026-07-30T20:32:00+00:00,742.59,743.01,742.54,743.01,19002,after-market,False
2026-07-30T20:33:00+00:00,743.15,743.28,742.66,743.02,30803,after-market,False
2026-07-30T20:34:00+00:00,743.03,743.08,742.94,742.96,3207,after-market,False
2026-07-30T20:35:00+00:00,742.96,742.96,742.62,742.63,5826,after-market,False
2026-07-30T20:36:00+00:00,742.63,742.68,742.5,742.58,13904,after-market,False
2026-07-30T20:37:00+00:00,742.53,742.58,742.42,742.58,5348,after-market,False
2026-07-30T20:38:00+00:00,742.62,742.84,742.52,742.58,73834,after-market,False
2026-07-30T20:39:00+00:00,742.66,742.78,742.58,742.67,12416,after-market,False
2026-07-30T20:40:00+00:00,742.5,742.53,742.35,742.38,3999,after-market,False
2026-07-30T20:41:00+00:00,742.38,742.38,742.2,742.33,6336,after-market,False
2026-07-30T20:42:00+00:00,742.34,742.6,742.34,742.6,15276,after-market,False
2026-07-30T20:43:00+00:00,742.65,742.66,742.45,742.56,11144,after-market,False
2026-07-30T20:44:00+00:00,742.58,742.65,742.47,742.65,3171,after-market,False
2026-07-30T20:45:00+00:00,742.6,742.65,742.45,742.48,15146,after-market,False
2026-07-30T20:46:00+00:00,742.46,742.53,742.37,742.37,3490,after-market,False
2026-07-30T20:47:00+00:00,742.4,742.4,742.29,742.32,4511,after-market,False
2026-07-30T20:48:00+00:00,742.32,742.35,742.22,742.22,2747,after-market,False
2026-07-30T20:49:00+00:00,742.25,742.34,742.16,742.16,4465,after-market,False
2026-07-30T20:50:00+00:00,742.21,742.32,741.99,741.99,8301,after-market,False
2026-07-30T20:51:00+00:00,742.02,742.1,741.95,742.0,4870,after-market,False
2026-07-30T20:52:00+00:00,742.05,742.08,741.83,741.85,4326,after-market,False
2026-07-30T20:53:00+00:00,741.94,742.09,741.92,742.09,6093,after-market,False
2026-07-30T20:54:00+00:00,742.12,742.19,741.92,741.92,1729,after-market,False
2026-07-30T20:55:00+00:00,742.2,742.2,742.1,742.11,330,after-market,False
2026-07-30T20:56:00+00:00,742.06,742.07,741.8,741.83,2974,after-market,False
2026-07-30T20:57:00+00:00,741.87,741.91,741.84,741.86,1577,after-market,False
2026-07-30T20:58:00+00:00,741.91,742.14,741.91,742.14,1095,after-market,False
2026-07-30T20:59:00+00:00,742.01,742.08,742.0,742.04,1218,after-market,False
2026-07-30T21:00:00+00:00,742.0,742.0,741.95,741.95,191,after-market,False
2026-07-30T21:01:00+00:00,741.95,741.95,741.95,741.95,0,after-market,False
2026-07-30T21:02:00+00:00,742.1,742.1,742.0,742.09,457,after-market,False
2026-07-30T21:03:00+00:00,742.09,742.17,742.0,742.11,1853,after-market,False
2026-07-30T21:04:00+00:00,742.0,742.03,741.95,741.95,2343,after-market,False
2026-07-30T21:05:00+00:00,741.97,742.08,741.97,742.08,1106,after-market,False
2026-07-30T21:06:00+00:00,742.06,742.06,742.06,742.06,720,after-market,False
2026-07-30T21:07:00+00:00,742.0,742.06,742.0,742.06,1046,after-market,False
2026-07-30T21:08:00+00:00,742.01,742.06,742.01,742.02,2929,after-market,False
2026-07-30T21:09:00+00:00,742.01,742.01,741.93,741.93,1143,after-market,False
2026-07-30T21:10:00+00:00,741.99,742.06,741.99,742.0,410,after-market,False
2026-07-30T21:11:00+00:00,742.0,742.06,742.0,742.06,3041,after-market,False
2026-07-30T21:12:00+00:00,742.06,742.08,742.06,742.08,6932,after-market,False
2026-07-30T21:13:00+00:00,742.06,742.06,742.03,742.03,462,after-market,False
2026-07-30T21:14:00+00:00,742.02,742.1,741.94,742.1,992,after-market,False
2026-07-30T21:15:00+00:00,742.08,742.08,742.08,742.08,517,after-market,False
2026-07-30T21:16:00+00:00,742.08,742.3,742.08,742.29,7980,after-market,False
2026-07-30T21:17:00+00:00,742.26,742.26,742.24,742.25,5069,after-market,False
2026-07-30T21:18:00+00:00,742.16,742.16,742.15,742.16,65,after-market,False
2026-07-30T21:19:00+00:00,742.25,742.3,742.16,742.3,1189,after-market,False
2026-07-30T21:20:00+00:00,742.35,742.4,742.35,742.4,1207,after-market,False
2026-07-30T21:21:00+00:00,742.4,742.4,742.4,742.4,0,after-market,False
2026-07-30T21:22:00+00:00,742.35,742.35,742.16,742.16,1080,after-market,False
2026-07-30T21:23:00+00:00,742.16,742.4,742.16,742.16,2053,after-market,False
2026-07-30T21:24:00+00:00,742.15,742.16,742.15,742.15,1318,after-market,False
2026-07-30T21:25:00+00:00,742.1,742.15,742.1,742.15,85,after-market,False
2026-07-30T21:26:00+00:00,742.1,742.1,741.95,741.95,13021,after-market,False
2026-07-30T21:27:00+00:00,741.99,742.03,741.76,741.78,11343,after-market,False
2026-07-30T21:28:00+00:00,741.8,741.87,741.7,741.7,16552,after-market,False
2026-07-30T21:29:00+00:00,741.7,741.74,741.51,741.63,3987,after-market,False
2026-07-30T21:30:00+00:00,741.63,741.72,741.61,741.61,22015,after-market,False
2026-07-30T21:31:00+00:00,741.69,741.74,741.6,741.69,14124,after-market,False
2026-07-30T21:32:00+00:00,741.68,741.68,741.53,741.53,690,after-market,False
2026-07-30T21:33:00+00:00,741.52,741.65,741.44,741.53,19509,after-market,False
2026-07-30T21:34:00+00:00,741.6,741.69,741.6,741.65,4155,after-market,False
2026-07-30T21:35:00+00:00,741.74,741.79,741.74,741.79,776,after-market,False
2026-07-30T21:36:00+00:00,741.7,741.71,741.7,741.7,1692,after-market,False
2026-07-30T21:37:00+00:00,741.71,741.71,741.7,741.71,60,after-market,False
2026-07-30T21:38:00+00:00,741.71,741.74,741.7,741.74,271,after-market,False
2026-07-30T21:39:00+00:00,741.79,741.92,741.74,741.92,5959,after-market,False
2026-07-30T21:40:00+00:00,741.92,742.0,741.92,742.0,4043,after-market,False
2026-07-30T21:41:00+00:00,742.09,742.13,741.69,742.1,77419,after-market,False
2026-07-30T21:42:00+00:00,741.97,741.97,741.97,741.97,292,after-market,False
2026-07-30T21:43:00+00:00,742.1,742.2,741.96,742.13,2830,after-market,False
2026-07-30T21:44:00+00:00,742.13,742.15,742.0,742.06,1476,after-market,False
2026-07-30T21:45:00+00:00,742.09,742.09,741.99,741.99,323,after-market,False
2026-07-30T21:46:00+00:00,742.04,742.04,742.04,742.04,61,after-market,False
2026-07-30T21:47:00+00:00,742.09,742.18,742.09,742.18,980,after-market,False
2026-07-30T21:48:00+00:00,742.17,742.17,742.05,742.05,500,after-market,False
2026-07-30T21:49:00+00:00,742.1,742.14,742.1,742.14,1196,after-market,False
2026-07-30T21:50:00+00:00,742.14,742.14,742.1,742.1,1114,after-market,False
2026-07-30T21:51:00+00:00,742.15,742.23,742.15,742.23,1412,after-market,False
2026-07-30T21:52:00+00:00,742.18,742.35,742.18,742.35,663,after-market,False
2026-07-30T21:53:00+00:00,742.25,742.26,742.18,742.21,512,after-market,False
2026-07-30T21:54:00+00:00,742.21,742.26,742.21,742.26,1741,after-market,False
2026-07-30T21:55:00+00:00,742.19,742.27,742.19,742.27,727,after-market,False
2026-07-30T21:56:00+00:00,742.23,742.23,741.91,741.91,1346,after-market,False
2026-07-30T21:57:00+00:00,741.96,741.96,741.96,741.96,616,after-market,False
2026-07-30T21:58:00+00:00,741.93,742.05,741.93,742.05,899,after-market,False
2026-07-30T21:59:00+00:00,742.19,742.19,742.18,742.19,50,after-market,False
2026-07-30T22:00:00+00:00,742.04,742.04,741.31,741.68,36051,after-market,False
2026-07-30T22:01:00+00:00,741.7,742.32,741.58,742.26,6194,after-market,False
2026-07-30T22:02:00+00:00,742.19,742.3,742.13,742.3,551,after-market,False
2026-07-30T22:03:00+00:00,742.26,742.4,742.26,742.4,1703,after-market,False
2026-07-30T22:04:00+00:00,742.4,742.4,742.31,742.31,1758,after-market,False
2026-07-30T22:05:00+00:00,742.4,742.4,742.31,742.37,393,after-market,False
2026-07-30T22:06:00+00:00,742.37,742.37,742.3,742.3,88,after-market,False
2026-07-30T22:07:00+00:00,742.2,742.27,742.2,742.26,1633,after-market,False
2026-07-30T22:08:00+00:00,742.26,742.26,742.26,742.26,0,after-market,False
2026-07-30T22:09:00+00:00,742.37,742.41,742.37,742.37,3135,after-market,False
2026-07-30T22:10:00+00:00,742.45,742.49,742.37,742.49,6030,after-market,False
2026-07-30T22:11:00+00:00,742.5,742.51,742.41,742.5,601,after-market,False
2026-07-30T22:12:00+00:00,742.34,742.34,742.29,742.29,1118,after-market,False
2026-07-30T22:13:00+00:00,742.22,742.22,742.07,742.2,2227,after-market,False
2026-07-30T22:14:00+00:00,742.2,742.2,742.2,742.2,0,after-market,False
2026-07-30T22:15:00+00:00,742.22,742.22,742.22,742.22,100,after-market,False
2026-07-30T22:16:00+00:00,742.29,742.55,742.29,742.54,1513,after-market,False
2026-07-30T22:17:00+00:00,742.5,742.56,742.44,742.55,1149,after-market,False
2026-07-30T22:18:00+00:00,742.55,742.55,742.2,742.24,1009,after-market,False
2026-07-30T22:19:00+00:00,742.3,742.35,742.3,742.34,271,after-market,False
2026-07-30T22:20:00+00:00,742.28,742.36,742.24,742.24,270,after-market,False
2026-07-30T22:21:00+00:00,742.16,742.16,742.15,742.16,50,after-market,False
2026-07-30T22:22:00+00:00,742.16,742.16,742.16,742.16,0,after-market,False
2026-07-30T22:23:00+00:00,742.07,742.07,741.92,741.95,1503,after-market,False
2026-07-30T22:24:00+00:00,741.87,741.93,741.87,741.91,772,after-market,False
2026-07-30T22:25:00+00:00,742.05,742.19,742.05,742.19,181,after-market,False
2026-07-30T22:26:00+00:00,742.16,742.16,742.15,742.16,70,after-market,False
2026-07-30T22:27:00+00:00,742.08,742.08,742.08,742.08,50,after-market,False
2026-07-30T22:28:00+00:00,742.11,742.11,742.11,742.11,50,after-market,False
2026-07-30T22:29:00+00:00,742.0,742.02,742.0,742.02,110,after-market,False
2026-07-30T22:30:00+00:00,742.01,742.04,741.95,741.96,1523,after-market,False
2026-07-30T22:31:00+00:00,741.91,741.91,741.81,741.84,680,after-market,False
2026-07-30T22:32:00+00:00,741.82,741.9,741.82,741.84,864,after-market,False
2026-07-30T22:33:00+00:00,741.83,742.08,741.83,742.01,2408,after-market,False
2026-07-30T22:34:00+00:00,741.98,742.04,741.98,742.01,488,after-market,False
2026-07-30T22:35:00+00:00,742.22,742.35,742.2,742.35,686,after-market,False
2026-07-30T22:36:00+00:00,742.35,742.4,742.32,742.4,1685,after-market,False
2026-07-30T22:37:00+00:00,742.45,742.55,742.39,742.49,5671,after-market,False
2026-07-30T22:38:00+00:00,742.51,742.53,742.47,742.53,483,after-market,False
2026-07-30T22:39:00+00:00,742.47,742.47,742.47,742.47,1489,after-market,False
2026-07-30T22:40:00+00:00,742.5,742.55,742.5,742.55,474,after-market,False
2026-07-30T22:41:00+00:00,742.51,742.51,742.51,742.51,40,after-market,False
2026-07-30T22:42:00+00:00,742.55,742.62,742.55,742.62,959,after-market,False
2026-07-30T22:43:00+00:00,742.6,742.6,742.57,742.57,220,after-market,False
2026-07-30T22:44:00+00:00,742.67,742.78,742.67,742.76,1447,after-market,False
2026-07-30T22:45:00+00:00,742.73,742.73,742.73,742.73,75,after-market,False
2026-07-30T22:46:00+00:00,742.85,742.86,742.85,742.86,84,after-market,False
2026-07-30T22:47:00+00:00,742.78,742.78,742.78,742.78,78,after-market,False
2026-07-30T22:48:00+00:00,742.8,742.81,742.8,742.8,171,after-market,False
2026-07-30T22:49:00+00:00,742.81,742.81,742.81,742.81,80,after-market,False
2026-07-30T22:50:00+00:00,742.8,742.8,742.75,742.75,337,after-market,False
2026-07-30T22:51:00+00:00,742.75,742.8,742.75,742.77,214,after-market,False
2026-07-30T22:52:00+00:00,742.84,742.85,742.84,742.84,212,after-market,False
2026-07-30T22:53:00+00:00,742.85,742.93,742.85,742.93,206,after-market,False
2026-07-30T22:54:00+00:00,742.92,743.0,742.92,742.94,366,after-market,False
2026-07-30T22:55:00+00:00,742.92,742.93,742.87,742.93,567,after-market,False
2026-07-30T22:56:00+00:00,742.99,743.02,742.99,743.02,604,after-market,False
2026-07-30T22:57:00+00:00,742.95,742.96,742.92,742.96,703,after-market,False
2026-07-30T22:58:00+00:00,742.96,742.98,742.91,742.98,322,after-market,False
2026-07-30T22:59:00+00:00,742.97,743.0,742.97,742.98,419,after-market,False
2026-07-30T23:00:00+00:00,743.0,743.15,743.0,743.0,514,after-market,False
2026-07-30T23:01:00+00:00,743.03,743.34,743.0,743.34,2135,after-market,False
2026-07-30T23:02:00+00:00,743.26,743.29,743.26,743.29,540,after-market,False
2026-07-30T23:03:00+00:00,743.3,743.41,743.3,743.41,302,after-market,False
2026-07-30T23:04:00+00:00,743.4,743.44,743.39,743.4,242,after-market,False
2026-07-30T23:05:00+00:00,743.4,743.4,743.36,743.36,3933,after-market,False
2026-07-30T23:06:00+00:00,743.36,743.4,743.36,743.4,121,after-market,False
2026-07-30T23:07:00+00:00,743.4,743.4,743.4,743.4,0,after-market,False
2026-07-30T23:08:00+00:00,743.32,743.32,743.29,743.29,144,after-market,False
2026-07-30T23:09:00+00:00,743.21,743.22,743.16,743.16,90,after-market,False
2026-07-30T23:10:00+00:00,743.0,743.0,742.87,742.89,1031,after-market,False
2026-07-30T23:11:00+00:00,742.85,742.89,742.84,742.89,160,after-market,False
2026-07-30T23:12:00+00:00,742.87,742.9,742.86,742.9,302,after-market,False
2026-07-30T23:13:00+00:00,742.83,742.84,742.83,742.83,141,after-market,False
2026-07-30T23:14:00+00:00,742.88,742.88,742.87,742.88,100,after-market,False
2026-07-30T23:15:00+00:00,742.8,742.86,742.79,742.85,330,after-market,False
2026-07-30T23:16:00+00:00,742.82,742.82,742.75,742.76,222,after-market,False
2026-07-30T23:17:00+00:00,742.75,742.75,742.65,742.75,335,after-market,False
2026-07-30T23:18:00+00:00,742.69,742.69,742.68,742.69,75,after-market,False
2026-07-30T23:19:00+00:00,742.75,742.78,742.72,742.72,293,after-market,False
2026-07-30T23:20:00+00:00,742.73,742.73,742.67,742.67,108,after-market,False
2026-07-30T23:21:00+00:00,742.7,742.7,742.59,742.59,725,after-market,False
2026-07-30T23:22:00+00:00,742.65,742.65,742.61,742.63,225,after-market,False
2026-07-30T23:23:00+00:00,742.67,742.7,742.6,742.6,1359,after-market,False
2026-07-30T23:24:00+00:00,742.6,742.6,742.6,742.6,50,after-market,False
2026-07-30T23:25:00+00:00,742.65,742.92,742.64,742.86,305,after-market,False
2026-07-30T23:26:00+00:00,742.79,742.88,742.78,742.87,312,after-market,False
2026-07-30T23:27:00+00:00,742.81,742.88,742.8,742.8,781,after-market,False
2026-07-30T23:28:00+00:00,742.8,742.84,742.78,742.78,399,after-market,False
2026-07-30T23:29:00+00:00,742.75,742.85,742.72,742.84,1358,after-market,False
2026-07-30T23:30:00+00:00,742.75,742.75,742.71,742.71,1180,after-market,False
2026-07-30T23:31:00+00:00,742.85,742.94,742.79,742.81,474,after-market,False
2026-07-30T23:32:00+00:00,742.82,743.0,742.75,743.0,632,after-market,False
2026-07-30T23:33:00+00:00,743.01,743.05,742.97,743.05,573,after-market,False
2026-07-30T23:34:00+00:00,743.04,743.07,743.0,743.0,775,after-market,False
2026-07-30T23:35:00+00:00,742.99,742.99,742.94,742.95,640,after-market,False
2026-07-30T23:36:00+00:00,742.97,742.98,742.93,742.93,108,after-market,False
2026-07-30T23:37:00+00:00,743.0,743.0,742.87,742.92,443,after-market,False
2026-07-30T23:38:00+00:00,742.87,742.92,742.85,742.92,527,after-market,False
2026-07-30T23:39:00+00:00,742.9,743.13,742.9,743.1,773,after-market,False
2026-07-30T23:40:00+00:00,743.09,743.12,743.09,743.12,332,after-market,False
2026-07-30T23:41:00+00:00,743.08,743.15,743.08,743.15,368,after-market,False
2026-07-30T23:42:00+00:00,743.24,743.3,743.2,743.2,281,after-market,False
2026-07-30T23:43:00+00:00,743.14,743.23,743.14,743.23,175,after-market,False
2026-07-30T23:44:00+00:00,743.25,743.28,743.24,743.27,250,after-market,False
2026-07-30T23:45:00+00:00,743.27,743.27,743.26,743.27,210,after-market,False
2026-07-30T23:46:00+00:00,743.39,743.47,743.34,743.34,712,after-market,False
2026-07-30T23:47:00+00:00,743.5,743.55,743.41,743.41,843,after-market,False
2026-07-30T23:48:00+00:00,743.37,743.49,743.37,743.46,577,after-market,False
2026-07-30T23:49:00+00:00,743.45,743.53,743.44,743.53,1600,after-market,False
2026-07-30T23:50:00+00:00,743.49,743.49,743.07,743.07,488,after-market,False
2026-07-30T23:51:00+00:00,743.08,743.4,743.07,743.4,968,after-market,False
2026-07-30T23:52:00+00:00,743.42,743.55,743.42,743.55,779,after-market,False
2026-07-30T23:53:00+00:00,743.52,743.52,743.52,743.52,100,after-market,False
2026-07-30T23:54:00+00:00,743.46,743.46,743.43,743.43,149,after-market,False
2026-07-30T23:55:00+00:00,743.55,743.65,743.55,743.65,301,after-market,False
2026-07-30T23:56:00+00:00,743.67,743.69,743.61,743.62,1005,after-market,False
2026-07-30T23:57:00+00:00,743.6,743.64,743.6,743.6,6174,after-market,False
2026-07-30T23:58:00+00:00,743.64,743.65,743.49,743.49,1975,after-market,False
2026-07-30T23:59:00+00:00,743.4,743.48,743.32,743.33,1180,after-market,False
