timestamp,open,high,low,close,volume,session,incomplete
2026-07-23T08:00:00+00:00,702.02,705.74,700.0,700.98,12560,pre-market,False
2026-07-23T08:01:00+00:00,701.05,705.8,699.73,705.49,37312,pre-market,False
2026-07-23T08:02:00+00:00,704.18,705.55,699.65,700.62,79267,pre-market,False
2026-07-23T08:03:00+00:00,700.53,701.07,700.5,701.07,3412,pre-market,False
2026-07-23T08:04:00+00:00,701.0,701.49,700.98,701.4,6426,pre-market,False
2026-07-23T08:05:00+00:00,701.4,701.49,701.36,701.49,665,pre-market,False
2026-07-23T08:06:00+00:00,701.42,703.58,701.42,703.58,457,pre-market,False
2026-07-23T08:07:00+00:00,701.71,702.02,701.71,702.02,6817,pre-market,False
2026-07-23T08:08:00+00:00,702.04,702.12,701.93,702.12,1218,pre-market,False
2026-07-23T08:09:00+00:00,702.09,702.28,702.09,702.28,229,pre-market,False
2026-07-23T08:10:00+00:00,702.3,702.32,702.26,702.27,484,pre-market,False
2026-07-23T08:11:00+00:00,702.11,702.11,701.92,701.97,324,pre-market,False
2026-07-23T08:12:00+00:00,702.31,702.5,702.3,702.39,1928,pre-market,False
2026-07-23T08:13:00+00:00,702.38,702.38,702.38,702.38,40,pre-market,False
2026-07-23T08:14:00+00:00,702.3,702.36,702.28,702.36,540,pre-market,False
2026-07-23T08:15:00+00:00,702.47,702.47,702.27,702.27,265,pre-market,False
2026-07-23T08:16:00+00:00,702.34,702.45,702.34,702.44,1373,pre-market,False
2026-07-23T08:17:00+00:00,702.59,702.9,702.59,702.9,1323,pre-market,False
2026-07-23T08:18:00+00:00,702.82,702.89,702.72,702.89,496,pre-market,False
2026-07-23T08:19:00+00:00,702.74,702.74,702.58,702.58,550,pre-market,False
2026-07-23T08:20:00+00:00,702.74,702.76,702.68,702.68,1737,pre-market,False
2026-07-23T08:21:00+00:00,702.5,702.5,702.39,702.4,273,pre-market,False
2026-07-23T08:22:00+00:00,702.34,702.49,702.34,702.35,746,pre-market,False
2026-07-23T08:23:00+00:00,702.36,702.37,702.0,702.0,2186,pre-market,False
2026-07-23T08:24:00+00:00,701.94,702.08,701.94,702.08,940,pre-market,False
2026-07-23T08:25:00+00:00,702.08,702.08,702.07,702.07,1312,pre-market,False
2026-07-23T08:26:00+00:00,702.13,702.52,702.13,702.52,1565,pre-market,False
2026-07-23T08:27:00+00:00,702.55,702.62,702.49,702.62,1000,pre-market,False
2026-07-23T08:28:00+00:00,702.64,702.64,702.45,702.45,500,pre-market,False
2026-07-23T08:29:00+00:00,702.53,702.71,702.47,702.71,945,pre-market,False
2026-07-23T08:30:00+00:00,702.67,702.88,702.65,702.88,788,pre-market,False
2026-07-23T08:31:00+00:00,702.88,702.88,702.88,702.88,40,pre-market,False
2026-07-23T08:32:00+00:00,702.75,702.79,702.54,702.54,430,pre-market,False
2026-07-23T08:33:00+00:00,702.54,702.54,702.54,702.54,0,pre-market,False
2026-07-23T08:34:00+00:00,702.85,702.9,702.82,702.82,2483,pre-market,False
2026-07-23T08:35:00+00:00,702.81,702.81,702.6,702.6,819,pre-market,False
2026-07-23T08:36:00+00:00,702.69,702.69,702.69,702.69,60,pre-market,False
2026-07-23T08:37:00+00:00,702.45,702.61,702.45,702.57,552,pre-market,False
2026-07-23T08:38:00+00:00,702.67,702.67,702.67,702.67,60,pre-market,False
2026-07-23T08:39:00+00:00,702.64,702.69,702.57,702.58,650,pre-market,False
2026-07-23T08:40:00+00:00,702.54,702.54,702.28,702.32,1807,pre-market,False
2026-07-23T08:41:00+00:00,702.32,702.32,702.32,702.32,0,pre-market,False
2026-07-23T08:42:00+00:00,702.32,702.67,702.32,702.67,1531,pre-market,False
2026-07-23T08:43:00+00:00,702.68,702.72,702.37,702.37,990,pre-market,False
2026-07-23T08:44:00+00:00,702.35,702.35,702.35,702.35,180,pre-market,False
2026-07-23T08:45:00+00:00,702.38,702.41,702.38,702.39,360,pre-market,False
2026-07-23T08:46:00+00:00,702.42,702.56,702.42,702.56,273,pre-market,False
2026-07-23T08:47:00+00:00,702.51,702.64,702.51,702.64,996,pre-market,False
2026-07-23T08:49:00+00:00,702.62,702.74,702.62,702.7,326,pre-market,False
2026-07-23T08:50:00+00:00,702.69,702.69,702.69,702.69,99,pre-market,False
2026-07-23T08:51:00+00:00,703.0,703.0,702.92,702.92,280,pre-market,False
2026-07-23T08:52:00+00:00,702.92,702.92,702.92,702.92,0,pre-market,False
2026-07-23T08:53:00+00:00,703.0,703.2,703.0,703.2,584,pre-market,False
2026-07-23T08:54:00+00:00,703.28,703.3,703.21,703.3,449,pre-market,False
2026-07-23T08:55:00+00:00,703.4,703.4,703.4,703.4,45,pre-market,False
2026-07-23T08:56:00+00:00,703.4,703.86,703.37,703.86,7742,pre-market,False
2026-07-23T08:57:00+00:00,703.83,703.95,703.82,703.93,987,pre-market,False
2026-07-23T08:58:00+00:00,703.81,703.88,703.81,703.86,1534,pre-market,False
2026-07-23T08:59:00+00:00,703.86,704.09,703.86,704.09,618,pre-market,False
2026-07-23T09:00:00+00:00,703.89,703.89,703.62,703.73,1500,pre-market,False
2026-07-23T09:01:00+00:00,703.72,703.85,703.72,703.83,1590,pre-market,False
2026-07-23T09:02:00+00:00,703.89,703.98,703.88,703.98,700,pre-market,False
2026-07-23T09:03:00+00:00,704.07,704.7,704.07,704.43,4298,pre-market,False
2026-07-23T09:04:00+00:00,704.28,704.35,704.26,704.35,1120,pre-market,False
2026-07-23T09:05:00+00:00,704.54,704.54,704.4,704.45,627,pre-market,False
2026-07-23T09:06:00+00:00,704.41,704.52,704.41,704.52,616,pre-market,False
2026-07-23T09:07:00+00:00,704.39,704.39,704.22,704.23,781,pre-market,False
2026-07-23T09:08:00+00:00,704.17,704.25,704.12,704.25,1112,pre-market,False
2026-07-23T09:09:00+00:00,704.08,704.08,704.02,704.02,360,pre-market,False
2026-07-23T09:10:00+00:00,704.02,704.11,704.0,704.11,780,pre-market,False
2026-07-23T09:11:00+00:00,703.93,703.93,703.75,703.92,992,pre-market,False
2026-07-23T09:12:00+00:00,703.86,703.86,703.76,703.76,888,pre-market,False
2026-07-23T09:13:00+00:00,703.89,703.89,703.89,703.89,124,pre-market,False
2026-07-23T09:14:00+00:00,703.75,703.75,703.75,703.75,120,pre-market,False
2026-07-23T09:15:00+00:00,703.36,703.46,703.35,703.39,3130,pre-market,False
2026-07-23T09:16:00+00:00,703.65,703.66,703.65,703.66,100,pre-market,False
2026-07-23T09:17:00+00:00,703.72,703.72,703.71,703.71,176,pre-market,False
2026-07-23T09:18:00+00:00,703.71,703.77,703.6,703.6,250,pre-market,False
2026-07-23T09:19:00+00:00,703.61,703.73,703.6,703.73,471,pre-market,False
2026-07-23T09:20:00+00:00,703.68,703.68,703.66,703.66,467,pre-market,False
2026-07-23T09:21:00+00:00,703.72,703.72,703.5,703.5,190,pre-market,False
2026-07-23T09:22:00+00:00,703.68,703.68,703.65,703.66,321,pre-market,False
2026-07-23T09:23:00+00:00,703.81,703.81,703.81,703.81,66,pre-market,False
2026-07-23T09:24:00+00:00,703.75,703.93,703.75,703.81,1228,pre-market,False
2026-07-23T09:25:00+00:00,703.87,703.88,703.7,703.71,2863,pre-market,False
2026-07-23T09:26:00+00:00,703.72,703.72,703.72,703.72,50,pre-market,False
2026-07-23T09:27:00+00:00,703.7,703.7,703.68,703.68,250,pre-market,False
2026-07-23T09:28:00+00:00,703.74,703.74,703.71,703.72,271,pre-market,False
2026-07-23T09:29:00+00:00,703.65,703.65,703.58,703.65,2125,pre-market,False
2026-07-23T09:30:00+00:00,703.56,703.59,703.44,703.59,434,pre-market,False
2026-07-23T09:31:00+00:00,703.59,703.59,703.59,703.59,0,pre-market,False
2026-07-23T09:32:00+00:00,703.5,703.53,703.47,703.47,258,pre-market,False
2026-07-23T09:33:00+00:00,703.49,703.51,703.49,703.51,300,pre-market,False
2026-07-23T09:34:00+00:00,703.14,703.22,703.14,703.17,526,pre-market,False
2026-07-23T09:35:00+00:00,703.22,703.23,703.22,703.22,42,pre-market,False
2026-07-23T09:36:00+00:00,703.21,703.3,703.21,703.3,637,pre-market,False
2026-07-23T09:37:00+00:00,703.33,703.4,703.29,703.38,833,pre-market,False
2026-07-23T09:38:00+00:00,703.28,703.28,703.28,703.28,100,pre-market,False
2026-07-23T09:39:00+00:00,703.15,703.24,703.15,703.24,481,pre-market,False
2026-07-23T09:40:00+00:00,703.25,703.3,703.25,703.3,940,pre-market,False
2026-07-23T09:41:00+00:00,703.2,703.26,703.15,703.26,950,pre-market,False
2026-07-23T09:42:00+00:00,703.26,703.26,703.26,703.26,0,pre-market,False
2026-07-23T09:43:00+00:00,703.33,703.33,703.32,703.32,120,pre-market,False
2026-07-23T09:44:00+00:00,703.26,703.26,703.25,703.26,41,pre-market,False
2026-07-23T09:45:00+00:00,703.36,703.48,703.36,703.48,680,pre-market,False
2026-07-23T09:46:00+00:00,703.48,703.52,703.37,703.37,5103,pre-market,False
2026-07-23T09:47:00+00:00,703.36,703.5,703.36,703.48,622,pre-market,False
2026-07-23T09:48:00+00:00,703.39,703.45,703.39,703.45,290,pre-market,False
2026-07-23T09:49:00+00:00,703.38,703.44,703.32,703.32,279,pre-market,False
2026-07-23T09:50:00+00:00,703.07,703.07,702.98,703.03,392,pre-market,False
2026-07-23T09:51:00+00:00,702.95,702.95,702.95,702.95,100,pre-market,False
2026-07-23T09:52:00+00:00,703.07,703.08,703.06,703.08,555,pre-market,False
2026-07-23T09:53:00+00:00,703.2,703.27,703.18,703.27,378,pre-market,False
2026-07-23T09:54:00+00:00,703.27,703.27,703.27,703.27,0,pre-market,False
2026-07-23T09:55:00+00:00,703.03,703.03,702.85,702.85,413,pre-market,False
2026-07-23T09:56:00+00:00,702.85,702.85,702.85,702.85,0,pre-market,False
2026-07-23T09:57:00+00:00,702.88,702.88,702.83,702.83,84,pre-market,False
2026-07-23T09:58:00+00:00,702.85,702.85,702.63,702.63,464,pre-market,False
2026-07-23T09:59:00+00:00,702.59,702.6,702.56,702.6,130,pre-market,False
2026-07-23T10:00:00+00:00,702.76,702.76,702.61,702.63,379,pre-market,False
2026-07-23T10:01:00+00:00,702.61,702.82,702.61,702.8,1671,pre-market,False
2026-07-23T10:02:00+00:00,702.97,703.02,702.97,703.02,450,pre-market,False
2026-07-23T10:03:00+00:00,702.84,702.84,702.84,702.84,1010,pre-market,False
2026-07-23T10:04:00+00:00,703.03,703.04,703.03,703.03,87,pre-market,False
2026-07-23T10:05:00+00:00,702.89,702.95,702.81,702.81,2390,pre-market,False
2026-07-23T10:06:00+00:00,702.8,702.94,702.67,702.94,1015,pre-market,False
2026-07-23T10:07:00+00:00,703.02,703.07,703.01,703.07,185,pre-market,False
2026-07-23T10:08:00+00:00,702.8,702.84,702.63,702.65,594,pre-market,False
2026-07-23T10:09:00+00:00,702.69,702.69,702.69,702.69,40,pre-market,False
2026-07-23T10:10:00+00:00,702.66,702.66,702.49,702.5,626,pre-market,False
2026-07-23T10:11:00+00:00,702.5,702.5,702.48,702.5,1747,pre-market,False
2026-07-23T10:12:00+00:00,702.45,702.45,702.44,702.44,700,pre-market,False
2026-07-23T10:13:00+00:00,702.54,702.57,702.46,702.48,332,pre-market,False
2026-07-23T10:14:00+00:00,702.55,702.55,702.55,702.55,60,pre-market,False
2026-07-23T10:15:00+00:00,702.54,702.63,702.46,702.46,226,pre-market,False
2026-07-23T10:16:00+00:00,702.65,702.65,702.65,702.65,100,pre-market,False
2026-07-23T10:17:00+00:00,702.59,702.6,702.53,702.54,2250,pre-market,False
2026-07-23T10:18:00+00:00,702.54,702.54,702.54,702.54,0,pre-market,False
2026-07-23T10:19:00+00:00,702.5,702.61,702.48,702.48,2141,pre-market,False
2026-07-23T10:20:00+00:00,702.47,702.6,702.41,702.54,4867,pre-market,False
2026-07-23T10:21:00+00:00,702.56,702.62,702.55,702.62,11174,pre-market,False
2026-07-23T10:22:00+00:00,702.7,702.76,702.7,702.76,280,pre-market,False
2026-07-23T10:23:00+00:00,702.77,702.8,702.77,702.8,272,pre-market,False
2026-07-23T10:24:00+00:00,702.57,702.61,702.57,702.61,936,pre-market,False
2026-07-23T10:25:00+00:00,702.68,702.68,702.68,702.68,40,pre-market,False
2026-07-23T10:26:00+00:00,702.86,702.94,702.79,702.92,2340,pre-market,False
2026-07-23T10:27:00+00:00,702.94,702.94,702.86,702.87,740,pre-market,False
2026-07-23T10:28:00+00:00,702.8,702.89,702.77,702.77,335,pre-market,False
2026-07-23T10:29:00+00:00,702.8,702.85,702.8,702.85,106,pre-market,False
2026-07-23T10:30:00+00:00,702.8,703.55,702.73,703.37,32250,pre-market,False
2026-07-23T10:31:00+00:00,703.55,703.71,703.51,703.61,4449,pre-market,False
2026-07-23T10:32:00+00:00,703.52,703.66,703.52,703.59,11149,pre-market,False
2026-07-23T10:33:00+00:00,703.66,703.87,703.66,703.84,14290,pre-market,False
2026-07-23T10:34:00+00:00,703.77,703.77,703.66,703.68,1800,pre-market,False
2026-07-23T10:35:00+00:00,703.7,703.98,703.69,703.98,1757,pre-market,False
2026-07-23T10:36:00+00:00,703.95,704.2,703.95,704.12,2857,pre-market,False
2026-07-23T10:37:00+00:00,704.02,704.02,703.99,703.99,1000,pre-market,False
2026-07-23T10:38:00+00:00,704.03,704.21,704.03,704.1,1418,pre-market,False
2026-07-23T10:39:00+00:00,704.02,704.05,704.02,704.05,260,pre-market,False
2026-07-23T10:40:00+00:00,704.11,704.13,704.04,704.1,4028,pre-market,False
2026-07-23T10:41:00+00:00,704.36,704.4,704.26,704.29,4811,pre-market,False
2026-07-23T10:42:00+00:00,704.29,704.29,704.2,704.21,620,pre-market,False
2026-07-23T10:43:00+00:00,704.19,704.2,703.9,703.91,1530,pre-market,False
2026-07-23T10:44:00+00:00,703.8,703.9,703.77,703.86,2432,pre-market,False
2026-07-23T10:45:00+00:00,703.87,703.88,703.83,703.86,1254,pre-market,False
2026-07-23T10:46:00+00:00,703.82,703.82,703.82,703.82,50,pre-market,False
2026-07-23T10:47:00+00:00,703.83,703.83,703.83,703.83,60,pre-market,False
2026-07-23T10:48:00+00:00,704.0,704.07,703.96,704.07,971,pre-market,False
2026-07-23T10:49:00+00:00,704.07,704.07,704.07,704.07,200,pre-market,False
2026-07-23T10:50:00+00:00,704.06,704.06,703.9,703.9,1425,pre-market,False
2026-07-23T10:51:00+00:00,703.85,703.85,703.85,703.85,171,pre-market,False
2026-07-23T10:52:00+00:00,703.94,703.94,703.84,703.85,195,pre-market,False
2026-07-23T10:53:00+00:00,703.89,703.89,703.88,703.88,100,pre-market,False
2026-07-23T10:54:00+00:00,703.83,703.83,703.83,703.83,72,pre-market,False
2026-07-23T10:55:00+00:00,703.84,703.97,703.84,703.96,1208,pre-market,False
2026-07-23T10:56:00+00:00,703.83,703.83,703.78,703.8,2680,pre-market,False
2026-07-23T10:57:00+00:00,703.83,703.97,703.83,703.84,2284,pre-market,False
2026-07-23T10:58:00+00:00,703.73,703.8,703.72,703.8,780,pre-market,False
2026-07-23T10:59:00+00:00,703.79,703.87,703.71,703.87,760,pre-market,False
2026-07-23T11:00:00+00:00,703.94,704.0,703.6,703.6,4659,pre-market,False
2026-07-23T11:01:00+00:00,703.6,703.6,703.44,703.45,1020,pre-market,False
2026-07-23T11:02:00+00:00,703.2,703.2,702.81,703.01,5185,pre-market,False
2026-07-23T11:03:00+00:00,702.99,703.08,702.82,703.05,4520,pre-market,False
2026-07-23T11:04:00+00:00,703.05,703.13,702.87,702.89,4478,pre-market,False
2026-07-23T11:05:00+00:00,702.87,702.87,702.5,702.58,2869,pre-market,False
2026-07-23T11:06:00+00:00,702.5,702.62,702.46,702.52,6025,pre-market,False
2026-07-23T11:07:00+00:00,702.57,702.69,702.45,702.45,1612,pre-market,False
2026-07-23T11:08:00+00:00,702.37,702.74,702.36,702.74,2682,pre-market,False
2026-07-23T11:09:00+00:00,702.66,702.66,702.43,702.5,1044,pre-market,False
2026-07-23T11:10:00+00:00,702.42,702.55,702.42,702.48,418,pre-market,False
2026-07-23T11:11:00+00:00,702.49,702.67,702.32,702.67,1280,pre-market,False
2026-07-23T11:12:00+00:00,702.67,702.8,702.67,702.73,691,pre-market,False
2026-07-23T11:13:00+00:00,702.87,702.89,702.66,702.66,468,pre-market,False
2026-07-23T11:14:00+00:00,702.87,702.87,702.86,702.87,170,pre-market,False
2026-07-23T11:15:00+00:00,703.15,703.15,702.9,702.9,562,pre-market,False
2026-07-23T11:16:00+00:00,703.0,703.05,702.97,702.97,2276,pre-market,False
2026-07-23T11:17:00+00:00,702.82,702.82,702.69,702.72,857,pre-market,False
2026-07-23T11:18:00+00:00,702.76,702.83,702.66,702.73,6591,pre-market,False
2026-07-23T11:19:00+00:00,702.79,702.79,702.64,702.64,2452,pre-market,False
2026-07-23T11:20:00+00:00,702.67,702.67,702.28,702.28,7977,pre-market,False
2026-07-23T11:21:00+00:00,702.4,702.4,702.23,702.29,1483,pre-market,False
2026-07-23T11:22:00+00:00,702.26,702.3,701.91,701.91,4126,pre-market,False
2026-07-23T11:23:00+00:00,701.9,701.97,701.7,701.7,2343,pre-market,False
2026-07-23T11:24:00+00:00,701.77,701.77,701.77,701.77,50,pre-market,False
2026-07-23T11:25:00+00:00,701.86,701.86,701.75,701.78,2324,pre-market,False
2026-07-23T11:26:00+00:00,701.84,701.95,701.77,701.83,2661,pre-market,False
2026-07-23T11:27:00+00:00,701.85,701.89,701.62,701.62,2898,pre-market,False
2026-07-23T11:28:00+00:00,701.62,701.72,701.59,701.71,4592,pre-market,False
2026-07-23T11:29:00+00:00,701.57,701.59,701.3,701.31,6384,pre-market,False
2026-07-23T11:30:00+00:00,701.23,701.53,701.1,701.32,5312,pre-market,False
2026-07-23T11:31:00+00:00,701.33,701.43,701.24,701.38,2616,pre-market,False
2026-07-23T11:32:00+00:00,701.4,701.41,701.02,701.05,7121,pre-market,False
2026-07-23T11:33:00+00:00,701.1,701.13,700.78,700.82,18313,pre-market,False
2026-07-23T11:34:00+00:00,700.87,700.98,700.86,700.97,250,pre-market,False
2026-07-23T11:35:00+00:00,700.95,700.95,699.91,699.93,31706,pre-market,False
2026-07-23T11:36:00+00:00,699.88,700.0,699.8,699.88,19954,pre-market,False
2026-07-23T11:37:00+00:00,699.77,699.87,699.6,699.77,12883,pre-market,False
2026-07-23T11:38:00+00:00,699.79,699.82,699.51,699.52,10379,pre-market,False
2026-07-23T11:39:00+00:00,699.6,699.88,699.5,699.77,11134,pre-market,False
2026-07-23T11:40:00+00:00,699.73,699.73,699.38,699.6,5094,pre-market,False
2026-07-23T11:41:00+00:00,699.61,699.67,699.41,699.67,3317,pre-market,False
2026-07-23T11:42:00+00:00,699.65,699.95,699.59,699.88,5421,pre-market,False
2026-07-23T11:43:00+00:00,699.85,699.85,699.49,699.57,827,pre-market,False
2026-07-23T11:44:00+00:00,699.53,699.66,699.51,699.66,3490,pre-market,False
2026-07-23T11:45:00+00:00,699.62,699.91,699.62,699.7,6529,pre-market,False
2026-07-23T11:46:00+00:00,699.66,699.67,699.41,699.5,629,pre-market,False
2026-07-23T11:47:00+00:00,699.48,699.67,699.47,699.6,3130,pre-market,False
2026-07-23T11:48:00+00:00,699.7,699.91,699.67,699.72,9481,pre-market,False
2026-07-23T11:49:00+00:00,699.88,700.02,699.77,699.96,4673,pre-market,False
2026-07-23T11:50:00+00:00,699.95,700.19,699.93,700.05,8358,pre-market,False
2026-07-23T11:51:00+00:00,700.01,700.11,699.9,699.9,1063,pre-market,False
2026-07-23T11:52:00+00:00,700.09,701.03,700.05,700.44,9672,pre-market,False
2026-07-23T11:53:00+00:00,700.38,700.54,700.28,700.31,5860,pre-market,False
2026-07-23T11:54:00+00:00,700.28,700.66,700.28,700.33,8249,pre-market,False
2026-07-23T11:55:00+00:00,700.31,700.39,700.3,700.3,1698,pre-market,False
2026-07-23T11:56:00+00:00,700.28,700.29,700.08,700.08,2294,pre-market,False
2026-07-23T11:57:00+00:00,700.25,700.35,700.11,700.11,829,pre-market,False
2026-07-23T11:58:00+00:00,700.2,700.48,700.2,700.47,4970,pre-market,False
2026-07-23T11:59:00+00:00,700.64,700.77,700.58,700.63,2013,pre-market,False
2026-07-23T12:00:00+00:00,700.64,700.64,700.28,700.28,6390,pre-market,False
2026-07-23T12:01:00+00:00,700.32,700.36,700.25,700.25,978,pre-market,False
2026-07-23T12:02:00+00:00,700.5,700.5,700.21,700.34,3551,pre-market,False
2026-07-23T12:03:00+00:00,700.41,700.43,700.35,700.37,1329,pre-market,False
2026-07-23T12:04:00+00:00,700.54,700.63,700.33,700.33,1025,pre-market,False
2026-07-23T12:05:00+00:00,700.25,700.31,699.71,699.82,9469,pre-market,False
2026-07-23T12:06:00+00:00,699.78,700.0,699.78,699.87,1660,pre-market,False
2026-07-23T12:07:00+00:00,699.86,699.92,699.73,699.82,3045,pre-market,False
2026-07-23T12:08:00+00:00,699.89,699.94,699.45,699.55,8891,pre-market,False
2026-07-23T12:09:00+00:00,699.59,699.7,699.58,699.62,2757,pre-market,False
2026-07-23T12:10:00+00:00,699.63,699.96,699.6,699.88,5710,pre-market,False
2026-07-23T12:11:00+00:00,699.9,700.04,699.51,699.65,5584,pre-market,False
2026-07-23T12:12:00+00:00,699.63,699.71,699.5,699.51,3143,pre-market,False
2026-07-23T12:13:00+00:00,699.53,699.66,699.5,699.63,3819,pre-market,False
2026-07-23T12:14:00+00:00,699.54,699.54,699.46,699.5,1389,pre-market,False
2026-07-23T12:15:00+00:00,699.45,699.88,699.31,699.88,6463,pre-market,False
2026-07-23T12:16:00+00:00,699.88,699.94,698.8,699.07,43095,pre-market,False
2026-07-23T12:17:00+00:00,699.29,699.47,699.08,699.28,5052,pre-market,False
2026-07-23T12:18:00+00:00,699.32,699.32,699.12,699.17,1375,pre-market,False
2026-07-23T12:19:00+00:00,699.12,699.3,698.84,698.85,6542,pre-market,False
2026-07-23T12:20:00+00:00,698.78,698.78,698.6,698.62,4717,pre-market,False
2026-07-23T12:21:00+00:00,698.59,699.03,698.52,698.87,8495,pre-market,False
2026-07-23T12:22:00+00:00,698.91,698.99,698.84,698.84,3005,pre-market,False
2026-07-23T12:23:00+00:00,698.87,698.91,698.51,698.56,6379,pre-market,False
2026-07-23T12:24:00+00:00,698.58,698.62,698.14,698.41,19790,pre-market,False
2026-07-23T12:25:00+00:00,698.35,698.37,698.13,698.26,32854,pre-market,False
2026-07-23T12:26:00+00:00,698.31,698.42,698.11,698.17,5303,pre-market,False
2026-07-23T12:27:00+00:00,698.13,698.51,698.13,698.45,4702,pre-market,False
2026-07-23T12:28:00+00:00,698.35,698.43,697.97,698.02,13472,pre-market,False
2026-07-23T12:29:00+00:00,698.02,698.53,698.0,698.36,12405,pre-market,False
2026-07-23T12:30:00+00:00,698.16,698.47,697.81,698.14,27887,pre-market,False
2026-07-23T12:31:00+00:00,698.11,698.2,697.85,697.97,14172,pre-market,False
2026-07-23T12:32:00+00:00,697.99,697.99,697.75,697.82,4117,pre-market,False
2026-07-23T12:33:00+00:00,697.8,697.83,697.47,697.71,6955,pre-market,False
2026-07-23T12:34:00+00:00,697.56,697.59,697.33,697.58,10275,pre-market,False
2026-07-23T12:35:00+00:00,697.47,697.58,697.27,697.38,26213,pre-market,False
2026-07-23T12:36:00+00:00,697.44,697.44,696.75,696.75,16073,pre-market,False
2026-07-23T12:37:00+00:00,696.78,696.88,696.57,696.62,37091,pre-market,False
2026-07-23T12:38:00+00:00,696.7,696.97,696.56,696.8,35212,pre-market,False
2026-07-23T12:39:00+00:00,696.75,696.82,696.46,696.58,17745,pre-market,False
2026-07-23T12:40:00+00:00,696.56,696.56,696.05,696.13,20311,pre-market,False
2026-07-23T12:41:00+00:00,696.12,696.77,696.12,696.68,13411,pre-market,False
2026-07-23T12:42:00+00:00,696.59,696.59,696.0,696.09,11298,pre-market,False
2026-07-23T12:43:00+00:00,696.14,696.2,695.89,696.12,15068,pre-market,False
2026-07-23T12:44:00+00:00,696.18,696.43,696.18,696.43,11715,pre-market,False
2026-07-23T12:45:00+00:00,696.43,696.49,696.02,696.35,7113,pre-market,False
2026-07-23T12:46:00+00:00,696.41,696.56,696.25,696.53,12912,pre-market,False
2026-07-23T12:47:00+00:00,696.49,696.49,695.85,695.89,11419,pre-market,False
2026-07-23T12:48:00+00:00,696.01,696.01,695.57,695.7,19158,pre-market,False
2026-07-23T12:49:00+00:00,695.64,696.31,695.59,696.31,14118,pre-market,False
2026-07-23T12:50:00+00:00,696.22,696.54,696.22,696.46,5301,pre-market,False
2026-07-23T12:51:00+00:00,696.44,696.61,696.36,696.46,9310,pre-market,False
2026-07-23T12:52:00+00:00,696.52,696.52,696.32,696.46,1939,pre-market,False
2026-07-23T12:53:00+00:00,696.61,696.75,696.48,696.66,13728,pre-market,False
2026-07-23T12:54:00+00:00,696.53,696.54,696.1,696.24,5237,pre-market,False
2026-07-23T12:55:00+00:00,696.25,696.37,696.17,696.2,6428,pre-market,False
2026-07-23T12:56:00+00:00,696.24,696.44,696.19,696.43,7131,pre-market,False
2026-07-23T12:57:00+00:00,696.41,696.53,696.31,696.48,18996,pre-market,False
2026-07-23T12:58:00+00:00,696.53,696.53,696.0,696.12,6302,pre-market,False
2026-07-23T12:59:00+00:00,696.11,696.35,696.1,696.32,11538,pre-market,False
2026-07-23T13:00:00+00:00,696.34,696.5,696.1,696.5,14121,pre-market,False
2026-07-23T13:01:00+00:00,696.44,696.71,696.33,696.7,5963,pre-market,False
2026-07-23T13:02:00+00:00,696.69,696.74,696.13,696.16,17165,pre-market,False
2026-07-23T13:03:00+00:00,696.16,696.31,695.91,696.17,13879,pre-market,False
2026-07-23T13:04:00+00:00,696.21,696.23,695.8,695.87,15661,pre-market,False
2026-07-23T13:05:00+00:00,695.94,695.94,695.47,695.53,30448,pre-market,False
2026-07-23T13:06:00+00:00,695.49,695.54,695.16,695.26,30907,pre-market,False
2026-07-23T13:07:00+00:00,695.24,695.83,695.24,695.81,12470,pre-market,False
2026-07-23T13:08:00+00:00,695.8,695.96,695.3,695.39,19773,pre-market,False
2026-07-23T13:09:00+00:00,695.33,695.35,694.88,694.92,28326,pre-market,False
2026-07-23T13:10:00+00:00,694.95,695.04,694.85,694.92,9126,pre-market,False
2026-07-23T13:11:00+00:00,694.92,695.01,694.69,694.71,36045,pre-market,False
2026-07-23T13:12:00+00:00,694.71,695.19,694.58,695.12,9869,pre-market,False
2026-07-23T13:13:00+00:00,695.0,695.13,694.7,694.8,8899,pre-market,False
2026-07-23T13:14:00+00:00,694.81,694.88,694.69,694.88,13172,pre-market,False
2026-07-23T13:15:00+00:00,694.9,694.99,694.73,694.73,8531,pre-market,False
2026-07-23T13:16:00+00:00,694.8,694.87,694.62,694.73,5113,pre-market,False
2026-07-23T13:17:00+00:00,694.8,694.86,694.37,694.59,12050,pre-market,False
2026-07-23T13:18:00+00:00,694.69,694.72,694.39,694.71,11298,pre-market,False
2026-07-23T13:19:00+00:00,694.63,694.64,694.33,694.64,6381,pre-market,False
2026-07-23T13:20:00+00:00,694.67,694.67,694.3,694.47,13048,pre-market,False
2026-07-23T13:21:00+00:00,694.46,694.7,694.46,694.59,4561,pre-market,False
2026-07-23T13:22:00+00:00,694.61,694.61,694.37,694.54,8756,pre-market,False
2026-07-23T13:23:00+00:00,694.53,694.68,694.25,694.68,13163,pre-market,False
2026-07-23T13:24:00+00:00,694.65,694.65,694.24,694.3,19152,pre-market,False
2026-07-23T13:25:00+00:00,694.35,694.83,694.33,694.63,40598,pre-market,False
2026-07-23T13:26:00+00:00,694.57,694.57,694.21,694.43,5271,pre-market,False
2026-07-23T13:27:00+00:00,694.69,694.74,694.28,694.28,7077,pre-market,False
2026-07-23T13:28:00+00:00,694.26,694.83,694.22,694.81,29760,pre-market,False
2026-07-23T13:29:00+00:00,694.75,694.78,694.37,694.77,18159,pre-market,False
2026-07-23T13:30:00+00:00,694.67,694.87,693.21,693.99,605703,regular,False
2026-07-23T13:31:00+00:00,693.98,694.83,693.84,694.81,448837,regular,False
2026-07-23T13:32:00+00:00,694.81,695.43,694.51,695.24,328355,regular,False
2026-07-23T13:33:00+00:00,695.23,695.27,694.14,694.83,267171,regular,False
2026-07-23T13:34:00+00:00,694.82,695.83,694.82,695.75,220165,regular,False
2026-07-23T13:35:00+00:00,695.71,696.09,695.51,695.57,312233,regular,False
2026-07-23T13:36:00+00:00,695.54,696.47,695.16,696.41,256288,regular,False
2026-07-23T13:37:00+00:00,696.41,696.88,696.18,696.74,189741,regular,False
2026-07-23T13:38:00+00:00,696.75,697.13,696.12,696.5,209055,regular,False
2026-07-23T13:39:00+00:00,696.51,697.2,696.18,696.57,161660,regular,False
2026-07-23T13:40:00+00:00,696.61,697.29,696.61,696.97,107147,regular,False
2026-07-23T13:41:00+00:00,696.98,697.48,696.88,697.37,149542,regular,False
2026-07-23T13:42:00+00:00,697.39,698.28,697.14,698.26,121348,regular,False
2026-07-23T13:43:00+00:00,698.25,698.66,698.19,698.44,124553,regular,False
2026-07-23T13:44:00+00:00,698.44,698.57,697.93,698.0,125071,regular,False
2026-07-23T13:45:00+00:00,698.03,698.29,697.22,697.97,213678,regular,False
2026-07-23T13:46:00+00:00,697.93,698.03,697.16,697.76,94172,regular,False
2026-07-23T13:47:00+00:00,697.79,697.86,697.26,697.26,49703,regular,False
2026-07-23T13:48:00+00:00,697.24,697.45,696.3,696.61,159993,regular,False
2026-07-23T13:49:00+00:00,696.59,696.78,695.41,695.72,144323,regular,False
2026-07-23T13:50:00+00:00,695.7,696.33,695.48,696.15,110701,regular,False
2026-07-23T13:51:00+00:00,696.14,696.25,694.85,694.92,80396,regular,False
2026-07-23T13:52:00+00:00,694.99,695.39,694.67,695.38,105286,regular,False
2026-07-23T13:53:00+00:00,695.33,696.07,695.08,695.94,91540,regular,False
2026-07-23T13:54:00+00:00,695.93,697.12,695.92,697.05,112845,regular,False
2026-07-23T13:55:00+00:00,697.03,697.52,696.58,696.59,89881,regular,False
2026-07-23T13:56:00+00:00,696.57,696.67,695.75,695.76,72489,regular,False
2026-07-23T13:57:00+00:00,695.74,695.81,694.91,695.14,69796,regular,False
2026-07-23T13:58:00+00:00,695.0,695.03,694.17,694.89,95539,regular,False
2026-07-23T13:59:00+00:00,694.89,695.11,694.42,694.46,60547,regular,False
2026-07-23T14:00:00+00:00,694.49,695.91,694.48,695.39,129281,regular,False
2026-07-23T14:01:00+00:00,695.41,695.45,694.53,694.61,82830,regular,False
2026-07-23T14:02:00+00:00,694.6,695.09,694.44,694.94,60819,regular,False
2026-07-23T14:03:00+00:00,694.92,695.28,694.7,694.87,68223,regular,False
2026-07-23T14:04:00+00:00,694.91,695.86,694.87,695.46,55273,regular,False
2026-07-23T14:05:00+00:00,695.46,696.54,695.23,696.49,85250,regular,False
2026-07-23T14:06:00+00:00,696.42,696.71,696.08,696.13,76074,regular,False
2026-07-23T14:07:00+00:00,696.14,696.51,695.83,696.18,74298,regular,False
2026-07-23T14:08:00+00:00,696.18,696.65,694.5,694.61,122199,regular,False
2026-07-23T14:09:00+00:00,694.63,694.73,693.76,694.7,165899,regular,False
2026-07-23T14:10:00+00:00,694.71,695.61,694.65,694.87,164450,regular,False
2026-07-23T14:11:00+00:00,694.88,695.23,694.17,695.19,104276,regular,False
2026-07-23T14:12:00+00:00,695.17,695.77,694.95,695.59,95699,regular,False
2026-07-23T14:13:00+00:00,695.58,695.95,695.17,695.32,53160,regular,False
2026-07-23T14:14:00+00:00,695.42,695.7,694.17,694.4,76545,regular,False
2026-07-23T14:15:00+00:00,694.3,694.93,693.99,694.19,66716,regular,False
2026-07-23T14:16:00+00:00,694.17,694.75,693.98,694.67,49650,regular,False
2026-07-23T14:17:00+00:00,694.67,695.04,694.23,694.93,116745,regular,False
2026-07-23T14:18:00+00:00,694.93,695.32,694.7,694.73,53830,regular,False
2026-07-23T14:19:00+00:00,694.64,694.8,694.23,694.38,44709,regular,False
2026-07-23T14:20:00+00:00,694.38,694.99,694.16,694.46,62929,regular,False
2026-07-23T14:21:00+00:00,694.45,695.57,694.37,695.56,41062,regular,False
2026-07-23T14:22:00+00:00,695.56,696.16,695.41,695.83,67628,regular,False
2026-07-23T14:23:00+00:00,695.73,695.91,695.0,695.11,54243,regular,False
2026-07-23T14:24:00+00:00,695.13,695.2,694.04,694.52,82638,regular,False
2026-07-23T14:25:00+00:00,694.47,695.27,694.16,695.12,42803,regular,False
2026-07-23T14:26:00+00:00,695.11,695.11,694.12,694.56,40717,regular,False
2026-07-23T14:27:00+00:00,694.64,694.71,694.19,694.57,35279,regular,False
2026-07-23T14:28:00+00:00,694.55,695.18,694.32,694.33,50087,regular,False
2026-07-23T14:29:00+00:00,694.3,695.31,694.3,695.09,40796,regular,False
2026-07-23T14:30:00+00:00,695.01,695.4,694.7,694.99,55049,regular,False
2026-07-23T14:31:00+00:00,694.94,695.47,694.59,694.65,47958,regular,False
2026-07-23T14:32:00+00:00,694.72,694.72,693.66,693.85,118153,regular,False
2026-07-23T14:33:00+00:00,693.86,694.11,692.89,693.03,179015,regular,False
2026-07-23T14:34:00+00:00,692.99,693.77,692.85,693.54,116348,regular,False
2026-07-23T14:35:00+00:00,693.51,693.68,692.98,693.14,128935,regular,False
2026-07-23T14:36:00+00:00,693.16,693.65,693.07,693.45,64244,regular,False
2026-07-23T14:37:00+00:00,693.46,695.69,693.46,695.67,168447,regular,False
2026-07-23T14:38:00+00:00,695.58,695.73,694.81,695.1,119518,regular,False
2026-07-23T14:39:00+00:00,695.09,695.79,694.97,695.59,90000,regular,False
2026-07-23T14:40:00+00:00,695.58,695.99,694.96,694.96,127672,regular,False
2026-07-23T14:41:00+00:00,694.94,695.12,693.8,693.95,62362,regular,False
2026-07-23T14:42:00+00:00,693.94,694.27,693.15,693.43,87150,regular,False
2026-07-23T14:43:00+00:00,693.44,693.59,692.48,692.96,133006,regular,False
2026-07-23T14:44:00+00:00,692.89,693.15,692.5,692.92,86660,regular,False
2026-07-23T14:45:00+00:00,692.9,693.24,692.59,692.63,59874,regular,False
2026-07-23T14:46:00+00:00,692.63,693.31,692.47,693.13,73240,regular,False
2026-07-23T14:47:00+00:00,693.14,693.53,693.0,693.07,61615,regular,False
2026-07-23T14:48:00+00:00,693.01,693.04,692.46,692.69,79712,regular,False
2026-07-23T14:49:00+00:00,692.69,692.95,692.34,692.53,133700,regular,False
2026-07-23T14:50:00+00:00,692.58,692.94,692.06,692.19,83269,regular,False
2026-07-23T14:51:00+00:00,692.18,692.23,691.55,691.65,131975,regular,False
2026-07-23T14:52:00+00:00,691.67,692.34,691.53,692.16,148764,regular,False
2026-07-23T14:53:00+00:00,692.13,692.13,691.52,691.6,38556,regular,False
2026-07-23T14:54:00+00:00,691.58,691.7,691.32,691.41,110829,regular,False
2026-07-23T14:55:00+00:00,691.4,691.79,691.29,691.31,88053,regular,False
2026-07-23T14:56:00+00:00,691.31,692.01,691.3,692.01,71536,regular,False
2026-07-23T14:57:00+00:00,692.0,692.3,691.84,692.17,68473,regular,False
2026-07-23T14:58:00+00:00,692.17,692.2,691.68,691.74,39794,regular,False
2026-07-23T14:59:00+00:00,691.74,692.18,691.6,691.75,46482,regular,False
2026-07-23T15:00:00+00:00,691.8,691.94,691.44,691.54,82510,regular,False
2026-07-23T15:01:00+00:00,691.51,691.58,691.03,691.28,96964,regular,False
2026-07-23T15:02:00+00:00,691.29,691.59,691.13,691.13,73751,regular,False
2026-07-23T15:03:00+00:00,691.13,691.53,691.07,691.24,49834,regular,False
2026-07-23T15:04:00+00:00,691.15,691.15,690.83,691.07,103333,regular,False
2026-07-23T15:05:00+00:00,691.05,691.14,690.73,690.73,72583,regular,False
2026-07-23T15:06:00+00:00,690.72,690.82,690.24,690.26,140877,regular,False
2026-07-23T15:07:00+00:00,690.27,690.68,690.14,690.44,118574,regular,False
2026-07-23T15:08:00+00:00,690.45,690.68,690.35,690.6,111684,regular,False
2026-07-23T15:09:00+00:00,690.59,690.84,690.05,690.11,84349,regular,False
2026-07-23T15:10:00+00:00,690.11,690.48,689.95,690.12,142850,regular,False
2026-07-23T15:11:00+00:00,690.12,690.12,689.67,689.67,99832,regular,False
2026-07-23T15:12:00+00:00,689.66,689.73,689.08,689.35,182960,regular,False
2026-07-23T15:13:00+00:00,689.31,689.63,689.23,689.47,83121,regular,False
2026-07-23T15:14:00+00:00,689.47,689.57,688.98,689.26,200950,regular,False
2026-07-23T15:15:00+00:00,689.25,689.87,689.21,689.64,162426,regular,False
2026-07-23T15:16:00+00:00,689.65,689.85,689.39,689.67,69322,regular,False
2026-07-23T15:17:00+00:00,689.71,690.23,689.62,690.0,97541,regular,False
2026-07-23T15:18:00+00:00,690.05,690.22,689.86,689.96,77669,regular,False
2026-07-23T15:19:00+00:00,689.98,690.35,689.89,690.33,82452,regular,False
2026-07-23T15:20:00+00:00,690.33,691.09,690.33,690.76,150454,regular,False
2026-07-23T15:21:00+00:00,690.78,690.88,689.9,689.91,76991,regular,False
2026-07-23T15:22:00+00:00,689.92,690.25,688.46,688.99,234346,regular,False
2026-07-23T15:23:00+00:00,689.0,689.58,689.0,689.22,72861,regular,False
2026-07-23T15:24:00+00:00,689.22,689.65,689.15,689.56,101332,regular,False
2026-07-23T15:25:00+00:00,689.46,689.58,688.9,689.11,38584,regular,False
2026-07-23T15:26:00+00:00,689.14,689.15,688.62,688.83,63532,regular,False
2026-07-23T15:27:00+00:00,688.82,688.84,688.4,688.4,50167,regular,False
2026-07-23T15:28:00+00:00,688.39,688.89,688.19,688.22,107339,regular,False
2026-07-23T15:29:00+00:00,688.2,688.75,688.15,688.63,94942,regular,False
2026-07-23T15:30:00+00:00,688.63,688.85,688.13,688.17,66409,regular,False
2026-07-23T15:31:00+00:00,688.17,688.71,687.79,688.55,172960,regular,False
2026-07-23T15:32:00+00:00,688.6,689.08,688.6,688.94,110088,regular,False
2026-07-23T15:33:00+00:00,688.97,689.18,688.64,688.94,75220,regular,False
2026-07-23T15:34:00+00:00,688.99,689.23,688.74,689.14,100718,regular,False
2026-07-23T15:35:00+00:00,689.14,689.87,689.14,689.59,87713,regular,False
2026-07-23T15:36:00+00:00,689.57,689.78,689.25,689.78,75093,regular,False
2026-07-23T15:37:00+00:00,689.8,690.32,689.42,689.76,102556,regular,False
2026-07-23T15:38:00+00:00,689.79,690.27,689.74,690.22,63921,regular,False
2026-07-23T15:39:00+00:00,690.23,690.25,689.75,690.12,114405,regular,False
2026-07-23T15:40:00+00:00,690.11,690.67,690.1,690.25,95320,regular,False
2026-07-23T15:41:00+00:00,690.16,690.35,689.82,690.34,54193,regular,False
2026-07-23T15:42:00+00:00,690.34,690.58,689.59,689.71,59882,regular,False
2026-07-23T15:43:00+00:00,689.7,689.95,689.54,689.6,45526,regular,False
2026-07-23T15:44:00+00:00,689.57,689.86,689.27,689.32,51427,regular,False
2026-07-23T15:45:00+00:00,689.26,689.77,688.92,689.54,62945,regular,False
2026-07-23T15:46:00+00:00,689.58,689.73,689.17,689.44,31736,regular,False
2026-07-23T15:47:00+00:00,689.37,689.67,689.22,689.36,43739,regular,False
2026-07-23T15:48:00+00:00,689.39,689.72,689.29,689.47,50674,regular,False
2026-07-23T15:49:00+00:00,689.48,690.11,689.4,689.97,63734,regular,False
2026-07-23T15:50:00+00:00,689.97,690.28,689.54,690.2,64180,regular,False
2026-07-23T15:51:00+00:00,690.22,690.29,689.74,689.89,42324,regular,False
2026-07-23T15:52:00+00:00,689.88,690.48,689.88,690.38,43660,regular,False
2026-07-23T15:53:00+00:00,690.3,690.47,690.17,690.36,37226,regular,False
2026-07-23T15:54:00+00:00,690.42,690.82,690.42,690.78,62319,regular,False
2026-07-23T15:55:00+00:00,690.82,691.09,690.69,690.99,42142,regular,False
2026-07-23T15:56:00+00:00,690.97,691.41,690.82,691.12,102633,regular,False
2026-07-23T15:57:00+00:00,691.13,691.2,690.66,691.16,34060,regular,False
2026-07-23T15:58:00+00:00,691.12,691.52,691.04,691.41,59179,regular,False
2026-07-23T15:59:00+00:00,691.41,691.6,691.4,691.56,50650,regular,False
2026-07-23T16:00:00+00:00,691.59,691.79,691.32,691.79,109859,regular,False
2026-07-23T16:01:00+00:00,691.8,691.81,691.2,691.64,40072,regular,False
2026-07-23T16:02:00+00:00,691.63,692.3,691.47,692.29,64108,regular,False
2026-07-23T16:03:00+00:00,692.24,692.5,692.03,692.24,78052,regular,False
2026-07-23T16:04:00+00:00,692.25,692.28,691.93,692.24,117568,regular,False
2026-07-23T16:05:00+00:00,692.24,692.32,691.34,691.46,104421,regular,False
2026-07-23T16:06:00+00:00,691.42,691.75,691.28,691.34,53922,regular,False
2026-07-23T16:07:00+00:00,691.3,691.58,691.27,691.39,114467,regular,False
2026-07-23T16:08:00+00:00,691.4,692.31,691.39,692.25,54128,regular,False
2026-07-23T16:09:00+00:00,692.24,692.36,692.06,692.36,35862,regular,False
2026-07-23T16:10:00+00:00,692.4,692.61,692.38,692.57,47967,regular,False
2026-07-23T16:11:00+00:00,692.54,692.69,692.27,692.57,64298,regular,False
2026-07-23T16:12:00+00:00,692.59,692.86,692.38,692.41,108723,regular,False
2026-07-23T16:13:00+00:00,692.41,692.74,692.37,692.4,52708,regular,False
2026-07-23T16:14:00+00:00,692.39,692.73,692.39,692.55,30317,regular,False
2026-07-23T16:15:00+00:00,692.56,692.89,692.47,692.81,72553,regular,False
2026-07-23T16:16:00+00:00,692.8,692.87,692.41,692.41,58908,regular,False
2026-07-23T16:17:00+00:00,692.41,692.79,692.41,692.73,131237,regular,False
2026-07-23T16:18:00+00:00,692.71,692.78,692.5,692.72,104745,regular,False
2026-07-23T16:19:00+00:00,692.68,692.68,692.07,692.56,89298,regular,False
2026-07-23T16:20:00+00:00,692.6,693.19,692.56,693.16,76851,regular,False
2026-07-23T16:21:00+00:00,693.14,693.26,693.0,693.14,44740,regular,False
2026-07-23T16:22:00+00:00,693.13,693.57,692.96,693.51,48024,regular,False
2026-07-23T16:23:00+00:00,693.53,694.15,693.47,693.99,141447,regular,False
2026-07-23T16:24:00+00:00,693.99,694.11,693.87,693.91,82792,regular,False
2026-07-23T16:25:00+00:00,693.96,694.15,693.8,694.03,64489,regular,False
2026-07-23T16:26:00+00:00,694.03,694.07,693.63,693.65,37122,regular,False
2026-07-23T16:27:00+00:00,693.68,694.21,693.6,694.13,51684,regular,False
2026-07-23T16:28:00+00:00,694.14,694.32,694.06,694.27,38882,regular,False
2026-07-23T16:29:00+00:00,694.26,694.59,694.23,694.41,64170,regular,False
2026-07-23T16:30:00+00:00,694.39,694.45,693.9,694.16,73501,regular,False
2026-07-23T16:31:00+00:00,694.15,694.28,694.01,694.16,41426,regular,False
2026-07-23T16:32:00+00:00,694.14,694.2,693.96,694.12,30965,regular,False
2026-07-23T16:33:00+00:00,694.13,694.41,694.01,694.16,49045,regular,False
2026-07-23T16:34:00+00:00,694.18,694.32,693.94,693.98,48488,regular,False
2026-07-23T16:35:00+00:00,693.96,694.56,693.81,694.41,56198,regular,False
2026-07-23T16:36:00+00:00,694.45,694.46,694.1,694.36,46402,regular,False
2026-07-23T16:37:00+00:00,694.34,694.53,694.14,694.52,47763,regular,False
2026-07-23T16:38:00+00:00,694.45,695.03,694.26,695.01,66630,regular,False
2026-07-23T16:39:00+00:00,695.03,695.15,694.82,694.98,70797,regular,False
2026-07-23T16:40:00+00:00,695.01,695.03,694.42,694.5,45619,regular,False
2026-07-23T16:41:00+00:00,694.53,694.53,694.13,694.25,60977,regular,False
2026-07-23T16:42:00+00:00,694.21,694.32,694.02,694.27,30533,regular,False
2026-07-23T16:43:00+00:00,694.27,694.47,694.2,694.4,38661,regular,False
2026-07-23T16:44:00+00:00,694.37,694.4,693.89,693.95,45324,regular,False
2026-07-23T16:45:00+00:00,693.91,693.91,692.97,692.99,94672,regular,False
2026-07-23T16:46:00+00:00,692.98,693.07,692.76,692.9,87806,regular,False
2026-07-23T16:47:00+00:00,692.89,693.14,692.78,693.09,40188,regular,False
2026-07-23T16:48:00+00:00,693.11,693.2,692.65,692.78,61660,regular,False
2026-07-23T16:49:00+00:00,692.78,693.07,692.66,692.71,42247,regular,False
2026-07-23T16:50:00+00:00,692.7,692.8,692.37,692.45,74632,regular,False
2026-07-23T16:51:00+00:00,692.47,692.66,692.21,692.33,37809,regular,False
2026-07-23T16:52:00+00:00,692.34,692.92,692.32,692.47,39137,regular,False
2026-07-23T16:53:00+00:00,692.46,692.47,692.02,692.17,78426,regular,False
2026-07-23T16:54:00+00:00,692.13,692.28,692.06,692.07,18810,regular,False
2026-07-23T16:55:00+00:00,692.06,692.64,692.05,692.35,70698,regular,False
2026-07-23T16:56:00+00:00,692.32,692.49,692.1,692.39,30685,regular,False
2026-07-23T16:57:00+00:00,692.42,692.57,692.25,692.39,33607,regular,False
2026-07-23T16:58:00+00:00,692.38,692.6,692.26,692.39,35242,regular,False
2026-07-23T16:59:00+00:00,692.4,692.9,692.4,692.77,36391,regular,False
2026-07-23T17:00:00+00:00,692.78,693.29,692.16,693.15,45542,regular,False
2026-07-23T17:01:00+00:00,693.13,693.21,692.85,693.0,36608,regular,False
2026-07-23T17:02:00+00:00,692.98,692.99,692.42,692.95,36441,regular,False
2026-07-23T17:03:00+00:00,692.96,693.04,692.74,692.93,14670,regular,False
2026-07-23T17:04:00+00:00,692.99,693.03,692.13,692.17,30882,regular,False
2026-07-23T17:05:00+00:00,692.17,692.17,691.48,691.82,96439,regular,False
2026-07-23T17:06:00+00:00,691.82,692.12,691.55,691.68,27100,regular,False
2026-07-23T17:07:00+00:00,691.61,692.18,691.61,691.94,26814,regular,False
2026-07-23T17:08:00+00:00,691.92,692.47,691.75,691.97,41431,regular,False
2026-07-23T17:09:00+00:00,691.99,692.51,691.73,692.41,43259,regular,False
2026-07-23T17:10:00+00:00,692.41,692.93,692.39,692.58,81289,regular,False
2026-07-23T17:11:00+00:00,692.6,692.72,692.42,692.7,17104,regular,False
2026-07-23T17:12:00+00:00,692.72,693.1,692.68,692.98,11499,regular,False
2026-07-23T17:13:00+00:00,693.0,693.2,692.66,692.71,19153,regular,False
2026-07-23T17:14:00+00:00,692.76,692.89,692.47,692.84,28891,regular,False
2026-07-23T17:15:00+00:00,692.78,693.0,692.69,692.78,15796,regular,False
2026-07-23T17:16:00+00:00,692.85,693.15,692.71,692.91,23197,regular,False
2026-07-23T17:17:00+00:00,692.86,693.03,692.32,692.33,21146,regular,False
2026-07-23T17:18:00+00:00,692.33,692.77,692.15,692.61,29873,regular,False
2026-07-23T17:19:00+00:00,692.63,692.77,692.44,692.74,30233,regular,False
2026-07-23T17:20:00+00:00,692.77,693.56,692.77,693.28,33702,regular,False
2026-07-23T17:21:00+00:00,693.24,693.37,692.66,692.68,17760,regular,False
2026-07-23T17:22:00+00:00,692.7,692.91,692.47,692.61,12648,regular,False
2026-07-23T17:23:00+00:00,692.64,693.24,692.56,693.24,22101,regular,False
2026-07-23T17:24:00+00:00,693.24,693.41,693.11,693.33,20150,regular,False
2026-07-23T17:25:00+00:00,693.38,693.55,693.22,693.46,38597,regular,False
2026-07-23T17:26:00+00:00,693.47,693.65,693.25,693.45,20528,regular,False
2026-07-23T17:27:00+00:00,693.39,693.42,693.14,693.25,19756,regular,False
2026-07-23T17:28:00+00:00,693.29,693.42,693.15,693.35,7427,regular,False
2026-07-23T17:29:00+00:00,693.3,693.35,693.05,693.06,8533,regular,False
2026-07-23T17:30:00+00:00,693.03,693.13,692.7,692.97,23829,regular,False
2026-07-23T17:31:00+00:00,692.94,692.97,692.22,692.3,22026,regular,False
2026-07-23T17:32:00+00:00,692.33,692.33,691.95,692.02,34350,regular,False
2026-07-23T17:33:00+00:00,692.11,692.56,691.93,692.27,22740,regular,False
2026-07-23T17:34:00+00:00,692.19,692.5,692.15,692.28,12970,regular,False
2026-07-23T17:35:00+00:00,692.29,692.37,691.68,691.74,35274,regular,False
2026-07-23T17:36:00+00:00,691.73,691.96,691.59,691.63,36898,regular,False
2026-07-23T17:37:00+00:00,691.66,691.78,691.5,691.57,60410,regular,False
2026-07-23T17:38:00+00:00,691.69,691.83,691.43,691.53,25447,regular,False
2026-07-23T17:39:00+00:00,691.61,691.82,691.48,691.52,14044,regular,False
2026-07-23T17:40:00+00:00,691.56,691.77,691.14,691.2,29792,regular,False
2026-07-23T17:41:00+00:00,691.17,691.47,691.08,691.44,21867,regular,False
2026-07-23T17:42:00+00:00,691.44,691.59,691.32,691.51,22307,regular,False
2026-07-23T17:43:00+00:00,691.5,691.8,691.45,691.74,19978,regular,False
2026-07-23T17:44:00+00:00,691.76,691.87,691.48,691.65,18163,regular,False
2026-07-23T17:45:00+00:00,691.63,692.37,691.39,692.23,27848,regular,False
2026-07-23T17:46:00+00:00,692.22,692.38,691.87,692.2,28333,regular,False
2026-07-23T17:47:00+00:00,692.24,692.48,692.16,692.27,19091,regular,False
2026-07-23T17:48:00+00:00,692.26,692.43,692.04,692.27,38505,regular,False
2026-07-23T17:49:00+00:00,692.28,692.48,692.28,692.3,12073,regular,False
2026-07-23T17:50:00+00:00,692.31,692.37,692.04,692.32,55696,regular,False
2026-07-23T17:51:00+00:00,692.26,692.39,691.9,691.97,23260,regular,False
2026-07-23T17:52:00+00:00,691.99,692.47,691.91,692.29,11289,regular,False
2026-07-23T17:53:00+00:00,692.26,692.31,691.83,692.0,17775,regular,False
2026-07-23T17:54:00+00:00,691.95,692.06,691.71,691.71,13715,regular,False
2026-07-23T17:55:00+00:00,691.72,691.72,691.34,691.54,15343,regular,False
2026-07-23T17:56:00+00:00,691.51,691.53,691.1,691.26,25699,regular,False
2026-07-23T17:57:00+00:00,691.26,691.34,691.02,691.08,31464,regular,False
2026-07-23T17:58:00+00:00,691.1,691.27,690.94,691.17,30359,regular,False
2026-07-23T17:59:00+00:00,691.14,691.24,690.95,691.02,29854,regular,False
2026-07-23T18:00:00+00:00,691.01,691.26,690.75,691.08,57745,regular,False
2026-07-23T18:01:00+00:00,691.09,691.09,690.62,690.97,28015,regular,False
2026-07-23T18:02:00+00:00,690.99,691.08,690.86,691.08,22182,regular,False
2026-07-23T18:03:00+00:00,691.14,691.32,690.99,691.21,15049,regular,False
2026-07-23T18:04:00+00:00,691.26,691.34,690.78,690.85,32914,regular,False
2026-07-23T18:05:00+00:00,690.84,690.9,690.7,690.87,41120,regular,False
2026-07-23T18:06:00+00:00,690.83,691.06,690.75,690.95,26760,regular,False
2026-07-23T18:07:00+00:00,690.95,690.95,690.44,690.44,86537,regular,False
2026-07-23T18:08:00+00:00,690.44,690.77,690.4,690.69,24303,regular,False
2026-07-23T18:09:00+00:00,690.65,690.68,690.45,690.5,10688,regular,False
2026-07-23T18:10:00+00:00,690.5,690.72,690.41,690.7,31314,regular,False
2026-07-23T18:11:00+00:00,690.7,690.91,690.53,690.83,69142,regular,False
2026-07-23T18:12:00+00:00,690.83,691.25,690.79,691.19,43671,regular,False
2026-07-23T18:13:00+00:00,691.17,691.24,691.03,691.11,29902,regular,False
2026-07-23T18:14:00+00:00,691.11,691.17,690.8,690.82,79094,regular,False
2026-07-23T18:15:00+00:00,690.83,691.11,690.72,691.03,37419,regular,False
2026-07-23T18:16:00+00:00,691.07,691.28,690.91,691.01,28209,regular,False
2026-07-23T18:17:00+00:00,691.04,691.13,690.52,690.6,26475,regular,False
2026-07-23T18:18:00+00:00,690.6,690.94,690.54,690.64,13075,regular,False
2026-07-23T18:19:00+00:00,690.64,690.74,690.49,690.74,15559,regular,False
2026-07-23T18:20:00+00:00,690.77,690.87,690.72,690.74,14930,regular,False
2026-07-23T18:21:00+00:00,690.73,691.05,690.57,691.05,31460,regular,False
2026-07-23T18:22:00+00:00,691.07,691.1,690.85,690.99,20482,regular,False
2026-07-23T18:23:00+00:00,690.87,691.06,690.79,691.06,11656,regular,False
2026-07-23T18:24:00+00:00,691.06,691.34,691.06,691.31,21107,regular,False
2026-07-23T18:25:00+00:00,691.31,691.41,690.87,691.05,24806,regular,False
2026-07-23T18:26:00+00:00,691.08,691.11,690.84,690.84,11156,regular,False
2026-07-23T18:27:00+00:00,690.85,691.07,690.75,690.75,11229,regular,False
2026-07-23T18:28:00+00:00,690.72,691.18,690.72,690.97,12691,regular,False
2026-07-23T18:29:00+00:00,690.99,691.25,690.99,691.17,21385,regular,False
2026-07-23T18:30:00+00:00,691.14,691.45,690.98,691.27,68042,regular,False
2026-07-23T18:31:00+00:00,691.27,691.49,691.27,691.42,52754,regular,False
2026-07-23T18:32:00+00:00,691.43,691.59,691.24,691.34,27958,regular,False
2026-07-23T18:33:00+00:00,691.29,691.45,691.18,691.45,11466,regular,False
2026-07-23T18:34:00+00:00,691.48,691.71,691.47,691.66,26313,regular,False
2026-07-23T18:35:00+00:00,691.7,691.85,691.28,691.36,41984,regular,False
2026-07-23T18:36:00+00:00,691.28,691.44,690.98,691.03,24554,regular,False
2026-07-23T18:37:00+00:00,690.99,691.04,690.74,691.04,30560,regular,False
2026-07-23T18:38:00+00:00,691.03,691.09,690.67,690.78,11430,regular,False
2026-07-23T18:39:00+00:00,690.78,691.01,690.71,691.0,29942,regular,False
2026-07-23T18:40:00+00:00,690.99,691.18,690.84,691.18,19802,regular,False
2026-07-23T18:41:00+00:00,691.15,691.18,690.69,690.75,13016,regular,False
2026-07-23T18:42:00+00:00,690.75,690.75,690.45,690.65,22022,regular,False
2026-07-23T18:43:00+00:00,690.68,690.68,690.48,690.56,23815,regular,False
2026-07-23T18:44:00+00:00,690.58,690.71,690.43,690.6,15741,regular,False
2026-07-23T18:45:00+00:00,690.55,690.93,690.55,690.83,30738,regular,False
2026-07-23T18:46:00+00:00,690.84,691.02,690.79,690.89,15026,regular,False
2026-07-23T18:47:00+00:00,690.89,691.18,690.89,691.18,14609,regular,False
2026-07-23T18:48:00+00:00,691.2,691.23,691.01,691.12,20681,regular,False
2026-07-23T18:49:00+00:00,691.12,691.18,690.78,690.87,31905,regular,False
2026-07-23T18:50:00+00:00,690.9,691.01,690.68,690.83,27488,regular,False
2026-07-23T18:51:00+00:00,690.88,691.01,690.73,690.8,49635,regular,False
2026-07-23T18:52:00+00:00,690.84,690.93,690.69,690.88,20167,regular,False
2026-07-23T18:53:00+00:00,690.8,690.87,690.59,690.78,12384,regular,False
2026-07-23T18:54:00+00:00,690.78,690.79,690.08,690.15,29897,regular,False
2026-07-23T18:55:00+00:00,690.11,690.31,689.97,690.28,59500,regular,False
2026-07-23T18:56:00+00:00,690.33,690.33,690.03,690.26,38429,regular,False
2026-07-23T18:57:00+00:00,690.24,690.28,690.11,690.19,10860,regular,False
2026-07-23T18:58:00+00:00,690.16,690.29,689.98,690.22,45969,regular,False
2026-07-23T18:59:00+00:00,690.18,690.6,690.17,690.56,23758,regular,False
2026-07-23T19:00:00+00:00,690.55,690.94,690.53,690.66,47733,regular,False
2026-07-23T19:01:00+00:00,690.64,690.65,690.33,690.38,27592,regular,False
2026-07-23T19:02:00+00:00,690.31,690.5,690.31,690.44,19565,regular,False
2026-07-23T19:03:00+00:00,690.41,690.41,689.82,689.86,80214,regular,False
2026-07-23T19:04:00+00:00,689.83,689.89,689.69,689.69,50755,regular,False
2026-07-23T19:05:00+00:00,689.72,689.97,689.62,689.97,30278,regular,False
2026-07-23T19:06:00+00:00,689.94,690.02,689.81,689.97,29099,regular,False
2026-07-23T19:07:00+00:00,689.98,690.0,689.58,689.6,69343,regular,False
2026-07-23T19:08:00+00:00,689.6,689.74,689.53,689.71,34370,regular,False
2026-07-23T19:09:00+00:00,689.71,689.73,689.52,689.55,35063,regular,False
2026-07-23T19:10:00+00:00,689.55,689.55,689.36,689.42,25563,regular,False
2026-07-23T19:11:00+00:00,689.41,689.63,689.35,689.57,60762,regular,False
2026-07-23T19:12:00+00:00,689.59,689.89,689.58,689.69,44863,regular,False
2026-07-23T19:13:00+00:00,689.67,689.74,689.45,689.53,32047,regular,False
2026-07-23T19:14:00+00:00,689.5,689.59,689.44,689.44,12206,regular,False
2026-07-23T19:15:00+00:00,689.44,689.89,689.43,689.69,34898,regular,False
2026-07-23T19:16:00+00:00,689.72,690.03,689.69,689.95,37860,regular,False
2026-07-23T19:17:00+00:00,689.94,690.32,689.91,690.06,38143,regular,False
2026-07-23T19:18:00+00:00,690.03,690.03,689.66,689.82,27126,regular,False
2026-07-23T19:19:00+00:00,689.84,689.94,689.81,689.92,15482,regular,False
2026-07-23T19:20:00+00:00,689.91,690.32,689.89,690.28,29024,regular,False
2026-07-23T19:21:00+00:00,690.26,690.74,690.26,690.58,40046,regular,False
2026-07-23T19:22:00+00:00,690.66,690.81,690.42,690.52,52091,regular,False
2026-07-23T19:23:00+00:00,690.52,690.86,690.5,690.8,27831,regular,False
2026-07-23T19:24:00+00:00,690.8,691.08,690.77,691.07,41381,regular,False
2026-07-23T19:25:00+00:00,691.07,691.57,691.07,691.45,65998,regular,False
2026-07-23T19:26:00+00:00,691.44,691.53,691.21,691.3,48599,regular,False
2026-07-23T19:27:00+00:00,691.31,691.58,691.15,691.28,33802,regular,False
2026-07-23T19:28:00+00:00,691.27,691.39,690.79,690.92,32270,regular,False
2026-07-23T19:29:00+00:00,690.91,691.31,690.86,691.3,51617,regular,False
2026-07-23T19:30:00+00:00,691.31,691.62,691.19,691.48,49450,regular,False
2026-07-23T19:31:00+00:00,691.48,691.48,690.64,690.64,49466,regular,False
2026-07-23T19:32:00+00:00,690.65,690.77,690.57,690.58,56736,regular,False
2026-07-23T19:33:00+00:00,690.59,690.68,690.09,690.55,76538,regular,False
2026-07-23T19:34:00+00:00,690.55,691.0,690.55,690.77,45530,regular,False
2026-07-23T19:35:00+00:00,690.77,690.89,690.48,690.6,34196,regular,False
2026-07-23T19:36:00+00:00,690.61,690.71,690.31,690.62,24657,regular,False
2026-07-23T19:37:00+00:00,690.66,690.84,690.52,690.71,21374,regular,False
2026-07-23T19:38:00+00:00,690.66,690.8,690.32,690.39,39086,regular,False
2026-07-23T19:39:00+00:00,690.39,690.49,690.23,690.24,56300,regular,False
2026-07-23T19:40:00+00:00,690.25,690.39,690.15,690.22,58780,regular,False
2026-07-23T19:41:00+00:00,690.22,690.23,689.96,690.12,73710,regular,False
2026-07-23T19:42:00+00:00,690.09,690.1,689.52,689.54,78985,regular,False
2026-07-23T19:43:00+00:00,689.55,689.71,689.39,689.61,70277,regular,False
2026-07-23T19:44:00+00:00,689.6,689.6,689.33,689.33,60650,regular,False
2026-07-23T19:45:00+00:00,689.32,689.54,689.31,689.36,98430,regular,False
2026-07-23T19:46:00+00:00,689.38,689.43,689.03,689.11,106512,regular,False
2026-07-23T19:47:00+00:00,689.12,689.54,688.95,689.46,142761,regular,False
2026-07-23T19:48:00+00:00,689.47,689.54,689.26,689.3,111400,regular,False
2026-07-23T19:49:00+00:00,689.31,689.32,688.93,689.23,116122,regular,False
2026-07-23T19:50:00+00:00,689.25,690.41,689.25,689.98,285518,regular,False
2026-07-23T19:51:00+00:00,689.98,690.18,689.65,690.15,150865,regular,False
2026-07-23T19:52:00+00:00,690.14,690.25,689.52,689.8,148990,regular,False
2026-07-23T19:53:00+00:00,689.81,689.83,689.46,689.64,115560,regular,False
2026-07-23T19:54:00+00:00,689.65,690.16,689.35,690.08,197717,regular,False
2026-07-23T19:55:00+00:00,690.11,691.18,690.11,691.13,202047,regular,False
2026-07-23T19:56:00+00:00,691.11,691.36,690.98,691.27,132914,regular,False
2026-07-23T19:57:00+00:00,691.24,691.81,691.22,691.76,189240,regular,False
2026-07-23T19:58:00+00:00,691.76,692.36,691.74,692.16,271279,regular,False
2026-07-23T19:59:00+00:00,692.18,692.43,691.79,691.99,700199,regular,False
2026-07-23T20:00:00+00:00,692.05,693.58,691.96,693.45,1141327,after-market,False
2026-07-23T20:01:00+00:00,693.45,693.93,692.94,693.7,93611,after-market,False
2026-07-23T20:02:00+00:00,693.71,693.95,693.17,693.87,143212,after-market,False
2026-07-23T20:03:00+00:00,693.9,694.64,693.9,694.59,109813,after-market,False
2026-07-23T20:04:00+00:00,694.6,694.71,694.27,694.3,89137,after-market,False
2026-07-23T20:05:00+00:00,694.34,694.46,694.14,694.2,58228,after-market,False
2026-07-23T20:06:00+00:00,694.28,694.65,694.2,694.65,101697,after-market,False
2026-07-23T20:07:00+00:00,694.65,694.67,694.1,694.35,43783,after-market,False
2026-07-23T20:08:00+00:00,694.4,694.47,694.29,694.41,9072,after-market,False
2026-07-23T20:09:00+00:00,694.37,694.51,694.2,694.35,18581,after-market,False
2026-07-23T20:10:00+00:00,694.4,694.71,694.4,694.6,23677,after-market,False
2026-07-23T20:11:00+00:00,694.55,694.82,694.54,694.81,57204,after-market,False
2026-07-23T20:12:00+00:00,694.81,695.16,694.74,694.74,54686,after-market,False
2026-07-23T20:13:00+00:00,694.79,695.11,694.64,695.09,8369,after-market,False
2026-07-23T20:14:00+00:00,695.1,695.15,694.62,694.68,73984,after-market,False
2026-07-23T20:15:00+00:00,694.69,694.88,694.57,694.84,8654,after-market,False
2026-07-23T20:16:00+00:00,694.87,695.26,694.86,695.09,14895,after-market,False
2026-07-23T20:17:00+00:00,695.09,695.26,695.01,695.14,4377,after-market,False
2026-07-23T20:18:00+00:00,695.2,695.46,695.18,695.39,35388,after-market,False
2026-07-23T20:19:00+00:00,695.3,695.37,695.18,695.37,22488,after-market,False
2026-07-23T20:20:00+00:00,695.4,695.68,695.35,695.37,11522,after-market,False
2026-07-23T20:21:00+00:00,695.3,695.5,695.29,695.49,17418,after-market,False
2026-07-23T20:22:00+00:00,695.66,695.74,695.5,695.65,23071,after-market,False
2026-07-23T20:23:00+00:00,695.6,695.68,695.53,695.66,3184,after-market,False
2026-07-23T20:24:00+00:00,695.6,695.75,695.59,695.73,23818,after-market,False
2026-07-23T20:25:00+00:00,695.71,695.9,695.71,695.72,19205,after-market,False
2026-07-23T20:26:00+00:00,695.7,695.7,695.5,695.62,13539,after-market,False
2026-07-23T20:27:00+00:00,695.61,695.68,695.52,695.68,7079,after-market,False
2026-07-23T20:28:00+00:00,695.72,695.78,695.64,695.78,6740,after-market,False
2026-07-23T20:29:00+00:00,695.74,695.76,695.65,695.76,2303,after-market,False
2026-07-23T20:30:00+00:00,695.75,695.79,695.43,695.5,11465,after-market,False
2026-07-23T20:31:00+00:00,695.49,695.68,695.48,695.68,15999,after-market,False
2026-07-23T20:32:00+00:00,695.63,695.99,695.63,695.98,9319,after-market,False
2026-07-23T20:33:00+00:00,695.99,696.0,695.57,695.7,10399,after-market,False
2026-07-23T20:34:00+00:00,695.71,695.8,695.66,695.66,9402,after-market,False
2026-07-23T20:35:00+00:00,695.65,695.83,695.6,695.68,15841,after-market,False
2026-07-23T20:36:00+00:00,695.8,695.81,695.74,695.75,5986,after-market,False
2026-07-23T20:37:00+00:00,695.68,695.79,695.68,695.72,13201,after-market,False
2026-07-23T20:38:00+00:00,695.72,695.8,695.65,695.72,32758,after-market,False
2026-07-23T20:39:00+00:00,695.72,695.72,695.67,695.68,16146,after-market,False
2026-07-23T20:40:00+00:00,695.67,695.67,695.26,695.27,21290,after-market,False
2026-07-23T20:41:00+00:00,695.26,695.31,695.23,695.3,14804,after-market,False
2026-07-23T20:42:00+00:00,695.26,695.28,694.95,694.97,31212,after-market,False
2026-07-23T20:43:00+00:00,694.97,695.04,694.88,694.92,16076,after-market,False
2026-07-23T20:44:00+00:00,694.9,694.93,694.8,694.93,13157,after-market,False
2026-07-23T20:45:00+00:00,694.9,695.0,694.9,694.95,12384,after-market,False
2026-07-23T20:46:00+00:00,694.9,694.9,694.83,694.87,5048,after-market,False
2026-07-23T20:47:00+00:00,694.83,694.94,694.81,694.86,28082,after-market,False
2026-07-23T20:48:00+00:00,694.82,694.9,694.69,694.9,18273,after-market,False
2026-07-23T20:49:00+00:00,694.78,694.95,694.78,694.83,12306,after-market,False
2026-07-23T20:50:00+00:00,694.82,694.89,694.82,694.89,1499,after-market,False
2026-07-23T20:51:00+00:00,694.91,694.91,694.81,694.81,3440,after-market,False
2026-07-23T20:52:00+00:00,694.81,694.81,694.77,694.77,1295,after-market,False
2026-07-23T20:53:00+00:00,694.77,694.8,694.76,694.8,2415,after-market,False
2026-07-23T20:54:00+00:00,694.81,694.9,694.81,694.9,15445,after-market,False
2026-07-23T20:55:00+00:00,694.9,694.9,694.84,694.87,8112,after-market,False
2026-07-23T20:56:00+00:00,694.82,694.95,694.82,694.9,5643,after-market,False
2026-07-23T20:57:00+00:00,694.9,694.9,694.85,694.9,553,after-market,False
2026-07-23T20:58:00+00:00,694.9,695.16,694.9,695.16,7909,after-market,False
2026-07-23T20:59:00+00:00,695.19,695.19,695.1,695.15,1330,after-market,False
2026-07-23T21:00:00+00:00,695.18,695.19,695.02,695.02,410,after-market,False
2026-07-23T21:01:00+00:00,695.14,695.22,695.12,695.22,283,after-market,False
2026-07-23T21:02:00+00:00,695.19,695.19,695.19,695.19,110,after-market,False
2026-07-23T21:03:00+00:00,695.34,695.37,695.19,695.36,6986,after-market,False
2026-07-23T21:04:00+00:00,695.24,695.31,695.23,695.3,1301,after-market,False
2026-07-23T21:05:00+00:00,695.33,695.64,695.32,695.62,3911,after-market,False
2026-07-23T21:06:00+00:00,695.62,695.65,692.18,692.18,147691,after-market,False
2026-07-23T21:07:00+00:00,695.5,695.5,695.2,695.2,8717,after-market,False
2026-07-23T21:08:00+00:00,695.17,695.17,695.1,695.1,1832,after-market,False
2026-07-23T21:09:00+00:00,695.24,695.24,694.83,694.83,1990,after-market,False
2026-07-23T21:10:00+00:00,694.83,694.93,694.76,694.93,5303,after-market,False
2026-07-23T21:11:00+00:00,694.98,694.98,694.95,694.95,5822,after-market,False
2026-07-23T21:12:00+00:00,694.95,694.95,694.46,694.51,7878,after-market,False
2026-07-23T21:13:00+00:00,694.47,694.5,694.21,694.27,11051,after-market,False
2026-07-23T21:14:00+00:00,694.46,694.5,694.26,694.5,2599,after-market,False
2026-07-23T21:15:00+00:00,694.35,694.35,694.02,694.1,2936,after-market,False
2026-07-23T21:16:00+00:00,694.19,694.2,694.02,694.1,5339,after-market,False
2026-07-23T21:17:00+00:00,694.05,694.17,693.93,694.07,9788,after-market,False
2026-07-23T21:18:00+00:00,693.9,694.0,693.88,693.88,10754,after-market,False
2026-07-23T21:19:00+00:00,693.91,694.0,693.8,693.8,75870,after-market,False
2026-07-23T21:20:00+00:00,693.82,693.86,693.73,693.8,20016,after-market,False
2026-07-23T21:21:00+00:00,693.76,694.33,693.75,694.31,36059,after-market,False
2026-07-23T21:22:00+00:00,694.06,694.27,694.05,694.25,8217,after-market,False
2026-07-23T21:23:00+00:00,694.12,694.2,693.96,694.01,11782,after-market,False
2026-07-23T21:24:00+00:00,694.02,694.08,694.02,694.03,1783,after-market,False
2026-07-23T21:25:00+00:00,694.06,694.06,693.97,694.01,14360,after-market,False
2026-07-23T21:26:00+00:00,694.0,694.0,693.85,693.94,1530,after-market,False
2026-07-23T21:27:00+00:00,694.0,694.0,693.87,693.87,1490,after-market,False
2026-07-23T21:28:00+00:00,693.87,693.87,693.54,693.54,1150,after-market,False
2026-07-23T21:29:00+00:00,693.6,693.61,693.5,693.59,17571,after-market,False
2026-07-23T21:30:00+00:00,693.61,693.87,693.61,693.85,3042,after-market,False
2026-07-23T21:31:00+00:00,693.85,693.86,693.69,693.71,6375,after-market,False
2026-07-23T21:32:00+00:00,693.71,693.87,693.59,693.59,2173,after-market,False
2026-07-23T21:33:00+00:00,693.67,693.69,693.58,693.58,897,after-market,False
2026-07-23T21:34:00+00:00,693.56,693.66,693.49,693.5,16234,after-market,False
2026-07-23T21:35:00+00:00,693.5,693.8,693.5,693.8,3122,after-market,False
2026-07-23T21:36:00+00:00,693.7,693.7,693.57,693.58,217,after-market,False
2026-07-23T21:37:00+00:00,693.77,693.77,693.65,693.7,4205,after-market,False
2026-07-23T21:38:00+00:00,693.72,693.77,693.6,693.6,6746,after-market,False
2026-07-23T21:39:00+00:00,693.55,693.6,693.42,693.42,2712,after-market,False
2026-07-23T21:40:00+00:00,693.55,693.6,693.42,693.6,2164,after-market,False
2026-07-23T21:41:00+00:00,693.6,693.71,693.57,693.66,3037,after-market,False
2026-07-23T21:42:00+00:00,693.7,693.87,693.67,693.72,1820,after-market,False
2026-07-23T21:43:00+00:00,693.71,693.95,693.6,693.9,1515,after-market,False
2026-07-23T21:44:00+00:00,693.8,693.8,693.69,693.8,4318,after-market,False
2026-07-23T21:45:00+00:00,693.8,694.25,693.7,694.01,3691,after-market,False
2026-07-23T21:46:00+00:00,694.25,694.5,694.23,694.35,1763,after-market,False
2026-07-23T21:47:00+00:00,694.26,694.38,694.22,694.22,631,after-market,False
2026-07-23T21:48:00+00:00,694.22,694.22,694.22,694.22,0,after-market,False
2026-07-23T21:49:00+00:00,694.3,694.3,693.88,693.88,705,after-market,False
2026-07-23T21:50:00+00:00,694.1,694.19,693.89,693.9,816,after-market,False
2026-07-23T21:51:00+00:00,693.9,693.9,693.9,693.9,0,after-market,False
2026-07-23T21:52:00+00:00,693.9,693.9,693.9,693.9,0,after-market,False
2026-07-23T21:53:00+00:00,693.9,693.9,693.9,693.9,0,after-market,False
2026-07-23T21:54:00+00:00,694.0,694.0,693.95,693.95,1329,after-market,False
2026-07-23T21:55:00+00:00,693.92,693.97,693.89,693.89,12556,after-market,False
2026-07-23T21:56:00+00:00,693.9,693.9,693.9,693.9,89,after-market,False
2026-07-23T21:57:00+00:00,693.89,694.08,693.85,694.08,9944,after-market,False
2026-07-23T21:58:00+00:00,694.02,694.08,694.02,694.05,354,after-market,False
2026-07-23T21:59:00+00:00,694.1,694.1,693.84,693.85,5378,after-market,False
2026-07-23T22:00:00+00:00,693.85,694.24,693.85,693.9,8171,after-market,False
2026-07-23T22:01:00+00:00,693.8,693.8,693.13,693.14,15679,after-market,False
2026-07-23T22:02:00+00:00,693.17,693.32,693.11,693.32,22831,after-market,False
2026-07-23T22:03:00+00:00,693.57,693.57,693.5,693.5,1150,after-market,False
2026-07-23T22:04:00+00:00,693.27,693.27,693.13,693.13,1697,after-market,False
2026-07-23T22:05:00+00:00,693.13,693.13,692.96,693.06,1856,after-market,False
2026-07-23T22:06:00+00:00,693.09,693.23,693.09,693.23,10249,after-market,False
2026-07-23T22:07:00+00:00,693.28,693.28,693.13,693.13,2758,after-market,False
2026-07-23T22:08:00+00:00,693.23,693.23,693.07,693.07,1100,after-market,False
2026-07-23T22:09:00+00:00,693.12,693.15,693.05,693.15,190,after-market,False
2026-07-23T22:10:00+00:00,693.11,693.12,692.71,692.71,5342,after-market,False
2026-07-23T22:11:00+00:00,692.65,692.77,692.63,692.77,3113,after-market,False
2026-07-23T22:12:00+00:00,692.69,692.75,692.62,692.75,2357,after-market,False
2026-07-23T22:13:00+00:00,692.68,692.68,692.48,692.51,3772,after-market,False
2026-07-23T22:14:00+00:00,692.49,692.68,692.46,692.66,6484,after-market,False
2026-07-23T22:15:00+00:00,692.67,692.7,692.58,692.65,2185,after-market,False
2026-07-23T22:16:00+00:00,692.63,692.7,692.54,692.6,4244,after-market,False
2026-07-23T22:17:00+00:00,692.61,692.64,692.54,692.63,12244,after-market,False
2026-07-23T22:18:00+00:00,692.51,692.56,692.5,692.5,650,after-market,False
2026-07-23T22:19:00+00:00,692.5,692.5,692.31,692.37,10794,after-market,False
2026-07-23T22:20:00+00:00,692.42,692.48,692.4,692.47,264,after-market,False
2026-07-23T22:21:00+00:00,692.55,692.88,692.4,692.88,12017,after-market,False
2026-07-23T22:22:00+00:00,692.85,693.06,692.85,693.06,2575,after-market,False
2026-07-23T22:23:00+00:00,693.12,693.31,693.12,693.3,2737,after-market,False
2026-07-23T22:24:00+00:00,693.3,693.47,693.3,693.43,2793,after-market,False
2026-07-23T22:25:00+00:00,693.3,693.3,693.3,693.3,80,after-market,False
2026-07-23T22:26:00+00:00,693.07,693.07,693.0,693.07,250,after-market,False
2026-07-23T22:27:00+00:00,693.16,693.34,693.1,693.34,933,after-market,False
2026-07-23T22:28:00+00:00,693.37,693.37,693.37,693.37,100,after-market,False
2026-07-23T22:29:00+00:00,693.39,693.39,693.17,693.17,2418,after-market,False
2026-07-23T22:30:00+00:00,693.23,693.8,693.23,693.72,5643,after-market,False
2026-07-23T22:31:00+00:00,693.69,693.87,693.67,693.87,20884,after-market,False
2026-07-23T22:32:00+00:00,693.76,693.76,693.58,693.68,6616,after-market,False
2026-07-23T22:33:00+00:00,693.69,693.7,693.48,693.58,6456,after-market,False
2026-07-23T22:34:00+00:00,693.67,693.68,693.53,693.53,1881,after-market,False
2026-07-23T22:35:00+00:00,693.52,693.65,693.48,693.61,2257,after-market,False
2026-07-23T22:36:00+00:00,693.56,693.56,693.55,693.56,1090,after-market,False
2026-07-23T22:37:00+00:00,693.54,693.55,693.35,693.36,2034,after-market,False
2026-07-23T22:38:00+00:00,693.36,693.66,693.36,693.66,1708,after-market,False
2026-07-23T22:39:00+00:00,693.62,693.75,693.54,693.56,2428,after-market,False
2026-07-23T22:40:00+00:00,693.56,693.56,693.56,693.56,0,after-market,False
2026-07-23T22:41:00+00:00,693.44,693.46,693.31,693.32,3120,after-market,False
2026-07-23T22:42:00+00:00,693.35,693.5,693.35,693.5,5357,after-market,False
2026-07-23T22:43:00+00:00,693.55,693.74,693.55,693.74,234,after-market,False
2026-07-23T22:44:00+00:00,693.73,693.73,693.73,693.73,50,after-market,False
2026-07-23T22:45:00+00:00,693.73,693.73,693.73,693.73,0,after-market,False
2026-07-23T22:46:00+00:00,693.69,694.15,693.69,694.05,2116,after-market,False
2026-07-23T22:47:00+00:00,694.0,694.02,693.97,694.02,372,after-market,False
2026-07-23T22:48:00+00:00,693.96,694.17,693.94,694.16,924,after-market,False
2026-07-23T22:49:00+00:00,694.03,694.09,694.02,694.09,646,after-market,False
2026-07-23T22:50:00+00:00,694.0,694.12,694.0,694.02,1377,after-market,False
2026-07-23T22:51:00+00:00,694.12,694.12,694.11,694.11,270,after-market,False
2026-07-23T22:52:00+00:00,694.17,694.27,694.15,694.15,349,after-market,False
2026-07-23T22:53:00+00:00,694.15,694.15,694.15,694.15,0,after-market,False
2026-07-23T22:54:00+00:00,694.13,694.25,694.13,694.25,2062,after-market,False
2026-07-23T22:55:00+00:00,694.25,694.56,694.25,694.5,958,after-market,False
2026-07-23T22:56:00+00:00,694.5,694.55,694.49,694.52,2045,after-market,False
2026-07-23T22:57:00+00:00,694.52,694.58,694.52,694.53,1474,after-market,False
2026-07-23T22:58:00+00:00,694.6,694.77,694.6,694.75,5417,after-market,False
2026-07-23T22:59:00+00:00,694.8,694.81,694.73,694.79,3171,after-market,False
2026-07-23T23:00:00+00:00,694.79,694.88,694.79,694.83,1739,after-market,False
2026-07-23T23:01:00+00:00,694.83,694.83,694.72,694.72,1887,after-market,False
2026-07-23T23:02:00+00:00,694.68,694.8,694.68,694.75,1237,after-market,False
2026-07-23T23:03:00+00:00,694.51,694.51,694.32,694.42,1740,after-market,False
2026-07-23T23:04:00+00:00,694.45,694.45,694.15,694.15,949,after-market,False
2026-07-23T23:05:00+00:00,694.19,694.35,694.1,694.35,13498,after-market,False
2026-07-23T23:06:00+00:00,694.25,694.25,694.11,694.11,6366,after-market,False
2026-07-23T23:07:00+00:00,694.11,694.11,694.1,694.1,12993,after-market,False
2026-07-23T23:08:00+00:00,694.02,694.02,694.0,694.0,1922,after-market,False
2026-07-23T23:09:00+00:00,694.03,694.21,694.03,694.21,1001,after-market,False
2026-07-23T23:10:00+00:00,694.2,694.21,694.2,694.21,895,after-market,False
2026-07-23T23:11:00+00:00,694.17,694.24,694.17,694.24,3628,after-market,False
2026-07-23T23:12:00+00:00,693.98,694.02,693.9,694.02,16216,after-market,False
2026-07-23T23:13:00+00:00,694.0,694.0,693.99,694.0,48,after-market,False
2026-07-23T23:14:00+00:00,694.02,694.02,693.99,693.99,200,after-market,False
2026-07-23T23:15:00+00:00,693.99,693.99,693.99,693.99,0,after-market,False
2026-07-23T23:16:00+00:00,693.99,693.99,693.99,693.99,0,after-market,False
2026-07-23T23:17:00+00:00,694.0,694.0,693.91,694.0,2601,after-market,False
2026-07-23T23:18:00+00:00,693.96,693.98,693.92,693.98,811,after-market,False
2026-07-23T23:19:00+00:00,693.91,693.97,693.88,693.96,4881,after-market,False
2026-07-23T23:20:00+00:00,693.99,694.0,693.99,693.99,50,after-market,False
2026-07-23T23:21:00+00:00,694.0,694.0,693.95,693.98,130,after-market,False
2026-07-23T23:22:00+00:00,694.09,694.1,694.09,694.09,175,after-market,False
2026-07-23T23:23:00+00:00,694.15,694.15,694.1,694.1,6818,after-market,False
2026-07-23T23:24:00+00:00,694.15,694.15,694.14,694.15,50,after-market,False
2026-07-23T23:25:00+00:00,694.1,694.1,694.1,694.1,1569,after-market,False
2026-07-23T23:26:00+00:00,694.1,694.11,694.04,694.04,12375,after-market,False
2026-07-23T23:27:00+00:00,694.06,694.1,694.05,694.07,3617,after-market,False
2026-07-23T23:28:00+00:00,694.11,694.17,694.11,694.17,740,after-market,False
2026-07-23T23:29:00+00:00,694.16,694.2,694.03,694.09,5303,after-market,False
2026-07-23T23:30:00+00:00,694.11,694.12,693.96,693.97,15766,after-market,False
2026-07-23T23:31:00+00:00,694.0,694.0,693.77,693.77,2978,after-market,False
2026-07-23T23:32:00+00:00,693.87,693.87,693.77,693.85,1604,after-market,False
2026-07-23T23:33:00+00:00,693.8,693.97,693.8,693.97,241,after-market,False
2026-07-23T23:34:00+00:00,693.97,693.97,693.97,693.97,0,after-market,False
2026-07-23T23:35:00+00:00,694.05,694.05,693.98,693.98,540,after-market,False
2026-07-23T23:36:00+00:00,693.98,693.98,693.98,693.98,0,after-market,False
2026-07-23T23:37:00+00:00,693.86,693.87,693.74,693.8,2279,after-market,False
2026-07-23T23:38:00+00:00,693.85,693.85,693.79,693.8,3251,after-market,False
2026-07-23T23:39:00+00:00,693.77,693.77,693.51,693.6,3110,after-market,False
2026-07-23T23:40:00+00:00,693.52,693.56,693.23,693.33,3054,after-market,False
2026-07-23T23:41:00+00:00,693.37,693.71,693.37,693.69,488,after-market,False
2026-07-23T23:42:00+00:00,693.71,694.01,693.71,693.95,3189,after-market,False
2026-07-23T23:43:00+00:00,693.95,693.95,693.95,693.95,0,after-market,False
2026-07-23T23:44:00+00:00,693.71,693.8,693.7,693.71,12042,after-market,False
2026-07-23T23:45:00+00:00,693.71,694.22,693.65,694.22,8656,after-market,False
2026-07-23T23:46:00+00:00,693.9,693.96,693.9,693.9,1097,after-market,False
2026-07-23T23:47:00+00:00,693.72,693.72,693.65,693.65,4940,after-market,False
2026-07-23T23:48:00+00:00,693.65,693.95,693.63,693.95,6535,after-market,False
2026-07-23T23:49:00+00:00,693.69,693.7,693.61,693.7,570,after-market,False
2026-07-23T23:50:00+00:00,693.67,693.67,693.55,693.55,406,after-market,False
2026-07-23T23:51:00+00:00,693.5,693.5,693.37,693.44,2307,after-market,False
2026-07-23T23:52:00+00:00,693.38,693.4,693.32,693.32,2213,after-market,False
2026-07-23T23:53:00+00:00,693.39,693.4,693.3,693.3,2063,after-market,False
2026-07-23T23:54:00+00:00,693.28,693.28,693.21,693.23,510,after-market,False
2026-07-23T23:55:00+00:00,693.31,693.39,693.27,693.35,520,after-market,False
2026-07-23T23:56:00+00:00,693.4,693.4,693.37,693.37,500,after-market,False
2026-07-23T23:57:00+00:00,693.46,693.49,693.45,693.49,195,after-market,False
2026-07-23T23:58:00+00:00,693.87,693.93,693.87,693.93,330,after-market,False
2026-07-23T23:59:00+00:00,693.83,693.86,693.54,693.54,1518,after-market,False
2026-07-24T08:00:00+00:00,692.46,692.97,688.75,689.25,13856,pre-market,False
2026-07-24T08:01:00+00:00,689.73,693.4,688.88,691.41,66207,pre-market,False
2026-07-24T08:02:00+00:00,692.39,693.4,691.02,691.97,47211,pre-market,False
2026-07-24T08:03:00+00:00,691.97,693.02,691.75,691.96,3562,pre-market,False
2026-07-24T08:04:00+00:00,692.05,692.05,691.74,691.74,3815,pre-market,False
2026-07-24T08:05:00+00:00,691.42,691.55,691.42,691.47,2232,pre-market,False
2026-07-24T08:06:00+00:00,691.47,691.56,691.43,691.56,2485,pre-market,False
2026-07-24T08:07:00+00:00,691.49,691.55,691.39,691.5,1523,pre-market,False
2026-07-24T08:08:00+00:00,691.57,691.7,691.5,691.55,4755,pre-market,False
2026-07-24T08:09:00+00:00,691.6,691.8,691.48,691.48,2492,pre-market,False
2026-07-24T08:10:00+00:00,691.48,691.58,691.41,691.58,7613,pre-market,False
2026-07-24T08:11:00+00:00,691.31,691.31,691.17,691.17,1026,pre-market,False
2026-07-24T08:12:00+00:00,691.1,691.1,690.91,690.94,2375,pre-market,False
2026-07-24T08:13:00+00:00,691.1,691.21,691.1,691.2,337,pre-market,False
2026-07-24T08:14:00+00:00,691.33,691.37,691.33,691.37,1069,pre-market,False
2026-07-24T08:15:00+00:00,691.34,691.46,691.34,691.39,273,pre-market,False
2026-07-24T08:16:00+00:00,691.62,691.71,691.56,691.71,836,pre-market,False
2026-07-24T08:17:00+00:00,691.79,691.93,691.72,691.72,719,pre-market,False
2026-07-24T08:18:00+00:00,691.78,691.78,691.38,691.38,1152,pre-market,False
2026-07-24T08:19:00+00:00,691.65,691.8,691.64,691.8,560,pre-market,False
2026-07-24T08:20:00+00:00,691.78,691.86,691.76,691.86,544,pre-market,False
2026-07-24T08:21:00+00:00,691.93,691.98,691.7,691.76,1133,pre-market,False
2026-07-24T08:22:00+00:00,691.76,691.76,691.76,691.76,0,pre-market,False
2026-07-24T08:23:00+00:00,691.94,691.94,691.79,691.8,199,pre-market,False
2026-07-24T08:24:00+00:00,691.93,691.93,691.7,691.7,408,pre-market,False
2026-07-24T08:25:00+00:00,691.51,691.51,691.51,691.51,75,pre-market,False
2026-07-24T08:26:00+00:00,691.85,692.02,691.85,692.02,337,pre-market,False
2026-07-24T08:27:00+00:00,692.01,692.01,691.89,691.93,699,pre-market,False
2026-07-24T08:28:00+00:00,692.02,692.02,691.89,691.91,1180,pre-market,False
2026-07-24T08:29:00+00:00,692.12,692.49,692.12,692.49,2493,pre-market,False
2026-07-24T08:30:00+00:00,692.43,692.58,692.38,692.56,1524,pre-market,False
2026-07-24T08:31:00+00:00,692.47,692.71,692.37,692.71,743,pre-market,False
2026-07-24T08:32:00+00:00,692.64,692.82,692.59,692.82,632,pre-market,False
2026-07-24T08:33:00+00:00,692.87,692.88,692.82,692.82,660,pre-market,False
2026-07-24T08:34:00+00:00,692.79,692.79,692.79,692.79,100,pre-market,False
2026-07-24T08:35:00+00:00,692.87,692.88,692.75,692.75,843,pre-market,False
2026-07-24T08:36:00+00:00,692.83,692.88,692.7,692.84,3287,pre-market,False
2026-07-24T08:37:00+00:00,693.0,693.14,692.99,692.99,1888,pre-market,False
2026-07-24T08:38:00+00:00,693.03,693.03,692.76,692.76,890,pre-market,False
2026-07-24T08:39:00+00:00,692.76,692.85,692.75,692.78,786,pre-market,False
2026-07-24T08:40:00+00:00,692.75,692.75,692.75,692.75,40,pre-market,False
2026-07-24T08:41:00+00:00,692.58,692.72,692.57,692.72,508,pre-market,False
2026-07-24T08:42:00+00:00,692.71,692.71,692.62,692.64,4245,pre-market,False
2026-07-24T08:43:00+00:00,692.53,692.57,692.43,692.49,3049,pre-market,False
2026-07-24T08:44:00+00:00,692.52,692.71,692.52,692.71,590,pre-market,False
2026-07-24T08:45:00+00:00,692.62,692.71,692.61,692.61,755,pre-market,False
2026-07-24T08:46:00+00:00,692.74,692.74,692.72,692.72,3940,pre-market,False
2026-07-24T08:47:00+00:00,692.7,692.7,692.39,692.44,397,pre-market,False
2026-07-24T08:48:00+00:00,692.31,692.31,692.21,692.23,640,pre-market,False
2026-07-24T08:49:00+00:00,692.24,692.42,692.24,692.41,1040,pre-market,False
2026-07-24T08:50:00+00:00,692.46,692.51,692.46,692.51,800,pre-market,False
2026-07-24T08:51:00+00:00,692.37,692.42,692.37,692.41,704,pre-market,False
2026-07-24T08:52:00+00:00,692.41,692.41,692.41,692.41,0,pre-market,False
2026-07-24T08:53:00+00:00,692.41,692.41,692.31,692.31,240,pre-market,False
2026-07-24T08:54:00+00:00,692.31,692.53,692.31,692.53,486,pre-market,False
2026-07-24T08:55:00+00:00,692.57,692.65,692.57,692.65,3220,pre-market,False
2026-07-24T08:56:00+00:00,692.59,692.59,692.59,692.59,50,pre-market,False
2026-07-24T08:57:00+00:00,692.49,692.49,692.39,692.4,376,pre-market,False
2026-07-24T08:58:00+00:00,692.3,692.31,692.3,692.31,428,pre-market,False
2026-07-24T08:59:00+00:00,692.3,692.35,692.3,692.35,272,pre-market,False
2026-07-24T09:00:00+00:00,692.51,692.52,692.31,692.37,464,pre-market,False
2026-07-24T09:01:00+00:00,692.37,692.42,692.35,692.42,2160,pre-market,False
2026-07-24T09:02:00+00:00,692.66,692.67,692.52,692.67,318,pre-market,False
2026-07-24T09:03:00+00:00,692.7,692.85,692.63,692.85,2594,pre-market,False
2026-07-24T09:04:00+00:00,692.7,692.7,692.41,692.41,2350,pre-market,False
2026-07-24T09:05:00+00:00,692.5,692.52,692.37,692.37,640,pre-market,False
2026-07-24T09:06:00+00:00,692.43,692.65,692.41,692.65,874,pre-market,False
2026-07-24T09:07:00+00:00,692.63,693.1,692.63,693.1,2805,pre-market,False
2026-07-24T09:08:00+00:00,693.13,693.2,693.09,693.2,5538,pre-market,False
2026-07-24T09:09:00+00:00,693.25,693.91,693.25,693.91,9203,pre-market,False
2026-07-24T09:10:00+00:00,693.84,693.84,693.79,693.79,675,pre-market,False
2026-07-24T09:11:00+00:00,693.72,693.72,693.37,693.43,3753,pre-market,False
2026-07-24T09:12:00+00:00,693.39,693.4,692.96,692.96,1632,pre-market,False
2026-07-24T09:13:00+00:00,693.08,693.13,693.06,693.1,865,pre-market,False
2026-07-24T09:14:00+00:00,692.96,692.99,692.92,692.99,403,pre-market,False
2026-07-24T09:15:00+00:00,692.93,693.04,692.79,692.79,605,pre-market,False
2026-07-24T09:16:00+00:00,692.81,693.17,692.81,693.15,1380,pre-market,False
2026-07-24T09:17:00+00:00,693.16,693.16,693.12,693.12,964,pre-market,False
2026-07-24T09:18:00+00:00,692.93,692.93,692.89,692.89,156,pre-market,False
2026-07-24T09:19:00+00:00,692.84,693.12,692.84,693.11,1382,pre-market,False
2026-07-24T09:20:00+00:00,693.18,693.18,693.05,693.1,2540,pre-market,False
2026-07-24T09:21:00+00:00,693.14,693.24,693.14,693.22,2295,pre-market,False
2026-07-24T09:22:00+00:00,693.28,693.31,693.23,693.25,2188,pre-market,False
2026-07-24T09:23:00+00:00,693.18,693.4,693.18,693.4,261,pre-market,False
2026-07-24T09:24:00+00:00,693.35,693.4,693.34,693.39,542,pre-market,False
2026-07-24T09:25:00+00:00,693.5,693.8,693.5,693.79,2786,pre-market,False
2026-07-24T09:26:00+00:00,693.69,693.69,693.69,693.69,40,pre-market,False
2026-07-24T09:27:00+00:00,693.51,693.52,693.43,693.43,2164,pre-market,False
2026-07-24T09:28:00+00:00,693.69,693.69,693.63,693.64,2085,pre-market,False
2026-07-24T09:29:00+00:00,693.77,693.77,693.77,693.77,100,pre-market,False
2026-07-24T09:30:00+00:00,693.69,693.72,693.68,693.72,92,pre-market,False
2026-07-24T09:31:00+00:00,693.75,693.87,693.72,693.75,1943,pre-market,False
2026-07-24T09:32:00+00:00,693.81,694.04,693.81,694.04,1665,pre-market,False
2026-07-24T09:33:00+00:00,694.08,694.08,693.87,693.87,882,pre-market,False
2026-07-24T09:34:00+00:00,693.97,693.99,693.93,693.99,1015,pre-market,False
2026-07-24T09:35:00+00:00,694.04,694.04,693.81,693.81,943,pre-market,False
2026-07-24T09:36:00+00:00,693.78,694.01,693.78,693.98,1611,pre-market,False
2026-07-24T09:37:00+00:00,693.93,693.93,693.85,693.85,171,pre-market,False
2026-07-24T09:38:00+00:00,694.04,694.04,693.95,693.96,540,pre-market,False
2026-07-24T09:39:00+00:00,694.05,694.2,694.05,694.2,840,pre-market,False
2026-07-24T09:40:00+00:00,694.22,694.25,694.03,694.03,1126,pre-market,False
2026-07-24T09:41:00+00:00,694.08,694.21,694.0,694.0,844,pre-market,False
2026-07-24T09:42:00+00:00,694.08,694.35,694.06,694.35,4575,pre-market,False
2026-07-24T09:43:00+00:00,694.33,694.41,694.33,694.36,4473,pre-market,False
2026-07-24T09:44:00+00:00,694.37,694.39,694.26,694.31,877,pre-market,False
2026-07-24T09:45:00+00:00,694.27,694.44,694.26,694.44,11354,pre-market,False
2026-07-24T09:46:00+00:00,694.32,694.32,694.32,694.32,72,pre-market,False
2026-07-24T09:47:00+00:00,694.25,694.37,694.21,694.21,3190,pre-market,False
2026-07-24T09:48:00+00:00,694.24,694.24,694.06,694.11,1222,pre-market,False
2026-07-24T09:49:00+00:00,694.11,694.16,694.06,694.06,990,pre-market,False
2026-07-24T09:50:00+00:00,694.06,694.06,694.02,694.02,146,pre-market,False
2026-07-24T09:51:00+00:00,694.18,694.2,694.18,694.2,1360,pre-market,False
2026-07-24T09:52:00+00:00,694.07,694.08,694.07,694.08,202,pre-market,False
2026-07-24T09:53:00+00:00,694.06,694.06,693.94,693.95,441,pre-market,False
2026-07-24T09:54:00+00:00,693.99,693.99,693.95,693.95,180,pre-market,False
2026-07-24T09:55:00+00:00,694.0,694.1,693.97,694.1,883,pre-market,False
2026-07-24T09:56:00+00:00,694.07,694.23,694.07,694.17,379,pre-market,False
2026-07-24T09:57:00+00:00,694.16,694.18,694.16,694.18,748,pre-market,False
2026-07-24T09:58:00+00:00,694.18,694.18,694.18,694.18,0,pre-market,False
2026-07-24T09:59:00+00:00,694.38,694.42,694.22,694.36,3940,pre-market,False
2026-07-24T10:00:00+00:00,694.39,694.47,694.29,694.47,2472,pre-market,False
2026-07-24T10:01:00+00:00,694.48,694.48,694.19,694.24,2485,pre-market,False
2026-07-24T10:02:00+00:00,694.17,694.17,694.12,694.12,424,pre-market,False
2026-07-24T10:03:00+00:00,694.23,694.23,694.0,694.01,390,pre-market,False
2026-07-24T10:04:00+00:00,694.02,694.02,693.84,693.92,621,pre-market,False
2026-07-24T10:05:00+00:00,693.81,693.83,693.79,693.79,2258,pre-market,False
2026-07-24T10:06:00+00:00,693.92,693.92,693.88,693.88,1147,pre-market,False
2026-07-24T10:07:00+00:00,693.77,693.77,693.6,693.6,1091,pre-market,False
2026-07-24T10:08:00+00:00,693.53,693.59,693.51,693.51,1211,pre-market,False
2026-07-24T10:09:00+00:00,693.55,693.63,693.53,693.63,2050,pre-market,False
2026-07-24T10:10:00+00:00,693.72,693.72,693.57,693.65,1432,pre-market,False
2026-07-24T10:11:00+00:00,693.7,693.7,693.7,693.7,40,pre-market,False
2026-07-24T10:12:00+00:00,693.52,693.52,693.48,693.5,2585,pre-market,False
2026-07-24T10:13:00+00:00,693.46,693.46,693.42,693.42,651,pre-market,False
2026-07-24T10:14:00+00:00,693.4,693.55,693.4,693.45,420,pre-market,False
2026-07-24T10:15:00+00:00,693.45,693.61,693.45,693.61,630,pre-market,False
2026-07-24T10:16:00+00:00,693.61,693.62,693.31,693.31,1053,pre-market,False
2026-07-24T10:17:00+00:00,693.37,693.48,693.37,693.48,2215,pre-market,False
2026-07-24T10:18:00+00:00,693.45,693.45,693.43,693.43,568,pre-market,False
2026-07-24T10:19:00+00:00,693.36,693.45,693.36,693.45,212,pre-market,False
2026-07-24T10:20:00+00:00,693.39,693.39,693.38,693.38,1014,pre-market,False
2026-07-24T10:21:00+00:00,693.47,693.54,693.47,693.48,676,pre-market,False
2026-07-24T10:22:00+00:00,693.45,693.67,693.45,693.67,287,pre-market,False
2026-07-24T10:23:00+00:00,693.62,693.62,693.6,693.61,500,pre-market,False
2026-07-24T10:24:00+00:00,693.64,693.65,693.64,693.64,121,pre-market,False
2026-07-24T10:25:00+00:00,693.63,693.63,693.3,693.38,25477,pre-market,False
2026-07-24T10:26:00+00:00,693.33,693.5,693.29,693.47,4680,pre-market,False
2026-07-24T10:27:00+00:00,693.6,693.77,693.6,693.77,350,pre-market,False
2026-07-24T10:28:00+00:00,693.77,693.77,693.77,693.77,0,pre-market,False
2026-07-24T10:29:00+00:00,693.76,693.77,693.63,693.71,2169,pre-market,False
2026-07-24T10:30:00+00:00,693.57,693.64,693.57,693.64,130,pre-market,False
2026-07-24T10:31:00+00:00,693.76,693.99,693.76,693.99,1030,pre-market,False
2026-07-24T10:32:00+00:00,693.99,693.99,693.99,693.99,0,pre-market,False
2026-07-24T10:33:00+00:00,693.79,693.93,693.79,693.91,698,pre-market,False
2026-07-24T10:34:00+00:00,693.84,693.84,693.57,693.57,249,pre-market,False
2026-07-24T10:35:00+00:00,693.52,693.53,693.24,693.24,1223,pre-market,False
2026-07-24T10:36:00+00:00,693.31,693.33,693.26,693.33,1463,pre-market,False
2026-07-24T10:37:00+00:00,693.29,693.29,693.19,693.23,1057,pre-market,False
2026-07-24T10:38:00+00:00,693.17,693.18,693.01,693.01,3900,pre-market,False
2026-07-24T10:39:00+00:00,693.14,693.14,693.04,693.08,383,pre-market,False
2026-07-24T10:40:00+00:00,693.09,693.09,692.87,692.9,1060,pre-market,False
2026-07-24T10:41:00+00:00,692.92,693.2,692.91,693.11,522,pre-market,False
2026-07-24T10:42:00+00:00,693.14,693.14,693.14,693.14,290,pre-market,False
2026-07-24T10:43:00+00:00,693.02,693.02,692.9,692.91,500,pre-market,False
2026-07-24T10:44:00+00:00,692.97,692.97,692.97,692.97,40,pre-market,False
2026-07-24T10:45:00+00:00,693.02,693.19,693.0,693.01,1470,pre-market,False
2026-07-24T10:46:00+00:00,693.13,693.13,693.06,693.1,1104,pre-market,False
2026-07-24T10:47:00+00:00,693.1,693.1,693.08,693.08,136,pre-market,False
2026-07-24T10:48:00+00:00,693.11,693.28,693.11,693.28,697,pre-market,False
2026-07-24T10:49:00+00:00,693.28,693.28,693.28,693.28,0,pre-market,False
2026-07-24T10:50:00+00:00,693.01,693.07,693.01,693.06,303,pre-market,False
2026-07-24T10:51:00+00:00,692.89,692.96,692.78,692.8,1875,pre-market,False
2026-07-24T10:52:00+00:00,692.76,692.84,692.75,692.84,11497,pre-market,False
2026-07-24T10:53:00+00:00,692.83,692.84,692.79,692.79,1370,pre-market,False
2026-07-24T10:54:00+00:00,692.91,692.95,692.83,692.83,620,pre-market,False
2026-07-24T10:55:00+00:00,692.86,693.0,692.81,692.9,5576,pre-market,False
2026-07-24T10:56:00+00:00,692.86,693.02,692.86,693.02,448,pre-market,False
2026-07-24T10:57:00+00:00,692.91,692.98,692.87,692.92,1640,pre-market,False
2026-07-24T10:58:00+00:00,692.93,693.07,692.93,693.01,585,pre-market,False
2026-07-24T10:59:00+00:00,693.01,693.05,692.83,692.83,777,pre-market,False
2026-07-24T11:00:00+00:00,692.89,692.94,692.76,692.84,5655,pre-market,False
2026-07-24T11:01:00+00:00,692.92,693.21,692.86,693.18,5769,pre-market,False
2026-07-24T11:02:00+00:00,693.25,693.27,693.1,693.16,3368,pre-market,False
2026-07-24T11:03:00+00:00,693.09,693.36,693.09,693.27,2312,pre-market,False
2026-07-24T11:04:00+00:00,693.38,693.38,693.24,693.27,950,pre-market,False
2026-07-24T11:05:00+00:00,693.24,693.46,693.24,693.35,1683,pre-market,False
2026-07-24T11:06:00+00:00,693.38,693.49,693.34,693.36,1966,pre-market,False
2026-07-24T11:07:00+00:00,693.42,693.49,693.4,693.45,2456,pre-market,False
2026-07-24T11:08:00+00:00,693.46,693.46,693.09,693.09,1313,pre-market,False
2026-07-24T11:09:00+00:00,693.07,693.12,692.95,692.99,803,pre-market,False
2026-07-24T11:10:00+00:00,693.02,693.02,692.85,692.92,701,pre-market,False
2026-07-24T11:11:00+00:00,693.02,693.12,693.02,693.11,610,pre-market,False
2026-07-24T11:12:00+00:00,693.1,693.18,693.09,693.18,2296,pre-market,False
2026-07-24T11:13:00+00:00,693.18,693.21,693.11,693.12,3124,pre-market,False
2026-07-24T11:14:00+00:00,693.15,693.27,693.14,693.27,700,pre-market,False
2026-07-24T11:15:00+00:00,693.27,693.28,693.14,693.15,6850,pre-market,False
2026-07-24T11:16:00+00:00,693.22,693.22,693.07,693.11,920,pre-market,False
2026-07-24T11:17:00+00:00,693.35,693.4,693.23,693.23,1350,pre-market,False
2026-07-24T11:18:00+00:00,693.3,693.38,693.28,693.38,3180,pre-market,False
2026-07-24T11:19:00+00:00,693.27,693.27,693.2,693.24,540,pre-market,False
2026-07-24T11:20:00+00:00,693.21,693.21,693.21,693.21,70,pre-market,False
2026-07-24T11:21:00+00:00,693.28,693.28,693.0,693.01,2062,pre-market,False
2026-07-24T11:22:00+00:00,693.0,693.07,692.96,692.98,1620,pre-market,False
2026-07-24T11:23:00+00:00,692.98,693.03,692.94,693.03,750,pre-market,False
2026-07-24T11:24:00+00:00,693.29,693.39,693.29,693.31,2636,pre-market,False
2026-07-24T11:25:00+00:00,693.09,693.12,693.09,693.12,374,pre-market,False
2026-07-24T11:26:00+00:00,693.05,693.05,693.05,693.05,75,pre-market,False
2026-07-24T11:27:00+00:00,692.91,692.96,692.91,692.95,1720,pre-market,False
2026-07-24T11:28:00+00:00,693.0,693.0,692.92,692.98,696,pre-market,False
2026-07-24T11:29:00+00:00,692.88,692.96,692.88,692.96,782,pre-market,False
2026-07-24T11:30:00+00:00,692.96,692.99,692.8,692.82,4437,pre-market,False
2026-07-24T11:31:00+00:00,692.91,692.99,692.7,692.71,1117,pre-market,False
2026-07-24T11:32:00+00:00,692.67,692.69,692.45,692.64,2646,pre-market,False
2026-07-24T11:33:00+00:00,692.61,692.69,692.57,692.57,4523,pre-market,False
2026-07-24T11:34:00+00:00,692.53,692.65,692.53,692.53,3856,pre-market,False
2026-07-24T11:35:00+00:00,692.51,692.57,692.39,692.42,1604,pre-market,False
2026-07-24T11:36:00+00:00,692.55,692.98,692.55,692.98,2654,pre-market,False
2026-07-24T11:37:00+00:00,692.87,692.87,692.87,692.87,100,pre-market,False
2026-07-24T11:38:00+00:00,692.61,692.67,692.59,692.59,2099,pre-market,False
2026-07-24T11:39:00+00:00,692.51,692.58,692.36,692.41,3049,pre-market,False
2026-07-24T11:40:00+00:00,692.53,692.53,692.4,692.5,1465,pre-market,False
2026-07-24T11:41:00+00:00,692.52,692.57,692.52,692.56,695,pre-market,False
2026-07-24T11:42:00+00:00,692.61,692.61,692.51,692.52,1285,pre-market,False
2026-07-24T11:43:00+00:00,692.64,692.64,692.59,692.59,6600,pre-market,False
2026-07-24T11:44:00+00:00,692.68,692.75,692.36,692.36,2428,pre-market,False
2026-07-24T11:45:00+00:00,692.43,692.56,692.42,692.55,315,pre-market,False
2026-07-24T11:46:00+00:00,692.42,692.42,692.31,692.37,530,pre-market,False
2026-07-24T11:47:00+00:00,692.23,692.23,692.18,692.18,430,pre-market,False
2026-07-24T11:48:00+00:00,692.17,692.25,692.02,692.08,1257,pre-market,False
2026-07-24T11:49:00+00:00,692.04,692.27,692.01,692.22,1419,pre-market,False
2026-07-24T11:50:00+00:00,692.31,692.36,692.31,692.36,838,pre-market,False
2026-07-24T11:51:00+00:00,692.31,692.5,692.31,692.5,452,pre-market,False
2026-07-24T11:52:00+00:00,692.53,692.6,692.5,692.6,854,pre-market,False
2026-07-24T11:53:00+00:00,692.49,692.5,692.28,692.28,959,pre-market,False
2026-07-24T11:54:00+00:00,692.41,692.41,692.34,692.34,232,pre-market,False
2026-07-24T11:55:00+00:00,692.4,692.4,692.19,692.25,740,pre-market,False
2026-07-24T11:56:00+00:00,692.2,692.24,692.0,692.0,1183,pre-market,False
2026-07-24T11:57:00+00:00,692.04,692.31,692.04,692.31,3295,pre-market,False
2026-07-24T11:58:00+00:00,692.17,693.59,692.17,693.59,10501,pre-market,False
2026-07-24T11:59:00+00:00,693.74,694.26,693.74,693.82,16413,pre-market,False
2026-07-24T12:00:00+00:00,693.6,693.62,693.34,693.42,13680,pre-market,False
2026-07-24T12:01:00+00:00,693.33,693.38,692.97,693.06,3827,pre-market,False
2026-07-24T12:02:00+00:00,693.07,693.07,692.76,692.88,8003,pre-market,False
2026-07-24T12:03:00+00:00,693.06,693.06,692.85,692.94,1607,pre-market,False
2026-07-24T12:04:00+00:00,692.94,693.15,692.94,692.96,1695,pre-market,False
2026-07-24T12:05:00+00:00,693.17,693.18,692.54,692.7,1981,pre-market,False
2026-07-24T12:06:00+00:00,692.97,693.19,692.92,693.07,1222,pre-market,False
2026-07-24T12:07:00+00:00,693.17,693.36,693.16,693.35,1604,pre-market,False
2026-07-24T12:08:00+00:00,693.35,693.35,693.16,693.16,569,pre-market,False
2026-07-24T12:09:00+00:00,693.33,693.8,693.32,693.79,5883,pre-market,False
2026-07-24T12:10:00+00:00,693.66,693.66,693.53,693.59,1524,pre-market,False
2026-07-24T12:11:00+00:00,693.72,693.72,693.65,693.7,590,pre-market,False
2026-07-24T12:12:00+00:00,693.7,693.75,693.57,693.57,3478,pre-market,False
2026-07-24T12:13:00+00:00,693.55,693.68,693.52,693.53,1354,pre-market,False
2026-07-24T12:14:00+00:00,693.59,694.21,693.59,694.12,6459,pre-market,False
2026-07-24T12:15:00+00:00,693.99,694.0,693.9,693.91,2498,pre-market,False
2026-07-24T12:16:00+00:00,693.9,694.03,693.89,694.03,901,pre-market,False
2026-07-24T12:17:00+00:00,694.08,694.22,694.03,694.03,1216,pre-market,False
2026-07-24T12:18:00+00:00,694.06,694.2,693.94,694.15,12281,pre-market,False
2026-07-24T12:19:00+00:00,694.24,694.24,693.89,693.95,4965,pre-market,False
2026-07-24T12:20:00+00:00,693.9,693.9,693.63,693.74,1408,pre-market,False
2026-07-24T12:21:00+00:00,693.73,693.81,693.59,693.65,4065,pre-market,False
2026-07-24T12:22:00+00:00,693.66,693.82,693.65,693.7,4101,pre-market,False
2026-07-24T12:23:00+00:00,693.7,693.79,693.67,693.71,1627,pre-market,False
2026-07-24T12:24:00+00:00,693.7,694.05,693.7,694.0,4015,pre-market,False
2026-07-24T12:25:00+00:00,694.06,694.06,693.24,693.87,13720,pre-market,False
2026-07-24T12:26:00+00:00,693.9,694.1,693.9,694.1,1771,pre-market,False
2026-07-24T12:27:00+00:00,693.91,694.39,693.69,693.98,11674,pre-market,False
2026-07-24T12:28:00+00:00,694.05,694.05,694.0,694.0,400,pre-market,False
2026-07-24T12:29:00+00:00,694.0,694.03,694.0,694.03,279,pre-market,False
2026-07-24T12:30:00+00:00,694.03,694.08,693.59,693.89,7514,pre-market,False
2026-07-24T12:31:00+00:00,693.81,693.86,693.7,693.77,1672,pre-market,False
2026-07-24T12:32:00+00:00,693.84,693.89,693.73,693.84,3759,pre-market,False
2026-07-24T12:33:00+00:00,693.75,693.75,693.51,693.53,3349,pre-market,False
2026-07-24T12:34:00+00:00,693.44,693.53,692.97,693.05,7573,pre-market,False
2026-07-24T12:35:00+00:00,693.07,693.14,693.03,693.14,1255,pre-market,False
2026-07-24T12:36:00+00:00,693.2,693.2,693.05,693.11,640,pre-market,False
2026-07-24T12:37:00+00:00,693.14,693.49,693.1,693.48,5978,pre-market,False
2026-07-24T12:38:00+00:00,693.44,693.44,693.3,693.3,310,pre-market,False
2026-07-24T12:39:00+00:00,693.3,693.3,693.08,693.1,915,pre-market,False
2026-07-24T12:40:00+00:00,693.16,693.16,693.08,693.08,1165,pre-market,False
2026-07-24T12:41:00+00:00,693.04,693.1,692.76,692.8,4618,pre-market,False
2026-07-24T12:42:00+00:00,692.75,692.89,692.71,692.8,2188,pre-market,False
2026-07-24T12:43:00+00:00,692.71,692.77,692.67,692.7,1752,pre-market,False
2026-07-24T12:44:00+00:00,692.65,692.7,692.52,692.64,6977,pre-market,False
2026-07-24T12:45:00+00:00,692.59,692.77,692.59,692.7,2309,pre-market,False
2026-07-24T12:46:00+00:00,692.61,692.69,692.51,692.61,5636,pre-market,False
2026-07-24T12:47:00+00:00,692.57,692.59,692.38,692.53,8549,pre-market,False
2026-07-24T12:48:00+00:00,692.6,692.64,692.45,692.63,1519,pre-market,False
2026-07-24T12:49:00+00:00,692.68,692.68,692.5,692.52,2161,pre-market,False
2026-07-24T12:50:00+00:00,692.48,692.57,692.37,692.38,880,pre-market,False
2026-07-24T12:51:00+00:00,692.43,692.6,692.39,692.51,4435,pre-market,False
2026-07-24T12:52:00+00:00,692.52,692.52,692.27,692.27,3554,pre-market,False
2026-07-24T12:53:00+00:00,692.22,692.28,692.16,692.18,2302,pre-market,False
2026-07-24T12:54:00+00:00,692.17,692.17,692.1,692.14,1129,pre-market,False
2026-07-24T12:55:00+00:00,692.21,692.23,692.04,692.04,5416,pre-market,False
2026-07-24T12:56:00+00:00,692.01,692.1,691.76,691.79,5496,pre-market,False
2026-07-24T12:57:00+00:00,691.77,691.82,691.65,691.7,11007,pre-market,False
2026-07-24T12:58:00+00:00,691.71,691.93,691.64,691.66,8271,pre-market,False
2026-07-24T12:59:00+00:00,691.75,691.89,691.68,691.74,3264,pre-market,False
2026-07-24T13:00:00+00:00,691.84,691.88,691.57,691.58,7334,pre-market,False
2026-07-24T13:01:00+00:00,691.57,691.66,691.5,691.52,3756,pre-market,False
2026-07-24T13:02:00+00:00,691.55,691.87,691.52,691.87,11340,pre-market,False
2026-07-24T13:03:00+00:00,691.88,691.9,691.74,691.89,4648,pre-market,False
2026-07-24T13:04:00+00:00,691.82,691.98,691.82,691.84,2843,pre-market,False
2026-07-24T13:05:00+00:00,691.83,692.0,691.69,691.77,3811,pre-market,False
2026-07-24T13:06:00+00:00,691.79,691.79,691.58,691.66,3398,pre-market,False
2026-07-24T13:07:00+00:00,691.6,691.6,691.34,691.34,2431,pre-market,False
2026-07-24T13:08:00+00:00,691.36,691.41,691.24,691.41,3106,pre-market,False
2026-07-24T13:09:00+00:00,691.42,691.55,691.37,691.5,15094,pre-market,False
2026-07-24T13:10:00+00:00,691.51,691.58,691.36,691.58,8103,pre-market,False
2026-07-24T13:11:00+00:00,691.56,691.76,691.51,691.76,3101,pre-market,False
2026-07-24T13:12:00+00:00,691.75,691.81,691.73,691.73,1916,pre-market,False
2026-07-24T13:13:00+00:00,691.75,691.78,691.56,691.63,4270,pre-market,False
2026-07-24T13:14:00+00:00,691.54,691.78,691.54,691.72,6613,pre-market,False
2026-07-24T13:15:00+00:00,691.66,691.87,691.62,691.8,4399,pre-market,False
2026-07-24T13:16:00+00:00,691.8,691.82,691.52,691.59,3355,pre-market,False
2026-07-24T13:17:00+00:00,691.59,692.08,691.59,692.04,4091,pre-market,False
2026-07-24T13:18:00+00:00,692.05,692.16,691.97,692.04,5529,pre-market,False
2026-07-24T13:19:00+00:00,691.97,692.05,691.88,691.92,3627,pre-market,False
2026-07-24T13:20:00+00:00,692.08,692.12,691.83,691.85,1975,pre-market,False
2026-07-24T13:21:00+00:00,691.95,691.96,691.8,691.8,2115,pre-market,False
2026-07-24T13:22:00+00:00,691.5,691.55,691.44,691.53,1628,pre-market,False
2026-07-24T13:23:00+00:00,691.6,691.88,691.6,691.86,11671,pre-market,False
2026-07-24T13:24:00+00:00,691.9,691.94,691.9,691.93,785,pre-market,False
2026-07-24T13:25:00+00:00,691.9,692.32,691.69,691.83,29356,pre-market,False
2026-07-24T13:26:00+00:00,691.75,691.86,691.57,691.76,10908,pre-market,False
2026-07-24T13:27:00+00:00,691.7,691.7,690.92,690.92,23866,pre-market,False
2026-07-24T13:28:00+00:00,690.85,691.04,690.8,690.9,30223,pre-market,False
2026-07-24T13:29:00+00:00,690.8,690.94,690.47,690.47,39808,pre-market,False
2026-07-24T13:31:00+00:00,690.21,690.5,689.51,690.16,253076,regular,False
2026-07-24T13:32:00+00:00,690.29,690.94,689.91,690.91,114837,regular,False
2026-07-24T13:33:00+00:00,690.94,691.57,690.72,690.96,101867,regular,False
2026-07-24T13:34:00+00:00,690.83,692.05,690.78,692.0,121554,regular,False
2026-07-24T13:35:00+00:00,691.97,692.45,691.23,691.42,205390,regular,False
2026-07-24T13:36:00+00:00,691.45,691.45,690.07,690.15,140133,regular,False
2026-07-24T13:37:00+00:00,690.16,690.78,689.99,690.59,104265,regular,False
2026-07-24T13:40:00+00:00,690.19,690.28,689.23,689.38,159485,regular,False
2026-07-24T13:41:00+00:00,689.35,689.62,688.9,689.05,181391,regular,False
2026-07-24T13:42:00+00:00,689.09,689.25,688.5,688.99,174112,regular,False
2026-07-24T13:43:00+00:00,688.96,689.16,688.76,689.06,73485,regular,False
2026-07-24T13:44:00+00:00,688.99,689.45,688.83,689.13,101512,regular,False
2026-07-24T13:45:00+00:00,689.18,689.45,688.64,688.77,89131,regular,False
2026-07-24T13:46:00+00:00,688.79,688.92,688.21,688.56,111939,regular,False
2026-07-24T13:47:00+00:00,688.53,688.98,688.38,688.7,63785,regular,False
2026-07-24T13:48:00+00:00,688.71,688.89,688.32,688.51,65198,regular,False
2026-07-24T13:49:00+00:00,688.57,689.72,688.53,689.51,170402,regular,False
2026-07-24T13:50:00+00:00,689.48,689.54,687.34,687.88,208750,regular,False
2026-07-24T13:51:00+00:00,687.93,687.97,686.7,686.96,147923,regular,False
2026-07-24T13:52:00+00:00,686.98,687.04,686.0,686.33,222283,regular,False
2026-07-24T13:53:00+00:00,686.33,686.37,685.7,685.91,258701,regular,False
2026-07-24T13:54:00+00:00,685.88,686.01,685.54,685.69,156200,regular,False
2026-07-24T13:55:00+00:00,685.68,685.82,685.02,685.27,190499,regular,False
2026-07-24T13:56:00+00:00,685.29,685.94,685.06,685.23,186883,regular,False
2026-07-24T13:57:00+00:00,685.26,685.63,685.1,685.36,97010,regular,False
2026-07-24T13:58:00+00:00,685.33,686.28,685.33,685.78,193876,regular,False
2026-07-24T13:59:00+00:00,685.68,685.87,685.17,685.22,94139,regular,False
2026-07-24T14:00:00+00:00,685.17,686.49,684.9,686.42,173669,regular,False
2026-07-24T14:01:00+00:00,686.44,686.72,686.03,686.26,153903,regular,False
2026-07-24T14:02:00+00:00,686.28,686.91,686.27,686.3,154402,regular,False
2026-07-24T14:03:00+00:00,686.28,686.3,685.47,686.16,113292,regular,False
2026-07-24T14:04:00+00:00,686.18,686.5,685.35,685.54,91127,regular,False
2026-07-24T14:05:00+00:00,685.62,686.51,685.49,686.39,168354,regular,False
2026-07-24T14:06:00+00:00,686.36,686.65,685.89,686.17,66134,regular,False
2026-07-24T14:07:00+00:00,686.16,686.98,685.78,686.79,115805,regular,False
2026-07-24T14:08:00+00:00,686.82,687.68,686.64,687.63,142722,regular,False
2026-07-24T14:09:00+00:00,687.59,688.0,687.21,687.76,176321,regular,False
2026-07-24T14:10:00+00:00,687.7,687.92,687.25,687.63,92953,regular,False
2026-07-24T14:11:00+00:00,687.57,687.94,687.27,687.56,77503,regular,False
2026-07-24T14:12:00+00:00,687.46,687.76,686.9,686.94,103081,regular,False
2026-07-24T14:13:00+00:00,686.96,687.69,686.73,687.51,89148,regular,False
2026-07-24T14:14:00+00:00,687.53,688.29,687.39,687.6,134184,regular,False
2026-07-24T14:15:00+00:00,687.6,687.85,686.59,686.63,69736,regular,False
2026-07-24T14:16:00+00:00,686.65,686.76,686.09,686.45,74359,regular,False
2026-07-24T14:17:00+00:00,686.44,686.46,685.31,685.73,70937,regular,False
2026-07-24T14:18:00+00:00,685.77,686.16,685.01,685.05,86940,regular,False
2026-07-24T14:19:00+00:00,685.01,685.53,684.64,685.47,164159,regular,False
2026-07-24T14:20:00+00:00,685.47,685.85,684.83,685.63,73650,regular,False
2026-07-24T14:21:00+00:00,685.63,686.62,685.48,686.48,94762,regular,False
2026-07-24T14:22:00+00:00,686.53,687.0,686.34,686.74,79484,regular,False
2026-07-24T14:23:00+00:00,686.75,687.64,686.7,687.49,91995,regular,False
2026-07-24T14:24:00+00:00,687.54,687.62,686.68,686.88,66992,regular,False
2026-07-24T14:25:00+00:00,686.9,687.08,686.26,686.62,77988,regular,False
2026-07-24T14:26:00+00:00,686.62,687.03,686.39,686.8,47640,regular,False
2026-07-24T14:27:00+00:00,686.75,687.23,686.2,686.44,31705,regular,False
2026-07-24T14:28:00+00:00,686.45,687.07,686.24,686.84,45146,regular,False
2026-07-24T14:29:00+00:00,687.03,687.26,686.86,686.88,45532,regular,False
2026-07-24T14:30:00+00:00,686.91,686.98,685.5,685.8,73829,regular,False
2026-07-24T14:31:00+00:00,685.79,686.31,685.72,686.13,42658,regular,False
2026-07-24T14:32:00+00:00,686.2,686.2,685.37,685.4,68031,regular,False
2026-07-24T14:33:00+00:00,685.42,685.84,685.22,685.32,93212,regular,False
2026-07-24T14:34:00+00:00,685.34,685.55,684.76,684.8,78264,regular,False
2026-07-24T14:35:00+00:00,684.84,685.6,684.72,685.55,60599,regular,False
2026-07-24T14:36:00+00:00,685.6,685.71,685.17,685.2,72988,regular,False
2026-07-24T14:37:00+00:00,685.22,685.49,684.85,684.88,68888,regular,False
2026-07-24T14:38:00+00:00,684.88,685.19,684.83,684.84,48667,regular,False
2026-07-24T14:39:00+00:00,684.83,685.11,684.05,684.21,110421,regular,False
2026-07-24T14:40:00+00:00,684.24,684.45,683.87,684.29,104828,regular,False
2026-07-24T14:41:00+00:00,684.26,684.52,683.83,684.24,85843,regular,False
2026-07-24T14:42:00+00:00,684.29,684.54,683.74,684.0,75404,regular,False
2026-07-24T14:43:00+00:00,683.92,684.38,683.87,684.27,62604,regular,False
2026-07-24T14:44:00+00:00,684.3,684.8,684.28,684.36,95653,regular,False
2026-07-24T14:45:00+00:00,684.4,684.4,683.71,683.74,58829,regular,False
2026-07-24T14:46:00+00:00,683.73,684.55,683.54,684.46,77163,regular,False
2026-07-24T14:47:00+00:00,684.46,684.85,683.75,683.98,64055,regular,False
2026-07-24T14:48:00+00:00,684.01,684.31,684.0,684.17,79591,regular,False
2026-07-24T14:49:00+00:00,684.17,685.23,684.12,685.15,109940,regular,False
2026-07-24T14:50:00+00:00,685.15,686.12,685.13,686.07,130213,regular,False
2026-07-24T14:51:00+00:00,686.05,686.17,685.56,685.8,84260,regular,False
2026-07-24T14:52:00+00:00,685.72,686.11,685.04,685.07,54287,regular,False
2026-07-24T14:53:00+00:00,685.12,686.22,684.95,686.05,73783,regular,False
2026-07-24T14:54:00+00:00,686.05,686.23,685.29,685.83,33560,regular,False
2026-07-24T14:55:00+00:00,685.89,686.59,685.84,686.51,64388,regular,False
2026-07-24T14:56:00+00:00,686.5,686.7,686.25,686.68,41401,regular,False
2026-07-24T14:57:00+00:00,686.72,687.61,686.72,687.43,123956,regular,False
2026-07-24T14:58:00+00:00,687.41,688.01,687.08,688.0,61159,regular,False
2026-07-24T14:59:00+00:00,688.01,688.54,688.0,688.28,96088,regular,False
2026-07-24T15:00:00+00:00,688.3,688.68,687.83,688.68,147733,regular,False
2026-07-24T15:01:00+00:00,688.68,688.94,687.79,687.81,177640,regular,False
2026-07-24T15:02:00+00:00,687.78,687.94,687.45,687.83,52993,regular,False
2026-07-24T15:03:00+00:00,687.82,687.96,687.35,687.5,43020,regular,False
2026-07-24T15:04:00+00:00,687.5,687.62,687.13,687.18,42862,regular,False
2026-07-24T15:05:00+00:00,687.17,687.51,687.11,687.27,44988,regular,False
2026-07-24T15:06:00+00:00,687.25,687.48,686.73,686.74,57512,regular,False
2026-07-24T15:07:00+00:00,686.69,687.01,686.41,686.98,75329,regular,False
2026-07-24T15:08:00+00:00,686.98,687.57,686.95,687.04,79547,regular,False
2026-07-24T15:09:00+00:00,687.09,687.35,686.13,686.15,36337,regular,False
2026-07-24T15:10:00+00:00,686.18,687.9,685.97,687.6,102350,regular,False
2026-07-24T15:11:00+00:00,687.57,689.15,687.41,687.83,202252,regular,False
2026-07-24T15:12:00+00:00,687.84,688.43,687.62,687.78,111409,regular,False
2026-07-24T15:13:00+00:00,687.77,688.17,687.68,687.88,52466,regular,False
2026-07-24T15:14:00+00:00,687.84,689.69,687.83,689.34,164589,regular,False
2026-07-24T15:15:00+00:00,689.31,690.85,689.07,690.55,335979,regular,False
2026-07-24T15:16:00+00:00,690.53,690.85,689.82,689.85,120613,regular,False
2026-07-24T15:17:00+00:00,689.82,690.12,689.17,689.25,91432,regular,False
2026-07-24T15:18:00+00:00,689.24,689.73,688.82,689.12,81407,regular,False
2026-07-24T15:19:00+00:00,689.1,689.35,688.43,688.65,84953,regular,False
2026-07-24T15:20:00+00:00,688.65,689.73,688.47,689.47,140072,regular,False
2026-07-24T15:21:00+00:00,689.46,689.85,689.4,689.54,50808,regular,False
2026-07-24T15:22:00+00:00,689.53,689.75,689.36,689.44,110467,regular,False
2026-07-24T15:23:00+00:00,689.4,690.05,689.39,689.77,69423,regular,False
2026-07-24T15:24:00+00:00,689.74,689.85,689.4,689.49,66279,regular,False
2026-07-24T15:25:00+00:00,689.5,690.2,689.48,690.2,59094,regular,False
2026-07-24T15:26:00+00:00,690.25,690.39,689.78,689.78,56401,regular,False
2026-07-24T15:27:00+00:00,689.76,690.39,689.75,690.25,42469,regular,False
2026-07-24T15:28:00+00:00,690.31,690.7,689.93,689.93,88186,regular,False
2026-07-24T15:29:00+00:00,689.99,690.06,689.3,689.47,88891,regular,False
2026-07-24T15:30:00+00:00,689.5,689.74,689.12,689.67,56613,regular,False
2026-07-24T15:31:00+00:00,689.66,690.38,689.66,690.3,36524,regular,False
2026-07-24T15:32:00+00:00,690.26,690.46,689.63,689.63,42491,regular,False
2026-07-24T15:33:00+00:00,689.64,689.83,689.35,689.5,28312,regular,False
2026-07-24T15:34:00+00:00,689.58,689.79,689.16,689.16,70022,regular,False
2026-07-24T15:35:00+00:00,689.19,689.91,689.14,689.9,46655,regular,False
2026-07-24T15:36:00+00:00,689.9,690.04,689.58,690.0,74971,regular,False
2026-07-24T15:37:00+00:00,690.01,690.23,689.43,690.22,60592,regular,False
2026-07-24T15:38:00+00:00,690.28,690.79,690.21,690.77,101492,regular,False
2026-07-24T15:39:00+00:00,690.77,691.05,690.7,690.93,97656,regular,False
2026-07-24T15:40:00+00:00,690.93,691.3,690.82,690.83,65845,regular,False
2026-07-24T15:41:00+00:00,690.82,690.86,690.05,690.27,98671,regular,False
2026-07-24T15:42:00+00:00,690.24,690.49,689.81,689.89,40095,regular,False
2026-07-24T15:43:00+00:00,689.87,690.02,689.2,689.4,61488,regular,False
2026-07-24T15:44:00+00:00,689.44,689.93,689.44,689.6,54522,regular,False
2026-07-24T15:45:00+00:00,689.64,690.2,689.55,689.88,42307,regular,False
2026-07-24T15:46:00+00:00,689.88,690.07,689.72,689.73,42545,regular,False
2026-07-24T15:47:00+00:00,689.69,689.92,689.35,689.5,43525,regular,False
2026-07-24T15:48:00+00:00,689.47,689.87,689.26,689.82,36530,regular,False
2026-07-24T15:49:00+00:00,689.77,689.77,689.36,689.55,29906,regular,False
2026-07-24T15:50:00+00:00,689.61,690.47,689.6,690.4,63498,regular,False
2026-07-24T15:51:00+00:00,690.43,690.63,690.12,690.25,42378,regular,False
2026-07-24T15:52:00+00:00,690.22,690.55,690.11,690.16,61852,regular,False
2026-07-24T15:53:00+00:00,690.13,690.61,689.87,690.58,32776,regular,False
2026-07-24T15:54:00+00:00,690.57,690.67,690.27,690.34,29998,regular,False
2026-07-24T15:55:00+00:00,690.32,690.93,690.29,690.74,39075,regular,False
2026-07-24T15:56:00+00:00,690.76,691.36,690.71,691.18,78565,regular,False
2026-07-24T15:57:00+00:00,691.19,691.35,690.98,690.99,31573,regular,False
2026-07-24T15:58:00+00:00,691.0,691.34,690.83,691.29,26385,regular,False
2026-07-24T15:59:00+00:00,691.26,691.49,691.23,691.28,39027,regular,False
2026-07-24T16:00:00+00:00,691.3,691.37,690.81,690.9,53779,regular,False
2026-07-24T16:01:00+00:00,690.92,690.99,690.65,690.96,40320,regular,False
2026-07-24T16:02:00+00:00,690.96,691.1,690.78,691.02,30300,regular,False
2026-07-24T16:03:00+00:00,690.98,691.45,690.94,691.41,25842,regular,False
2026-07-24T16:04:00+00:00,691.42,691.78,691.36,691.67,84473,regular,False
2026-07-24T16:05:00+00:00,691.65,691.86,691.55,691.67,34736,regular,False
2026-07-24T16:06:00+00:00,691.68,691.82,691.45,691.45,61094,regular,False
2026-07-24T16:07:00+00:00,691.47,692.26,691.41,692.23,50138,regular,False
2026-07-24T16:08:00+00:00,692.23,692.29,691.88,692.0,69154,regular,False
2026-07-24T16:09:00+00:00,692.01,692.19,691.93,692.0,28022,regular,False
2026-07-24T16:10:00+00:00,691.97,692.62,691.93,692.59,65107,regular,False
2026-07-24T16:11:00+00:00,692.58,692.63,691.98,692.1,38637,regular,False
2026-07-24T16:12:00+00:00,692.06,692.34,691.78,691.78,41033,regular,False
2026-07-24T16:13:00+00:00,691.77,691.84,691.32,691.33,58429,regular,False
2026-07-24T16:14:00+00:00,691.32,691.55,691.23,691.26,30007,regular,False
2026-07-24T16:15:00+00:00,691.29,691.29,690.97,691.08,49897,regular,False
2026-07-24T16:16:00+00:00,691.07,691.16,690.85,690.94,48152,regular,False
2026-07-24T16:17:00+00:00,690.96,691.03,690.7,690.82,41718,regular,False
2026-07-24T16:18:00+00:00,690.86,691.22,690.76,691.04,22301,regular,False
2026-07-24T16:19:00+00:00,691.02,691.3,691.0,691.05,31416,regular,False
2026-07-24T16:20:00+00:00,691.08,691.55,691.06,691.54,35295,regular,False
2026-07-24T16:21:00+00:00,691.56,691.59,691.01,691.29,28698,regular,False
2026-07-24T16:22:00+00:00,691.28,691.7,691.15,691.67,15666,regular,False
2026-07-24T16:23:00+00:00,691.65,691.73,691.44,691.5,28719,regular,False
2026-07-24T16:24:00+00:00,691.52,691.63,691.29,691.5,10421,regular,False
2026-07-24T16:25:00+00:00,691.5,691.62,691.23,691.62,23758,regular,False
2026-07-24T16:26:00+00:00,691.66,691.7,691.43,691.55,15180,regular,False
2026-07-24T16:27:00+00:00,691.59,691.59,691.24,691.26,15613,regular,False
2026-07-24T16:28:00+00:00,691.28,691.44,691.16,691.34,26804,regular,False
2026-07-24T16:29:00+00:00,691.36,691.39,691.07,691.07,21955,regular,False
2026-07-24T16:30:00+00:00,691.03,691.11,690.15,690.43,82027,regular,False
2026-07-24T16:31:00+00:00,690.48,690.61,690.1,690.44,57597,regular,False
2026-07-24T16:32:00+00:00,690.45,690.67,690.16,690.45,42877,regular,False
2026-07-24T16:33:00+00:00,690.42,690.6,690.24,690.31,24987,regular,False
2026-07-24T16:34:00+00:00,690.35,690.72,690.28,690.49,16097,regular,False
2026-07-24T16:35:00+00:00,690.45,690.65,690.31,690.53,21917,regular,False
2026-07-24T16:36:00+00:00,690.59,690.81,690.35,690.5,24589,regular,False
2026-07-24T16:37:00+00:00,690.43,690.45,690.21,690.41,26268,regular,False
2026-07-24T16:38:00+00:00,690.45,690.56,689.86,689.86,65599,regular,False
2026-07-24T16:39:00+00:00,689.87,690.15,689.85,690.06,40701,regular,False
2026-07-24T16:40:00+00:00,689.99,690.01,689.67,689.76,33617,regular,False
2026-07-24T16:41:00+00:00,689.71,689.84,689.57,689.77,36276,regular,False
2026-07-24T16:42:00+00:00,689.82,689.86,689.51,689.73,44792,regular,False
2026-07-24T16:43:00+00:00,689.71,689.79,689.34,689.65,46712,regular,False
2026-07-24T16:44:00+00:00,689.61,689.65,689.42,689.46,24443,regular,False
2026-07-24T16:45:00+00:00,689.45,689.72,689.27,689.59,27803,regular,False
2026-07-24T16:46:00+00:00,689.63,689.68,689.25,689.27,53516,regular,False
2026-07-24T16:47:00+00:00,689.25,689.41,688.94,689.04,56749,regular,False
2026-07-24T16:48:00+00:00,689.05,689.06,688.71,688.9,52512,regular,False
2026-07-24T16:49:00+00:00,688.86,689.06,688.64,689.0,40347,regular,False
2026-07-24T16:50:00+00:00,689.0,689.03,688.74,688.95,60179,regular,False
2026-07-24T16:51:00+00:00,688.97,689.15,688.75,688.93,65308,regular,False
2026-07-24T16:52:00+00:00,688.93,688.99,688.72,688.75,30370,regular,False
2026-07-24T16:53:00+00:00,688.78,688.92,688.5,688.74,59938,regular,False
2026-07-24T16:54:00+00:00,688.7,689.09,688.66,688.81,106057,regular,False
2026-07-24T16:55:00+00:00,688.84,689.28,688.56,689.16,61437,regular,False
2026-07-24T16:56:00+00:00,689.12,689.3,689.0,689.17,26225,regular,False
2026-07-24T16:57:00+00:00,689.18,689.51,689.18,689.5,26458,regular,False
2026-07-24T16:58:00+00:00,689.53,689.72,689.44,689.5,18659,regular,False
2026-07-24T16:59:00+00:00,689.5,689.67,689.28,689.32,13621,regular,False
2026-07-24T17:00:00+00:00,689.38,689.48,689.06,689.2,18887,regular,False
2026-07-24T17:01:00+00:00,689.14,689.14,688.67,689.04,47577,regular,False
2026-07-24T17:02:00+00:00,689.09,689.12,688.79,688.91,35714,regular,False
2026-07-24T17:03:00+00:00,688.95,689.08,688.72,688.9,19309,regular,False
2026-07-24T17:04:00+00:00,688.93,689.07,688.8,688.91,30983,regular,False
2026-07-24T17:05:00+00:00,688.9,689.13,688.82,688.99,25908,regular,False
2026-07-24T17:06:00+00:00,689.03,689.06,688.0,688.61,129837,regular,False
2026-07-24T17:07:00+00:00,688.57,688.64,688.15,688.25,47193,regular,False
2026-07-24T17:08:00+00:00,688.25,688.28,687.92,688.15,47458,regular,False
2026-07-24T17:09:00+00:00,688.1,688.31,687.88,687.93,40936,regular,False
2026-07-24T17:10:00+00:00,687.9,688.19,687.7,687.98,30547,regular,False
2026-07-24T17:11:00+00:00,687.97,688.43,687.89,688.26,50995,regular,False
2026-07-24T17:12:00+00:00,688.32,688.65,688.32,688.43,45839,regular,False
2026-07-24T17:13:00+00:00,688.43,688.58,688.31,688.45,27764,regular,False
2026-07-24T17:14:00+00:00,688.46,688.74,688.39,688.46,21089,regular,False
2026-07-24T17:15:00+00:00,688.44,688.6,688.24,688.24,22846,regular,False
2026-07-24T17:16:00+00:00,688.29,688.33,688.02,688.13,25954,regular,False
2026-07-24T17:17:00+00:00,688.15,688.83,688.12,688.77,40985,regular,False
2026-07-24T17:18:00+00:00,688.84,689.19,688.59,688.95,39891,regular,False
2026-07-24T17:19:00+00:00,688.99,689.24,688.87,689.14,20458,regular,False
2026-07-24T17:20:00+00:00,689.15,689.33,688.98,689.0,30507,regular,False
2026-07-24T17:21:00+00:00,689.05,689.2,688.91,688.95,16178,regular,False
2026-07-24T17:22:00+00:00,688.99,689.04,688.55,688.7,28739,regular,False
2026-07-24T17:23:00+00:00,688.63,688.85,688.54,688.66,27641,regular,False
2026-07-24T17:24:00+00:00,688.67,689.24,688.59,689.24,42426,regular,False
2026-07-24T17:25:00+00:00,689.2,689.3,688.78,689.28,20690,regular,False
2026-07-24T17:26:00+00:00,689.3,689.6,689.26,689.57,11678,regular,False
2026-07-24T17:27:00+00:00,689.56,689.91,689.54,689.77,43235,regular,False
2026-07-24T17:28:00+00:00,689.77,689.99,689.73,689.87,27938,regular,False
2026-07-24T17:29:00+00:00,689.86,689.89,689.63,689.81,39056,regular,False
2026-07-24T17:30:00+00:00,689.81,690.03,689.58,689.7,33886,regular,False
2026-07-24T17:31:00+00:00,689.7,689.95,689.63,689.9,33467,regular,False
2026-07-24T17:32:00+00:00,689.89,689.99,689.65,689.83,26344,regular,False
2026-07-24T17:33:00+00:00,689.84,690.35,689.71,690.28,36542,regular,False
2026-07-24T17:34:00+00:00,690.25,690.51,690.17,690.42,27155,regular,False
2026-07-24T17:35:00+00:00,690.48,690.5,690.23,690.34,22982,regular,False
2026-07-24T17:36:00+00:00,690.35,690.4,689.97,690.05,38396,regular,False
2026-07-24T17:37:00+00:00,690.0,690.0,689.56,689.61,17847,regular,False
2026-07-24T17:38:00+00:00,689.59,689.69,689.43,689.55,14072,regular,False
2026-07-24T17:39:00+00:00,689.56,689.58,689.11,689.15,34192,regular,False
2026-07-24T17:40:00+00:00,689.16,689.18,688.84,689.01,62104,regular,False
2026-07-24T17:41:00+00:00,688.99,689.02,688.66,688.73,55497,regular,False
2026-07-24T17:42:00+00:00,688.76,688.81,688.59,688.71,35277,regular,False
2026-07-24T17:43:00+00:00,688.78,688.85,688.7,688.78,22125,regular,False
2026-07-24T17:44:00+00:00,688.85,689.02,688.6,688.61,15778,regular,False
2026-07-24T17:45:00+00:00,688.58,688.58,688.29,688.49,47115,regular,False
2026-07-24T17:46:00+00:00,688.47,688.93,688.46,688.87,23953,regular,False
2026-07-24T17:47:00+00:00,688.86,689.05,688.6,688.67,15895,regular,False
2026-07-24T17:48:00+00:00,688.68,688.77,688.47,688.66,10113,regular,False
2026-07-24T17:49:00+00:00,688.65,689.06,688.63,689.05,22013,regular,False
2026-07-24T17:50:00+00:00,689.07,689.3,688.91,689.27,27002,regular,False
2026-07-24T17:51:00+00:00,689.31,689.49,688.76,688.83,37428,regular,False
2026-07-24T17:52:00+00:00,688.74,688.89,688.66,688.85,23654,regular,False
2026-07-24T17:53:00+00:00,688.88,689.04,688.86,688.91,16924,regular,False
2026-07-24T17:54:00+00:00,688.9,689.1,688.8,689.04,15059,regular,False
2026-07-24T17:55:00+00:00,689.07,689.22,688.89,688.92,19190,regular,False
2026-07-24T17:56:00+00:00,688.96,689.21,688.85,689.09,25038,regular,False
2026-07-24T17:57:00+00:00,689.07,689.11,688.78,688.82,18283,regular,False
2026-07-24T17:58:00+00:00,688.77,688.98,688.66,688.81,13144,regular,False
2026-07-24T17:59:00+00:00,688.87,688.89,688.61,688.65,16098,regular,False
2026-07-24T18:00:00+00:00,688.66,688.96,688.5,688.89,38380,regular,False
2026-07-24T18:01:00+00:00,688.94,689.11,688.46,688.46,34563,regular,False
2026-07-24T18:02:00+00:00,688.46,688.71,688.29,688.64,26653,regular,False
2026-07-24T18:03:00+00:00,688.64,688.72,688.33,688.39,17517,regular,False
2026-07-24T18:04:00+00:00,688.33,688.52,688.28,688.36,32989,regular,False
2026-07-24T18:05:00+00:00,688.37,688.42,688.21,688.35,32071,regular,False
2026-07-24T18:06:00+00:00,688.33,688.5,688.08,688.14,26749,regular,False
2026-07-24T18:07:00+00:00,688.14,688.58,688.13,688.54,24971,regular,False
2026-07-24T18:08:00+00:00,688.54,688.65,688.39,688.41,22265,regular,False
2026-07-24T18:09:00+00:00,688.42,688.59,688.2,688.24,36046,regular,False
2026-07-24T18:10:00+00:00,688.26,688.33,688.0,688.1,21476,regular,False
2026-07-24T18:11:00+00:00,688.04,688.11,687.84,687.86,29600,regular,False
2026-07-24T18:12:00+00:00,687.9,687.91,687.62,687.87,44327,regular,False
2026-07-24T18:13:00+00:00,687.88,687.99,687.63,687.67,48104,regular,False
2026-07-24T18:14:00+00:00,687.66,687.84,687.54,687.7,39740,regular,False
2026-07-24T18:15:00+00:00,687.69,687.7,687.5,687.64,48941,regular,False
2026-07-24T18:16:00+00:00,687.7,687.76,687.5,687.56,32625,regular,False
2026-07-24T18:17:00+00:00,687.56,687.72,687.46,687.5,42859,regular,False
2026-07-24T18:18:00+00:00,687.51,687.56,687.17,687.39,161787,regular,False
2026-07-24T18:19:00+00:00,687.38,687.46,686.95,687.02,64369,regular,False
2026-07-24T18:20:00+00:00,687.01,687.01,686.7,686.75,120318,regular,False
2026-07-24T18:21:00+00:00,686.75,686.83,686.59,686.67,126057,regular,False
2026-07-24T18:22:00+00:00,686.64,686.81,686.55,686.63,36795,regular,False
2026-07-24T18:23:00+00:00,686.64,686.76,686.43,686.7,51692,regular,False
2026-07-24T18:24:00+00:00,686.69,686.81,686.41,686.45,23575,regular,False
2026-07-24T18:25:00+00:00,686.47,686.54,686.0,686.23,82125,regular,False
2026-07-24T18:26:00+00:00,686.25,686.26,685.89,685.94,71146,regular,False
2026-07-24T18:27:00+00:00,685.93,686.1,685.75,685.82,52063,regular,False
2026-07-24T18:28:00+00:00,685.83,685.85,685.58,685.65,59947,regular,False
2026-07-24T18:29:00+00:00,685.65,685.92,685.44,685.49,86898,regular,False
2026-07-24T18:30:00+00:00,685.52,685.72,685.36,685.42,84313,regular,False
2026-07-24T18:31:00+00:00,685.42,685.45,684.9,685.0,135113,regular,False
2026-07-24T18:32:00+00:00,684.99,685.23,684.93,685.04,100911,regular,False
2026-07-24T18:33:00+00:00,685.06,685.25,684.65,684.74,107071,regular,False
2026-07-24T18:34:00+00:00,684.71,684.87,684.41,684.57,103053,regular,False
2026-07-24T18:35:00+00:00,684.57,684.63,684.1,684.44,173514,regular,False
2026-07-24T18:36:00+00:00,684.46,685.14,684.45,684.65,151197,regular,False
2026-07-24T18:37:00+00:00,684.64,684.85,684.5,684.54,76711,regular,False
2026-07-24T18:38:00+00:00,684.53,684.95,684.4,684.83,113565,regular,False
2026-07-24T18:39:00+00:00,684.84,684.85,684.17,684.5,120218,regular,False
2026-07-24T18:40:00+00:00,684.49,684.5,684.01,684.01,75086,regular,False
2026-07-24T18:41:00+00:00,684.01,684.22,683.8,683.85,94251,regular,False
2026-07-24T18:42:00+00:00,683.86,684.07,683.63,684.03,91718,regular,False
2026-07-24T18:43:00+00:00,684.03,684.38,683.99,684.16,119910,regular,False
2026-07-24T18:44:00+00:00,684.17,684.34,684.0,684.04,63989,regular,False
2026-07-24T18:45:00+00:00,684.02,684.76,683.89,684.73,92867,regular,False
2026-07-24T18:46:00+00:00,684.75,685.26,684.75,684.84,97344,regular,False
2026-07-24T18:47:00+00:00,684.86,685.19,684.8,685.12,49765,regular,False
2026-07-24T18:48:00+00:00,685.12,685.18,684.64,684.67,59913,regular,False
2026-07-24T18:49:00+00:00,684.67,684.85,684.63,684.71,64226,regular,False
2026-07-24T18:50:00+00:00,684.72,684.96,684.33,684.51,97481,regular,False
2026-07-24T18:51:00+00:00,684.5,685.08,684.49,684.81,75231,regular,False
2026-07-24T18:52:00+00:00,684.83,685.05,684.72,684.99,87588,regular,False
2026-07-24T18:53:00+00:00,685.0,685.06,684.69,684.85,49106,regular,False
2026-07-24T18:56:00+00:00,684.83,685.25,684.64,685.11,64098,regular,False
2026-07-24T18:57:00+00:00,685.08,685.27,684.92,684.92,39865,regular,False
2026-07-24T18:58:00+00:00,684.93,685.02,684.63,684.65,26533,regular,False
2026-07-24T18:59:00+00:00,684.67,684.87,684.59,684.68,47866,regular,False
2026-07-24T19:00:00+00:00,684.64,684.99,684.38,684.72,68304,regular,False
2026-07-24T19:01:00+00:00,684.72,685.3,684.61,684.75,57407,regular,False
2026-07-24T19:02:00+00:00,684.79,684.87,684.28,684.28,31254,regular,False
2026-07-24T19:03:00+00:00,684.27,684.4,684.18,684.32,48983,regular,False
2026-07-24T19:04:00+00:00,684.33,684.45,684.15,684.24,33475,regular,False
2026-07-24T19:05:00+00:00,684.19,684.71,684.04,684.62,43662,regular,False
2026-07-24T19:06:00+00:00,684.62,684.86,683.99,684.03,72951,regular,False
2026-07-24T19:07:00+00:00,684.03,684.05,683.11,683.17,164145,regular,False
2026-07-24T19:08:00+00:00,683.18,683.38,683.05,683.16,71343,regular,False
2026-07-24T19:09:00+00:00,683.16,683.21,682.8,682.89,116538,regular,False
2026-07-24T19:10:00+00:00,682.89,683.06,682.71,682.78,104891,regular,False
2026-07-24T19:11:00+00:00,682.77,682.92,682.67,682.88,110874,regular,False
2026-07-24T19:12:00+00:00,682.88,683.58,682.87,683.07,108961,regular,False
2026-07-24T19:13:00+00:00,683.09,683.13,682.89,683.02,66374,regular,False
2026-07-24T19:14:00+00:00,683.0,683.0,682.63,682.67,90119,regular,False
2026-07-24T19:15:00+00:00,682.67,682.84,682.51,682.66,55318,regular,False
2026-07-24T19:16:00+00:00,682.63,682.8,682.48,682.77,73240,regular,False
2026-07-24T19:17:00+00:00,682.8,683.16,682.75,682.86,50151,regular,False
2026-07-24T19:18:00+00:00,682.93,683.05,682.77,682.9,40729,regular,False
2026-07-24T19:19:00+00:00,682.91,683.21,682.83,683.19,74305,regular,False
2026-07-24T19:20:00+00:00,683.17,683.25,682.85,683.15,105979,regular,False
2026-07-24T19:21:00+00:00,683.15,683.46,683.03,683.36,107853,regular,False
2026-07-24T19:22:00+00:00,683.33,683.54,683.28,683.4,81415,regular,False
2026-07-24T19:23:00+00:00,683.37,683.42,683.11,683.28,43901,regular,False
2026-07-24T19:24:00+00:00,683.24,683.3,682.62,682.87,74157,regular,False
2026-07-24T19:25:00+00:00,682.87,682.94,682.66,682.77,82596,regular,False
2026-07-24T19:26:00+00:00,682.76,682.97,682.72,682.93,74314,regular,False
2026-07-24T19:27:00+00:00,682.94,683.44,682.94,683.27,67361,regular,False
2026-07-24T19:28:00+00:00,683.26,683.53,683.13,683.5,43613,regular,False
2026-07-24T19:29:00+00:00,683.54,683.78,683.35,683.47,49348,regular,False
2026-07-24T19:30:00+00:00,683.48,683.88,683.44,683.56,55907,regular,False
2026-07-24T19:31:00+00:00,683.57,684.0,683.46,683.89,73239,regular,False
2026-07-24T19:32:00+00:00,683.87,684.23,683.85,684.16,48840,regular,False
2026-07-24T19:33:00+00:00,684.14,684.42,684.06,684.27,76951,regular,False
2026-07-24T19:34:00+00:00,684.26,684.56,684.17,684.17,55389,regular,False
2026-07-24T19:35:00+00:00,684.16,684.64,683.99,684.47,81681,regular,False
2026-07-24T19:36:00+00:00,684.42,684.65,684.07,684.07,74262,regular,False
2026-07-24T19:37:00+00:00,684.07,684.65,684.07,684.49,144116,regular,False
2026-07-24T19:38:00+00:00,684.5,684.61,684.26,684.54,94754,regular,False
2026-07-24T19:39:00+00:00,684.57,684.66,683.82,683.94,73125,regular,False
2026-07-24T19:40:00+00:00,683.94,684.17,683.76,683.89,129009,regular,False
2026-07-24T19:41:00+00:00,683.89,683.89,683.41,683.55,100405,regular,False
2026-07-24T19:42:00+00:00,683.56,683.67,683.31,683.45,108708,regular,False
2026-07-24T19:43:00+00:00,683.47,683.64,683.12,683.59,80746,regular,False
2026-07-24T19:44:00+00:00,683.59,684.0,683.53,683.98,70722,regular,False
2026-07-24T19:45:00+00:00,684.0,684.19,683.45,683.52,112206,regular,False
2026-07-24T19:46:00+00:00,683.49,683.56,683.37,683.52,150209,regular,False
2026-07-24T19:47:00+00:00,683.5,683.83,683.42,683.59,114520,regular,False
2026-07-24T19:48:00+00:00,683.57,683.73,683.38,683.42,87222,regular,False
2026-07-24T19:49:00+00:00,683.43,684.06,683.21,684.0,120498,regular,False
2026-07-24T19:50:00+00:00,684.04,684.26,683.05,683.07,135649,regular,False
2026-07-24T19:51:00+00:00,683.07,683.23,682.83,683.12,159825,regular,False
2026-07-24T19:52:00+00:00,683.11,683.13,682.86,682.98,131154,regular,False
2026-07-24T19:53:00+00:00,682.99,683.19,682.76,683.15,145942,regular,False
2026-07-24T19:54:00+00:00,683.14,684.07,683.04,683.89,168378,regular,False
2026-07-24T19:55:00+00:00,683.92,684.1,683.35,683.36,116164,regular,False
2026-07-24T19:56:00+00:00,683.36,683.68,683.32,683.62,150742,regular,False
2026-07-24T19:57:00+00:00,683.6,683.97,683.57,683.91,210817,regular,False
2026-07-24T19:58:00+00:00,683.89,683.98,683.81,683.84,254049,regular,False
2026-07-24T19:59:00+00:00,683.84,684.51,683.42,684.21,490144,regular,False
2026-07-24T20:00:00+00:00,684.22,684.33,683.77,684.27,648641,after-market,False
2026-07-24T20:01:00+00:00,684.27,684.64,684.25,684.48,55526,after-market,False
2026-07-24T20:02:00+00:00,684.48,684.52,683.99,684.12,44026,after-market,False
2026-07-24T20:03:00+00:00,684.06,684.15,683.85,683.89,9180,after-market,False
2026-07-24T20:04:00+00:00,683.94,684.02,683.76,684.02,25625,after-market,False
2026-07-24T20:05:00+00:00,684.0,684.05,683.67,683.7,18361,after-market,False
2026-07-24T20:06:00+00:00,683.75,684.05,683.68,683.91,23591,after-market,False
2026-07-24T20:07:00+00:00,683.91,683.97,683.77,683.78,15882,after-market,False
2026-07-24T20:08:00+00:00,683.85,684.15,683.8,683.84,11775,after-market,False
2026-07-24T20:09:00+00:00,683.82,684.02,683.8,684.02,4237,after-market,False
2026-07-24T20:10:00+00:00,683.9,684.04,683.82,683.87,2021,after-market,False
2026-07-24T20:11:00+00:00,683.9,684.25,683.9,684.25,7452,after-market,False
2026-07-24T20:12:00+00:00,684.37,684.37,684.07,684.3,11627,after-market,False
2026-07-24T20:13:00+00:00,684.35,684.45,684.31,684.4,5345,after-market,False
2026-07-24T20:14:00+00:00,684.35,684.49,684.35,684.39,16370,after-market,False
2026-07-24T20:15:00+00:00,684.5,684.71,684.42,684.66,11112,after-market,False
2026-07-24T20:16:00+00:00,684.68,684.76,684.67,684.71,4971,after-market,False
2026-07-24T20:17:00+00:00,684.72,684.83,684.68,684.8,28580,after-market,False
2026-07-24T20:18:00+00:00,684.82,684.95,684.77,684.95,19339,after-market,False
2026-07-24T20:19:00+00:00,684.95,684.96,684.77,684.77,16828,after-market,False
2026-07-24T20:20:00+00:00,684.77,684.96,684.74,684.96,7690,after-market,False
2026-07-24T20:21:00+00:00,684.94,685.14,684.94,685.02,15541,after-market,False
2026-07-24T20:22:00+00:00,685.05,685.13,685.01,685.08,6253,after-market,False
2026-07-24T20:23:00+00:00,685.15,685.26,685.09,685.09,5034,after-market,False
2026-07-24T20:24:00+00:00,685.09,687.73,684.87,687.73,26583,after-market,False
2026-07-24T20:25:00+00:00,684.88,685.11,684.88,685.06,17066,after-market,False
2026-07-24T20:26:00+00:00,685.08,685.1,685.0,685.02,5302,after-market,False
2026-07-24T20:27:00+00:00,685.01,685.01,684.8,684.87,7365,after-market,False
2026-07-24T20:28:00+00:00,684.95,684.98,684.9,684.96,11678,after-market,False
2026-07-24T20:29:00+00:00,684.98,684.98,684.74,684.74,48811,after-market,False
2026-07-24T20:30:00+00:00,684.71,684.77,684.43,684.47,10181,after-market,False
2026-07-24T20:31:00+00:00,684.47,684.49,684.34,684.38,43803,after-market,False
2026-07-24T20:32:00+00:00,684.4,684.43,684.32,684.34,16632,after-market,False
2026-07-24T20:33:00+00:00,684.34,684.53,684.33,684.5,21450,after-market,False
2026-07-24T20:34:00+00:00,684.4,684.49,684.36,684.4,64989,after-market,False
2026-07-24T20:35:00+00:00,684.41,684.7,684.37,684.64,10721,after-market,False
2026-07-24T20:36:00+00:00,684.57,684.65,684.37,684.53,11987,after-market,False
2026-07-24T20:37:00+00:00,684.61,684.64,684.47,684.47,391,after-market,False
2026-07-24T20:38:00+00:00,684.48,684.52,684.43,684.43,408,after-market,False
2026-07-24T20:39:00+00:00,684.4,684.43,684.34,684.42,24335,after-market,False
2026-07-24T20:40:00+00:00,684.5,684.5,684.32,684.34,333,after-market,False
2026-07-24T20:41:00+00:00,684.32,684.37,684.3,684.37,643,after-market,False
2026-07-24T20:42:00+00:00,684.36,684.44,684.35,684.43,1818,after-market,False
2026-07-24T20:43:00+00:00,684.41,684.48,684.41,684.48,5198,after-market,False
2026-07-24T20:44:00+00:00,684.6,684.73,684.59,684.73,3222,after-market,False
2026-07-24T20:45:00+00:00,684.79,684.89,684.79,684.8,3181,after-market,False
2026-07-24T20:46:00+00:00,684.82,684.82,684.73,684.74,4668,after-market,False
2026-07-24T20:47:00+00:00,684.75,684.75,684.55,684.55,1037,after-market,False
2026-07-24T20:48:00+00:00,684.51,684.65,684.51,684.65,16460,after-market,False
2026-07-24T20:49:00+00:00,684.64,684.65,684.6,684.6,13810,after-market,False
2026-07-24T20:50:00+00:00,684.56,684.56,684.44,684.44,3374,after-market,False
2026-07-24T20:51:00+00:00,684.53,684.53,684.51,684.52,380,after-market,False
2026-07-24T20:52:00+00:00,684.6,684.61,684.5,684.5,1232,after-market,False
2026-07-24T20:53:00+00:00,684.47,684.47,684.4,684.45,632,after-market,False
2026-07-24T20:54:00+00:00,684.55,684.89,684.55,684.89,11035,after-market,False
2026-07-24T20:55:00+00:00,684.88,684.88,684.65,684.79,3451,after-market,False
2026-07-24T20:56:00+00:00,684.73,684.73,684.67,684.69,340,after-market,False
2026-07-24T20:57:00+00:00,684.73,684.85,684.7,684.83,13394,after-market,False
2026-07-24T20:58:00+00:00,684.85,685.0,684.74,684.74,1036,after-market,False
2026-07-24T20:59:00+00:00,684.73,684.81,684.72,684.81,919,after-market,False
2026-07-24T21:00:00+00:00,684.88,685.1,684.78,684.78,3819,after-market,False
2026-07-24T21:01:00+00:00,684.77,684.77,684.76,684.76,244,after-market,False
2026-07-24T21:02:00+00:00,684.81,684.83,684.7,684.83,1284,after-market,False
2026-07-24T21:03:00+00:00,684.83,684.83,684.83,684.83,0,after-market,False
2026-07-24T21:04:00+00:00,684.71,684.72,684.71,684.72,230,after-market,False
2026-07-24T21:05:00+00:00,684.71,684.71,684.7,684.71,206,after-market,False
2026-07-24T21:06:00+00:00,684.59,684.7,684.59,684.7,200,after-market,False
2026-07-24T21:07:00+00:00,684.61,684.61,684.31,684.37,1107,after-market,False
2026-07-24T21:08:00+00:00,684.38,684.44,684.34,684.44,2116,after-market,False
2026-07-24T21:09:00+00:00,684.3,684.44,684.3,684.44,400,after-market,False
2026-07-24T21:10:00+00:00,684.44,684.44,684.44,684.44,0,after-market,False
2026-07-24T21:11:00+00:00,684.43,684.44,684.42,684.43,170,after-market,False
2026-07-24T21:12:00+00:00,684.43,684.43,684.4,684.4,515,after-market,False
2026-07-24T21:13:00+00:00,684.44,684.44,684.38,684.38,287,after-market,False
2026-07-24T21:14:00+00:00,684.39,684.4,684.13,684.28,4021,after-market,False
2026-07-24T21:15:00+00:00,684.36,684.4,684.2,684.2,3200,after-market,False
2026-07-24T21:16:00+00:00,684.14,684.24,684.12,684.24,971,after-market,False
2026-07-24T21:17:00+00:00,684.14,684.25,684.14,684.2,340,after-market,False
2026-07-24T21:18:00+00:00,684.2,684.25,684.2,684.25,2323,after-market,False
2026-07-24T21:19:00+00:00,684.16,684.35,684.15,684.35,2561,after-market,False
2026-07-24T21:20:00+00:00,684.35,684.35,684.2,684.25,2416,after-market,False
2026-07-24T21:21:00+00:00,684.15,684.44,684.15,684.41,9507,after-market,False
2026-07-24T21:22:00+00:00,684.5,684.63,684.5,684.63,1415,after-market,False
2026-07-24T21:23:00+00:00,684.56,684.56,684.55,684.55,120,after-market,False
2026-07-24T21:24:00+00:00,684.51,684.51,684.51,684.51,50,after-market,False
2026-07-24T21:25:00+00:00,684.51,684.63,684.49,684.63,282,after-market,False
2026-07-24T21:26:00+00:00,684.6,684.71,684.51,684.57,552,after-market,False
2026-07-24T21:27:00+00:00,684.81,684.81,684.68,684.68,1610,after-market,False
2026-07-24T21:28:00+00:00,684.78,684.81,684.74,684.74,400,after-market,False
2026-07-24T21:29:00+00:00,684.84,684.95,684.78,684.95,3204,after-market,False
2026-07-24T21:30:00+00:00,685.01,685.09,684.76,685.03,7726,after-market,False
2026-07-24T21:31:00+00:00,684.99,685.25,684.99,685.1,13246,after-market,False
2026-07-24T21:32:00+00:00,685.11,685.35,685.0,685.3,4889,after-market,False
2026-07-24T21:33:00+00:00,685.3,685.31,684.75,685.0,5807,after-market,False
2026-07-24T21:34:00+00:00,685.0,685.21,684.75,684.99,6530,after-market,False
2026-07-24T21:35:00+00:00,685.19,685.28,685.19,685.2,4367,after-market,False
2026-07-24T21:36:00+00:00,685.24,685.26,685.2,685.21,3125,after-market,False
2026-07-24T21:37:00+00:00,685.24,685.26,685.01,685.01,7526,after-market,False
2026-07-24T21:38:00+00:00,685.05,685.05,685.01,685.01,780,after-market,False
2026-07-24T21:39:00+00:00,685.08,685.23,685.08,685.2,464,after-market,False
2026-07-24T21:40:00+00:00,685.05,685.23,685.05,685.14,4321,after-market,False
2026-07-24T21:41:00+00:00,685.07,685.11,685.03,685.11,984,after-market,False
2026-07-24T21:42:00+00:00,685.12,685.12,685.04,685.08,1424,after-market,False
2026-07-24T21:43:00+00:00,685.05,685.09,685.05,685.08,2448,after-market,False
2026-07-24T21:44:00+00:00,685.05,685.05,684.91,684.91,2061,after-market,False
2026-07-24T21:45:00+00:00,684.91,684.91,684.9,684.9,835,after-market,False
2026-07-24T21:46:00+00:00,684.9,684.9,684.9,684.9,0,after-market,False
2026-07-24T21:47:00+00:00,684.85,684.85,684.83,684.83,695,after-market,False
2026-07-24T21:48:00+00:00,684.84,684.95,684.84,684.95,779,after-market,False
2026-07-24T21:49:00+00:00,684.84,685.0,684.81,684.82,1068,after-market,False
2026-07-24T21:50:00+00:00,684.72,684.72,684.72,684.72,155,after-market,False
2026-07-24T21:51:00+00:00,684.71,684.71,684.7,684.7,992,after-market,False
2026-07-24T21:52:00+00:00,684.83,684.83,684.83,684.83,150,after-market,False
2026-07-24T21:53:00+00:00,684.8,684.8,684.7,684.7,2024,after-market,False
2026-07-24T21:54:00+00:00,684.9,684.91,684.9,684.91,292,after-market,False
2026-07-24T21:55:00+00:00,684.79,684.89,684.79,684.89,1631,after-market,False
2026-07-24T21:56:00+00:00,684.89,684.9,684.71,684.72,3543,after-market,False
2026-07-24T21:57:00+00:00,684.72,684.72,684.72,684.72,0,after-market,False
2026-07-24T21:58:00+00:00,684.71,684.74,684.71,684.72,1489,after-market,False
2026-07-24T21:59:00+00:00,684.72,684.72,684.72,684.72,0,after-market,False
2026-07-24T22:00:00+00:00,684.72,684.72,684.72,684.72,0,after-market,False
2026-07-24T22:01:00+00:00,684.75,684.84,684.75,684.84,120,after-market,False
2026-07-24T22:02:00+00:00,684.78,684.8,684.5,684.5,4420,after-market,False
2026-07-24T22:03:00+00:00,684.5,684.5,684.5,684.5,0,after-market,False
2026-07-24T22:04:00+00:00,684.8,684.81,684.8,684.8,200,after-market,False
2026-07-24T22:05:00+00:00,684.8,684.8,684.8,684.8,0,after-market,False
2026-07-24T22:06:00+00:00,684.8,684.8,684.8,684.8,0,after-market,False
2026-07-24T22:07:00+00:00,684.66,684.66,684.66,684.66,150,after-market,False
2026-07-24T22:08:00+00:00,684.66,684.66,684.66,684.66,0,after-market,False
2026-07-24T22:09:00+00:00,684.58,684.58,684.58,684.58,76,after-market,False
2026-07-24T22:10:00+00:00,684.61,684.61,684.61,684.61,100,after-market,False
2026-07-24T22:11:00+00:00,684.55,684.55,684.55,684.55,176,after-market,False
2026-07-24T22:12:00+00:00,684.65,684.65,684.65,684.65,80,after-market,False
2026-07-24T22:13:00+00:00,684.59,684.7,684.59,684.61,3172,after-market,False
2026-07-24T22:14:00+00:00,684.61,684.61,684.61,684.61,41,after-market,False
2026-07-24T22:15:00+00:00,684.56,684.56,684.56,684.56,80,after-market,False
2026-07-24T22:16:00+00:00,684.55,684.65,684.55,684.64,250,after-market,False
2026-07-24T22:17:00+00:00,684.64,684.64,684.64,684.64,0,after-market,False
2026-07-24T22:18:00+00:00,684.61,684.61,684.56,684.57,199,after-market,False
2026-07-24T22:19:00+00:00,684.57,684.63,684.56,684.63,589,after-market,False
2026-07-24T22:20:00+00:00,684.57,684.58,684.4,684.4,1822,after-market,False
2026-07-24T22:21:00+00:00,684.59,684.59,684.4,684.4,204,after-market,False
2026-07-24T22:22:00+00:00,684.48,684.48,684.48,684.48,75,after-market,False
2026-07-24T22:23:00+00:00,684.42,684.42,684.31,684.31,157,after-market,False
2026-07-24T22:24:00+00:00,684.31,684.31,684.31,684.31,0,after-market,False
2026-07-24T22:25:00+00:00,684.38,684.38,684.35,684.35,203,after-market,False
2026-07-24T22:26:00+00:00,684.33,684.34,684.3,684.34,257,after-market,False
2026-07-24T22:27:00+00:00,684.33,684.33,684.33,684.33,64,after-market,False
2026-07-24T22:28:00+00:00,684.45,684.48,684.45,684.48,390,after-market,False
2026-07-24T22:29:00+00:00,684.5,684.61,684.5,684.6,376,after-market,False
2026-07-24T22:30:00+00:00,684.66,684.75,684.66,684.75,260,after-market,False
2026-07-24T22:31:00+00:00,684.6,684.65,684.6,684.6,1284,after-market,False
2026-07-24T22:32:00+00:00,684.66,684.74,684.46,684.46,248,after-market,False
2026-07-24T22:33:00+00:00,684.68,684.7,684.68,684.7,787,after-market,False
2026-07-24T22:34:00+00:00,684.7,684.7,684.7,684.7,0,after-market,False
2026-07-24T22:35:00+00:00,684.7,684.7,684.7,684.7,0,after-market,False
2026-07-24T22:36:00+00:00,684.72,684.72,684.7,684.71,2250,after-market,False
2026-07-24T22:37:00+00:00,684.7,684.7,684.69,684.7,60,after-market,False
2026-07-24T22:38:00+00:00,684.7,684.7,684.7,684.7,0,after-market,False
2026-07-24T22:39:00+00:00,684.6,684.67,684.6,684.6,838,after-market,False
2026-07-24T22:40:00+00:00,684.65,684.65,684.65,684.65,54,after-market,False
2026-07-24T22:41:00+00:00,684.54,684.65,684.53,684.65,677,after-market,False
2026-07-24T22:42:00+00:00,684.62,684.62,684.62,684.62,57,after-market,False
2026-07-24T22:43:00+00:00,684.33,684.33,684.33,684.33,50,after-market,False
2026-07-24T22:44:00+00:00,684.55,684.55,684.55,684.55,41,after-market,False
2026-07-24T22:45:00+00:00,684.35,684.49,684.35,684.49,336,after-market,False
2026-07-24T22:46:00+00:00,684.37,684.37,684.36,684.36,200,after-market,False
2026-07-24T22:47:00+00:00,684.47,684.47,684.4,684.4,310,after-market,False
2026-07-24T22:48:00+00:00,684.38,684.38,684.38,684.38,67,after-market,False
2026-07-24T22:49:00+00:00,684.34,684.45,684.34,684.45,1715,after-market,False
2026-07-24T22:50:00+00:00,684.39,684.44,684.34,684.44,704,after-market,False
2026-07-24T22:51:00+00:00,684.61,684.61,684.61,684.61,739,after-market,False
2026-07-24T22:52:00+00:00,684.61,684.61,684.61,684.61,0,after-market,False
2026-07-24T22:53:00+00:00,684.61,684.61,684.61,684.61,0,after-market,False
2026-07-24T22:54:00+00:00,684.62,684.62,684.62,684.62,83,after-market,False
2026-07-24T22:55:00+00:00,684.62,684.62,684.62,684.62,0,after-market,False
2026-07-24T22:56:00+00:00,684.62,684.62,684.4,684.4,741,after-market,False
2026-07-24T22:57:00+00:00,684.61,684.61,684.4,684.4,176,after-market,False
2026-07-24T22:58:00+00:00,684.4,684.45,684.3,684.3,4224,after-market,False
2026-07-24T22:59:00+00:00,684.23,684.23,684.1,684.17,3235,after-market,False
2026-07-24T23:00:00+00:00,684.18,684.35,684.18,684.35,950,after-market,False
2026-07-24T23:01:00+00:00,684.35,684.35,684.35,684.35,0,after-market,False
2026-07-24T23:02:00+00:00,684.28,684.3,684.28,684.3,200,after-market,False
2026-07-24T23:03:00+00:00,684.41,684.43,684.41,684.43,253,after-market,False
2026-07-24T23:04:00+00:00,684.39,684.39,684.34,684.35,179,after-market,False
2026-07-24T23:05:00+00:00,684.29,684.29,684.23,684.29,1033,after-market,False
2026-07-24T23:06:00+00:00,684.34,684.35,684.23,684.35,502,after-market,False
2026-07-24T23:07:00+00:00,684.35,684.35,684.32,684.32,1332,after-market,False
2026-07-24T23:08:00+00:00,684.32,684.32,684.32,684.32,0,after-market,False
2026-07-24T23:09:00+00:00,684.23,684.23,684.23,684.23,728,after-market,False
2026-07-24T23:10:00+00:00,684.17,684.24,684.12,684.23,503,after-market,False
2026-07-24T23:11:00+00:00,684.23,684.23,684.23,684.23,0,after-market,False
2026-07-24T23:12:00+00:00,684.18,684.18,684.18,684.18,620,after-market,False
2026-07-24T23:13:00+00:00,684.21,684.56,684.17,684.39,1843,after-market,False
2026-07-24T23:14:00+00:00,684.23,684.23,684.23,684.23,47,after-market,False
2026-07-24T23:15:00+00:00,684.34,684.34,684.23,684.23,600,after-market,False
2026-07-24T23:16:00+00:00,684.25,684.25,684.23,684.23,293,after-market,False
2026-07-24T23:17:00+00:00,684.17,684.2,684.17,684.2,215,after-market,False
2026-07-24T23:18:00+00:00,684.2,684.2,684.17,684.2,484,after-market,False
2026-07-24T23:19:00+00:00,684.2,684.2,684.17,684.17,831,after-market,False
2026-07-24T23:20:00+00:00,684.12,684.12,684.01,684.01,1098,after-market,False
2026-07-24T23:21:00+00:00,684.01,684.1,684.0,684.01,809,after-market,False
2026-07-24T23:22:00+00:00,684.0,684.12,684.0,684.0,514,after-market,False
2026-07-24T23:23:00+00:00,684.02,684.02,684.0,684.0,100,after-market,False
2026-07-24T23:24:00+00:00,684.1,684.1,684.1,684.1,66,after-market,False
2026-07-24T23:25:00+00:00,684.1,684.1,684.0,684.0,2534,after-market,False
2026-07-24T23:26:00+00:00,684.0,684.05,684.0,684.05,1083,after-market,False
2026-07-24T23:27:00+00:00,684.05,684.05,683.9,683.9,1261,after-market,False
2026-07-24T23:28:00+00:00,684.04,684.04,683.85,684.03,234,after-market,False
2026-07-24T23:29:00+00:00,684.04,684.04,683.91,683.91,540,after-market,False
2026-07-24T23:30:00+00:00,683.89,683.89,683.83,683.85,525,after-market,False
2026-07-24T23:31:00+00:00,683.85,683.85,683.85,683.85,0,after-market,False
2026-07-24T23:32:00+00:00,683.8,683.81,683.8,683.8,150,after-market,False
2026-07-24T23:33:00+00:00,683.77,683.77,683.6,683.6,558,after-market,False
2026-07-24T23:34:00+00:00,683.61,683.85,683.61,683.85,340,after-market,False
2026-07-24T23:35:00+00:00,683.7,683.7,683.62,683.62,385,after-market,False
2026-07-24T23:36:00+00:00,683.6,683.6,683.59,683.59,363,after-market,False
2026-07-24T23:37:00+00:00,683.66,683.66,683.55,683.55,588,after-market,False
2026-07-24T23:38:00+00:00,683.6,683.62,683.53,683.53,854,after-market,False
2026-07-24T23:39:00+00:00,683.53,683.53,683.53,683.53,0,after-market,False
2026-07-24T23:40:00+00:00,683.53,683.53,683.53,683.53,421,after-market,False
2026-07-24T23:41:00+00:00,683.53,683.53,683.53,683.53,0,after-market,False
2026-07-24T23:42:00+00:00,683.54,683.54,683.54,683.54,100,after-market,False
2026-07-24T23:43:00+00:00,683.62,683.85,683.62,683.85,1575,after-market,False
2026-07-24T23:44:00+00:00,683.74,683.79,683.74,683.78,260,after-market,False
2026-07-24T23:45:00+00:00,683.78,683.78,683.78,683.78,0,after-market,False
2026-07-24T23:46:00+00:00,683.72,683.8,683.72,683.76,2149,after-market,False
2026-07-24T23:47:00+00:00,683.8,683.8,683.76,683.76,2471,after-market,False
2026-07-24T23:48:00+00:00,683.76,683.76,683.69,683.69,897,after-market,False
2026-07-24T23:49:00+00:00,683.7,683.7,683.62,683.62,1132,after-market,False
2026-07-24T23:50:00+00:00,683.55,683.55,683.55,683.55,784,after-market,False
2026-07-24T23:51:00+00:00,683.59,683.6,683.56,683.56,430,after-market,False
2026-07-24T23:52:00+00:00,683.55,683.55,683.55,683.55,877,after-market,False
2026-07-24T23:53:00+00:00,683.59,683.59,683.58,683.59,182,after-market,False
2026-07-24T23:54:00+00:00,683.59,683.8,683.58,683.8,499,after-market,False
2026-07-24T23:55:00+00:00,683.61,683.8,683.61,683.8,150,after-market,False
2026-07-24T23:56:00+00:00,683.65,683.8,683.65,683.8,584,after-market,False
2026-07-24T23:57:00+00:00,683.79,683.85,683.77,683.85,6153,after-market,False
2026-07-24T23:58:00+00:00,683.85,683.95,683.82,683.85,2497,after-market,False
2026-07-24T23:59:00+00:00,683.86,683.99,683.85,683.9,12627,after-market,False
2026-07-27T08:00:00+00:00,692.23,694.8,692.22,693.82,12911,pre-market,False
2026-07-27T08:01:00+00:00,693.85,695.05,691.9,694.28,84272,pre-market,False
2026-07-27T08:02:00+00:00,694.49,695.05,693.54,694.29,32715,pre-market,False
2026-07-27T08:03:00+00:00,694.32,694.43,694.18,694.19,1574,pre-market,False
2026-07-27T08:04:00+00:00,694.22,694.24,693.9,693.9,5269,pre-market,False
2026-07-27T08:05:00+00:00,693.87,694.02,693.8,693.93,4167,pre-market,False
2026-07-27T08:06:00+00:00,693.94,694.05,693.89,694.01,1465,pre-market,False
2026-07-27T08:07:00+00:00,694.01,694.24,694.0,694.05,2005,pre-market,False
2026-07-27T08:08:00+00:00,694.04,694.14,694.04,694.11,461,pre-market,False
2026-07-27T08:09:00+00:00,694.1,694.13,694.01,694.09,913,pre-market,False
2026-07-27T08:10:00+00:00,693.91,694.05,693.9,694.02,808,pre-market,False
2026-07-27T08:11:00+00:00,693.96,694.09,693.81,693.81,2763,pre-market,False
2026-07-27T08:12:00+00:00,693.85,693.98,693.85,693.91,1391,pre-market,False
2026-07-27T08:13:00+00:00,693.9,693.96,693.76,693.93,1046,pre-market,False
2026-07-27T08:14:00+00:00,694.15,694.18,694.12,694.17,685,pre-market,False
2026-07-27T08:15:00+00:00,694.16,694.16,694.13,694.14,490,pre-market,False
2026-07-27T08:16:00+00:00,693.89,694.02,693.89,694.01,1439,pre-market,False
2026-07-27T08:17:00+00:00,694.07,694.27,694.0,694.26,1322,pre-market,False
2026-07-27T08:18:00+00:00,694.12,694.34,694.11,694.34,1688,pre-market,False
2026-07-27T08:19:00+00:00,694.37,694.44,694.29,694.39,4353,pre-market,False
2026-07-27T08:20:00+00:00,694.39,694.47,694.24,694.24,1534,pre-market,False
2026-07-27T08:21:00+00:00,694.24,694.24,694.24,694.24,0,pre-market,False
2026-07-27T08:22:00+00:00,694.31,694.32,694.27,694.27,185,pre-market,False
2026-07-27T08:23:00+00:00,694.28,694.39,694.27,694.39,350,pre-market,False
2026-07-27T08:24:00+00:00,694.41,694.41,694.41,694.41,200,pre-market,False
2026-07-27T08:25:00+00:00,694.35,694.57,694.34,694.5,4075,pre-market,False
2026-07-27T08:26:00+00:00,694.51,694.58,694.47,694.58,1296,pre-market,False
2026-07-27T08:27:00+00:00,694.62,694.62,694.53,694.57,1055,pre-market,False
2026-07-27T08:28:00+00:00,694.5,694.61,694.45,694.61,831,pre-market,False
2026-07-27T08:29:00+00:00,694.73,694.92,694.73,694.8,5044,pre-market,False
2026-07-27T08:30:00+00:00,694.85,694.88,694.66,694.81,5302,pre-market,False
2026-07-27T08:31:00+00:00,694.78,694.82,694.71,694.75,1685,pre-market,False
2026-07-27T08:32:00+00:00,694.77,694.8,694.74,694.78,1932,pre-market,False
2026-07-27T08:33:00+00:00,694.78,694.78,694.58,694.67,1956,pre-market,False
2026-07-27T08:34:00+00:00,694.78,694.78,694.7,694.7,1444,pre-market,False
2026-07-27T08:35:00+00:00,694.52,694.55,694.45,694.5,4298,pre-market,False
2026-07-27T08:36:00+00:00,694.65,694.7,694.65,694.69,739,pre-market,False
2026-07-27T08:37:00+00:00,694.82,694.84,694.71,694.79,1188,pre-market,False
2026-07-27T08:38:00+00:00,694.74,694.87,694.71,694.87,845,pre-market,False
2026-07-27T08:39:00+00:00,694.84,694.86,694.75,694.86,5989,pre-market,False
2026-07-27T08:40:00+00:00,694.9,694.9,694.79,694.79,1853,pre-market,False
2026-07-27T08:41:00+00:00,694.94,694.97,694.88,694.91,1654,pre-market,False
2026-07-27T08:42:00+00:00,694.92,695.37,694.89,695.21,8669,pre-market,False
2026-07-27T08:43:00+00:00,695.23,695.28,695.14,695.18,2411,pre-market,False
2026-07-27T08:44:00+00:00,695.18,695.25,695.17,695.18,4977,pre-market,False
2026-07-27T08:45:00+00:00,695.22,695.31,695.12,695.17,2767,pre-market,False
2026-07-27T08:46:00+00:00,695.17,695.19,695.05,695.09,3236,pre-market,False
2026-07-27T08:47:00+00:00,695.09,695.13,695.04,695.06,1394,pre-market,False
2026-07-27T08:48:00+00:00,695.09,695.18,695.05,695.11,970,pre-market,False
2026-07-27T08:49:00+00:00,695.08,695.16,695.0,695.0,2083,pre-market,False
2026-07-27T08:50:00+00:00,695.05,695.1,695.02,695.07,320,pre-market,False
2026-07-27T08:51:00+00:00,695.1,695.14,695.09,695.14,546,pre-market,False
2026-07-27T08:52:00+00:00,695.04,695.07,695.03,695.07,221,pre-market,False
2026-07-27T08:53:00+00:00,695.05,695.07,695.01,695.01,1061,pre-market,False
2026-07-27T08:54:00+00:00,695.2,695.48,695.2,695.47,2455,pre-market,False
2026-07-27T08:55:00+00:00,695.43,695.43,695.33,695.39,375,pre-market,False
2026-07-27T08:56:00+00:00,695.43,695.43,695.3,695.3,1134,pre-market,False
2026-07-27T08:57:00+00:00,695.39,695.5,695.39,695.5,1868,pre-market,False
2026-07-27T08:58:00+00:00,695.52,695.52,695.37,695.39,1565,pre-market,False
2026-07-27T08:59:00+00:00,695.38,695.38,695.22,695.22,932,pre-market,False
2026-07-27T09:00:00+00:00,695.19,695.2,694.89,694.9,1802,pre-market,False
2026-07-27T09:01:00+00:00,694.95,694.95,694.92,694.93,390,pre-market,False
2026-07-27T09:02:00+00:00,695.0,695.02,694.9,694.9,3200,pre-market,False
2026-07-27T09:03:00+00:00,695.0,695.0,694.9,694.92,3720,pre-market,False
2026-07-27T09:04:00+00:00,695.0,695.07,695.0,695.07,525,pre-market,False
2026-07-27T09:05:00+00:00,695.07,695.07,695.07,695.07,109,pre-market,False
2026-07-27T09:06:00+00:00,694.96,695.08,694.96,695.08,1300,pre-market,False
2026-07-27T09:07:00+00:00,694.9,694.9,694.9,694.9,1000,pre-market,False
2026-07-27T09:08:00+00:00,695.01,695.01,694.93,694.93,488,pre-market,False
2026-07-27T09:09:00+00:00,695.04,695.05,695.01,695.01,139,pre-market,False
2026-07-27T09:10:00+00:00,695.07,695.07,695.02,695.06,147,pre-market,False
2026-07-27T09:11:00+00:00,695.06,695.1,695.06,695.1,295,pre-market,False
2026-07-27T09:12:00+00:00,695.11,695.12,695.11,695.12,208,pre-market,False
2026-07-27T09:13:00+00:00,695.11,695.11,695.01,695.08,300,pre-market,False
2026-07-27T09:14:00+00:00,695.0,695.0,694.9,694.9,445,pre-market,False
2026-07-27T09:15:00+00:00,695.01,695.03,694.94,694.94,1266,pre-market,False
2026-07-27T09:16:00+00:00,695.09,695.1,695.09,695.1,1941,pre-market,False
2026-07-27T09:17:00+00:00,695.07,695.1,695.06,695.1,157,pre-market,False
2026-07-27T09:18:00+00:00,695.04,695.14,695.04,695.14,174,pre-market,False
2026-07-27T09:19:00+00:00,695.04,695.08,695.0,695.0,187,pre-market,False
2026-07-27T09:20:00+00:00,695.06,695.1,695.05,695.07,400,pre-market,False
2026-07-27T09:21:00+00:00,695.15,695.17,695.15,695.17,106,pre-market,False
2026-07-27T09:22:00+00:00,695.28,695.29,695.09,695.09,463,pre-market,False
2026-07-27T09:23:00+00:00,695.09,695.09,695.09,695.09,0,pre-market,False
2026-07-27T09:24:00+00:00,695.08,695.12,695.08,695.12,600,pre-market,False
2026-07-27T09:25:00+00:00,695.18,695.18,695.06,695.06,107,pre-market,False
2026-07-27T09:26:00+00:00,695.16,695.28,695.16,695.28,312,pre-market,False
2026-07-27T09:27:00+00:00,695.2,695.2,695.14,695.14,853,pre-market,False
2026-07-27T09:28:00+00:00,695.01,695.01,695.0,695.0,210,pre-market,False
2026-07-27T09:29:00+00:00,695.0,695.05,695.0,695.04,426,pre-market,False
2026-07-27T09:30:00+00:00,694.91,694.94,694.84,694.84,807,pre-market,False
2026-07-27T09:31:00+00:00,694.92,695.01,694.92,695.01,671,pre-market,False
2026-07-27T09:32:00+00:00,695.05,695.05,695.05,695.05,43,pre-market,False
2026-07-27T09:33:00+00:00,694.96,694.96,694.96,694.96,50,pre-market,False
2026-07-27T09:34:00+00:00,694.99,694.99,694.99,694.99,50,pre-market,False
2026-07-27T09:35:00+00:00,695.33,695.35,695.33,695.35,5686,pre-market,False
2026-07-27T09:36:00+00:00,695.33,695.33,695.22,695.22,560,pre-market,False
2026-07-27T09:37:00+00:00,695.33,695.42,695.32,695.42,4893,pre-market,False
2026-07-27T09:38:00+00:00,695.38,695.45,695.03,695.04,2501,pre-market,False
2026-07-27T09:39:00+00:00,695.25,695.25,695.25,695.25,50,pre-market,False
2026-07-27T09:40:00+00:00,695.31,695.31,695.26,695.26,158,pre-market,False
2026-07-27T09:41:00+00:00,695.26,695.26,695.2,695.23,593,pre-market,False
2026-07-27T09:42:00+00:00,695.21,695.32,695.21,695.32,770,pre-market,False
2026-07-27T09:43:00+00:00,695.39,695.4,695.39,695.4,120,pre-market,False
2026-07-27T09:44:00+00:00,695.47,695.53,695.47,695.52,1941,pre-market,False
2026-07-27T09:45:00+00:00,695.52,695.52,695.52,695.52,0,pre-market,False
2026-07-27T09:46:00+00:00,695.42,695.62,695.42,695.5,846,pre-market,False
2026-07-27T09:47:00+00:00,695.58,695.71,695.58,695.71,1515,pre-market,False
2026-07-27T09:48:00+00:00,695.77,695.86,695.59,695.59,1248,pre-market,False
2026-07-27T09:49:00+00:00,695.7,695.85,695.7,695.85,440,pre-market,False
2026-07-27T09:50:00+00:00,695.71,695.71,695.7,695.7,1040,pre-market,False
2026-07-27T09:51:00+00:00,695.89,695.89,695.84,695.87,900,pre-market,False
2026-07-27T09:52:00+00:00,695.8,695.86,695.73,695.81,1367,pre-market,False
2026-07-27T09:53:00+00:00,695.78,695.83,695.77,695.83,1487,pre-market,False
2026-07-27T09:54:00+00:00,695.78,695.78,695.75,695.75,295,pre-market,False
2026-07-27T09:55:00+00:00,695.73,695.74,695.72,695.74,400,pre-market,False
2026-07-27T09:56:00+00:00,695.68,695.79,695.68,695.79,500,pre-market,False
2026-07-27T09:57:00+00:00,695.67,695.67,695.54,695.54,2525,pre-market,False
2026-07-27T09:58:00+00:00,695.61,695.61,695.5,695.52,4765,pre-market,False
2026-07-27T09:59:00+00:00,695.51,695.52,695.51,695.51,2017,pre-market,False
2026-07-27T10:00:00+00:00,695.54,695.54,695.51,695.52,855,pre-market,False
2026-07-27T10:01:00+00:00,695.52,695.55,695.47,695.54,1508,pre-market,False
2026-07-27T10:02:00+00:00,695.55,695.58,695.55,695.57,625,pre-market,False
2026-07-27T10:03:00+00:00,695.57,695.57,695.57,695.57,160,pre-market,False
2026-07-27T10:04:00+00:00,695.6,695.65,695.5,695.51,684,pre-market,False
2026-07-27T10:05:00+00:00,695.45,695.51,695.44,695.51,501,pre-market,False
2026-07-27T10:06:00+00:00,695.52,695.56,695.42,695.43,720,pre-market,False
2026-07-27T10:07:00+00:00,695.43,695.43,695.43,695.43,0,pre-market,False
2026-07-27T10:08:00+00:00,695.5,695.5,695.45,695.45,295,pre-market,False
2026-07-27T10:09:00+00:00,695.45,695.45,695.35,695.35,637,pre-market,False
2026-07-27T10:10:00+00:00,695.44,695.44,695.17,695.17,440,pre-market,False
2026-07-27T10:11:00+00:00,695.26,695.26,695.09,695.1,1893,pre-market,False
2026-07-27T10:12:00+00:00,695.03,695.13,695.03,695.06,941,pre-market,False
2026-07-27T10:13:00+00:00,695.09,695.26,695.08,695.2,1461,pre-market,False
2026-07-27T10:14:00+00:00,695.23,695.36,695.23,695.35,1340,pre-market,False
2026-07-27T10:15:00+00:00,695.3,695.36,695.3,695.36,392,pre-market,False
2026-07-27T10:16:00+00:00,695.37,695.53,695.37,695.52,777,pre-market,False
2026-07-27T10:17:00+00:00,695.46,695.46,695.3,695.3,10599,pre-market,False
2026-07-27T10:18:00+00:00,695.3,695.34,695.15,695.16,12545,pre-market,False
2026-07-27T10:19:00+00:00,695.17,695.3,695.17,695.24,1920,pre-market,False
2026-07-27T10:20:00+00:00,695.29,695.42,695.29,695.35,510,pre-market,False
2026-07-27T10:21:00+00:00,695.3,695.3,695.3,695.3,50,pre-market,False
2026-07-27T10:22:00+00:00,695.34,695.39,695.33,695.33,348,pre-market,False
2026-07-27T10:23:00+00:00,695.29,695.33,695.22,695.22,230,pre-market,False
2026-07-27T10:24:00+00:00,695.3,695.3,695.2,695.2,184,pre-market,False
2026-07-27T10:25:00+00:00,695.2,695.31,695.17,695.31,1891,pre-market,False
2026-07-27T10:26:00+00:00,695.21,695.27,695.21,695.27,385,pre-market,False
2026-07-27T10:27:00+00:00,695.25,695.31,695.2,695.31,559,pre-market,False
2026-07-27T10:28:00+00:00,695.4,695.4,695.32,695.32,481,pre-market,False
2026-07-27T10:29:00+00:00,695.32,695.38,695.24,695.24,1437,pre-market,False
2026-07-27T10:30:00+00:00,695.32,695.52,695.32,695.34,11291,pre-market,False
2026-07-27T10:31:00+00:00,695.25,695.29,695.23,695.29,2936,pre-market,False
2026-07-27T10:32:00+00:00,695.36,695.36,695.3,695.3,185,pre-market,False
2026-07-27T10:33:00+00:00,695.4,695.4,695.33,695.33,352,pre-market,False
2026-07-27T10:34:00+00:00,695.29,695.34,695.28,695.31,711,pre-market,False
2026-07-27T10:35:00+00:00,695.26,695.26,695.23,695.23,280,pre-market,False
2026-07-27T10:36:00+00:00,695.25,695.36,695.24,695.31,1845,pre-market,False
2026-07-27T10:37:00+00:00,695.29,695.32,695.29,695.32,185,pre-market,False
2026-07-27T10:38:00+00:00,695.23,695.23,695.23,695.23,72,pre-market,False
2026-07-27T10:39:00+00:00,695.23,695.23,695.23,695.23,0,pre-market,False
2026-07-27T10:40:00+00:00,695.24,695.24,695.0,695.15,1790,pre-market,False
2026-07-27T10:41:00+00:00,695.15,695.15,695.15,695.15,0,pre-market,False
2026-07-27T10:42:00+00:00,695.3,695.43,695.3,695.42,2669,pre-market,False
2026-07-27T10:43:00+00:00,695.42,695.55,695.42,695.51,275,pre-market,False
2026-07-27T10:44:00+00:00,695.49,695.53,695.44,695.53,3918,pre-market,False
2026-07-27T10:45:00+00:00,695.49,695.55,695.49,695.55,330,pre-market,False
2026-07-27T10:46:00+00:00,695.4,695.4,695.4,695.4,290,pre-market,False
2026-07-27T10:47:00+00:00,695.5,695.51,695.47,695.5,693,pre-market,False
2026-07-27T10:48:00+00:00,695.45,695.48,695.45,695.48,1640,pre-market,False
2026-07-27T10:49:00+00:00,695.55,695.58,695.5,695.58,6819,pre-market,False
2026-07-27T10:50:00+00:00,695.54,695.57,695.54,695.54,350,pre-market,False
2026-07-27T10:51:00+00:00,695.49,695.55,695.44,695.44,260,pre-market,False
2026-07-27T10:52:00+00:00,695.42,695.44,695.42,695.44,171,pre-market,False
2026-07-27T10:53:00+00:00,695.43,695.46,695.42,695.46,108,pre-market,False
2026-07-27T10:54:00+00:00,695.46,695.46,695.43,695.43,770,pre-market,False
2026-07-27T10:55:00+00:00,695.43,695.66,695.43,695.62,1978,pre-market,False
2026-07-27T10:56:00+00:00,695.59,695.66,695.59,695.6,886,pre-market,False
2026-07-27T10:57:00+00:00,695.6,695.6,695.6,695.6,0,pre-market,False
2026-07-27T10:58:00+00:00,695.39,695.39,695.33,695.33,1917,pre-market,False
2026-07-27T10:59:00+00:00,695.47,695.47,695.37,695.39,460,pre-market,False
2026-07-27T11:00:00+00:00,695.33,695.4,695.02,695.03,27964,pre-market,False
2026-07-27T11:01:00+00:00,695.03,695.12,694.93,694.98,4639,pre-market,False
2026-07-27T11:02:00+00:00,694.99,695.03,694.86,694.86,5941,pre-market,False
2026-07-27T11:03:00+00:00,694.93,694.93,694.7,694.77,1475,pre-market,False
2026-07-27T11:04:00+00:00,694.8,695.0,694.8,694.92,3726,pre-market,False
2026-07-27T11:05:00+00:00,694.84,694.91,694.8,694.83,749,pre-market,False
2026-07-27T11:06:00+00:00,694.84,694.96,694.78,694.96,1832,pre-market,False
2026-07-27T11:07:00+00:00,694.93,694.94,694.75,694.75,1520,pre-market,False
2026-07-27T11:08:00+00:00,694.77,694.9,694.73,694.8,3577,pre-market,False
2026-07-27T11:09:00+00:00,694.81,694.81,694.64,694.7,2508,pre-market,False
2026-07-27T11:10:00+00:00,694.66,694.77,694.59,694.77,3190,pre-market,False
2026-07-27T11:11:00+00:00,694.77,694.94,694.76,694.86,3205,pre-market,False
2026-07-27T11:12:00+00:00,694.75,694.8,694.69,694.72,1603,pre-market,False
2026-07-27T11:13:00+00:00,694.65,694.65,694.58,694.65,512,pre-market,False
2026-07-27T11:14:00+00:00,694.61,694.74,694.55,694.7,3818,pre-market,False
2026-07-27T11:15:00+00:00,694.6,694.67,694.56,694.65,770,pre-market,False
2026-07-27T11:16:00+00:00,694.65,694.8,694.65,694.8,575,pre-market,False
2026-07-27T11:17:00+00:00,694.75,694.79,694.73,694.73,684,pre-market,False
2026-07-27T11:18:00+00:00,694.79,694.79,694.49,694.55,2686,pre-market,False
2026-07-27T11:19:00+00:00,694.55,694.61,694.47,694.51,3302,pre-market,False
2026-07-27T11:20:00+00:00,694.38,694.41,694.32,694.35,4053,pre-market,False
2026-07-27T11:21:00+00:00,694.35,694.39,694.3,694.32,1919,pre-market,False
2026-07-27T11:22:00+00:00,694.32,694.46,694.27,694.45,2186,pre-market,False
2026-07-27T11:23:00+00:00,694.38,694.41,694.22,694.22,2526,pre-market,False
2026-07-27T11:24:00+00:00,694.19,694.3,694.16,694.18,4892,pre-market,False
2026-07-27T11:25:00+00:00,694.19,694.31,694.19,694.31,1365,pre-market,False
2026-07-27T11:26:00+00:00,694.31,694.31,693.85,693.85,7536,pre-market,False
2026-07-27T11:27:00+00:00,693.82,693.9,693.78,693.8,1073,pre-market,False
2026-07-27T11:28:00+00:00,693.81,693.87,693.74,693.81,2926,pre-market,False
2026-07-27T11:29:00+00:00,693.76,693.89,693.18,693.25,4154,pre-market,False
2026-07-27T11:30:00+00:00,693.26,693.77,693.21,693.77,6793,pre-market,False
2026-07-27T11:31:00+00:00,693.64,693.94,693.63,693.94,2881,pre-market,False
2026-07-27T11:32:00+00:00,693.81,693.86,693.46,693.5,3918,pre-market,False
2026-07-27T11:33:00+00:00,693.38,693.52,693.33,693.47,10545,pre-market,False
2026-07-27T11:34:00+00:00,693.43,693.49,693.32,693.45,1765,pre-market,False
2026-07-27T11:35:00+00:00,693.45,693.58,693.38,693.4,7809,pre-market,False
2026-07-27T11:36:00+00:00,693.43,693.8,693.43,693.77,7009,pre-market,False
2026-07-27T11:37:00+00:00,693.84,693.84,693.76,693.83,2075,pre-market,False
2026-07-27T11:38:00+00:00,693.72,693.83,693.69,693.74,1058,pre-market,False
2026-07-27T11:39:00+00:00,693.73,693.87,693.7,693.87,5743,pre-market,False
2026-07-27T11:40:00+00:00,693.86,693.87,693.73,693.81,6272,pre-market,False
2026-07-27T11:41:00+00:00,693.76,693.84,693.7,693.7,3197,pre-market,False
2026-07-27T11:42:00+00:00,693.78,693.84,693.75,693.84,373,pre-market,False
2026-07-27T11:43:00+00:00,693.88,693.91,693.24,693.58,14495,pre-market,False
2026-07-27T11:44:00+00:00,693.6,693.63,693.51,693.51,2576,pre-market,False
2026-07-27T11:45:00+00:00,693.53,693.59,693.53,693.58,195,pre-market,False
2026-07-27T11:46:00+00:00,693.56,693.63,693.51,693.6,614,pre-market,False
2026-07-27T11:47:00+00:00,693.63,693.72,693.59,693.6,2224,pre-market,False
2026-07-27T11:48:00+00:00,693.6,693.64,693.59,693.64,674,pre-market,False
2026-07-27T11:49:00+00:00,693.67,693.78,693.67,693.7,3687,pre-market,False
2026-07-27T11:50:00+00:00,693.66,693.7,693.6,693.7,255,pre-market,False
2026-07-27T11:51:00+00:00,693.72,693.77,693.65,693.74,3377,pre-market,False
2026-07-27T11:52:00+00:00,693.74,693.74,693.61,693.69,1650,pre-market,False
2026-07-27T11:53:00+00:00,693.6,693.6,693.5,693.5,916,pre-market,False
2026-07-27T11:54:00+00:00,693.5,693.52,693.37,693.39,2049,pre-market,False
2026-07-27T11:55:00+00:00,693.41,693.59,693.41,693.45,3069,pre-market,False
2026-07-27T11:56:00+00:00,693.51,693.58,693.46,693.58,885,pre-market,False
2026-07-27T11:57:00+00:00,693.54,693.67,693.54,693.62,2965,pre-market,False
2026-07-27T11:58:00+00:00,693.64,693.67,693.62,693.67,1587,pre-market,False
2026-07-27T11:59:00+00:00,693.62,693.76,693.6,693.7,885,pre-market,False
2026-07-27T12:00:00+00:00,693.73,694.08,693.73,693.95,2978,pre-market,False
2026-07-27T12:01:00+00:00,694.0,694.07,683.71,694.05,2380,pre-market,False
2026-07-27T12:02:00+00:00,694.09,694.17,694.06,694.17,3616,pre-market,False
2026-07-27T12:03:00+00:00,694.15,694.21,694.13,694.17,1523,pre-market,False
2026-07-27T12:04:00+00:00,694.17,694.28,694.1,694.1,2752,pre-market,False
2026-07-27T12:05:00+00:00,694.1,694.1,693.95,693.99,2253,pre-market,False
2026-07-27T12:06:00+00:00,694.08,694.31,694.08,694.31,2764,pre-market,False
2026-07-27T12:07:00+00:00,694.27,694.27,694.16,694.26,516,pre-market,False
2026-07-27T12:08:00+00:00,694.2,694.22,694.1,694.16,3778,pre-market,False
2026-07-27T12:09:00+00:00,694.1,694.1,693.96,693.98,453,pre-market,False
2026-07-27T12:10:00+00:00,693.98,693.98,693.6,693.6,3388,pre-market,False
2026-07-27T12:11:00+00:00,693.61,693.63,693.32,693.44,5816,pre-market,False
2026-07-27T12:12:00+00:00,693.37,693.41,693.24,693.27,4034,pre-market,False
2026-07-27T12:13:00+00:00,693.27,693.27,692.85,692.85,3927,pre-market,False
2026-07-27T12:14:00+00:00,692.95,693.02,692.74,692.8,10509,pre-market,False
2026-07-27T12:15:00+00:00,692.82,693.0,692.78,692.98,6704,pre-market,False
2026-07-27T12:16:00+00:00,692.92,693.14,692.92,693.14,4167,pre-market,False
2026-07-27T12:17:00+00:00,693.14,693.18,693.03,693.03,3839,pre-market,False
2026-07-27T12:18:00+00:00,692.99,693.07,692.99,693.07,630,pre-market,False
2026-07-27T12:19:00+00:00,693.08,693.15,692.87,692.89,7120,pre-market,False
2026-07-27T12:20:00+00:00,692.98,692.99,692.85,692.98,2956,pre-market,False
2026-07-27T12:21:00+00:00,692.99,693.02,692.85,692.85,2304,pre-market,False
2026-07-27T12:22:00+00:00,692.8,692.84,692.62,692.81,5236,pre-market,False
2026-07-27T12:23:00+00:00,692.79,693.0,692.77,692.91,3977,pre-market,False
2026-07-27T12:24:00+00:00,692.9,692.95,692.84,692.84,1769,pre-market,False
2026-07-27T12:25:00+00:00,692.79,693.0,692.79,693.0,1032,pre-market,False
2026-07-27T12:26:00+00:00,693.0,693.11,692.87,693.0,6756,pre-market,False
2026-07-27T12:27:00+00:00,692.96,693.13,692.96,693.13,1898,pre-market,False
2026-07-27T12:28:00+00:00,693.17,693.18,693.1,693.18,2021,pre-market,False
2026-07-27T12:29:00+00:00,693.18,693.2,693.15,693.19,989,pre-market,False
2026-07-27T12:30:00+00:00,693.18,693.29,693.05,693.29,3439,pre-market,False
2026-07-27T12:31:00+00:00,693.28,693.3,692.9,692.92,5365,pre-market,False
2026-07-27T12:32:00+00:00,692.91,692.96,692.74,692.79,4337,pre-market,False
2026-07-27T12:33:00+00:00,692.74,692.91,692.74,692.79,14392,pre-market,False
2026-07-27T12:34:00+00:00,692.85,693.2,692.85,693.2,881,pre-market,False
2026-07-27T12:35:00+00:00,693.2,693.43,693.18,693.32,2801,pre-market,False
2026-07-27T12:36:00+00:00,693.4,693.43,693.25,693.43,5277,pre-market,False
2026-07-27T12:37:00+00:00,693.39,693.45,693.36,693.45,2133,pre-market,False
2026-07-27T12:38:00+00:00,693.38,693.54,693.3,693.53,1994,pre-market,False
2026-07-27T12:39:00+00:00,693.54,693.57,693.44,693.44,1644,pre-market,False
2026-07-27T12:40:00+00:00,693.5,693.61,693.37,693.5,3746,pre-market,False
2026-07-27T12:41:00+00:00,693.43,693.46,693.41,693.46,1486,pre-market,False
2026-07-27T12:42:00+00:00,693.43,693.57,693.39,693.41,6075,pre-market,False
2026-07-27T12:43:00+00:00,693.4,693.6,693.34,693.59,5801,pre-market,False
2026-07-27T12:44:00+00:00,693.54,693.66,693.53,693.63,3173,pre-market,False
2026-07-27T12:45:00+00:00,693.63,693.71,693.56,693.63,2949,pre-market,False
2026-07-27T12:46:00+00:00,693.69,693.86,693.68,693.81,2725,pre-market,False
2026-07-27T12:47:00+00:00,693.79,694.02,693.79,693.96,6205,pre-market,False
2026-07-27T12:48:00+00:00,693.99,694.16,693.97,694.07,6381,pre-market,False
2026-07-27T12:49:00+00:00,694.07,694.19,693.9,693.92,5815,pre-market,False
2026-07-27T12:50:00+00:00,693.91,694.0,693.91,693.93,2140,pre-market,False
2026-07-27T12:51:00+00:00,693.86,693.91,693.56,693.67,8254,pre-market,False
2026-07-27T12:52:00+00:00,693.72,693.87,693.68,693.83,4946,pre-market,False
2026-07-27T12:53:00+00:00,693.87,694.04,693.85,694.0,2514,pre-market,False
2026-07-27T12:54:00+00:00,693.99,694.09,693.99,694.08,3887,pre-market,False
2026-07-27T12:55:00+00:00,694.06,694.14,694.05,694.07,1564,pre-market,False
2026-07-27T12:56:00+00:00,694.06,694.13,693.91,693.97,4344,pre-market,False
2026-07-27T12:57:00+00:00,693.92,693.94,693.77,693.82,7553,pre-market,False
2026-07-27T12:58:00+00:00,693.82,693.91,693.75,693.91,3061,pre-market,False
2026-07-27T12:59:00+00:00,693.81,694.09,693.81,694.09,5298,pre-market,False
2026-07-27T13:00:00+00:00,694.14,694.4,693.94,693.94,17381,pre-market,False
2026-07-27T13:01:00+00:00,693.93,693.96,693.45,693.65,14079,pre-market,False
2026-07-27T13:02:00+00:00,693.63,693.92,693.6,693.85,10694,pre-market,False
2026-07-27T13:03:00+00:00,693.91,694.0,693.88,693.9,1728,pre-market,False
2026-07-27T13:04:00+00:00,693.94,693.95,693.83,693.84,1606,pre-market,False
2026-07-27T13:05:00+00:00,693.8,693.84,693.54,693.57,1777,pre-market,False
2026-07-27T13:06:00+00:00,693.57,693.57,693.26,693.31,8764,pre-market,False
2026-07-27T13:07:00+00:00,693.3,693.4,693.26,693.31,8986,pre-market,False
2026-07-27T13:08:00+00:00,693.3,693.36,693.13,693.19,10060,pre-market,False
2026-07-27T13:09:00+00:00,693.26,693.35,693.13,693.34,17589,pre-market,False
2026-07-27T13:10:00+00:00,693.3,693.56,693.26,693.56,2842,pre-market,False
2026-07-27T13:11:00+00:00,693.56,693.7,693.55,693.69,4244,pre-market,False
2026-07-27T13:12:00+00:00,693.72,693.73,693.6,693.72,14898,pre-market,False
2026-07-27T13:13:00+00:00,693.72,693.76,693.58,693.61,2960,pre-market,False
2026-07-27T13:14:00+00:00,693.64,693.67,693.42,693.48,6743,pre-market,False
2026-07-27T13:15:00+00:00,693.47,693.75,693.47,693.58,4538,pre-market,False
2026-07-27T13:16:00+00:00,693.6,693.6,693.29,693.44,2533,pre-market,False
2026-07-27T13:17:00+00:00,693.29,693.58,693.2,693.49,9134,pre-market,False
2026-07-27T13:18:00+00:00,693.5,693.5,693.06,693.11,5936,pre-market,False
2026-07-27T13:19:00+00:00,693.11,693.14,692.89,692.98,3942,pre-market,False
2026-07-27T13:20:00+00:00,692.94,692.98,692.8,692.82,5005,pre-market,False
2026-07-27T13:21:00+00:00,692.87,692.94,692.8,692.86,4326,pre-market,False
2026-07-27T13:22:00+00:00,692.9,692.98,692.8,692.91,5212,pre-market,False
2026-07-27T13:23:00+00:00,692.96,692.98,692.81,692.9,2276,pre-market,False
2026-07-27T13:24:00+00:00,692.89,692.98,692.82,692.88,5069,pre-market,False
2026-07-27T13:25:00+00:00,692.9,693.0,692.55,692.68,14462,pre-market,False
2026-07-27T13:26:00+00:00,692.59,692.65,692.45,692.53,7195,pre-market,False
2026-07-27T13:27:00+00:00,692.45,692.64,691.8,692.32,20566,pre-market,False
2026-07-27T13:28:00+00:00,692.32,692.32,691.79,691.88,27089,pre-market,False
2026-07-27T13:29:00+00:00,691.85,692.13,691.65,691.69,24692,pre-market,False
2026-07-27T13:30:00+00:00,691.68,692.3,691.17,691.5,427387,regular,False
2026-07-27T13:31:00+00:00,691.44,691.79,690.78,691.08,154402,regular,False
2026-07-27T13:32:00+00:00,691.09,691.83,689.99,690.0,167103,regular,False
2026-07-27T13:33:00+00:00,690.01,690.23,689.19,689.63,134957,regular,False
2026-07-27T13:34:00+00:00,689.61,690.45,689.29,690.4,113497,regular,False
2026-07-27T13:35:00+00:00,690.44,692.0,690.31,692.0,116167,regular,False
2026-07-27T13:36:00+00:00,692.0,692.25,691.45,691.67,118493,regular,False
2026-07-27T13:37:00+00:00,691.72,692.12,691.37,691.79,63645,regular,False
2026-07-27T13:38:00+00:00,691.75,691.97,690.66,690.7,79445,regular,False
2026-07-27T13:39:00+00:00,690.63,690.9,690.15,690.57,88948,regular,False
2026-07-27T13:40:00+00:00,690.62,690.81,689.58,689.62,106656,regular,False
2026-07-27T13:41:00+00:00,689.61,690.11,689.34,689.63,163613,regular,False
2026-07-27T13:42:00+00:00,689.61,689.92,688.38,688.48,96236,regular,False
2026-07-27T13:43:00+00:00,688.48,688.56,687.74,688.13,252568,regular,False
2026-07-27T13:44:00+00:00,688.13,688.49,688.06,688.36,182595,regular,False
2026-07-27T13:45:00+00:00,688.39,688.86,688.0,688.83,167266,regular,False
2026-07-27T13:46:00+00:00,688.83,689.15,687.72,687.95,94194,regular,False
2026-07-27T13:47:00+00:00,687.95,688.47,687.82,687.94,89387,regular,False
2026-07-27T13:48:00+00:00,687.94,688.76,687.66,688.66,53462,regular,False
2026-07-27T13:49:00+00:00,688.68,689.23,688.45,688.58,91620,regular,False
2026-07-27T13:50:00+00:00,688.6,689.26,688.25,689.13,102691,regular,False
2026-07-27T13:51:00+00:00,689.14,689.42,688.68,689.42,104238,regular,False
2026-07-27T13:52:00+00:00,689.4,689.58,688.71,688.96,53710,regular,False
2026-07-27T13:53:00+00:00,688.93,689.05,688.33,688.91,53209,regular,False
2026-07-27T13:54:00+00:00,688.94,689.35,688.42,688.5,46435,regular,False
2026-07-27T13:55:00+00:00,688.5,688.64,687.9,688.06,104496,regular,False
2026-07-27T13:56:00+00:00,688.09,688.09,687.15,687.23,62130,regular,False
2026-07-27T13:57:00+00:00,687.23,687.5,686.74,686.78,61842,regular,False
2026-07-27T13:58:00+00:00,686.77,686.78,685.77,685.82,157140,regular,False
2026-07-27T13:59:00+00:00,685.81,686.23,685.67,685.8,168467,regular,False
2026-07-27T14:00:00+00:00,685.83,686.32,685.28,686.31,291186,regular,False
2026-07-27T14:01:00+00:00,686.26,686.37,684.9,685.01,181829,regular,False
2026-07-27T14:02:00+00:00,685.0,685.34,684.72,685.24,229359,regular,False
2026-07-27T14:03:00+00:00,685.21,685.42,684.44,684.54,193622,regular,False
2026-07-27T14:04:00+00:00,684.57,685.08,684.33,685.04,154761,regular,False
2026-07-27T14:05:00+00:00,685.12,685.63,684.52,684.57,109568,regular,False
2026-07-27T14:06:00+00:00,684.57,684.8,684.1,684.63,138464,regular,False
2026-07-27T14:07:00+00:00,684.67,685.25,684.64,685.04,138172,regular,False
2026-07-27T14:08:00+00:00,685.05,685.58,684.92,685.45,104437,regular,False
2026-07-27T14:09:00+00:00,685.44,685.79,685.17,685.17,102701,regular,False
2026-07-27T14:10:00+00:00,685.17,685.23,683.86,683.93,108099,regular,False
2026-07-27T14:11:00+00:00,683.91,683.98,682.97,683.49,227861,regular,False
2026-07-27T14:12:00+00:00,683.5,684.05,683.24,683.99,168723,regular,False
2026-07-27T14:13:00+00:00,683.97,684.34,683.0,683.27,168271,regular,False
2026-07-27T14:14:00+00:00,683.29,683.89,683.19,683.48,153389,regular,False
2026-07-27T14:15:00+00:00,683.5,684.61,683.39,683.83,181713,regular,False
2026-07-27T14:16:00+00:00,683.85,684.29,683.55,683.87,104817,regular,False
2026-07-27T14:17:00+00:00,683.87,683.94,683.09,683.22,109331,regular,False
2026-07-27T14:18:00+00:00,683.25,683.57,682.81,683.44,144590,regular,False
2026-07-27T14:19:00+00:00,683.4,684.18,683.4,683.66,105424,regular,False
2026-07-27T14:20:00+00:00,683.64,683.71,682.68,682.68,83104,regular,False
2026-07-27T14:21:00+00:00,682.68,683.42,682.52,683.36,139576,regular,False
2026-07-27T14:22:00+00:00,683.36,683.4,682.43,682.54,110032,regular,False
2026-07-27T14:23:00+00:00,682.56,683.2,681.75,681.9,124758,regular,False
2026-07-27T14:24:00+00:00,681.9,682.23,681.4,681.81,161551,regular,False
2026-07-27T14:25:00+00:00,681.8,681.84,681.15,681.5,208535,regular,False
2026-07-27T14:26:00+00:00,681.52,681.68,681.0,681.3,204172,regular,False
2026-07-27T14:27:00+00:00,681.31,681.41,680.63,680.74,128048,regular,False
2026-07-27T14:28:00+00:00,680.71,680.87,680.14,680.26,170714,regular,False
2026-07-27T14:29:00+00:00,680.26,680.37,679.22,679.46,309741,regular,False
2026-07-27T14:30:00+00:00,679.45,679.91,678.64,679.17,307087,regular,False
2026-07-27T14:31:00+00:00,679.18,679.64,678.9,679.2,316745,regular,False
2026-07-27T14:32:00+00:00,679.18,679.41,678.74,679.26,162198,regular,False
2026-07-27T14:33:00+00:00,679.28,679.52,678.8,678.85,152595,regular,False
2026-07-27T14:34:00+00:00,678.87,679.28,678.37,678.63,235492,regular,False
2026-07-27T14:35:00+00:00,678.56,678.96,677.82,678.71,208019,regular,False
2026-07-27T14:36:00+00:00,678.72,678.88,677.56,677.61,131306,regular,False
2026-07-27T14:37:00+00:00,677.62,678.06,677.26,677.72,174741,regular,False
2026-07-27T14:38:00+00:00,677.73,678.76,677.73,678.29,142625,regular,False
2026-07-27T14:40:00+00:00,678.12,678.44,677.08,677.46,139866,regular,False
2026-07-27T14:41:00+00:00,677.48,677.72,676.04,676.48,160259,regular,False
2026-07-27T14:42:00+00:00,676.44,676.93,676.3,676.43,210804,regular,False
2026-07-27T14:43:00+00:00,676.43,676.86,675.94,676.83,182531,regular,False
2026-07-27T14:44:00+00:00,676.83,677.36,676.14,676.39,209680,regular,False
2026-07-27T14:45:00+00:00,676.4,677.77,676.37,677.35,165815,regular,False
2026-07-27T14:46:00+00:00,677.31,678.12,677.08,677.89,129269,regular,False
2026-07-27T14:47:00+00:00,677.98,678.52,677.83,678.12,127531,regular,False
2026-07-27T14:48:00+00:00,678.14,678.55,677.97,678.09,115475,regular,False
2026-07-27T14:49:00+00:00,678.13,679.14,678.05,678.93,111747,regular,False
2026-07-27T14:50:00+00:00,678.95,680.12,678.93,679.86,180650,regular,False
2026-07-27T14:51:00+00:00,679.84,680.19,679.42,679.48,146488,regular,False
2026-07-27T14:52:00+00:00,679.44,680.41,678.98,680.36,126065,regular,False
2026-07-27T14:53:00+00:00,680.35,680.49,679.75,679.9,108273,regular,False
2026-07-27T14:54:00+00:00,680.03,680.43,679.79,679.9,52851,regular,False
2026-07-27T14:55:00+00:00,679.9,680.67,679.52,680.54,87272,regular,False
2026-07-27T14:56:00+00:00,680.5,680.95,680.2,680.86,98014,regular,False
2026-07-27T14:57:00+00:00,680.84,681.23,680.76,680.76,96795,regular,False
2026-07-27T14:58:00+00:00,680.76,681.26,680.59,681.15,82142,regular,False
2026-07-27T14:59:00+00:00,681.15,681.74,681.03,681.47,100713,regular,False
2026-07-27T15:00:00+00:00,681.52,681.9,680.94,681.61,144429,regular,False
2026-07-27T15:01:00+00:00,681.6,681.62,681.08,681.09,85785,regular,False
2026-07-27T15:02:00+00:00,681.11,681.51,680.71,681.0,159522,regular,False
2026-07-27T15:03:00+00:00,680.97,681.7,680.93,681.09,86995,regular,False
2026-07-27T15:04:00+00:00,681.11,681.48,680.98,681.31,54986,regular,False
2026-07-27T15:05:00+00:00,681.3,682.09,681.16,682.01,86534,regular,False
2026-07-27T15:06:00+00:00,682.02,682.16,681.13,681.17,58518,regular,False
2026-07-27T15:07:00+00:00,681.13,681.96,680.79,681.72,62864,regular,False
2026-07-27T15:09:00+00:00,681.38,681.42,680.72,681.04,84902,regular,False
2026-07-27T15:10:00+00:00,681.0,681.72,680.8,681.05,85569,regular,False
2026-07-27T15:11:00+00:00,681.08,681.59,680.75,680.93,64608,regular,False
2026-07-27T15:12:00+00:00,680.92,681.57,680.86,680.98,59315,regular,False
2026-07-27T15:13:00+00:00,680.94,681.16,680.33,680.82,64337,regular,False
2026-07-27T15:14:00+00:00,680.87,681.36,680.36,680.41,83077,regular,False
2026-07-27T15:15:00+00:00,680.39,680.61,679.65,679.7,99485,regular,False
2026-07-27T15:16:00+00:00,679.71,679.95,679.36,679.64,116280,regular,False
2026-07-27T15:17:00+00:00,679.62,679.67,679.17,679.27,96999,regular,False
2026-07-27T15:18:00+00:00,679.26,679.38,678.53,679.24,156979,regular,False
2026-07-27T15:19:00+00:00,679.24,679.97,679.1,679.94,82036,regular,False
2026-07-27T15:20:00+00:00,679.94,680.83,679.9,680.7,86802,regular,False
2026-07-27T15:21:00+00:00,680.77,681.04,680.11,680.15,101451,regular,False
2026-07-27T15:22:00+00:00,680.11,680.85,679.89,680.49,105676,regular,False
2026-07-27T15:23:00+00:00,680.45,680.48,679.1,679.3,52569,regular,False
2026-07-27T15:24:00+00:00,679.29,679.41,678.87,679.2,31550,regular,False
2026-07-27T15:25:00+00:00,679.22,679.53,678.92,679.12,45916,regular,False
2026-07-27T15:26:00+00:00,679.16,679.57,679.06,679.3,30755,regular,False
2026-07-27T15:27:00+00:00,679.29,679.63,678.92,678.96,43564,regular,False
2026-07-27T15:28:00+00:00,678.94,679.03,678.54,678.8,32974,regular,False
2026-07-27T15:29:00+00:00,678.81,679.32,678.75,679.12,50114,regular,False
2026-07-27T15:30:00+00:00,679.18,679.22,678.67,678.82,59957,regular,False
2026-07-27T15:31:00+00:00,678.94,679.41,678.39,678.43,64524,regular,False
2026-07-27T15:32:00+00:00,678.43,678.66,677.92,677.98,57876,regular,False
2026-07-27T15:33:00+00:00,677.96,678.17,677.66,678.1,52361,regular,False
2026-07-27T15:34:00+00:00,678.14,678.32,677.86,678.07,43521,regular,False
2026-07-27T15:35:00+00:00,678.07,678.15,677.53,677.7,68510,regular,False
2026-07-27T15:36:00+00:00,677.64,678.07,677.53,677.55,54900,regular,False
2026-07-27T15:37:00+00:00,677.55,677.69,677.06,677.12,62036,regular,False
2026-07-27T15:38:00+00:00,677.14,677.59,676.91,677.51,92033,regular,False
2026-07-27T15:39:00+00:00,677.53,677.92,677.53,677.75,97555,regular,False
2026-07-27T15:40:00+00:00,677.76,678.08,677.23,677.65,60961,regular,False
2026-07-27T15:41:00+00:00,677.68,678.04,677.44,677.9,52208,regular,False
2026-07-27T15:42:00+00:00,677.88,678.39,677.85,678.2,83899,regular,False
2026-07-27T15:43:00+00:00,678.15,678.42,677.64,677.84,56645,regular,False
2026-07-27T15:44:00+00:00,677.82,678.53,677.8,678.32,54812,regular,False
2026-07-27T15:45:00+00:00,678.34,678.56,677.84,677.88,28730,regular,False
2026-07-27T15:46:00+00:00,677.83,678.31,677.76,677.92,24740,regular,False
2026-07-27T15:47:00+00:00,678.0,678.19,677.3,677.58,38726,regular,False
2026-07-27T15:48:00+00:00,677.59,678.11,677.59,677.6,39087,regular,False
2026-07-27T15:49:00+00:00,677.59,677.71,677.29,677.67,37028,regular,False
2026-07-27T15:50:00+00:00,677.68,677.91,677.3,677.73,49927,regular,False
2026-07-27T15:51:00+00:00,677.77,678.27,677.74,678.06,70032,regular,False
2026-07-27T15:52:00+00:00,678.04,678.22,677.54,677.61,18621,regular,False
2026-07-27T15:53:00+00:00,677.53,677.9,677.31,677.8,21452,regular,False
2026-07-27T15:54:00+00:00,677.83,678.12,677.69,677.88,18077,regular,False
2026-07-27T15:55:00+00:00,677.93,678.47,677.77,678.34,25458,regular,False
2026-07-27T15:56:00+00:00,678.34,678.8,678.24,678.46,48967,regular,False
2026-07-27T15:57:00+00:00,678.53,679.0,678.28,678.79,44202,regular,False
2026-07-27T15:58:00+00:00,678.77,678.87,678.21,678.73,24643,regular,False
2026-07-27T15:59:00+00:00,678.73,679.16,678.69,678.88,44099,regular,False
2026-07-27T16:00:00+00:00,678.92,679.47,678.8,679.02,59941,regular,False
2026-07-27T16:01:00+00:00,679.1,679.3,678.86,679.09,33133,regular,False
2026-07-27T16:02:00+00:00,679.08,679.34,678.92,679.16,29842,regular,False
2026-07-27T16:03:00+00:00,679.1,679.64,679.08,679.54,35714,regular,False
2026-07-27T16:04:00+00:00,679.55,680.3,679.55,680.28,94534,regular,False
2026-07-27T16:05:00+00:00,680.27,680.62,680.24,680.25,55739,regular,False
2026-07-27T16:06:00+00:00,680.33,680.33,679.55,680.1,97609,regular,False
2026-07-27T16:07:00+00:00,680.1,680.15,679.65,679.91,39498,regular,False
2026-07-27T16:08:00+00:00,679.88,680.33,679.72,680.16,43000,regular,False
2026-07-27T16:09:00+00:00,680.14,680.43,679.95,680.39,51353,regular,False
2026-07-27T16:10:00+00:00,680.39,681.03,680.38,681.01,79498,regular,False
2026-07-27T16:11:00+00:00,680.97,681.11,680.63,680.7,62020,regular,False
2026-07-27T16:12:00+00:00,680.68,680.98,680.53,680.61,38402,regular,False
2026-07-27T16:13:00+00:00,680.63,680.66,679.73,679.8,66050,regular,False
2026-07-27T16:14:00+00:00,679.8,679.92,679.17,679.29,94037,regular,False
2026-07-27T16:15:00+00:00,679.32,679.38,679.06,679.32,74462,regular,False
2026-07-27T16:16:00+00:00,679.37,679.45,678.46,678.65,76650,regular,False
2026-07-27T16:17:00+00:00,678.67,678.95,678.58,678.87,69293,regular,False
2026-07-27T16:18:00+00:00,678.87,679.08,678.73,679.01,74970,regular,False
2026-07-27T16:19:00+00:00,679.01,679.21,678.65,678.95,47916,regular,False
2026-07-27T16:20:00+00:00,678.97,679.17,678.53,679.04,53590,regular,False
2026-07-27T16:21:00+00:00,679.05,679.55,678.77,678.82,61104,regular,False
2026-07-27T16:22:00+00:00,678.84,679.23,678.59,679.19,51708,regular,False
2026-07-27T16:23:00+00:00,679.17,679.26,678.78,679.23,42785,regular,False
2026-07-27T16:24:00+00:00,679.26,679.74,679.22,679.7,35996,regular,False
2026-07-27T16:25:00+00:00,679.71,682.17,679.65,682.05,254651,regular,False
2026-07-27T16:26:00+00:00,682.05,682.34,681.11,681.31,109350,regular,False
2026-07-27T16:27:00+00:00,681.26,681.82,681.24,681.77,33528,regular,False
2026-07-27T16:28:00+00:00,681.73,682.21,681.4,681.49,70276,regular,False
2026-07-27T16:29:00+00:00,681.51,681.61,680.92,681.12,36118,regular,False
2026-07-27T16:30:00+00:00,681.11,681.94,681.01,681.62,28470,regular,False
2026-07-27T16:31:00+00:00,681.62,682.13,681.53,681.97,28184,regular,False
2026-07-27T16:32:00+00:00,681.91,681.91,681.11,681.25,50986,regular,False
2026-07-27T16:33:00+00:00,681.29,681.33,680.58,680.87,55449,regular,False
2026-07-27T16:34:00+00:00,680.9,681.01,680.74,681.0,48649,regular,False
2026-07-27T16:35:00+00:00,681.0,681.15,680.48,680.53,68003,regular,False
2026-07-27T16:36:00+00:00,680.53,681.19,680.15,681.19,45498,regular,False
2026-07-27T16:37:00+00:00,681.2,681.73,680.93,680.93,44975,regular,False
2026-07-27T16:38:00+00:00,680.97,681.56,680.85,681.41,27362,regular,False
2026-07-27T16:39:00+00:00,681.44,681.5,681.17,681.46,25084,regular,False
2026-07-27T16:40:00+00:00,681.51,681.71,681.4,681.67,27254,regular,False
2026-07-27T16:41:00+00:00,681.72,681.72,681.09,681.14,51666,regular,False
2026-07-27T16:42:00+00:00,681.16,681.26,680.88,680.99,41483,regular,False
2026-07-27T16:43:00+00:00,680.98,681.03,680.67,680.71,29088,regular,False
2026-07-27T16:44:00+00:00,680.67,680.77,680.29,680.68,29861,regular,False
2026-07-27T16:45:00+00:00,680.63,680.78,680.34,680.5,30653,regular,False
2026-07-27T16:46:00+00:00,680.53,680.97,680.5,680.74,29372,regular,False
2026-07-27T16:47:00+00:00,680.8,681.16,680.75,680.81,31521,regular,False
2026-07-27T16:48:00+00:00,680.83,681.05,680.38,680.52,30300,regular,False
2026-07-27T16:49:00+00:00,680.53,680.63,680.19,680.27,28088,regular,False
2026-07-27T16:50:00+00:00,680.19,680.19,679.45,679.48,54177,regular,False
2026-07-27T16:51:00+00:00,679.47,679.56,679.1,679.31,61804,regular,False
2026-07-27T16:52:00+00:00,679.33,679.42,678.91,679.11,52695,regular,False
2026-07-27T16:53:00+00:00,679.09,679.12,678.76,678.86,44727,regular,False
2026-07-27T16:54:00+00:00,678.9,678.99,678.6,678.82,105049,regular,False
2026-07-27T16:55:00+00:00,678.81,678.82,678.05,678.27,100047,regular,False
2026-07-27T16:56:00+00:00,678.27,678.69,678.2,678.52,118565,regular,False
2026-07-27T16:57:00+00:00,678.54,678.67,678.2,678.36,83428,regular,False
2026-07-27T16:58:00+00:00,678.4,678.65,678.36,678.55,55799,regular,False
2026-07-27T16:59:00+00:00,678.57,678.64,678.19,678.54,39157,regular,False
2026-07-27T17:00:00+00:00,678.6,678.75,678.22,678.58,24447,regular,False
2026-07-27T17:01:00+00:00,678.56,678.68,677.85,677.98,38642,regular,False
2026-07-27T17:02:00+00:00,677.89,678.0,677.35,677.51,67064,regular,False
2026-07-27T17:03:00+00:00,677.5,677.78,677.37,677.76,53950,regular,False
2026-07-27T17:04:00+00:00,677.77,677.92,677.41,677.52,51187,regular,False
2026-07-27T17:05:00+00:00,677.55,677.69,677.36,677.5,40047,regular,False
2026-07-27T17:06:00+00:00,677.5,677.74,677.25,677.67,45820,regular,False
2026-07-27T17:07:00+00:00,677.7,678.03,677.64,678.03,81532,regular,False
2026-07-27T17:08:00+00:00,678.03,678.08,677.75,677.83,61238,regular,False
2026-07-27T17:09:00+00:00,677.83,678.1,677.69,677.8,69535,regular,False
2026-07-27T17:10:00+00:00,677.79,677.94,677.62,677.94,30321,regular,False
2026-07-27T17:11:00+00:00,677.94,677.98,677.57,677.61,43656,regular,False
2026-07-27T17:12:00+00:00,677.61,678.31,677.52,678.2,68227,regular,False
2026-07-27T17:13:00+00:00,678.25,678.35,678.04,678.16,33507,regular,False
2026-07-27T17:14:00+00:00,678.17,678.46,678.16,678.25,49579,regular,False
2026-07-27T17:15:00+00:00,678.2,678.36,677.96,678.33,38482,regular,False
2026-07-27T17:16:00+00:00,678.33,678.42,677.74,677.81,36738,regular,False
2026-07-27T17:17:00+00:00,677.79,677.8,677.08,677.31,44524,regular,False
2026-07-27T17:18:00+00:00,677.32,677.36,677.08,677.21,46646,regular,False
2026-07-27T17:19:00+00:00,677.22,677.48,677.08,677.44,61279,regular,False
2026-07-27T17:20:00+00:00,677.43,678.11,677.27,678.07,80601,regular,False
2026-07-27T17:21:00+00:00,678.06,678.16,677.84,677.84,59796,regular,False
2026-07-27T17:22:00+00:00,677.84,678.23,677.61,678.04,63136,regular,False
2026-07-27T17:23:00+00:00,678.1,678.17,677.55,677.58,36113,regular,False
2026-07-27T17:24:00+00:00,677.58,677.69,677.45,677.67,39023,regular,False
2026-07-27T17:25:00+00:00,677.68,677.78,677.4,677.42,38734,regular,False
2026-07-27T17:26:00+00:00,677.42,677.62,677.26,677.62,44033,regular,False
2026-07-27T17:27:00+00:00,677.62,677.92,677.61,677.61,43366,regular,False
2026-07-27T17:28:00+00:00,677.66,677.85,677.64,677.76,29967,regular,False
2026-07-27T17:29:00+00:00,677.76,677.92,677.31,677.39,29258,regular,False
2026-07-27T17:30:00+00:00,677.39,677.63,677.34,677.62,26329,regular,False
2026-07-27T17:31:00+00:00,677.62,677.9,677.58,677.7,41156,regular,False
2026-07-27T17:32:00+00:00,677.74,678.38,677.56,678.34,37371,regular,False
2026-07-27T17:33:00+00:00,678.31,678.67,678.31,678.67,50691,regular,False
2026-07-27T17:34:00+00:00,678.65,678.85,678.54,678.82,34441,regular,False
2026-07-27T17:35:00+00:00,678.74,678.91,678.56,678.68,31141,regular,False
2026-07-27T17:36:00+00:00,678.68,678.88,678.43,678.5,24051,regular,False
2026-07-27T17:37:00+00:00,678.48,678.69,678.2,678.2,32730,regular,False
2026-07-27T17:38:00+00:00,678.17,678.79,678.09,678.64,27716,regular,False
2026-07-27T17:39:00+00:00,678.6,678.61,678.15,678.15,34424,regular,False
2026-07-27T17:40:00+00:00,678.1,678.18,677.74,677.8,21349,regular,False
2026-07-27T17:41:00+00:00,677.85,678.39,677.77,678.32,32175,regular,False
2026-07-27T17:42:00+00:00,678.29,678.41,677.93,677.93,21333,regular,False
2026-07-27T17:43:00+00:00,677.94,678.24,677.79,678.18,22273,regular,False
2026-07-27T17:44:00+00:00,678.21,678.28,677.93,678.23,18246,regular,False
2026-07-27T17:45:00+00:00,678.24,678.35,677.71,677.88,17376,regular,False
2026-07-27T17:46:00+00:00,677.91,678.76,677.91,678.47,20926,regular,False
2026-07-27T17:47:00+00:00,678.43,678.69,678.36,678.46,32853,regular,False
2026-07-27T17:48:00+00:00,678.43,678.74,678.19,678.26,30478,regular,False
2026-07-27T17:49:00+00:00,678.26,678.48,678.14,678.14,15400,regular,False
2026-07-27T17:50:00+00:00,678.16,678.54,678.05,678.42,23748,regular,False
2026-07-27T17:51:00+00:00,678.43,678.48,678.25,678.38,21518,regular,False
2026-07-27T17:52:00+00:00,678.41,678.92,678.41,678.92,27877,regular,False
2026-07-27T17:53:00+00:00,678.92,679.0,678.68,678.9,25373,regular,False
2026-07-27T17:54:00+00:00,678.9,679.5,678.89,679.41,59933,regular,False
2026-07-27T17:55:00+00:00,679.43,679.71,679.11,679.31,64216,regular,False
2026-07-27T17:56:00+00:00,679.34,679.8,679.24,679.73,44071,regular,False
2026-07-27T17:57:00+00:00,679.73,679.83,679.49,679.49,30767,regular,False
2026-07-27T17:58:00+00:00,679.54,679.78,679.48,679.61,53210,regular,False
2026-07-27T17:59:00+00:00,679.55,679.93,679.55,679.91,35189,regular,False
2026-07-27T18:00:00+00:00,679.91,680.06,679.72,679.72,39776,regular,False
2026-07-27T18:01:00+00:00,679.75,680.3,679.71,679.95,31736,regular,False
2026-07-27T18:02:00+00:00,679.94,679.98,679.65,679.71,28123,regular,False
2026-07-27T18:03:00+00:00,679.71,680.01,679.58,679.95,17972,regular,False
2026-07-27T18:04:00+00:00,679.94,680.08,679.64,679.66,21901,regular,False
2026-07-27T18:05:00+00:00,679.64,679.98,679.46,679.97,33898,regular,False
2026-07-27T18:06:00+00:00,679.95,680.16,679.56,679.56,27123,regular,False
2026-07-27T18:07:00+00:00,679.59,680.0,679.57,679.79,35057,regular,False
2026-07-27T18:08:00+00:00,679.81,679.88,679.55,679.61,16988,regular,False
2026-07-27T18:09:00+00:00,679.63,679.82,679.62,679.76,23107,regular,False
2026-07-27T18:10:00+00:00,679.74,679.86,679.61,679.69,30408,regular,False
2026-07-27T18:11:00+00:00,679.71,679.93,679.63,679.69,20901,regular,False
2026-07-27T18:12:00+00:00,679.68,679.95,679.64,679.81,23538,regular,False
2026-07-27T18:13:00+00:00,679.84,679.99,679.77,679.95,39088,regular,False
2026-07-27T18:14:00+00:00,679.9,680.08,679.83,679.83,29848,regular,False
2026-07-27T18:15:00+00:00,679.84,679.91,679.03,679.13,40260,regular,False
2026-07-27T18:16:00+00:00,679.13,679.28,678.71,678.83,33215,regular,False
2026-07-27T18:17:00+00:00,678.82,678.99,678.6,678.86,53400,regular,False
2026-07-27T18:18:00+00:00,678.91,679.19,678.79,679.15,29528,regular,False
2026-07-27T18:19:00+00:00,679.12,679.38,678.89,678.9,29100,regular,False
2026-07-27T18:20:00+00:00,678.86,679.04,678.69,678.86,27054,regular,False
2026-07-27T18:21:00+00:00,678.81,679.08,678.73,678.91,26287,regular,False
2026-07-27T18:22:00+00:00,678.94,679.06,678.74,678.74,26180,regular,False
2026-07-27T18:23:00+00:00,678.72,679.16,678.65,678.88,35218,regular,False
2026-07-27T18:24:00+00:00,678.91,679.45,678.91,679.28,55454,regular,False
2026-07-27T18:25:00+00:00,679.31,679.59,679.26,679.29,37284,regular,False
2026-07-27T18:26:00+00:00,679.33,679.56,679.25,679.36,20701,regular,False
2026-07-27T18:27:00+00:00,679.33,679.42,679.13,679.19,17682,regular,False
2026-07-27T18:28:00+00:00,679.16,679.31,679.09,679.16,16391,regular,False
2026-07-27T18:29:00+00:00,679.15,679.48,679.04,679.32,25752,regular,False
2026-07-27T18:30:00+00:00,679.36,679.36,678.6,678.83,23225,regular,False
2026-07-27T18:31:00+00:00,678.82,678.95,678.43,678.44,26594,regular,False
2026-07-27T18:32:00+00:00,678.47,678.79,678.31,678.78,27625,regular,False
2026-07-27T18:33:00+00:00,678.75,678.77,678.54,678.62,22210,regular,False
2026-07-27T18:36:00+00:00,678.48,678.66,678.27,678.58,62701,regular,False
2026-07-27T18:37:00+00:00,678.55,678.69,678.3,678.5,23927,regular,False
2026-07-27T18:38:00+00:00,678.48,678.53,678.2,678.2,43200,regular,False
2026-07-27T18:39:00+00:00,678.13,678.23,678.03,678.15,30655,regular,False
2026-07-27T18:40:00+00:00,678.13,678.13,677.85,677.87,43764,regular,False
2026-07-27T18:41:00+00:00,677.92,679.29,677.89,678.88,202934,regular,False
2026-07-27T18:42:00+00:00,678.89,679.14,678.78,678.78,55644,regular,False
2026-07-27T18:43:00+00:00,678.79,679.32,678.48,679.26,39855,regular,False
2026-07-27T18:44:00+00:00,679.25,679.51,679.18,679.34,104267,regular,False
2026-07-27T18:45:00+00:00,679.38,679.79,679.34,679.47,39127,regular,False
2026-07-27T18:46:00+00:00,679.52,679.66,679.31,679.34,30653,regular,False
2026-07-27T18:47:00+00:00,679.37,679.45,679.05,679.4,21753,regular,False
2026-07-27T18:48:00+00:00,679.37,679.67,679.23,679.64,21968,regular,False
2026-07-27T18:49:00+00:00,679.61,679.76,679.16,679.17,23159,regular,False
2026-07-27T18:50:00+00:00,679.18,679.48,679.09,679.44,31215,regular,False
2026-07-27T18:51:00+00:00,679.42,679.98,679.39,679.9,54513,regular,False
2026-07-27T18:52:00+00:00,679.92,680.82,679.88,680.76,107211,regular,False
2026-07-27T18:53:00+00:00,680.76,681.25,680.71,681.21,97472,regular,False
2026-07-27T18:54:00+00:00,681.21,681.22,680.93,681.06,95876,regular,False
2026-07-27T18:55:00+00:00,681.08,681.95,681.08,681.77,94324,regular,False
2026-07-27T18:56:00+00:00,681.74,681.86,681.45,681.48,58980,regular,False
2026-07-27T18:57:00+00:00,681.48,681.65,681.25,681.45,69434,regular,False
2026-07-27T18:58:00+00:00,681.44,681.71,681.12,681.66,83688,regular,False
2026-07-27T18:59:00+00:00,681.64,682.0,681.61,681.93,50878,regular,False
2026-07-27T19:00:00+00:00,681.93,682.06,681.57,681.59,83027,regular,False
2026-07-27T19:01:00+00:00,681.59,681.94,681.52,681.87,37152,regular,False
2026-07-27T19:02:00+00:00,681.84,682.15,681.83,681.85,58461,regular,False
2026-07-27T19:03:00+00:00,681.9,682.08,681.71,681.87,55193,regular,False
2026-07-27T19:04:00+00:00,681.87,682.11,681.55,681.59,53403,regular,False
2026-07-27T19:05:00+00:00,681.59,681.82,681.42,681.59,60846,regular,False
2026-07-27T19:06:00+00:00,681.58,682.26,681.44,682.26,70119,regular,False
2026-07-27T19:07:00+00:00,682.24,682.7,682.22,682.65,68252,regular,False
2026-07-27T19:08:00+00:00,682.69,682.79,682.45,682.5,54861,regular,False
2026-07-27T19:09:00+00:00,682.5,682.85,682.46,682.62,82721,regular,False
2026-07-27T19:10:00+00:00,682.61,683.03,682.55,682.88,89322,regular,False
2026-07-27T19:11:00+00:00,682.88,682.92,682.59,682.77,38061,regular,False
2026-07-27T19:12:00+00:00,682.8,682.98,682.51,682.51,36835,regular,False
2026-07-27T19:13:00+00:00,682.51,682.53,682.08,682.2,62069,regular,False
2026-07-27T19:14:00+00:00,682.18,682.37,682.09,682.24,40579,regular,False
2026-07-27T19:15:00+00:00,682.25,682.4,682.21,682.35,28951,regular,False
2026-07-27T19:16:00+00:00,682.36,682.65,682.13,682.39,40075,regular,False
2026-07-27T19:17:00+00:00,682.39,682.55,682.25,682.55,40503,regular,False
2026-07-27T19:18:00+00:00,682.53,682.7,682.49,682.57,68247,regular,False
2026-07-27T19:19:00+00:00,682.55,682.63,682.37,682.58,27681,regular,False
2026-07-27T19:20:00+00:00,682.65,682.87,682.59,682.75,46134,regular,False
2026-07-27T19:21:00+00:00,682.75,682.84,682.39,682.39,50700,regular,False
2026-07-27T19:22:00+00:00,682.39,682.84,682.32,682.82,52741,regular,False
2026-07-27T19:23:00+00:00,682.83,683.15,682.66,682.68,115335,regular,False
2026-07-27T19:24:00+00:00,682.69,682.88,682.62,682.87,32399,regular,False
2026-07-27T19:25:00+00:00,682.91,683.06,682.39,682.67,30730,regular,False
2026-07-27T19:26:00+00:00,682.67,682.79,682.58,682.73,44054,regular,False
2026-07-27T19:27:00+00:00,682.73,683.09,682.61,683.08,38181,regular,False
2026-07-27T19:28:00+00:00,683.06,683.13,682.86,682.92,41016,regular,False
2026-07-27T19:29:00+00:00,682.93,683.39,682.93,683.28,55918,regular,False
2026-07-27T19:30:00+00:00,683.35,683.47,683.1,683.31,81373,regular,False
2026-07-27T19:31:00+00:00,683.3,683.42,683.15,683.32,43200,regular,False
2026-07-27T19:32:00+00:00,683.31,683.39,683.13,683.26,29531,regular,False
2026-07-27T19:33:00+00:00,683.28,683.55,683.09,683.5,65416,regular,False
2026-07-27T19:34:00+00:00,683.48,683.6,683.07,683.07,32123,regular,False
2026-07-27T19:35:00+00:00,683.09,683.28,682.93,683.07,41815,regular,False
2026-07-27T19:36:00+00:00,683.08,683.18,682.82,682.82,45894,regular,False
2026-07-27T19:37:00+00:00,682.85,682.86,682.13,682.31,87854,regular,False
2026-07-27T19:38:00+00:00,682.34,682.38,682.04,682.13,42800,regular,False
2026-07-27T19:39:00+00:00,682.12,682.19,681.77,681.87,74844,regular,False
2026-07-27T19:40:00+00:00,681.89,682.27,681.76,682.24,89215,regular,False
2026-07-27T19:41:00+00:00,682.23,682.34,681.83,681.95,51968,regular,False
2026-07-27T19:42:00+00:00,681.96,682.15,681.68,681.71,45546,regular,False
2026-07-27T19:43:00+00:00,681.72,681.97,681.58,681.78,63892,regular,False
2026-07-27T19:44:00+00:00,681.76,681.9,681.66,681.68,74649,regular,False
2026-07-27T19:45:00+00:00,681.67,681.73,681.23,681.62,107356,regular,False
2026-07-27T19:46:00+00:00,681.61,681.88,681.16,681.31,59272,regular,False
2026-07-27T19:47:00+00:00,681.31,681.6,681.25,681.52,85257,regular,False
2026-07-27T19:48:00+00:00,681.51,681.54,681.22,681.5,95241,regular,False
2026-07-27T19:49:00+00:00,681.54,681.92,681.5,681.89,71294,regular,False
2026-07-27T19:52:00+00:00,681.61,681.83,681.46,681.75,137399,regular,False
2026-07-27T19:53:00+00:00,681.79,681.96,681.68,681.73,98106,regular,False
2026-07-27T19:54:00+00:00,681.71,682.08,681.66,681.71,144592,regular,False
2026-07-27T19:55:00+00:00,681.71,682.0,681.24,681.94,174763,regular,False
2026-07-27T19:56:00+00:00,681.91,682.32,681.82,682.23,130226,regular,False
2026-07-27T19:57:00+00:00,682.22,682.28,681.79,681.89,127667,regular,False
2026-07-27T19:58:00+00:00,681.9,682.09,681.75,681.99,128479,regular,False
2026-07-27T19:59:00+00:00,681.99,682.2,681.73,682.06,403782,regular,False
2026-07-27T20:00:00+00:00,682.11,682.71,682.11,682.4,496001,after-market,False
2026-07-27T20:01:00+00:00,682.37,682.4,682.19,682.31,14683,after-market,False
2026-07-27T20:02:00+00:00,682.3,682.36,682.06,682.11,42438,after-market,False
2026-07-27T20:03:00+00:00,682.07,682.07,681.86,681.91,23290,after-market,False
2026-07-27T20:04:00+00:00,681.95,682.25,681.87,682.2,13420,after-market,False
2026-07-27T20:05:00+00:00,682.16,682.2,682.01,682.15,32977,after-market,False
2026-07-27T20:06:00+00:00,682.15,682.19,681.76,681.9,12894,after-market,False
2026-07-27T20:07:00+00:00,681.9,682.07,681.84,682.06,13067,after-market,False
2026-07-27T20:08:00+00:00,682.09,682.25,682.08,682.2,10405,after-market,False
2026-07-27T20:09:00+00:00,682.19,682.19,682.09,682.16,936,after-market,False
2026-07-27T20:10:00+00:00,682.16,682.2,681.9,681.93,5797,after-market,False
2026-07-27T20:11:00+00:00,681.9,681.95,681.65,681.67,3819,after-market,False
2026-07-27T20:12:00+00:00,681.64,681.71,681.55,681.7,6383,after-market,False
2026-07-27T20:13:00+00:00,681.66,681.8,681.63,681.8,1900,after-market,False
2026-07-27T20:14:00+00:00,681.78,682.15,681.77,682.07,4573,after-market,False
2026-07-27T20:15:00+00:00,681.95,682.01,681.89,681.89,3481,after-market,False
2026-07-27T20:16:00+00:00,681.86,682.02,681.86,682.0,2310,after-market,False
2026-07-27T20:17:00+00:00,681.96,682.05,681.96,682.01,2258,after-market,False
2026-07-27T20:18:00+00:00,682.06,682.11,682.02,682.07,45471,after-market,False
2026-07-27T20:19:00+00:00,682.07,682.11,681.95,681.95,7276,after-market,False
2026-07-27T20:20:00+00:00,681.95,682.0,681.85,681.92,8854,after-market,False
2026-07-27T20:21:00+00:00,681.82,681.85,681.77,681.77,1540,after-market,False
2026-07-27T20:22:00+00:00,681.75,681.76,681.64,681.64,3667,after-market,False
2026-07-27T20:23:00+00:00,681.7,681.75,681.62,681.64,4216,after-market,False
2026-07-27T20:24:00+00:00,681.66,681.8,681.66,681.8,1932,after-market,False
2026-07-27T20:25:00+00:00,681.89,682.05,681.89,682.01,1680,after-market,False
2026-07-27T20:26:00+00:00,681.91,682.0,681.9,681.98,810,after-market,False
2026-07-27T20:27:00+00:00,681.94,682.05,681.94,682.02,6305,after-market,False
2026-07-27T20:28:00+00:00,682.02,682.11,681.96,682.07,17974,after-market,False
2026-07-27T20:29:00+00:00,682.04,682.15,682.03,682.1,6918,after-market,False
2026-07-27T20:30:00+00:00,682.12,682.15,682.11,682.11,3220,after-market,False
2026-07-27T20:31:00+00:00,682.15,682.17,681.99,682.16,10557,after-market,False
2026-07-27T20:32:00+00:00,682.18,682.29,682.17,682.25,3554,after-market,False
2026-07-27T20:33:00+00:00,682.28,682.33,682.24,682.33,285,after-market,False
2026-07-27T20:34:00+00:00,682.27,682.74,682.27,682.74,7210,after-market,False
2026-07-27T20:35:00+00:00,682.71,682.99,682.67,682.87,8563,after-market,False
2026-07-27T20:36:00+00:00,682.87,682.9,682.74,682.8,2050,after-market,False
2026-07-27T20:37:00+00:00,682.83,682.9,682.83,682.9,2270,after-market,False
2026-07-27T20:38:00+00:00,682.92,682.94,682.72,682.72,1012,after-market,False
2026-07-27T20:39:00+00:00,682.75,682.75,682.69,682.72,1379,after-market,False
2026-07-27T20:40:00+00:00,682.6,682.6,682.52,682.52,430,after-market,False
2026-07-27T20:41:00+00:00,682.53,682.55,682.52,682.55,1153,after-market,False
2026-07-27T20:42:00+00:00,682.53,682.56,682.53,682.56,2537,after-market,False
2026-07-27T20:43:00+00:00,682.56,682.57,682.56,682.56,50,after-market,False
2026-07-27T20:44:00+00:00,682.5,682.5,682.5,682.5,293,after-market,False
2026-07-27T20:45:00+00:00,682.45,682.45,682.4,682.43,260,after-market,False
2026-07-27T20:46:00+00:00,682.43,682.47,682.39,682.39,743,after-market,False
2026-07-27T20:47:00+00:00,682.4,682.44,682.34,682.34,565,after-market,False
2026-07-27T20:48:00+00:00,682.29,682.29,682.19,682.19,6383,after-market,False
2026-07-27T20:49:00+00:00,682.2,682.2,682.12,682.15,13892,after-market,False
2026-07-27T20:50:00+00:00,682.2,682.32,682.2,682.25,34469,after-market,False
2026-07-27T20:51:00+00:00,682.15,682.15,682.02,682.14,1618,after-market,False
2026-07-27T20:52:00+00:00,682.13,682.13,682.12,682.12,913,after-market,False
2026-07-27T20:53:00+00:00,682.13,682.14,681.99,682.01,1550,after-market,False
2026-07-27T20:54:00+00:00,682.0,682.05,681.97,682.05,10575,after-market,False
2026-07-27T20:55:00+00:00,682.05,682.3,682.05,682.3,1460,after-market,False
2026-07-27T20:56:00+00:00,682.23,682.26,682.21,682.21,304,after-market,False
2026-07-27T20:57:00+00:00,682.28,682.28,682.23,682.24,380,after-market,False
2026-07-27T20:58:00+00:00,682.18,682.24,682.18,682.2,490,after-market,False
2026-07-27T20:59:00+00:00,682.3,682.4,682.29,682.4,2563,after-market,False
2026-07-27T21:00:00+00:00,682.4,682.4,682.4,682.4,0,after-market,False
2026-07-27T21:01:00+00:00,682.25,682.49,682.25,682.45,953,after-market,False
2026-07-27T21:02:00+00:00,682.3,682.3,682.3,682.3,80,after-market,False
2026-07-27T21:03:00+00:00,682.29,682.29,682.28,682.29,360,after-market,False
2026-07-27T21:04:00+00:00,682.28,682.5,682.2,682.21,2623,after-market,False
2026-07-27T21:05:00+00:00,682.44,682.45,682.21,682.21,215,after-market,False
2026-07-27T21:06:00+00:00,682.5,682.5,682.42,682.5,373,after-market,False
2026-07-27T21:07:00+00:00,682.59,682.65,682.57,682.6,2610,after-market,False
2026-07-27T21:08:00+00:00,682.43,682.59,682.43,682.59,139,after-market,False
2026-07-27T21:09:00+00:00,682.52,682.6,682.52,682.59,250,after-market,False
2026-07-27T21:10:00+00:00,682.59,682.59,682.59,682.59,0,after-market,False
2026-07-27T21:11:00+00:00,682.6,682.65,682.6,682.61,665,after-market,False
2026-07-27T21:12:00+00:00,682.61,682.61,682.61,682.61,0,after-market,False
2026-07-27T21:13:00+00:00,682.65,682.65,682.57,682.57,414,after-market,False
2026-07-27T21:14:00+00:00,682.58,682.7,682.56,682.7,1864,after-market,False
2026-07-27T21:15:00+00:00,682.7,682.74,682.51,682.7,4601,after-market,False
2026-07-27T21:16:00+00:00,682.7,682.7,682.7,682.7,2273,after-market,False
2026-07-27T21:17:00+00:00,682.7,682.71,682.7,682.7,1013,after-market,False
2026-07-27T21:18:00+00:00,682.7,682.76,682.7,682.75,2607,after-market,False
2026-07-27T21:19:00+00:00,682.75,682.84,682.75,682.82,3582,after-market,False
2026-07-27T21:20:00+00:00,682.84,682.9,682.83,682.9,4519,after-market,False
2026-07-27T21:21:00+00:00,682.91,682.98,682.85,682.95,3379,after-market,False
2026-07-27T21:22:00+00:00,682.99,682.99,682.95,682.97,2159,after-market,False
2026-07-27T21:23:00+00:00,682.95,683.09,682.95,683.0,1482,after-market,False
2026-07-27T21:24:00+00:00,683.0,683.0,683.0,683.0,14036,after-market,False
2026-07-27T21:25:00+00:00,682.91,682.92,682.91,682.91,182,after-market,False
2026-07-27T21:26:00+00:00,682.84,682.92,682.84,682.91,455,after-market,False
2026-07-27T21:27:00+00:00,682.8,682.82,682.8,682.82,1114,after-market,False
2026-07-27T21:28:00+00:00,682.83,682.83,682.82,682.83,900,after-market,False
2026-07-27T21:29:00+00:00,682.8,682.92,682.7,682.92,1241,after-market,False
2026-07-27T21:30:00+00:00,682.8,682.8,682.72,682.72,144,after-market,False
2026-07-27T21:31:00+00:00,682.76,682.8,682.76,682.8,5618,after-market,False
2026-07-27T21:32:00+00:00,682.72,682.72,682.7,682.7,4991,after-market,False
2026-07-27T21:33:00+00:00,682.8,682.8,682.7,682.77,3190,after-market,False
2026-07-27T21:34:00+00:00,682.85,682.85,682.8,682.8,1564,after-market,False
2026-07-27T21:35:00+00:00,682.84,682.84,682.8,682.8,200,after-market,False
2026-07-27T21:36:00+00:00,682.8,682.83,682.8,682.8,6255,after-market,False
2026-07-27T21:37:00+00:00,682.8,682.8,682.8,682.8,1531,after-market,False
2026-07-27T21:38:00+00:00,682.8,682.8,682.8,682.8,560,after-market,False
2026-07-27T21:39:00+00:00,682.66,682.75,682.65,682.75,213,after-market,False
2026-07-27T21:40:00+00:00,682.75,682.75,682.75,682.75,0,after-market,False
2026-07-27T21:41:00+00:00,682.71,682.8,682.71,682.8,6412,after-market,False
2026-07-27T21:42:00+00:00,682.77,682.8,682.77,682.8,1309,after-market,False
2026-07-27T21:43:00+00:00,682.8,682.81,682.8,682.8,2200,after-market,False
2026-07-27T21:44:00+00:00,682.81,682.81,682.8,682.8,1591,after-market,False
2026-07-27T21:45:00+00:00,682.8,682.8,682.8,682.8,2496,after-market,False
2026-07-27T21:46:00+00:00,682.79,682.8,682.79,682.8,464,after-market,False
2026-07-27T21:47:00+00:00,682.85,682.85,682.8,682.8,164,after-market,False
2026-07-27T21:48:00+00:00,682.8,682.9,682.8,682.9,4518,after-market,False
2026-07-27T21:49:00+00:00,682.9,683.0,682.9,683.0,3564,after-market,False
2026-07-27T21:50:00+00:00,682.95,682.95,682.87,682.87,371,after-market,False
2026-07-27T21:51:00+00:00,682.86,682.86,682.86,682.86,9062,after-market,False
2026-07-27T21:52:00+00:00,682.7,682.7,682.7,682.7,630,after-market,False
2026-07-27T21:53:00+00:00,682.72,682.8,682.72,682.8,371,after-market,False
2026-07-27T21:54:00+00:00,682.65,682.65,682.65,682.65,100,after-market,False
2026-07-27T21:55:00+00:00,682.82,682.82,682.81,682.82,80,after-market,False
2026-07-27T21:56:00+00:00,682.65,682.66,682.6,682.6,2993,after-market,False
2026-07-27T21:57:00+00:00,682.6,682.64,682.6,682.64,810,after-market,False
2026-07-27T21:58:00+00:00,682.63,682.64,682.6,682.6,1778,after-market,False
2026-07-27T21:59:00+00:00,682.6,682.69,682.6,682.69,2491,after-market,False
2026-07-27T22:00:00+00:00,682.77,682.95,682.45,682.45,16268,after-market,False
2026-07-27T22:01:00+00:00,682.63,682.63,682.23,682.3,23605,after-market,False
2026-07-27T22:02:00+00:00,682.31,682.38,682.1,682.15,8482,after-market,False
2026-07-27T22:03:00+00:00,682.19,682.4,682.15,682.25,3737,after-market,False
2026-07-27T22:04:00+00:00,682.35,682.35,682.06,682.12,5039,after-market,False
2026-07-27T22:05:00+00:00,682.06,682.1,682.0,682.0,9780,after-market,False
2026-07-27T22:06:00+00:00,682.0,682.03,681.99,682.0,20190,after-market,False
2026-07-27T22:07:00+00:00,681.95,681.95,681.66,681.68,6340,after-market,False
2026-07-27T22:08:00+00:00,681.7,681.81,681.62,681.73,7198,after-market,False
2026-07-27T22:09:00+00:00,681.74,681.74,681.6,681.6,1000,after-market,False
2026-07-27T22:10:00+00:00,681.7,681.71,681.63,681.63,568,after-market,False
2026-07-27T22:11:00+00:00,681.63,681.65,681.54,681.58,4173,after-market,False
2026-07-27T22:12:00+00:00,681.59,681.59,681.57,681.57,632,after-market,False
2026-07-27T22:13:00+00:00,681.57,681.57,681.27,681.3,2080,after-market,False
2026-07-27T22:14:00+00:00,681.33,681.34,681.25,681.29,300,after-market,False
2026-07-27T22:15:00+00:00,681.23,681.36,681.2,681.2,752,after-market,False
2026-07-27T22:16:00+00:00,681.2,681.2,681.2,681.2,0,after-market,False
2026-07-27T22:17:00+00:00,681.31,681.31,681.31,681.31,100,after-market,False
2026-07-27T22:18:00+00:00,681.3,681.42,681.27,681.42,314,after-market,False
2026-07-27T22:19:00+00:00,681.38,681.43,681.38,681.43,540,after-market,False
2026-07-27T22:20:00+00:00,681.22,681.22,681.15,681.2,1935,after-market,False
2026-07-27T22:21:00+00:00,681.27,681.33,681.23,681.33,783,after-market,False
2026-07-27T22:22:00+00:00,681.33,681.33,681.33,681.33,0,after-market,False
2026-07-27T22:23:00+00:00,681.26,681.35,681.25,681.35,262,after-market,False
2026-07-27T22:24:00+00:00,681.24,681.27,681.01,681.02,2184,after-market,False
2026-07-27T22:25:00+00:00,681.08,681.08,680.9,680.9,4068,after-market,False
2026-07-27T22:26:00+00:00,680.87,680.92,680.74,680.89,5988,after-market,False
2026-07-27T22:27:00+00:00,680.88,680.88,680.88,680.88,113,after-market,False
2026-07-27T22:28:00+00:00,680.8,680.83,680.7,680.7,6865,after-market,False
2026-07-27T22:29:00+00:00,680.7,680.7,680.53,680.57,5840,after-market,False
2026-07-27T22:30:00+00:00,680.57,680.64,680.55,680.55,3082,after-market,False
2026-07-27T22:31:00+00:00,680.8,680.8,680.8,680.8,40,after-market,False
2026-07-27T22:32:00+00:00,680.82,681.02,680.82,681.02,640,after-market,False
2026-07-27T22:33:00+00:00,680.94,680.94,680.93,680.94,71,after-market,False
2026-07-27T22:34:00+00:00,680.94,680.94,680.94,680.94,220,after-market,False
2026-07-27T22:35:00+00:00,681.03,681.14,681.03,681.11,3316,after-market,False
2026-07-27T22:36:00+00:00,681.1,681.13,681.1,681.13,430,after-market,False
2026-07-27T22:37:00+00:00,681.13,681.13,681.13,681.13,0,after-market,False
2026-07-27T22:38:00+00:00,680.83,680.83,680.83,680.83,100,after-market,False
2026-07-27T22:39:00+00:00,680.84,680.84,680.84,680.84,190,after-market,False
2026-07-27T22:40:00+00:00,680.87,680.87,680.6,680.6,1370,after-market,False
2026-07-27T22:41:00+00:00,680.53,680.81,680.5,680.7,1119,after-market,False
2026-07-27T22:42:00+00:00,680.7,680.7,680.7,680.7,0,after-market,False
2026-07-27T22:43:00+00:00,680.72,680.72,680.65,680.65,593,after-market,False
2026-07-27T22:44:00+00:00,680.66,680.73,680.66,680.66,780,after-market,False
2026-07-27T22:45:00+00:00,680.69,680.69,680.6,680.6,286,after-market,False
2026-07-27T22:46:00+00:00,680.69,680.69,680.5,680.51,939,after-market,False
2026-07-27T22:47:00+00:00,680.71,680.73,680.71,680.72,250,after-market,False
2026-07-27T22:48:00+00:00,680.79,680.82,680.79,680.82,158,after-market,False
2026-07-27T22:49:00+00:00,680.76,680.77,680.76,680.76,190,after-market,False
2026-07-27T22:50:00+00:00,680.71,680.71,680.71,680.71,198,after-market,False
2026-07-27T22:51:00+00:00,680.93,680.95,680.85,680.85,1183,after-market,False
2026-07-27T22:52:00+00:00,680.78,680.78,680.78,680.78,50,after-market,False
2026-07-27T22:53:00+00:00,680.81,680.82,680.8,680.81,341,after-market,False
2026-07-27T22:54:00+00:00,680.71,680.72,680.71,680.71,395,after-market,False
2026-07-27T22:55:00+00:00,680.7,680.74,680.7,680.74,417,after-market,False
2026-07-27T22:56:00+00:00,680.62,680.62,680.62,680.62,183,after-market,False
2026-07-27T22:57:00+00:00,680.64,680.67,680.52,680.52,2520,after-market,False
2026-07-27T22:58:00+00:00,680.52,680.52,680.45,680.46,3070,after-market,False
2026-07-27T22:59:00+00:00,680.5,680.58,680.49,680.58,750,after-market,False
2026-07-27T23:00:00+00:00,680.63,680.69,680.58,680.67,1073,after-market,False
2026-07-27T23:01:00+00:00,680.5,680.5,680.2,680.2,1875,after-market,False
2026-07-27T23:02:00+00:00,680.12,680.16,680.09,680.13,1113,after-market,False
2026-07-27T23:03:00+00:00,680.13,680.14,680.02,680.08,3267,after-market,False
2026-07-27T23:04:00+00:00,680.02,680.07,680.0,680.07,1483,after-market,False
2026-07-27T23:05:00+00:00,680.08,680.8,680.08,680.77,2182,after-market,False
2026-07-27T23:06:00+00:00,680.77,681.05,680.75,681.05,1235,after-market,False
2026-07-27T23:07:00+00:00,680.8,680.8,680.8,680.8,100,after-market,False
2026-07-27T23:08:00+00:00,680.8,680.8,680.8,680.8,0,after-market,False
2026-07-27T23:09:00+00:00,680.64,680.64,680.59,680.6,5088,after-market,False
2026-07-27T23:10:00+00:00,680.55,680.55,680.55,680.55,100,after-market,False
2026-07-27T23:11:00+00:00,680.5,680.51,680.46,680.46,500,after-market,False
2026-07-27T23:12:00+00:00,680.5,680.5,680.42,680.45,1745,after-market,False
2026-07-27T23:13:00+00:00,680.63,680.63,680.63,680.63,80,after-market,False
2026-07-27T23:14:00+00:00,680.55,680.63,680.55,680.63,1186,after-market,False
2026-07-27T23:15:00+00:00,680.44,680.45,680.38,680.38,345,after-market,False
2026-07-27T23:16:00+00:00,680.25,680.29,680.25,680.29,2699,after-market,False
2026-07-27T23:17:00+00:00,680.44,680.79,680.44,680.79,378,after-market,False
2026-07-27T23:18:00+00:00,680.84,680.84,680.77,680.81,2492,after-market,False
2026-07-27T23:19:00+00:00,680.81,680.94,680.81,680.88,3540,after-market,False
2026-07-27T23:20:00+00:00,680.99,681.2,680.89,680.9,2507,after-market,False
2026-07-27T23:21:00+00:00,680.79,680.84,680.79,680.84,649,after-market,False
2026-07-27T23:22:00+00:00,680.76,680.76,680.75,680.75,140,after-market,False
2026-07-27T23:23:00+00:00,680.82,680.85,680.82,680.85,250,after-market,False
2026-07-27T23:24:00+00:00,680.97,681.09,680.96,680.96,900,after-market,False
2026-07-27T23:25:00+00:00,680.93,681.03,680.93,681.03,2819,after-market,False
2026-07-27T23:26:00+00:00,680.91,680.91,680.88,680.88,625,after-market,False
2026-07-27T23:27:00+00:00,680.92,680.92,680.87,680.9,3160,after-market,False
2026-07-27T23:28:00+00:00,680.95,681.24,680.95,681.23,398,after-market,False
2026-07-27T23:29:00+00:00,681.3,681.31,681.25,681.27,1000,after-market,False
2026-07-27T23:30:00+00:00,681.26,681.27,681.2,681.2,270,after-market,False
2026-07-27T23:31:00+00:00,681.08,681.1,681.08,681.1,180,after-market,False
2026-07-27T23:32:00+00:00,681.15,681.21,681.15,681.21,215,after-market,False
2026-07-27T23:33:00+00:00,681.08,681.09,681.06,681.07,875,after-market,False
2026-07-27T23:34:00+00:00,681.14,681.14,681.09,681.09,980,after-market,False
2026-07-27T23:35:00+00:00,681.06,681.06,680.9,680.9,1870,after-market,False
2026-07-27T23:36:00+00:00,680.9,680.9,680.9,680.9,700,after-market,False
2026-07-27T23:37:00+00:00,680.94,681.04,680.94,681.03,840,after-market,False
2026-07-27T23:38:00+00:00,680.97,680.98,680.97,680.98,292,after-market,False
2026-07-27T23:39:00+00:00,680.93,680.93,680.93,680.93,500,after-market,False
2026-07-27T23:40:00+00:00,680.9,680.9,680.86,680.88,291,after-market,False
2026-07-27T23:41:00+00:00,680.8,680.85,680.8,680.83,300,after-market,False
2026-07-27T23:42:00+00:00,680.83,680.83,680.83,680.83,80,after-market,False
2026-07-27T23:43:00+00:00,680.7,680.7,680.57,680.57,400,after-market,False
2026-07-27T23:44:00+00:00,680.58,680.59,680.55,680.58,298,after-market,False
2026-07-27T23:45:00+00:00,680.6,680.6,680.45,680.45,2490,after-market,False
2026-07-27T23:46:00+00:00,680.8,680.8,680.55,680.55,1088,after-market,False
2026-07-27T23:47:00+00:00,680.7,680.7,680.63,680.63,685,after-market,False
2026-07-27T23:48:00+00:00,680.64,680.64,680.41,680.41,1420,after-market,False
2026-07-27T23:49:00+00:00,680.39,680.56,680.35,680.56,13566,after-market,False
2026-07-27T23:50:00+00:00,680.61,680.75,680.48,680.75,320,after-market,False
2026-07-27T23:51:00+00:00,680.82,681.55,680.82,681.55,3240,after-market,False
2026-07-27T23:52:00+00:00,681.5,681.59,681.4,681.49,3199,after-market,False
2026-07-27T23:53:00+00:00,681.45,681.51,681.38,681.5,1190,after-market,False
2026-07-27T23:54:00+00:00,681.5,681.52,681.5,681.5,850,after-market,False
2026-07-27T23:55:00+00:00,681.52,681.65,681.49,681.59,3282,after-market,False
2026-07-27T23:56:00+00:00,681.61,681.61,681.36,681.4,3676,after-market,False
2026-07-27T23:57:00+00:00,681.3,681.45,681.3,681.37,1150,after-market,False
2026-07-27T23:58:00+00:00,681.26,681.46,681.22,681.46,840,after-market,False
2026-07-27T23:59:00+00:00,681.3,681.36,681.19,681.24,5669,after-market,False
2026-07-28T08:00:00+00:00,676.82,678.37,675.15,675.36,15199,pre-market,False
2026-07-28T08:01:00+00:00,675.36,678.52,673.67,674.99,108881,pre-market,False
2026-07-28T08:02:00+00:00,675.31,677.15,674.01,676.09,54255,pre-market,False
2026-07-28T08:03:00+00:00,675.93,676.15,675.74,676.06,3593,pre-market,False
2026-07-28T08:04:00+00:00,675.84,675.85,675.74,675.8,2447,pre-market,False
2026-07-28T08:05:00+00:00,675.94,676.1,675.86,675.86,1368,pre-market,False
2026-07-28T08:06:00+00:00,675.93,675.93,675.93,675.93,40,pre-market,False
2026-07-28T08:07:00+00:00,676.12,678.37,675.21,675.44,3229,pre-market,False
2026-07-28T08:08:00+00:00,675.55,675.69,675.25,675.26,3712,pre-market,False
2026-07-28T08:09:00+00:00,675.17,675.17,675.03,675.07,1426,pre-market,False
2026-07-28T08:10:00+00:00,675.0,675.05,674.7,674.72,8300,pre-market,False
2026-07-28T08:11:00+00:00,674.71,674.85,674.68,674.85,7886,pre-market,False
2026-07-28T08:12:00+00:00,674.85,674.85,674.75,674.85,3553,pre-market,False
2026-07-28T08:13:00+00:00,674.8,674.9,674.75,674.9,868,pre-market,False
2026-07-28T08:14:00+00:00,674.7,674.84,674.69,674.84,761,pre-market,False
2026-07-28T08:15:00+00:00,674.88,675.57,674.77,675.54,2491,pre-market,False
2026-07-28T08:16:00+00:00,675.79,675.93,675.67,675.93,1246,pre-market,False
2026-07-28T08:17:00+00:00,675.86,676.06,675.84,675.95,9396,pre-market,False
2026-07-28T08:18:00+00:00,675.82,676.18,675.82,676.16,5233,pre-market,False
2026-07-28T08:19:00+00:00,676.28,676.93,676.28,676.52,5265,pre-market,False
2026-07-28T08:20:00+00:00,676.69,676.8,676.63,676.63,623,pre-market,False
2026-07-28T08:21:00+00:00,676.9,677.08,676.75,676.75,4196,pre-market,False
2026-07-28T08:22:00+00:00,676.76,676.93,676.57,676.86,1702,pre-market,False
2026-07-28T08:23:00+00:00,676.6,677.13,676.6,677.1,1580,pre-market,False
2026-07-28T08:24:00+00:00,677.16,677.51,677.16,677.5,3849,pre-market,False
2026-07-28T08:25:00+00:00,677.54,677.59,677.33,677.33,3781,pre-market,False
2026-07-28T08:26:00+00:00,677.39,677.47,677.27,677.36,3178,pre-market,False
2026-07-28T08:27:00+00:00,677.49,677.49,677.41,677.42,938,pre-market,False
2026-07-28T08:28:00+00:00,677.48,677.52,677.35,677.35,2323,pre-market,False
2026-07-28T08:29:00+00:00,677.48,677.6,677.42,677.6,568,pre-market,False
2026-07-28T08:30:00+00:00,677.62,677.62,677.04,677.06,1848,pre-market,False
2026-07-28T08:31:00+00:00,677.0,677.17,677.0,677.12,2805,pre-market,False
2026-07-28T08:32:00+00:00,677.21,677.21,677.11,677.12,7704,pre-market,False
2026-07-28T08:33:00+00:00,677.15,677.19,677.04,677.16,4251,pre-market,False
2026-07-28T08:34:00+00:00,677.18,677.76,677.11,677.76,1188,pre-market,False
2026-07-28T08:35:00+00:00,677.76,677.76,677.56,677.63,5368,pre-market,False
2026-07-28T08:36:00+00:00,677.53,677.57,677.44,677.48,4454,pre-market,False
2026-07-28T08:37:00+00:00,677.25,677.41,677.25,677.41,150,pre-market,False
2026-07-28T08:38:00+00:00,677.74,678.1,677.63,678.04,4699,pre-market,False
2026-07-28T08:39:00+00:00,678.0,678.04,677.81,677.85,2523,pre-market,False
2026-07-28T08:40:00+00:00,677.98,678.25,677.98,678.17,361,pre-market,False
2026-07-28T08:41:00+00:00,678.13,678.51,678.11,678.5,5476,pre-market,False
2026-07-28T08:42:00+00:00,678.48,678.56,678.3,678.46,4353,pre-market,False
2026-07-28T08:43:00+00:00,678.46,678.65,678.46,678.63,3775,pre-market,False
2026-07-28T08:44:00+00:00,678.48,678.48,678.42,678.45,1327,pre-market,False
2026-07-28T08:45:00+00:00,678.43,678.57,678.3,678.3,4107,pre-market,False
2026-07-28T08:46:00+00:00,678.28,678.28,678.15,678.28,1383,pre-market,False
2026-07-28T08:47:00+00:00,678.2,678.69,678.2,678.34,6302,pre-market,False
2026-07-28T08:48:00+00:00,678.31,678.32,677.98,677.98,1945,pre-market,False
2026-07-28T08:49:00+00:00,678.01,678.13,678.0,678.08,3071,pre-market,False
2026-07-28T08:50:00+00:00,678.05,678.29,678.05,678.29,949,pre-market,False
2026-07-28T08:51:00+00:00,678.23,678.23,677.78,677.78,1458,pre-market,False
2026-07-28T08:52:00+00:00,677.84,677.84,677.78,677.84,477,pre-market,False
2026-07-28T08:53:00+00:00,677.62,677.63,677.61,677.61,550,pre-market,False
2026-07-28T08:54:00+00:00,677.58,677.76,677.58,677.76,1157,pre-market,False
2026-07-28T08:55:00+00:00,677.81,677.81,677.58,677.68,1628,pre-market,False
2026-07-28T08:56:00+00:00,677.67,677.68,677.56,677.6,1360,pre-market,False
2026-07-28T08:57:00+00:00,677.68,677.68,677.37,677.4,1138,pre-market,False
2026-07-28T08:58:00+00:00,677.47,677.47,677.38,677.38,288,pre-market,False
2026-07-28T08:59:00+00:00,677.43,677.43,677.26,677.31,1170,pre-market,False
2026-07-28T09:00:00+00:00,677.34,677.52,677.34,677.46,883,pre-market,False
2026-07-28T09:01:00+00:00,677.39,677.48,677.38,677.46,6606,pre-market,False
2026-07-28T09:02:00+00:00,677.43,677.56,677.42,677.56,797,pre-market,False
2026-07-28T09:03:00+00:00,677.66,677.66,677.32,677.35,1439,pre-market,False
2026-07-28T09:04:00+00:00,677.36,677.49,677.36,677.49,620,pre-market,False
2026-07-28T09:05:00+00:00,677.38,677.53,677.38,677.52,200,pre-market,False
2026-07-28T09:06:00+00:00,677.47,677.64,677.47,677.64,315,pre-market,False
2026-07-28T09:07:00+00:00,677.66,677.66,677.63,677.64,1200,pre-market,False
2026-07-28T09:08:00+00:00,677.64,677.64,677.64,677.64,0,pre-market,False
2026-07-28T09:09:00+00:00,677.63,677.63,677.6,677.61,98,pre-market,False
2026-07-28T09:10:00+00:00,677.71,677.71,677.7,677.71,760,pre-market,False
2026-07-28T09:11:00+00:00,677.81,677.81,677.79,677.79,360,pre-market,False
2026-07-28T09:12:00+00:00,677.8,677.88,677.56,677.58,693,pre-market,False
2026-07-28T09:13:00+00:00,677.52,677.53,677.31,677.31,265,pre-market,False
2026-07-28T09:14:00+00:00,677.21,677.22,677.13,677.22,265,pre-market,False
2026-07-28T09:15:00+00:00,677.37,677.38,677.37,677.38,400,pre-market,False
2026-07-28T09:16:00+00:00,677.35,677.52,677.34,677.52,504,pre-market,False
2026-07-28T09:17:00+00:00,677.53,677.53,677.44,677.44,215,pre-market,False
2026-07-28T09:18:00+00:00,677.22,677.31,677.19,677.31,206,pre-market,False
2026-07-28T09:19:00+00:00,677.31,677.31,677.31,677.31,0,pre-market,False
2026-07-28T09:20:00+00:00,677.61,677.61,677.61,677.61,40,pre-market,False
2026-07-28T09:21:00+00:00,677.62,677.63,677.59,677.59,1620,pre-market,False
2026-07-28T09:22:00+00:00,677.64,677.76,677.63,677.71,4085,pre-market,False
2026-07-28T09:23:00+00:00,677.6,677.6,677.6,677.6,88,pre-market,False
2026-07-28T09:24:00+00:00,677.57,677.57,677.57,677.57,193,pre-market,False
2026-07-28T09:25:00+00:00,677.61,677.61,677.45,677.45,717,pre-market,False
2026-07-28T09:26:00+00:00,677.45,677.45,677.45,677.45,0,pre-market,False
2026-07-28T09:27:00+00:00,677.58,677.7,677.58,677.7,570,pre-market,False
2026-07-28T09:28:00+00:00,677.67,677.72,677.65,677.72,128,pre-market,False
2026-07-28T09:29:00+00:00,677.78,677.92,677.78,677.85,1045,pre-market,False
2026-07-28T09:30:00+00:00,677.8,677.83,677.43,677.48,5846,pre-market,False
2026-07-28T09:31:00+00:00,677.4,677.48,677.39,677.48,1136,pre-market,False
2026-07-28T09:32:00+00:00,677.39,677.41,677.19,677.19,1363,pre-market,False
2026-07-28T09:33:00+00:00,677.23,677.25,677.12,677.25,2871,pre-market,False
2026-07-28T09:34:00+00:00,677.27,677.3,677.19,677.24,2695,pre-market,False
2026-07-28T09:35:00+00:00,677.11,677.18,677.11,677.18,3601,pre-market,False
2026-07-28T09:36:00+00:00,677.19,677.19,677.04,677.07,2611,pre-market,False
2026-07-28T09:37:00+00:00,677.02,677.02,676.85,676.85,429,pre-market,False
2026-07-28T09:38:00+00:00,676.81,677.0,676.81,676.97,2267,pre-market,False
2026-07-28T09:39:00+00:00,676.97,677.07,676.96,677.04,988,pre-market,False
2026-07-28T09:40:00+00:00,677.01,677.01,676.94,676.94,713,pre-market,False
2026-07-28T09:41:00+00:00,676.92,677.15,676.92,677.15,182,pre-market,False
2026-07-28T09:42:00+00:00,677.27,677.34,677.27,677.34,745,pre-market,False
2026-07-28T09:43:00+00:00,677.19,677.24,677.19,677.24,540,pre-market,False
2026-07-28T09:44:00+00:00,676.88,676.9,676.74,676.86,1054,pre-market,False
2026-07-28T09:45:00+00:00,676.95,676.95,676.95,676.95,46,pre-market,False
2026-07-28T09:46:00+00:00,677.04,677.06,677.0,677.0,1685,pre-market,False
2026-07-28T09:47:00+00:00,676.95,676.98,676.95,676.98,100,pre-market,False
2026-07-28T09:48:00+00:00,676.81,676.84,676.77,676.78,900,pre-market,False
2026-07-28T09:49:00+00:00,676.92,676.92,676.91,676.92,42,pre-market,False
2026-07-28T09:50:00+00:00,677.0,677.0,676.91,676.91,659,pre-market,False
2026-07-28T09:51:00+00:00,676.81,676.81,676.8,676.8,1067,pre-market,False
2026-07-28T09:52:00+00:00,676.82,676.82,676.71,676.71,350,pre-market,False
2026-07-28T09:53:00+00:00,676.81,676.82,676.64,676.64,413,pre-market,False
2026-07-28T09:54:00+00:00,676.7,676.7,676.59,676.66,1601,pre-market,False
2026-07-28T09:55:00+00:00,676.63,676.7,676.63,676.7,1900,pre-market,False
2026-07-28T09:56:00+00:00,676.59,676.61,676.47,676.47,886,pre-market,False
2026-07-28T09:57:00+00:00,676.53,676.53,676.29,676.29,1241,pre-market,False
2026-07-28T09:58:00+00:00,676.22,676.35,676.18,676.35,1811,pre-market,False
2026-07-28T09:59:00+00:00,676.35,676.35,676.35,676.35,0,pre-market,False
2026-07-28T10:00:00+00:00,676.47,676.47,676.32,676.44,330,pre-market,False
2026-07-28T10:01:00+00:00,676.56,676.57,676.53,676.56,297,pre-market,False
2026-07-28T10:02:00+00:00,676.57,676.57,676.45,676.45,1549,pre-market,False
2026-07-28T10:03:00+00:00,676.41,676.49,676.41,676.49,7315,pre-market,False
2026-07-28T10:04:00+00:00,676.58,676.58,676.58,676.58,59,pre-market,False
2026-07-28T10:05:00+00:00,676.52,676.58,676.51,676.51,1882,pre-market,False
2026-07-28T10:06:00+00:00,676.71,676.71,676.59,676.59,175,pre-market,False
2026-07-28T10:07:00+00:00,676.51,676.62,676.47,676.62,22563,pre-market,False
2026-07-28T10:08:00+00:00,676.5,676.5,676.47,676.49,1743,pre-market,False
2026-07-28T10:09:00+00:00,676.38,676.6,676.38,676.6,450,pre-market,False
2026-07-28T10:10:00+00:00,676.57,676.57,676.45,676.46,744,pre-market,False
2026-07-28T10:11:00+00:00,676.49,676.58,676.49,676.58,420,pre-market,False
2026-07-28T10:12:00+00:00,676.56,676.6,676.56,676.6,244,pre-market,False
2026-07-28T10:13:00+00:00,676.56,676.56,676.56,676.56,300,pre-market,False
2026-07-28T10:14:00+00:00,676.4,676.44,676.4,676.44,150,pre-market,False
2026-07-28T10:15:00+00:00,676.45,676.45,676.32,676.37,539,pre-market,False
2026-07-28T10:16:00+00:00,676.7,676.7,676.59,676.59,330,pre-market,False
2026-07-28T10:17:00+00:00,676.54,676.7,676.54,676.7,845,pre-market,False
2026-07-28T10:18:00+00:00,676.66,676.68,676.66,676.68,340,pre-market,False
2026-07-28T10:19:00+00:00,676.72,676.78,676.72,676.73,230,pre-market,False
2026-07-28T10:20:00+00:00,676.75,676.76,676.59,676.59,205,pre-market,False
2026-07-28T10:21:00+00:00,676.5,676.5,676.24,676.24,140,pre-market,False
2026-07-28T10:22:00+00:00,676.22,676.22,676.06,676.1,10654,pre-market,False
2026-07-28T10:23:00+00:00,676.08,676.1,676.06,676.06,423,pre-market,False
2026-07-28T10:24:00+00:00,676.19,676.19,676.12,676.16,758,pre-market,False
2026-07-28T10:25:00+00:00,676.07,676.07,676.05,676.05,160,pre-market,False
2026-07-28T10:26:00+00:00,676.04,676.05,675.96,675.96,1615,pre-market,False
2026-07-28T10:27:00+00:00,676.16,676.21,676.16,676.21,383,pre-market,False
2026-07-28T10:28:00+00:00,676.44,676.47,676.44,676.47,100,pre-market,False
2026-07-28T10:29:00+00:00,676.57,676.75,676.57,676.75,2709,pre-market,False
2026-07-28T10:30:00+00:00,676.83,676.94,676.66,676.91,11338,pre-market,False
2026-07-28T10:31:00+00:00,677.0,677.0,676.91,676.91,3367,pre-market,False
2026-07-28T10:32:00+00:00,676.91,677.04,676.82,676.97,8732,pre-market,False
2026-07-28T10:33:00+00:00,676.88,676.94,676.63,676.67,6544,pre-market,False
2026-07-28T10:34:00+00:00,676.85,676.85,676.24,676.35,17020,pre-market,False
2026-07-28T10:35:00+00:00,676.27,676.28,675.86,675.95,7453,pre-market,False
2026-07-28T10:36:00+00:00,675.99,676.18,675.81,676.18,2538,pre-market,False
2026-07-28T10:37:00+00:00,676.31,676.38,676.23,676.23,559,pre-market,False
2026-07-28T10:38:00+00:00,676.2,676.2,676.11,676.11,419,pre-market,False
2026-07-28T10:39:00+00:00,676.18,676.18,675.66,675.66,1622,pre-market,False
2026-07-28T10:40:00+00:00,675.48,675.48,675.3,675.39,14515,pre-market,False
2026-07-28T10:41:00+00:00,675.41,675.46,675.32,675.35,2778,pre-market,False
2026-07-28T10:42:00+00:00,675.31,675.64,675.31,675.61,430,pre-market,False
2026-07-28T10:43:00+00:00,675.58,675.65,675.56,675.56,1490,pre-market,False
2026-07-28T10:44:00+00:00,675.58,675.91,675.58,675.9,1831,pre-market,False
2026-07-28T10:45:00+00:00,675.9,675.91,675.86,675.9,693,pre-market,False
2026-07-28T10:46:00+00:00,675.83,676.04,675.83,676.04,3522,pre-market,False
2026-07-28T10:47:00+00:00,676.1,676.1,675.94,676.08,489,pre-market,False
2026-07-28T10:48:00+00:00,676.14,676.34,675.92,676.34,881,pre-market,False
2026-07-28T10:49:00+00:00,676.2,676.2,676.11,676.16,1225,pre-market,False
2026-07-28T10:50:00+00:00,675.97,675.98,675.85,675.87,2999,pre-market,False
2026-07-28T10:51:00+00:00,675.85,676.06,675.84,676.06,1309,pre-market,False
2026-07-28T10:52:00+00:00,675.97,675.97,675.85,675.91,3252,pre-market,False
2026-07-28T10:53:00+00:00,675.82,675.82,675.78,675.78,376,pre-market,False
2026-07-28T10:54:00+00:00,676.17,676.34,676.17,676.34,1987,pre-market,False
2026-07-28T10:55:00+00:00,676.24,676.26,676.24,676.26,420,pre-market,False
2026-07-28T10:56:00+00:00,676.24,676.24,676.1,676.16,782,pre-market,False
2026-07-28T10:57:00+00:00,676.02,676.02,676.02,676.02,440,pre-market,False
2026-07-28T10:58:00+00:00,676.11,676.11,676.05,676.07,1360,pre-market,False
2026-07-28T10:59:00+00:00,676.07,676.19,675.95,676.14,3853,pre-market,False
2026-07-28T11:00:00+00:00,676.17,676.32,675.74,675.88,9202,pre-market,False
2026-07-28T11:01:00+00:00,676.0,676.06,675.7,675.7,8113,pre-market,False
2026-07-28T11:02:00+00:00,675.5,675.5,675.26,675.44,8660,pre-market,False
2026-07-28T11:03:00+00:00,675.35,675.41,675.0,675.13,19558,pre-market,False
2026-07-28T11:04:00+00:00,675.06,675.19,675.0,675.0,12214,pre-market,False
2026-07-28T11:05:00+00:00,674.92,675.29,674.85,675.29,5792,pre-market,False
2026-07-28T11:06:00+00:00,675.19,675.31,675.08,675.31,3143,pre-market,False
2026-07-28T11:07:00+00:00,675.07,675.07,674.66,674.83,14233,pre-market,False
2026-07-28T11:08:00+00:00,674.86,675.01,674.76,675.01,2063,pre-market,False
2026-07-28T11:09:00+00:00,674.88,674.96,674.85,674.93,1257,pre-market,False
2026-07-28T11:10:00+00:00,674.95,674.95,674.77,674.83,6911,pre-market,False
2026-07-28T11:11:00+00:00,674.76,674.83,674.65,674.72,2970,pre-market,False
2026-07-28T11:12:00+00:00,674.77,674.93,674.59,674.59,2238,pre-market,False
2026-07-28T11:13:00+00:00,674.57,674.64,674.43,674.55,8425,pre-market,False
2026-07-28T11:14:00+00:00,674.5,674.59,674.26,674.44,9852,pre-market,False
2026-07-28T11:15:00+00:00,674.45,675.9,674.45,675.51,43855,pre-market,False
2026-07-28T11:16:00+00:00,675.54,675.54,675.33,675.48,11511,pre-market,False
2026-07-28T11:17:00+00:00,675.42,675.61,675.39,675.5,5699,pre-market,False
2026-07-28T11:18:00+00:00,675.5,676.25,675.46,676.11,17822,pre-market,False
2026-07-28T11:19:00+00:00,676.08,676.24,676.07,676.24,3983,pre-market,False
2026-07-28T11:20:00+00:00,676.26,676.5,675.91,675.91,23009,pre-market,False
2026-07-28T11:21:00+00:00,675.94,676.05,675.78,675.81,3323,pre-market,False
2026-07-28T11:22:00+00:00,675.67,676.03,675.57,676.03,5144,pre-market,False
2026-07-28T11:23:00+00:00,676.07,676.11,675.93,676.0,3676,pre-market,False
2026-07-28T11:24:00+00:00,676.05,676.09,675.79,675.83,3525,pre-market,False
2026-07-28T11:25:00+00:00,675.52,675.53,675.29,675.35,6185,pre-market,False
2026-07-28T11:26:00+00:00,675.22,675.38,674.99,675.0,4411,pre-market,False
2026-07-28T11:27:00+00:00,675.0,675.04,674.71,674.81,8571,pre-market,False
2026-07-28T11:28:00+00:00,674.8,674.91,674.73,674.85,3641,pre-market,False
2026-07-28T11:29:00+00:00,674.92,675.05,674.74,674.76,3385,pre-market,False
2026-07-28T11:30:00+00:00,674.7,674.84,674.4,674.55,4490,pre-market,False
2026-07-28T11:31:00+00:00,674.61,674.85,674.5,674.71,12767,pre-market,False
2026-07-28T11:32:00+00:00,674.76,674.92,674.75,674.79,2846,pre-market,False
2026-07-28T11:33:00+00:00,674.81,674.89,674.75,674.86,2091,pre-market,False
2026-07-28T11:34:00+00:00,674.78,674.91,674.53,674.53,4911,pre-market,False
2026-07-28T11:35:00+00:00,674.52,674.68,674.5,674.56,3315,pre-market,False
2026-07-28T11:36:00+00:00,674.6,675.72,674.5,675.47,7153,pre-market,False
2026-07-28T11:37:00+00:00,675.42,675.46,675.07,675.16,4262,pre-market,False
2026-07-28T11:38:00+00:00,675.19,675.19,675.07,675.19,2547,pre-market,False
2026-07-28T11:39:00+00:00,674.93,674.95,674.48,674.49,2645,pre-market,False
2026-07-28T11:40:00+00:00,674.45,674.46,674.1,674.19,10952,pre-market,False
2026-07-28T11:41:00+00:00,674.19,674.38,673.97,674.07,18794,pre-market,False
2026-07-28T11:42:00+00:00,674.14,674.14,673.97,674.01,1645,pre-market,False
2026-07-28T11:43:00+00:00,674.07,674.32,674.07,674.22,5335,pre-market,False
2026-07-28T11:44:00+00:00,674.2,674.54,674.09,674.2,5591,pre-market,False
2026-07-28T11:45:00+00:00,674.17,674.64,674.11,674.64,4669,pre-market,False
2026-07-28T11:46:00+00:00,674.82,675.03,674.82,674.96,1438,pre-market,False
2026-07-28T11:47:00+00:00,674.99,675.43,674.96,675.39,3910,pre-market,False
2026-07-28T11:48:00+00:00,675.35,675.62,675.33,675.54,6753,pre-market,False
2026-07-28T11:49:00+00:00,675.48,675.61,675.35,675.4,12010,pre-market,False
2026-07-28T11:50:00+00:00,675.17,675.48,675.17,675.3,3262,pre-market,False
2026-07-28T11:51:00+00:00,675.36,675.64,675.36,675.6,3328,pre-market,False
2026-07-28T11:52:00+00:00,675.63,675.78,675.6,675.6,3507,pre-market,False
2026-07-28T11:53:00+00:00,675.6,675.61,675.41,675.6,22823,pre-market,False
2026-07-28T11:54:00+00:00,675.6,675.62,675.55,675.61,33516,pre-market,False
2026-07-28T11:55:00+00:00,675.77,675.88,675.68,675.71,5032,pre-market,False
2026-07-28T11:56:00+00:00,675.65,675.86,675.62,675.74,1896,pre-market,False
2026-07-28T11:57:00+00:00,675.86,675.99,675.79,675.79,7006,pre-market,False
2026-07-28T11:58:00+00:00,675.77,676.46,675.77,676.46,5971,pre-market,False
2026-07-28T11:59:00+00:00,676.55,676.85,676.55,676.64,9721,pre-market,False
2026-07-28T12:00:00+00:00,676.6,676.98,676.57,676.88,24976,pre-market,False
2026-07-28T12:01:00+00:00,676.8,676.87,676.56,676.56,6183,pre-market,False
2026-07-28T12:02:00+00:00,676.49,676.77,676.44,676.77,3928,pre-market,False
2026-07-28T12:03:00+00:00,676.68,676.82,676.58,676.82,6299,pre-market,False
2026-07-28T12:04:00+00:00,676.85,677.31,676.78,677.13,9413,pre-market,False
2026-07-28T12:05:00+00:00,677.15,677.29,677.02,677.16,8372,pre-market,False
2026-07-28T12:06:00+00:00,677.24,677.57,677.12,677.13,6851,pre-market,False
2026-07-28T12:07:00+00:00,677.07,677.25,676.99,676.99,6242,pre-market,False
2026-07-28T12:08:00+00:00,676.86,676.97,676.8,676.8,5146,pre-market,False
2026-07-28T12:09:00+00:00,676.86,677.26,676.82,677.08,4343,pre-market,False
2026-07-28T12:10:00+00:00,677.04,677.04,676.62,676.78,4251,pre-market,False
2026-07-28T12:11:00+00:00,676.64,676.68,676.56,676.58,2054,pre-market,False
2026-07-28T12:12:00+00:00,676.56,676.67,676.54,676.54,3408,pre-market,False
2026-07-28T12:13:00+00:00,676.48,676.62,676.3,676.62,3366,pre-market,False
2026-07-28T12:14:00+00:00,676.63,676.7,676.53,676.6,1120,pre-market,False
2026-07-28T12:15:00+00:00,676.76,676.79,676.35,676.4,5192,pre-market,False
2026-07-28T12:16:00+00:00,676.46,676.5,676.33,676.45,1933,pre-market,False
2026-07-28T12:17:00+00:00,676.58,676.65,676.56,676.56,4696,pre-market,False
2026-07-28T12:18:00+00:00,676.7,676.78,676.58,676.77,10275,pre-market,False
2026-07-28T12:19:00+00:00,676.72,676.8,676.58,676.69,9133,pre-market,False
2026-07-28T12:20:00+00:00,676.78,676.78,676.58,676.63,4292,pre-market,False
2026-07-28T12:21:00+00:00,676.64,676.94,676.61,676.94,1430,pre-market,False
2026-07-28T12:22:00+00:00,676.88,676.89,676.03,676.8,7592,pre-market,False
2026-07-28T12:23:00+00:00,676.61,677.02,676.61,676.74,2955,pre-market,False
2026-07-28T12:24:00+00:00,676.77,676.94,676.48,676.92,2641,pre-market,False
2026-07-28T12:25:00+00:00,677.01,677.38,676.82,677.38,2059,pre-market,False
2026-07-28T12:26:00+00:00,677.39,677.39,677.2,677.24,3698,pre-market,False
2026-07-28T12:27:00+00:00,677.3,678.09,677.3,677.8,14328,pre-market,False
2026-07-28T12:28:00+00:00,677.73,677.84,677.52,677.52,7658,pre-market,False
2026-07-28T12:29:00+00:00,677.5,677.82,677.49,677.82,3609,pre-market,False
2026-07-28T12:30:00+00:00,677.78,678.19,677.77,678.05,11932,pre-market,False
2026-07-28T12:31:00+00:00,678.03,678.03,677.5,677.56,6259,pre-market,False
2026-07-28T12:32:00+00:00,677.6,677.81,677.6,677.81,1707,pre-market,False
2026-07-28T12:33:00+00:00,677.83,677.84,677.42,677.45,2587,pre-market,False
2026-07-28T12:34:00+00:00,677.5,677.5,676.62,677.1,30853,pre-market,False
2026-07-28T12:35:00+00:00,677.06,677.11,676.88,677.11,9046,pre-market,False
2026-07-28T12:36:00+00:00,677.08,677.44,676.84,677.35,4993,pre-market,False
2026-07-28T12:37:00+00:00,677.37,677.37,676.83,676.83,5637,pre-market,False
2026-07-28T12:38:00+00:00,676.8,677.01,676.8,676.9,1253,pre-market,False
2026-07-28T12:39:00+00:00,676.85,676.85,676.68,676.68,1378,pre-market,False
2026-07-28T12:40:00+00:00,676.82,676.99,676.61,676.61,1027,pre-market,False
2026-07-28T12:41:00+00:00,676.54,676.73,676.5,676.73,4788,pre-market,False
2026-07-28T12:42:00+00:00,676.89,677.4,676.89,677.3,19786,pre-market,False
2026-07-28T12:43:00+00:00,677.3,677.71,677.3,677.61,10352,pre-market,False
2026-07-28T12:44:00+00:00,677.53,677.87,677.5,677.87,2146,pre-market,False
2026-07-28T12:45:00+00:00,677.77,682.64,677.7,677.81,3281,pre-market,False
2026-07-28T12:46:00+00:00,677.88,678.4,677.82,678.05,16159,pre-market,False
2026-07-28T12:47:00+00:00,678.01,678.1,677.83,678.01,2466,pre-market,False
2026-07-28T12:48:00+00:00,677.87,677.92,677.74,677.74,6140,pre-market,False
2026-07-28T12:49:00+00:00,677.86,677.89,677.61,677.7,1143,pre-market,False
2026-07-28T12:50:00+00:00,677.71,677.73,677.13,677.13,2126,pre-market,False
2026-07-28T12:51:00+00:00,677.04,677.25,677.04,677.19,853,pre-market,False
2026-07-28T12:52:00+00:00,677.28,677.31,677.17,677.17,2463,pre-market,False
2026-07-28T12:53:00+00:00,677.17,677.33,677.14,677.18,3815,pre-market,False
2026-07-28T12:54:00+00:00,677.09,677.85,677.08,677.84,4880,pre-market,False
2026-07-28T12:55:00+00:00,677.79,677.87,677.63,677.74,3550,pre-market,False
2026-07-28T12:56:00+00:00,677.7,677.94,677.68,677.93,2389,pre-market,False
2026-07-28T12:57:00+00:00,677.88,677.88,677.75,677.78,680,pre-market,False
2026-07-28T12:58:00+00:00,677.7,677.7,677.43,677.43,1598,pre-market,False
2026-07-28T12:59:00+00:00,677.5,677.5,677.33,677.41,1099,pre-market,False
2026-07-28T13:00:00+00:00,677.44,677.64,677.17,677.26,9857,pre-market,False
2026-07-28T13:01:00+00:00,677.08,677.22,677.01,677.18,5752,pre-market,False
2026-07-28T13:02:00+00:00,677.28,677.28,677.09,677.09,4118,pre-market,False
2026-07-28T13:03:00+00:00,677.16,677.3,676.9,676.95,3243,pre-market,False
2026-07-28T13:04:00+00:00,676.99,677.15,676.97,676.99,4072,pre-market,False
2026-07-28T13:05:00+00:00,676.95,677.1,676.94,677.1,1057,pre-market,False
2026-07-28T13:06:00+00:00,677.1,677.79,677.1,677.77,6314,pre-market,False
2026-07-28T13:07:00+00:00,677.7,677.86,677.68,677.86,1430,pre-market,False
2026-07-28T13:08:00+00:00,677.9,678.14,677.78,678.08,5924,pre-market,False
2026-07-28T13:09:00+00:00,678.05,678.1,677.97,677.97,4240,pre-market,False
2026-07-28T13:10:00+00:00,677.97,678.07,677.85,677.96,4752,pre-market,False
2026-07-28T13:11:00+00:00,677.97,677.97,677.68,677.68,2770,pre-market,False
2026-07-28T13:12:00+00:00,677.61,677.72,677.5,677.62,1693,pre-market,False
2026-07-28T13:13:00+00:00,677.56,677.66,677.55,677.62,752,pre-market,False
2026-07-28T13:14:00+00:00,677.53,677.57,677.5,677.57,2234,pre-market,False
2026-07-28T13:15:00+00:00,677.56,677.56,677.44,677.49,1174,pre-market,False
2026-07-28T13:16:00+00:00,677.47,677.68,677.44,677.5,2544,pre-market,False
2026-07-28T13:17:00+00:00,677.84,677.84,677.68,677.7,2148,pre-market,False
2026-07-28T13:18:00+00:00,677.74,678.19,677.74,678.18,6514,pre-market,False
2026-07-28T13:19:00+00:00,678.16,678.16,677.81,677.87,5264,pre-market,False
2026-07-28T13:20:00+00:00,677.88,678.05,677.81,677.93,8659,pre-market,False
2026-07-28T13:21:00+00:00,677.93,677.98,677.75,677.75,1445,pre-market,False
2026-07-28T13:22:00+00:00,677.86,678.0,677.6,677.6,2943,pre-market,False
2026-07-28T13:23:00+00:00,677.4,677.45,677.24,677.24,1480,pre-market,False
2026-07-28T13:24:00+00:00,677.32,677.4,677.24,677.39,477,pre-market,False
2026-07-28T13:25:00+00:00,677.45,677.45,676.79,677.01,29012,pre-market,False
2026-07-28T13:26:00+00:00,677.01,677.01,676.77,676.9,6042,pre-market,False
2026-07-28T13:27:00+00:00,676.9,677.0,676.41,676.69,44269,pre-market,False
2026-07-28T13:28:00+00:00,676.65,676.65,676.06,676.35,55394,pre-market,False
2026-07-28T13:29:00+00:00,676.25,676.4,676.01,676.4,46947,pre-market,False
2026-07-28T13:32:00+00:00,675.29,675.47,674.34,674.96,398489,regular,False
2026-07-28T13:33:00+00:00,674.95,675.47,674.65,675.11,361211,regular,False
2026-07-28T13:34:00+00:00,675.09,675.38,674.46,674.46,293551,regular,False
2026-07-28T13:35:00+00:00,674.45,675.4,674.45,675.34,248399,regular,False
2026-07-28T13:36:00+00:00,675.33,675.65,673.85,674.06,302531,regular,False
2026-07-28T13:37:00+00:00,674.07,674.49,673.15,673.41,266095,regular,False
2026-07-28T13:38:00+00:00,673.41,673.71,672.85,672.85,201990,regular,False
2026-07-28T13:39:00+00:00,672.87,672.99,672.32,672.38,172403,regular,False
2026-07-28T13:40:00+00:00,672.36,673.39,672.28,672.93,300992,regular,False
2026-07-28T13:41:00+00:00,672.91,673.55,672.57,672.85,219571,regular,False
2026-07-28T13:42:00+00:00,672.87,672.95,671.61,671.66,272411,regular,False
2026-07-28T13:43:00+00:00,671.65,671.81,670.82,671.03,299228,regular,False
2026-07-28T13:44:00+00:00,671.02,671.88,671.01,671.35,250436,regular,False
2026-07-28T13:45:00+00:00,671.3,671.71,670.36,670.43,217482,regular,False
2026-07-28T13:46:00+00:00,670.45,670.45,669.52,669.8,263333,regular,False
2026-07-28T13:47:00+00:00,669.83,669.88,669.19,669.22,222926,regular,False
2026-07-28T13:48:00+00:00,669.21,670.97,669.21,670.88,321143,regular,False
2026-07-28T13:49:00+00:00,670.82,671.58,670.58,671.5,262176,regular,False
2026-07-28T13:50:00+00:00,671.52,672.53,670.65,670.75,221313,regular,False
2026-07-28T13:51:00+00:00,670.77,671.37,670.23,670.85,217816,regular,False
2026-07-28T13:52:00+00:00,670.84,672.25,670.74,671.5,183782,regular,False
2026-07-28T13:53:00+00:00,671.51,671.52,669.8,670.63,163595,regular,False
2026-07-28T13:55:00+00:00,670.14,670.4,669.53,669.63,190803,regular,False
2026-07-28T13:56:00+00:00,669.6,670.46,669.31,670.4,172660,regular,False
2026-07-28T13:57:00+00:00,670.42,670.68,669.71,669.93,156501,regular,False
2026-07-28T13:58:00+00:00,669.87,669.94,669.3,669.38,137480,regular,False
2026-07-28T13:59:00+00:00,669.36,669.95,668.85,669.36,253249,regular,False
2026-07-28T14:00:00+00:00,669.38,670.95,669.06,670.84,186259,regular,False
2026-07-28T14:01:00+00:00,670.82,671.03,670.06,670.34,109950,regular,False
2026-07-28T14:02:00+00:00,670.36,671.38,670.36,670.9,140723,regular,False
2026-07-28T14:03:00+00:00,670.93,671.15,670.5,670.64,143850,regular,False
2026-07-28T14:04:00+00:00,670.65,671.02,670.1,670.56,112929,regular,False
2026-07-28T14:05:00+00:00,670.51,671.93,670.35,671.82,163697,regular,False
2026-07-28T14:06:00+00:00,671.77,672.16,671.16,672.11,123041,regular,False
2026-07-28T14:07:00+00:00,672.15,672.44,670.7,670.77,131795,regular,False
2026-07-28T14:08:00+00:00,670.76,670.84,669.41,670.08,163017,regular,False
2026-07-28T14:09:00+00:00,670.03,670.25,669.56,669.6,84323,regular,False
2026-07-28T14:10:00+00:00,669.58,670.65,669.37,670.19,139784,regular,False
2026-07-28T14:11:00+00:00,670.18,670.76,670.03,670.74,99395,regular,False
2026-07-28T14:12:00+00:00,670.76,670.91,669.25,669.28,161387,regular,False
2026-07-28T14:13:00+00:00,669.28,669.81,668.94,669.06,139622,regular,False
2026-07-28T14:14:00+00:00,669.04,669.05,668.02,668.54,262220,regular,False
2026-07-28T14:15:00+00:00,668.51,669.1,668.18,668.83,159426,regular,False
2026-07-28T14:16:00+00:00,668.86,669.05,667.88,668.05,160327,regular,False
2026-07-28T14:17:00+00:00,668.03,668.46,667.91,668.34,215996,regular,False
2026-07-28T14:18:00+00:00,668.34,668.87,668.07,668.63,225932,regular,False
2026-07-28T14:19:00+00:00,668.66,668.74,668.08,668.14,139814,regular,False
2026-07-28T14:20:00+00:00,668.1,668.78,668.1,668.22,145398,regular,False
2026-07-28T14:21:00+00:00,668.19,669.66,667.92,669.61,146960,regular,False
2026-07-28T14:22:00+00:00,669.6,669.88,668.27,668.57,150172,regular,False
2026-07-28T14:23:00+00:00,668.5,670.16,668.39,670.14,230921,regular,False
2026-07-28T14:24:00+00:00,670.14,670.64,669.48,669.59,187077,regular,False
2026-07-28T14:25:00+00:00,669.67,669.96,669.24,669.75,102015,regular,False
2026-07-28T14:26:00+00:00,669.76,670.2,669.51,669.96,81803,regular,False
2026-07-28T14:27:00+00:00,669.99,670.48,669.74,669.98,57921,regular,False
2026-07-28T14:28:00+00:00,669.97,670.4,669.75,669.81,61045,regular,False
2026-07-28T14:29:00+00:00,669.77,670.5,669.64,670.33,67740,regular,False
2026-07-28T14:30:00+00:00,670.39,670.79,669.45,669.89,61776,regular,False
2026-07-28T14:31:00+00:00,669.88,670.65,669.68,670.37,58771,regular,False
2026-07-28T14:32:00+00:00,670.47,670.89,669.9,670.36,66656,regular,False
2026-07-28T14:33:00+00:00,670.35,670.57,669.89,670.37,55628,regular,False
2026-07-28T14:34:00+00:00,670.38,670.62,669.56,669.69,80179,regular,False
2026-07-28T14:35:00+00:00,669.75,670.96,669.57,670.96,87237,regular,False
2026-07-28T14:36:00+00:00,670.96,671.7,670.87,671.31,171525,regular,False
2026-07-28T14:37:00+00:00,671.31,671.7,671.04,671.59,101022,regular,False
2026-07-28T14:38:00+00:00,671.57,671.72,670.54,670.56,77854,regular,False
2026-07-28T14:39:00+00:00,670.55,670.91,670.09,670.74,83777,regular,False
2026-07-28T14:40:00+00:00,670.76,671.55,670.56,671.49,88270,regular,False
2026-07-28T14:41:00+00:00,671.51,672.06,671.39,671.92,101431,regular,False
2026-07-28T14:42:00+00:00,671.91,671.99,671.53,671.94,73754,regular,False
2026-07-28T14:43:00+00:00,671.99,672.46,671.72,672.2,103023,regular,False
2026-07-28T14:44:00+00:00,672.17,672.43,671.89,671.94,103012,regular,False
2026-07-28T14:45:00+00:00,671.93,672.24,671.29,671.47,111450,regular,False
2026-07-28T14:46:00+00:00,671.43,672.2,671.34,672.17,89981,regular,False
2026-07-28T14:47:00+00:00,672.17,672.88,672.12,672.77,135642,regular,False
2026-07-28T14:48:00+00:00,672.77,673.73,672.74,673.6,166491,regular,False
2026-07-28T14:49:00+00:00,673.63,673.97,673.47,673.87,91561,regular,False
2026-07-28T14:50:00+00:00,673.87,674.52,673.81,674.14,176495,regular,False
2026-07-28T14:51:00+00:00,674.17,674.78,674.04,674.64,119224,regular,False
2026-07-28T14:52:00+00:00,674.62,674.77,673.9,674.05,134593,regular,False
2026-07-28T14:53:00+00:00,674.06,674.83,674.06,674.48,130282,regular,False
2026-07-28T14:54:00+00:00,674.48,674.48,673.88,673.89,103449,regular,False
2026-07-28T14:55:00+00:00,673.95,674.5,673.57,674.09,100005,regular,False
2026-07-28T14:56:00+00:00,674.1,674.17,673.52,673.73,119632,regular,False
2026-07-28T14:57:00+00:00,673.72,673.72,672.85,673.12,129818,regular,False
2026-07-28T14:58:00+00:00,673.14,673.22,672.89,672.95,55405,regular,False
2026-07-28T14:59:00+00:00,672.94,673.24,672.59,672.69,94743,regular,False
2026-07-28T15:00:00+00:00,672.71,673.5,672.66,673.46,102609,regular,False
2026-07-28T15:01:00+00:00,673.53,673.58,672.89,673.17,85975,regular,False
2026-07-28T15:02:00+00:00,673.15,673.36,672.65,672.95,65346,regular,False
2026-07-28T15:03:00+00:00,672.92,673.14,672.52,672.59,45815,regular,False
2026-07-28T15:04:00+00:00,672.64,672.82,672.18,672.2,84222,regular,False
2026-07-28T15:05:00+00:00,672.23,672.59,671.83,672.59,125447,regular,False
2026-07-28T15:06:00+00:00,672.59,673.54,672.57,672.89,122532,regular,False
2026-07-28T15:07:00+00:00,672.88,672.89,672.14,672.57,93244,regular,False
2026-07-28T15:08:00+00:00,672.58,672.91,672.36,672.58,66664,regular,False
2026-07-28T15:09:00+00:00,672.58,673.28,672.57,673.24,85658,regular,False
2026-07-28T15:10:00+00:00,673.24,674.62,673.05,673.23,171630,regular,False
2026-07-28T15:11:00+00:00,673.26,673.5,672.69,673.2,78086,regular,False
2026-07-28T15:12:00+00:00,673.2,674.46,672.97,674.17,112135,regular,False
2026-07-28T15:13:00+00:00,674.14,674.23,673.61,674.02,65960,regular,False
2026-07-28T15:14:00+00:00,674.08,674.48,673.87,673.92,79943,regular,False
2026-07-28T15:15:00+00:00,673.9,674.13,673.53,674.06,66836,regular,False
2026-07-28T15:16:00+00:00,674.11,674.57,674.05,674.16,60308,regular,False
2026-07-28T15:17:00+00:00,674.15,674.6,673.81,674.51,97886,regular,False
2026-07-28T15:18:00+00:00,674.49,675.45,674.38,675.31,154689,regular,False
2026-07-28T15:19:00+00:00,675.3,675.45,674.94,675.43,86220,regular,False
2026-07-28T15:20:00+00:00,675.41,676.59,675.38,676.32,187429,regular,False
2026-07-28T15:21:00+00:00,676.33,676.5,676.14,676.37,120652,regular,False
2026-07-28T15:22:00+00:00,676.34,676.65,676.21,676.34,156429,regular,False
2026-07-28T15:23:00+00:00,676.35,676.76,676.33,676.55,115810,regular,False
2026-07-28T15:24:00+00:00,676.55,676.88,676.3,676.87,143703,regular,False
2026-07-28T15:25:00+00:00,676.86,677.18,676.79,676.98,133596,regular,False
2026-07-28T15:26:00+00:00,677.02,677.75,676.96,677.5,178645,regular,False
2026-07-28T15:27:00+00:00,677.5,677.51,676.83,676.87,168001,regular,False
2026-07-28T15:28:00+00:00,676.86,676.89,676.59,676.79,104187,regular,False
2026-07-28T15:29:00+00:00,676.83,676.92,676.42,676.6,59603,regular,False
2026-07-28T15:30:00+00:00,676.63,677.13,676.36,676.41,95266,regular,False
2026-07-28T15:31:00+00:00,676.4,676.6,676.22,676.51,69987,regular,False
2026-07-28T15:32:00+00:00,676.55,677.06,676.51,676.86,44228,regular,False
2026-07-28T15:33:00+00:00,676.78,677.15,676.77,677.13,68375,regular,False
2026-07-28T15:34:00+00:00,677.11,677.35,676.92,676.97,60274,regular,False
2026-07-28T15:35:00+00:00,677.04,677.54,676.9,677.5,119596,regular,False
2026-07-28T15:36:00+00:00,677.46,677.77,677.46,677.63,64270,regular,False
2026-07-28T15:37:00+00:00,677.56,677.63,677.13,677.54,57818,regular,False
2026-07-28T15:38:00+00:00,677.51,677.9,677.39,677.76,71503,regular,False
2026-07-28T15:39:00+00:00,677.76,677.84,677.5,677.6,56911,regular,False
2026-07-28T15:40:00+00:00,677.55,677.74,677.21,677.39,55074,regular,False
2026-07-28T15:41:00+00:00,677.4,677.75,677.29,677.48,80856,regular,False
2026-07-28T15:42:00+00:00,677.48,677.61,677.25,677.34,64067,regular,False
2026-07-28T15:43:00+00:00,677.33,678.03,677.21,678.03,69782,regular,False
2026-07-28T15:44:00+00:00,677.98,678.31,677.94,678.23,67500,regular,False
2026-07-28T15:45:00+00:00,678.23,678.56,678.18,678.34,41942,regular,False
2026-07-28T15:46:00+00:00,678.35,678.77,678.26,678.66,73170,regular,False
2026-07-28T15:47:00+00:00,678.67,678.78,678.55,678.59,101648,regular,False
2026-07-28T15:48:00+00:00,678.58,678.93,678.52,678.91,40564,regular,False
2026-07-28T15:49:00+00:00,678.93,678.99,678.57,678.59,95217,regular,False
2026-07-28T15:50:00+00:00,678.56,678.67,678.0,678.09,127404,regular,False
2026-07-28T15:51:00+00:00,678.02,678.19,677.85,678.1,74947,regular,False
2026-07-28T15:52:00+00:00,678.09,678.21,677.73,678.21,38884,regular,False
2026-07-28T15:53:00+00:00,678.18,678.87,678.16,678.8,57690,regular,False
2026-07-28T15:54:00+00:00,678.73,678.83,678.27,678.31,48641,regular,False
2026-07-28T15:55:00+00:00,678.27,678.33,677.82,677.93,77367,regular,False
2026-07-28T15:56:00+00:00,677.96,678.57,677.96,678.5,47467,regular,False
2026-07-28T15:57:00+00:00,678.49,678.72,678.38,678.69,49161,regular,False
2026-07-28T15:58:00+00:00,678.69,678.97,678.5,678.54,39558,regular,False
2026-07-28T15:59:00+00:00,678.52,678.65,678.37,678.61,31986,regular,False
2026-07-28T16:00:00+00:00,678.63,679.03,678.28,679.01,83276,regular,False
2026-07-28T16:01:00+00:00,679.01,679.15,678.8,678.82,59496,regular,False
2026-07-28T16:02:00+00:00,678.82,679.13,678.62,678.62,65462,regular,False
2026-07-28T16:03:00+00:00,678.61,678.88,678.44,678.79,73824,regular,False
2026-07-28T16:04:00+00:00,678.77,678.8,678.44,678.68,35822,regular,False
2026-07-28T16:05:00+00:00,678.73,679.04,678.7,678.72,37561,regular,False
2026-07-28T16:06:00+00:00,678.7,678.78,678.33,678.71,71919,regular,False
2026-07-28T16:07:00+00:00,678.71,678.71,677.83,677.85,68109,regular,False
2026-07-28T16:08:00+00:00,677.83,677.93,677.66,677.83,140074,regular,False
2026-07-28T16:09:00+00:00,677.84,678.03,677.62,677.62,52696,regular,False
2026-07-28T16:10:00+00:00,677.62,677.86,677.57,677.69,54432,regular,False
2026-07-28T16:11:00+00:00,677.7,678.14,677.7,678.04,50855,regular,False
2026-07-28T16:12:00+00:00,678.02,678.08,677.71,677.91,46461,regular,False
2026-07-28T16:13:00+00:00,677.92,678.04,677.45,677.52,56883,regular,False
2026-07-28T16:14:00+00:00,677.52,677.65,677.38,677.65,38605,regular,False
2026-07-28T16:15:00+00:00,677.62,677.84,677.31,677.43,48064,regular,False
2026-07-28T16:16:00+00:00,677.4,677.53,677.28,677.32,49565,regular,False
2026-07-28T16:17:00+00:00,677.34,677.66,677.34,677.34,50719,regular,False
2026-07-28T16:18:00+00:00,677.32,677.63,677.27,677.41,27957,regular,False
2026-07-28T16:19:00+00:00,677.41,678.24,677.4,678.2,97391,regular,False
2026-07-28T16:20:00+00:00,678.18,678.55,678.11,678.24,71195,regular,False
2026-07-28T16:21:00+00:00,678.22,678.29,677.78,678.01,37973,regular,False
2026-07-28T16:22:00+00:00,678.0,678.14,677.64,677.72,67978,regular,False
2026-07-28T16:23:00+00:00,677.73,677.75,677.25,677.31,75001,regular,False
2026-07-28T16:24:00+00:00,677.29,677.5,677.18,677.41,73873,regular,False
2026-07-28T16:25:00+00:00,677.42,677.6,677.24,677.6,32235,regular,False
2026-07-28T16:26:00+00:00,677.58,677.63,677.35,677.38,34977,regular,False
2026-07-28T16:27:00+00:00,677.38,677.58,677.08,677.43,32466,regular,False
2026-07-28T16:28:00+00:00,677.45,677.65,677.36,677.42,26436,regular,False
2026-07-28T16:29:00+00:00,677.4,677.61,677.3,677.3,26462,regular,False
2026-07-28T16:30:00+00:00,677.34,677.36,676.54,676.57,60420,regular,False
2026-07-28T16:31:00+00:00,676.57,676.63,676.33,676.6,71956,regular,False
2026-07-28T16:32:00+00:00,676.6,677.13,676.48,677.07,63363,regular,False
2026-07-28T16:33:00+00:00,677.09,677.37,676.82,676.86,49102,regular,False
2026-07-28T16:34:00+00:00,676.86,677.29,676.82,676.87,44158,regular,False
2026-07-28T16:35:00+00:00,676.88,677.16,676.85,676.94,21120,regular,False
2026-07-28T16:36:00+00:00,676.93,677.0,676.68,676.94,46284,regular,False
2026-07-28T16:37:00+00:00,676.93,677.06,676.8,676.93,17869,regular,False
2026-07-28T16:38:00+00:00,677.05,677.71,676.97,677.6,52340,regular,False
2026-07-28T16:39:00+00:00,677.62,678.03,677.45,678.02,79544,regular,False
2026-07-28T16:40:00+00:00,677.99,678.22,677.9,677.97,54289,regular,False
2026-07-28T16:41:00+00:00,678.02,678.34,677.98,678.34,41436,regular,False
2026-07-28T16:42:00+00:00,678.35,678.41,677.79,677.83,58105,regular,False
2026-07-28T16:43:00+00:00,677.91,678.44,677.91,678.44,35320,regular,False
2026-07-28T16:44:00+00:00,678.45,678.49,677.95,678.29,64908,regular,False
2026-07-28T16:45:00+00:00,678.25,678.44,678.02,678.1,54055,regular,False
2026-07-28T16:46:00+00:00,678.09,678.21,677.31,677.35,32765,regular,False
2026-07-28T16:47:00+00:00,677.39,678.01,677.39,677.91,21160,regular,False
2026-07-28T16:48:00+00:00,677.87,677.99,677.51,677.64,26270,regular,False
2026-07-28T16:49:00+00:00,677.66,677.96,677.58,677.89,27603,regular,False
2026-07-28T16:50:00+00:00,677.86,678.62,677.84,678.57,42403,regular,False
2026-07-28T16:51:00+00:00,678.56,679.17,678.56,679.14,79225,regular,False
2026-07-28T16:52:00+00:00,679.09,679.26,678.96,679.02,40973,regular,False
2026-07-28T16:53:00+00:00,679.02,679.4,679.0,679.01,43924,regular,False
2026-07-28T16:54:00+00:00,679.05,679.28,679.01,679.12,25319,regular,False
2026-07-28T16:55:00+00:00,679.13,679.13,678.91,679.12,27795,regular,False
2026-07-28T16:56:00+00:00,679.14,679.35,678.92,679.3,23270,regular,False
2026-07-28T16:57:00+00:00,679.27,679.35,678.87,679.03,47250,regular,False
2026-07-28T16:58:00+00:00,679.02,679.03,678.71,678.8,21698,regular,False
2026-07-28T16:59:00+00:00,678.81,678.99,678.76,678.81,54599,regular,False
2026-07-28T17:00:00+00:00,678.82,679.03,678.54,678.79,40522,regular,False
2026-07-28T17:01:00+00:00,678.76,679.0,678.76,678.79,13995,regular,False
2026-07-28T17:02:00+00:00,678.82,678.91,678.13,678.32,29860,regular,False
2026-07-28T17:03:00+00:00,678.33,678.44,678.02,678.14,51997,regular,False
2026-07-28T17:04:00+00:00,678.16,678.18,677.9,677.94,73302,regular,False
2026-07-28T17:05:00+00:00,677.98,678.13,677.8,677.87,22842,regular,False
2026-07-28T17:06:00+00:00,677.92,678.22,677.56,677.98,55096,regular,False
2026-07-28T17:07:00+00:00,677.96,678.13,677.84,678.1,40492,regular,False
2026-07-28T17:08:00+00:00,678.18,678.19,677.42,677.43,46564,regular,False
2026-07-28T17:09:00+00:00,677.43,677.51,677.03,677.12,48408,regular,False
2026-07-28T17:10:00+00:00,677.13,677.17,676.7,677.14,58871,regular,False
2026-07-28T17:11:00+00:00,677.15,677.31,676.96,677.31,59937,regular,False
2026-07-28T17:12:00+00:00,677.33,677.68,677.26,677.34,60196,regular,False
2026-07-28T17:13:00+00:00,677.37,677.4,676.85,677.23,21563,regular,False
2026-07-28T17:14:00+00:00,677.22,677.26,677.04,677.14,35826,regular,False
2026-07-28T17:15:00+00:00,677.18,677.41,677.02,677.26,33104,regular,False
2026-07-28T17:16:00+00:00,677.29,677.3,677.0,677.25,33015,regular,False
2026-07-28T17:17:00+00:00,677.27,677.27,676.81,676.92,29208,regular,False
2026-07-28T17:18:00+00:00,676.92,677.08,676.91,677.03,34012,regular,False
2026-07-28T17:19:00+00:00,677.0,677.38,676.92,677.29,56165,regular,False
2026-07-28T17:20:00+00:00,677.3,678.33,677.1,678.06,87783,regular,False
2026-07-28T17:21:00+00:00,678.07,678.54,677.67,677.76,67019,regular,False
2026-07-28T17:22:00+00:00,677.72,677.81,677.38,677.67,43241,regular,False
2026-07-28T17:23:00+00:00,677.65,677.96,677.52,677.64,29507,regular,False
2026-07-28T17:24:00+00:00,677.62,677.77,677.15,677.16,39148,regular,False
2026-07-28T17:25:00+00:00,677.13,677.24,676.85,677.2,33926,regular,False
2026-07-28T17:26:00+00:00,677.19,677.5,677.19,677.41,13414,regular,False
2026-07-28T17:28:00+00:00,677.72,677.93,677.48,677.5,19976,regular,False
2026-07-28T17:29:00+00:00,677.52,677.78,677.35,677.37,18951,regular,False
2026-07-28T17:30:00+00:00,677.38,677.54,677.21,677.46,24953,regular,False
2026-07-28T17:31:00+00:00,677.48,677.51,677.26,677.32,24291,regular,False
2026-07-28T17:32:00+00:00,677.32,677.47,677.27,677.44,11305,regular,False
2026-07-28T17:33:00+00:00,677.44,678.04,677.38,677.85,37066,regular,False
2026-07-28T17:34:00+00:00,677.83,678.22,677.83,677.97,19709,regular,False
2026-07-28T17:35:00+00:00,677.99,678.47,677.99,678.03,36316,regular,False
2026-07-28T17:36:00+00:00,678.03,678.03,677.63,677.63,23168,regular,False
2026-07-28T17:37:00+00:00,677.66,677.82,677.54,677.56,28985,regular,False
2026-07-28T17:38:00+00:00,677.54,677.77,677.47,677.69,24611,regular,False
2026-07-28T17:39:00+00:00,677.68,677.72,677.28,677.31,37900,regular,False
2026-07-28T17:40:00+00:00,677.29,677.67,677.13,677.36,53830,regular,False
2026-07-28T17:41:00+00:00,677.38,677.39,676.94,676.97,27061,regular,False
2026-07-28T17:42:00+00:00,676.94,677.09,676.86,676.89,40263,regular,False
2026-07-28T17:43:00+00:00,676.89,676.93,676.41,676.46,49669,regular,False
2026-07-28T17:44:00+00:00,676.47,676.47,676.23,676.35,64580,regular,False
2026-07-28T17:45:00+00:00,676.33,676.55,676.09,676.28,27725,regular,False
2026-07-28T17:46:00+00:00,676.23,676.35,676.12,676.28,34050,regular,False
2026-07-28T17:47:00+00:00,676.3,676.54,675.98,676.07,43567,regular,False
2026-07-28T17:48:00+00:00,676.11,676.92,676.08,676.78,69559,regular,False
2026-07-28T17:49:00+00:00,676.78,677.11,676.69,676.99,39716,regular,False
2026-07-28T17:50:00+00:00,676.96,676.96,676.44,676.54,35586,regular,False
2026-07-28T17:51:00+00:00,676.52,676.54,676.25,676.37,17718,regular,False
2026-07-28T17:52:00+00:00,676.41,676.63,676.1,676.11,17815,regular,False
2026-07-28T17:53:00+00:00,676.14,676.27,676.1,676.25,20413,regular,False
2026-07-28T17:54:00+00:00,676.24,676.33,675.93,676.04,39004,regular,False
2026-07-28T17:55:00+00:00,676.03,676.1,675.65,675.8,64882,regular,False
2026-07-28T17:56:00+00:00,675.78,676.22,675.75,676.21,30837,regular,False
2026-07-28T17:57:00+00:00,676.2,676.26,676.01,676.17,21738,regular,False
2026-07-28T17:58:00+00:00,676.19,676.47,676.02,676.42,43574,regular,False
2026-07-28T17:59:00+00:00,676.41,676.84,676.41,676.77,39617,regular,False
2026-07-28T18:00:00+00:00,676.84,677.45,676.65,677.24,64419,regular,False
2026-07-28T18:01:00+00:00,677.2,677.33,676.54,676.54,26158,regular,False
2026-07-28T18:02:00+00:00,676.47,676.87,676.39,676.6,28807,regular,False
2026-07-28T18:03:00+00:00,676.61,676.73,676.48,676.54,31376,regular,False
2026-07-28T18:04:00+00:00,676.55,676.76,676.32,676.74,22470,regular,False
2026-07-28T18:05:00+00:00,676.68,676.81,676.41,676.48,19502,regular,False
2026-07-28T18:06:00+00:00,676.51,676.53,676.16,676.26,13725,regular,False
2026-07-28T18:07:00+00:00,676.3,676.3,675.97,676.16,40182,regular,False
2026-07-28T18:08:00+00:00,676.17,676.29,675.98,676.06,27099,regular,False
2026-07-28T18:09:00+00:00,676.06,676.2,676.0,676.12,28051,regular,False
2026-07-28T18:10:00+00:00,676.14,676.22,675.89,675.98,23913,regular,False
2026-07-28T18:11:00+00:00,675.98,676.07,675.64,675.74,58088,regular,False
2026-07-28T18:12:00+00:00,675.72,675.96,675.63,675.92,28524,regular,False
2026-07-28T18:13:00+00:00,675.94,675.99,675.47,675.73,45082,regular,False
2026-07-28T18:14:00+00:00,675.72,675.72,675.4,675.44,19325,regular,False
2026-07-28T18:15:00+00:00,675.48,675.95,675.4,675.88,32891,regular,False
2026-07-28T18:16:00+00:00,675.88,675.94,675.62,675.88,47950,regular,False
2026-07-28T18:17:00+00:00,675.91,675.91,675.35,675.57,49885,regular,False
2026-07-28T18:18:00+00:00,675.57,675.73,675.51,675.65,18060,regular,False
2026-07-28T18:19:00+00:00,675.62,675.87,675.45,675.74,19632,regular,False
2026-07-28T18:20:00+00:00,675.75,676.09,675.6,676.09,79442,regular,False
2026-07-28T18:21:00+00:00,676.08,676.14,675.76,675.84,55110,regular,False
2026-07-28T18:22:00+00:00,675.87,676.09,675.72,676.06,27963,regular,False
2026-07-28T18:23:00+00:00,676.1,676.2,675.59,675.76,29444,regular,False
2026-07-28T18:24:00+00:00,675.74,675.85,675.64,675.69,27301,regular,False
2026-07-28T18:25:00+00:00,675.65,675.89,675.55,675.76,23830,regular,False
2026-07-28T18:26:00+00:00,675.8,675.87,675.62,675.7,26446,regular,False
2026-07-28T18:27:00+00:00,675.65,675.67,675.43,675.51,23874,regular,False
2026-07-28T18:28:00+00:00,675.57,675.71,675.39,675.49,23069,regular,False
2026-07-28T18:29:00+00:00,675.51,675.67,675.46,675.64,20102,regular,False
2026-07-28T18:30:00+00:00,675.68,676.06,675.57,675.83,30414,regular,False
2026-07-28T18:31:00+00:00,675.8,675.92,675.62,675.75,20759,regular,False
2026-07-28T18:32:00+00:00,675.75,675.93,675.68,675.8,28386,regular,False
2026-07-28T18:33:00+00:00,675.8,676.38,675.75,676.37,46331,regular,False
2026-07-28T18:34:00+00:00,676.39,676.57,676.1,676.11,47368,regular,False
2026-07-28T18:35:00+00:00,676.16,676.35,675.96,676.21,20603,regular,False
2026-07-28T18:36:00+00:00,676.24,676.33,675.9,676.08,24286,regular,False
2026-07-28T18:37:00+00:00,676.15,676.21,676.0,676.19,19632,regular,False
2026-07-28T18:38:00+00:00,676.2,676.39,676.05,676.28,31343,regular,False
2026-07-28T18:39:00+00:00,676.25,676.26,675.79,675.83,25249,regular,False
2026-07-28T18:40:00+00:00,675.82,675.93,675.6,675.75,36290,regular,False
2026-07-28T18:41:00+00:00,675.77,675.85,675.62,675.72,19005,regular,False
2026-07-28T18:42:00+00:00,675.62,675.84,675.55,675.56,18671,regular,False
2026-07-28T18:43:00+00:00,675.67,675.92,675.57,675.9,18350,regular,False
2026-07-28T18:44:00+00:00,675.89,676.12,675.68,675.92,24471,regular,False
2026-07-28T18:45:00+00:00,675.94,676.31,675.74,676.28,21212,regular,False
2026-07-28T18:46:00+00:00,676.26,676.67,676.15,676.66,58977,regular,False
2026-07-28T18:47:00+00:00,676.69,676.86,676.52,676.57,40566,regular,False
2026-07-28T18:48:00+00:00,676.56,676.64,676.28,676.31,23819,regular,False
2026-07-28T18:49:00+00:00,676.31,676.53,676.25,676.39,27760,regular,False
2026-07-28T18:50:00+00:00,676.45,676.75,676.41,676.66,43284,regular,False
2026-07-28T18:51:00+00:00,676.64,676.93,676.57,676.6,47146,regular,False
2026-07-28T18:52:00+00:00,676.61,676.72,676.27,676.29,32454,regular,False
2026-07-28T18:53:00+00:00,676.32,676.44,676.12,676.15,18976,regular,False
2026-07-28T18:54:00+00:00,676.17,676.37,676.1,676.29,18022,regular,False
2026-07-28T18:55:00+00:00,676.28,676.65,675.98,676.59,39886,regular,False
2026-07-28T18:56:00+00:00,676.61,676.71,676.46,676.64,26205,regular,False
2026-07-28T18:57:00+00:00,676.61,676.87,676.55,676.73,21352,regular,False
2026-07-28T18:58:00+00:00,676.72,676.96,676.56,676.81,18093,regular,False
2026-07-28T18:59:00+00:00,676.83,676.91,676.79,676.8,15887,regular,False
2026-07-28T19:00:00+00:00,676.8,677.44,676.79,677.18,43560,regular,False
2026-07-28T19:01:00+00:00,677.22,677.46,677.21,677.35,39202,regular,False
2026-07-28T19:02:00+00:00,677.37,677.46,677.2,677.39,28321,regular,False
2026-07-28T19:03:00+00:00,677.35,677.78,677.35,677.64,45502,regular,False
2026-07-28T19:04:00+00:00,677.64,677.93,677.6,677.84,31458,regular,False
2026-07-28T19:05:00+00:00,677.85,677.97,677.56,677.89,33474,regular,False
2026-07-28T19:06:00+00:00,677.92,678.01,677.34,677.44,49772,regular,False
2026-07-28T19:07:00+00:00,677.48,677.69,677.3,677.33,21134,regular,False
2026-07-28T19:08:00+00:00,677.27,677.3,676.87,676.93,39492,regular,False
2026-07-28T19:09:00+00:00,676.95,677.23,676.92,676.96,24994,regular,False
2026-07-28T19:10:00+00:00,676.92,677.33,676.87,677.04,27591,regular,False
2026-07-28T19:11:00+00:00,677.0,677.23,676.87,677.18,36939,regular,False
2026-07-28T19:12:00+00:00,677.15,677.15,676.85,676.87,28555,regular,False
2026-07-28T19:13:00+00:00,676.86,677.18,676.78,677.17,25641,regular,False
2026-07-28T19:14:00+00:00,677.18,677.24,676.96,677.19,49387,regular,False
2026-07-28T19:15:00+00:00,677.13,677.36,676.86,676.92,27420,regular,False
2026-07-28T19:16:00+00:00,676.88,677.09,676.72,676.79,54931,regular,False
2026-07-28T19:17:00+00:00,676.81,677.0,676.67,676.78,33151,regular,False
2026-07-28T19:18:00+00:00,676.76,677.18,676.76,677.12,27789,regular,False
2026-07-28T19:19:00+00:00,677.14,677.3,677.09,677.23,24778,regular,False
2026-07-28T19:20:00+00:00,677.21,677.3,677.09,677.3,20205,regular,False
2026-07-28T19:21:00+00:00,677.31,677.42,677.07,677.09,26777,regular,False
2026-07-28T19:22:00+00:00,677.13,677.73,677.11,677.73,35139,regular,False
2026-07-28T19:23:00+00:00,677.71,677.88,677.64,677.65,33221,regular,False
2026-07-28T19:24:00+00:00,677.69,677.93,677.65,677.89,38473,regular,False
2026-07-28T19:25:00+00:00,677.93,678.01,677.63,677.7,43030,regular,False
2026-07-28T19:26:00+00:00,677.7,677.81,677.31,677.37,47695,regular,False
2026-07-28T19:27:00+00:00,677.36,677.43,677.12,677.3,43250,regular,False
2026-07-28T19:28:00+00:00,677.3,677.96,677.25,677.89,32819,regular,False
2026-07-28T19:29:00+00:00,677.91,678.01,677.76,677.93,38428,regular,False
2026-07-28T19:30:00+00:00,677.95,678.06,677.66,677.8,65421,regular,False
2026-07-28T19:31:00+00:00,677.82,678.06,677.68,677.72,81607,regular,False
2026-07-28T19:32:00+00:00,677.73,677.84,677.4,677.58,42007,regular,False
2026-07-28T19:33:00+00:00,677.58,677.65,677.37,677.49,41231,regular,False
2026-07-28T19:34:00+00:00,677.47,677.74,677.44,677.52,40442,regular,False
2026-07-28T19:35:00+00:00,677.5,677.52,676.77,676.83,76897,regular,False
2026-07-28T19:36:00+00:00,676.81,676.84,676.47,676.53,94597,regular,False
2026-07-28T19:37:00+00:00,676.51,676.53,676.14,676.29,70825,regular,False
2026-07-28T19:38:00+00:00,676.3,676.43,676.18,676.41,51191,regular,False
2026-07-28T19:39:00+00:00,676.43,676.48,676.1,676.25,41436,regular,False
2026-07-28T19:40:00+00:00,676.22,676.41,676.16,676.26,73493,regular,False
2026-07-28T19:41:00+00:00,676.26,676.42,676.18,676.4,48100,regular,False
2026-07-28T19:42:00+00:00,676.41,676.6,676.13,676.28,60904,regular,False
2026-07-28T19:43:00+00:00,676.29,676.5,676.24,676.35,47602,regular,False
2026-07-28T19:44:00+00:00,676.39,676.39,676.14,676.39,76766,regular,False
2026-07-28T19:45:00+00:00,676.38,676.47,676.02,676.02,70714,regular,False
2026-07-28T19:46:00+00:00,676.03,676.04,675.81,676.0,80196,regular,False
2026-07-28T19:47:00+00:00,676.02,676.36,676.0,676.16,55676,regular,False
2026-07-28T19:48:00+00:00,676.14,676.28,676.06,676.11,72672,regular,False
2026-07-28T19:49:00+00:00,676.09,676.36,675.96,676.32,121592,regular,False
2026-07-28T19:50:00+00:00,676.34,676.47,675.92,676.04,112160,regular,False
2026-07-28T19:51:00+00:00,676.0,676.15,675.92,676.0,92196,regular,False
2026-07-28T19:52:00+00:00,675.99,676.2,675.91,676.19,74242,regular,False
2026-07-28T19:53:00+00:00,676.18,676.45,676.13,676.43,64106,regular,False
2026-07-28T19:54:00+00:00,676.45,677.17,676.45,677.04,148561,regular,False
2026-07-28T19:55:00+00:00,677.02,677.02,675.76,676.24,188994,regular,False
2026-07-28T19:56:00+00:00,676.23,676.46,675.99,676.08,116810,regular,False
2026-07-28T19:57:00+00:00,676.09,676.12,675.82,675.94,168030,regular,False
2026-07-28T19:58:00+00:00,675.93,676.06,675.85,675.92,175321,regular,False
2026-07-28T19:59:00+00:00,675.92,676.01,675.27,675.51,857102,regular,False
2026-07-28T20:00:00+00:00,675.5,676.31,675.45,676.27,567708,after-market,False
2026-07-28T20:01:00+00:00,676.24,676.24,675.8,675.8,14450,after-market,False
2026-07-28T20:02:00+00:00,675.81,675.87,675.3,675.4,14247,after-market,False
2026-07-28T20:03:00+00:00,675.45,675.5,675.34,675.5,9741,after-market,False
2026-07-28T20:04:00+00:00,675.58,675.68,675.47,675.47,18518,after-market,False
2026-07-28T20:05:00+00:00,675.44,676.61,675.44,675.73,28665,after-market,False
2026-07-28T20:06:00+00:00,675.61,675.61,674.7,675.53,28997,after-market,False
2026-07-28T20:07:00+00:00,675.48,675.79,674.93,675.13,30988,after-market,False
2026-07-28T20:08:00+00:00,675.13,675.61,674.99,675.49,41058,after-market,False
2026-07-28T20:09:00+00:00,675.49,675.49,674.99,675.18,55435,after-market,False
2026-07-28T20:10:00+00:00,675.24,675.25,675.0,675.19,22306,after-market,False
2026-07-28T20:11:00+00:00,675.2,675.49,675.17,675.38,10823,after-market,False
2026-07-28T20:12:00+00:00,675.37,675.65,675.35,675.61,38348,after-market,False
2026-07-28T20:13:00+00:00,675.63,675.92,675.58,675.82,35496,after-market,False
2026-07-28T20:14:00+00:00,675.75,675.77,675.45,675.48,35104,after-market,False
2026-07-28T20:15:00+00:00,675.49,675.74,675.32,675.6,9086,after-market,False
2026-07-28T20:16:00+00:00,675.6,675.87,675.6,675.87,12426,after-market,False
2026-07-28T20:17:00+00:00,675.86,675.94,675.75,675.75,4606,after-market,False
2026-07-28T20:18:00+00:00,675.79,676.08,675.73,676.08,6914,after-market,False
2026-07-28T20:19:00+00:00,676.08,676.27,676.08,676.16,3194,after-market,False
2026-07-28T20:20:00+00:00,676.27,676.27,676.03,676.18,1927,after-market,False
2026-07-28T20:21:00+00:00,676.0,676.09,676.0,676.01,1436,after-market,False
2026-07-28T20:22:00+00:00,676.05,676.26,676.03,676.16,6144,after-market,False
2026-07-28T20:23:00+00:00,676.15,676.46,676.15,676.45,6762,after-market,False
2026-07-28T20:24:00+00:00,676.47,676.54,676.36,676.53,11090,after-market,False
2026-07-28T20:25:00+00:00,676.49,676.56,676.49,676.5,10396,after-market,False
2026-07-28T20:26:00+00:00,676.71,676.98,676.71,676.89,12062,after-market,False
2026-07-28T20:27:00+00:00,676.9,677.15,676.9,676.94,25796,after-market,False
2026-07-28T20:28:00+00:00,676.96,677.15,676.94,677.15,22712,after-market,False
2026-07-28T20:29:00+00:00,677.18,677.18,676.88,676.9,6733,after-market,False
2026-07-28T20:30:00+00:00,676.92,676.98,676.87,676.91,25423,after-market,False
2026-07-28T20:31:00+00:00,676.87,676.87,676.66,676.79,9760,after-market,False
2026-07-28T20:32:00+00:00,676.78,676.85,676.74,676.85,4098,after-market,False
2026-07-28T20:33:00+00:00,676.66,676.69,676.61,676.64,3556,after-market,False
2026-07-28T20:34:00+00:00,676.66,676.68,676.57,676.67,3848,after-market,False
2026-07-28T20:35:00+00:00,676.73,677.01,676.73,676.84,1200,after-market,False
2026-07-28T20:36:00+00:00,676.87,676.9,676.8,676.83,1236,after-market,False
2026-07-28T20:37:00+00:00,676.72,676.72,676.12,676.43,25558,after-market,False
2026-07-28T20:38:00+00:00,676.34,676.4,676.26,676.35,42691,after-market,False
2026-07-28T20:39:00+00:00,676.35,676.35,676.23,676.23,16489,after-market,False
2026-07-28T20:40:00+00:00,676.18,676.18,675.57,676.05,70114,after-market,False
2026-07-28T20:41:00+00:00,676.1,676.15,676.0,676.04,37035,after-market,False
2026-07-28T20:42:00+00:00,676.04,676.18,676.02,676.17,1593,after-market,False
2026-07-28T20:43:00+00:00,676.26,676.31,676.25,676.27,3210,after-market,False
2026-07-28T20:44:00+00:00,676.12,676.16,676.11,676.16,3391,after-market,False
2026-07-28T20:45:00+00:00,676.19,676.22,676.19,676.21,155,after-market,False
2026-07-28T20:46:00+00:00,676.2,676.38,676.19,676.36,930,after-market,False
2026-07-28T20:47:00+00:00,676.37,676.42,676.37,676.42,1224,after-market,False
2026-07-28T20:48:00+00:00,676.45,676.5,676.39,676.44,1593,after-market,False
2026-07-28T20:49:00+00:00,676.44,676.48,676.32,676.33,1095,after-market,False
2026-07-28T20:50:00+00:00,676.3,676.3,676.0,676.02,2399,after-market,False
2026-07-28T20:51:00+00:00,676.06,676.06,675.91,675.96,3540,after-market,False
2026-07-28T20:52:00+00:00,675.96,676.1,675.92,676.09,1969,after-market,False
2026-07-28T20:53:00+00:00,676.14,676.18,676.06,676.06,941,after-market,False
2026-07-28T20:54:00+00:00,676.13,676.29,676.12,676.29,2943,after-market,False
2026-07-28T20:55:00+00:00,676.27,676.28,676.24,676.24,4406,after-market,False
2026-07-28T20:56:00+00:00,676.27,676.27,676.27,676.27,260,after-market,False
2026-07-28T20:57:00+00:00,676.33,676.55,676.33,676.55,3294,after-market,False
2026-07-28T20:58:00+00:00,676.46,676.46,676.37,676.37,530,after-market,False
2026-07-28T20:59:00+00:00,676.4,676.49,676.4,676.43,578,after-market,False
2026-07-28T21:00:00+00:00,676.55,676.55,676.47,676.47,509,after-market,False
2026-07-28T21:01:00+00:00,676.57,676.69,676.57,676.69,1808,after-market,False
2026-07-28T21:02:00+00:00,676.69,676.69,676.68,676.68,299,after-market,False
2026-07-28T21:03:00+00:00,676.51,676.76,676.51,676.69,2638,after-market,False
2026-07-28T21:04:00+00:00,676.76,676.76,676.56,676.56,221,after-market,False
2026-07-28T21:05:00+00:00,676.56,676.56,676.56,676.56,0,after-market,False
2026-07-28T21:06:00+00:00,676.57,676.7,676.54,676.7,250,after-market,False
2026-07-28T21:07:00+00:00,676.57,676.57,676.54,676.54,16635,after-market,False
2026-07-28T21:08:00+00:00,676.54,676.67,676.21,676.66,7090,after-market,False
2026-07-28T21:09:00+00:00,676.6,676.62,676.53,676.54,1430,after-market,False
2026-07-28T21:10:00+00:00,676.52,676.54,676.49,676.54,822,after-market,False
2026-07-28T21:11:00+00:00,676.5,676.7,676.5,676.65,740,after-market,False
2026-07-28T21:12:00+00:00,676.55,676.55,676.52,676.52,490,after-market,False
2026-07-28T21:13:00+00:00,676.58,676.71,676.58,676.7,670,after-market,False
2026-07-28T21:14:00+00:00,676.84,676.85,676.8,676.85,1588,after-market,False
2026-07-28T21:15:00+00:00,676.88,676.89,676.85,676.85,4854,after-market,False
2026-07-28T21:16:00+00:00,676.84,676.9,676.65,676.86,5974,after-market,False
2026-07-28T21:17:00+00:00,676.7,676.71,676.68,676.68,7238,after-market,False
2026-07-28T21:18:00+00:00,676.72,676.8,676.72,676.76,1240,after-market,False
2026-07-28T21:19:00+00:00,676.83,676.85,676.7,676.7,5357,after-market,False
2026-07-28T21:20:00+00:00,676.64,676.64,676.29,676.29,2080,after-market,False
2026-07-28T21:21:00+00:00,676.28,676.64,676.22,676.48,4126,after-market,False
2026-07-28T21:22:00+00:00,676.44,676.45,676.3,676.3,3961,after-market,False
2026-07-28T21:23:00+00:00,676.41,676.45,676.27,676.28,8916,after-market,False
2026-07-28T21:24:00+00:00,676.28,676.4,676.22,676.4,2156,after-market,False
2026-07-28T21:25:00+00:00,676.48,676.48,676.48,676.48,180,after-market,False
2026-07-28T21:26:00+00:00,676.31,676.48,676.24,676.48,900,after-market,False
2026-07-28T21:27:00+00:00,676.48,676.76,676.48,676.48,600,after-market,False
2026-07-28T21:28:00+00:00,676.31,676.31,676.31,676.31,141,after-market,False
2026-07-28T21:29:00+00:00,676.49,676.49,676.49,676.49,100,after-market,False
2026-07-28T21:30:00+00:00,676.48,676.48,676.48,676.48,50,after-market,False
2026-07-28T21:31:00+00:00,676.48,676.48,676.48,676.48,0,after-market,False
2026-07-28T21:32:00+00:00,676.48,676.48,676.48,676.48,0,after-market,False
2026-07-28T21:33:00+00:00,676.58,676.6,676.58,676.6,3176,after-market,False
2026-07-28T21:34:00+00:00,676.66,676.72,676.66,676.72,260,after-market,False
2026-07-28T21:35:00+00:00,676.78,676.78,676.75,676.75,230,after-market,False
2026-07-28T21:36:00+00:00,676.84,676.94,676.84,676.93,1914,after-market,False
2026-07-28T21:37:00+00:00,676.94,677.09,676.94,677.09,4287,after-market,False
2026-07-28T21:38:00+00:00,677.05,677.08,677.01,677.08,616,after-market,False
2026-07-28T21:39:00+00:00,677.07,677.09,677.07,677.09,840,after-market,False
2026-07-28T21:40:00+00:00,677.15,677.23,677.15,677.15,5958,after-market,False
2026-07-28T21:41:00+00:00,677.18,677.26,677.15,677.15,7199,after-market,False
2026-07-28T21:42:00+00:00,677.15,677.15,677.15,677.15,2634,after-market,False
2026-07-28T21:43:00+00:00,677.15,677.16,677.15,677.15,729,after-market,False
2026-07-28T21:44:00+00:00,677.15,677.15,677.15,677.15,0,after-market,False
2026-07-28T21:45:00+00:00,677.19,677.26,677.19,677.26,6290,after-market,False
2026-07-28T21:46:00+00:00,677.21,677.3,677.21,677.25,6520,after-market,False
2026-07-28T21:47:00+00:00,677.25,677.26,677.25,677.26,1235,after-market,False
2026-07-28T21:48:00+00:00,677.26,677.32,677.26,677.26,2360,after-market,False
2026-07-28T21:49:00+00:00,677.26,677.3,677.11,677.26,3003,after-market,False
2026-07-28T21:50:00+00:00,677.27,677.27,677.26,677.26,2134,after-market,False
2026-07-28T21:51:00+00:00,677.26,677.26,677.11,677.11,964,after-market,False
2026-07-28T21:52:00+00:00,677.27,677.27,677.11,677.11,711,after-market,False
2026-07-28T21:53:00+00:00,677.11,677.11,677.11,677.11,0,after-market,False
2026-07-28T21:54:00+00:00,677.11,677.11,677.1,677.11,50,after-market,False
2026-07-28T21:55:00+00:00,677.18,677.2,677.18,677.2,9328,after-market,False
2026-07-28T21:56:00+00:00,677.2,677.31,677.2,677.3,2857,after-market,False
2026-07-28T21:57:00+00:00,677.3,677.35,677.0,677.1,8107,after-market,False
2026-07-28T21:58:00+00:00,677.01,677.11,677.0,677.0,980,after-market,False
2026-07-28T21:59:00+00:00,677.0,677.22,677.0,677.16,7565,after-market,False
2026-07-28T22:00:00+00:00,677.01,677.01,676.48,676.92,11514,after-market,False
2026-07-28T22:01:00+00:00,677.0,677.01,676.83,676.83,2421,after-market,False
2026-07-28T22:02:00+00:00,676.71,676.9,676.58,676.9,451,after-market,False
2026-07-28T22:03:00+00:00,677.2,677.34,677.2,677.29,3921,after-market,False
2026-07-28T22:04:00+00:00,677.34,677.36,677.34,677.36,665,after-market,False
2026-07-28T22:05:00+00:00,677.38,677.69,677.38,677.65,15163,after-market,False
2026-07-28T22:06:00+00:00,677.68,677.68,677.47,677.5,4150,after-market,False
2026-07-28T22:07:00+00:00,677.55,677.64,677.54,677.64,500,after-market,False
2026-07-28T22:08:00+00:00,677.63,677.64,677.55,677.64,590,after-market,False
2026-07-28T22:09:00+00:00,677.49,677.49,677.44,677.47,3412,after-market,False
2026-07-28T22:10:00+00:00,677.42,677.7,677.38,677.64,10375,after-market,False
2026-07-28T22:11:00+00:00,677.45,677.45,677.37,677.37,630,after-market,False
2026-07-28T22:12:00+00:00,677.33,677.33,677.25,677.26,994,after-market,False
2026-07-28T22:13:00+00:00,677.3,677.3,676.88,676.88,564,after-market,False
2026-07-28T22:14:00+00:00,676.79,676.8,676.58,676.66,3646,after-market,False
2026-07-28T22:15:00+00:00,676.95,676.95,676.88,676.88,527,after-market,False
2026-07-28T22:16:00+00:00,676.77,676.81,676.61,676.61,1311,after-market,False
2026-07-28T22:17:00+00:00,676.6,676.64,676.47,676.47,602,after-market,False
2026-07-28T22:18:00+00:00,676.53,676.53,675.68,675.69,44692,after-market,False
2026-07-28T22:19:00+00:00,675.73,675.98,675.72,675.94,2076,after-market,False
2026-07-28T22:20:00+00:00,675.93,675.98,675.57,675.71,2707,after-market,False
2026-07-28T22:21:00+00:00,675.59,675.68,675.5,675.51,1881,after-market,False
2026-07-28T22:22:00+00:00,675.62,675.64,675.55,675.59,4889,after-market,False
2026-07-28T22:23:00+00:00,675.59,675.61,675.4,675.43,3556,after-market,False
2026-07-28T22:24:00+00:00,675.45,675.46,675.41,675.43,811,after-market,False
2026-07-28T22:25:00+00:00,675.44,675.58,675.26,675.42,1004,after-market,False
2026-07-28T22:26:00+00:00,675.28,675.6,675.28,675.6,10656,after-market,False
2026-07-28T22:27:00+00:00,675.6,676.03,675.6,675.9,9827,after-market,False
2026-07-28T22:28:00+00:00,675.88,676.01,675.85,675.96,7250,after-market,False
2026-07-28T22:29:00+00:00,675.94,676.11,675.88,676.08,800,after-market,False
2026-07-28T22:30:00+00:00,675.99,676.0,675.99,676.0,341,after-market,False
2026-07-28T22:31:00+00:00,675.88,675.99,675.85,675.9,1298,after-market,False
2026-07-28T22:32:00+00:00,675.5,675.5,674.7,675.13,8323,after-market,False
2026-07-28T22:33:00+00:00,675.11,675.3,674.91,674.92,2000,after-market,False
2026-07-28T22:34:00+00:00,674.93,675.05,674.85,674.99,2093,after-market,False
2026-07-28T22:35:00+00:00,674.89,674.91,674.85,674.86,730,after-market,False
2026-07-28T22:36:00+00:00,674.98,675.27,674.98,675.27,7230,after-market,False
2026-07-28T22:37:00+00:00,675.23,675.23,674.85,674.85,630,after-market,False
2026-07-28T22:38:00+00:00,674.88,674.9,674.55,674.55,1846,after-market,False
2026-07-28T22:39:00+00:00,674.5,674.62,673.95,673.95,7427,after-market,False
2026-07-28T22:40:00+00:00,674.18,674.61,674.18,674.6,2237,after-market,False
2026-07-28T22:41:00+00:00,674.59,674.66,674.53,674.66,1275,after-market,False
2026-07-28T22:42:00+00:00,674.64,674.82,674.64,674.72,2858,after-market,False
2026-07-28T22:43:00+00:00,674.61,674.76,674.61,674.69,2733,after-market,False
2026-07-28T22:44:00+00:00,674.62,674.63,674.08,674.08,4961,after-market,False
2026-07-28T22:45:00+00:00,674.06,674.07,673.6,673.61,9662,after-market,False
2026-07-28T22:46:00+00:00,673.7,673.71,673.46,673.54,19136,after-market,False
2026-07-28T22:47:00+00:00,673.34,673.46,673.21,673.22,3623,after-market,False
2026-07-28T22:48:00+00:00,673.1,673.5,673.0,673.43,6677,after-market,False
2026-07-28T22:49:00+00:00,673.36,673.4,673.0,673.24,18512,after-market,False
2026-07-28T22:50:00+00:00,673.21,673.21,673.03,673.16,7992,after-market,False
2026-07-28T22:51:00+00:00,673.0,673.14,672.78,673.06,9446,after-market,False
2026-07-28T22:52:00+00:00,673.15,673.4,673.01,673.19,13031,after-market,False
2026-07-28T22:53:00+00:00,673.23,673.23,672.3,672.31,18662,after-market,False
2026-07-28T22:54:00+00:00,672.28,672.51,672.2,672.38,10563,after-market,False
2026-07-28T22:55:00+00:00,672.52,672.7,672.45,672.66,11256,after-market,False
2026-07-28T22:56:00+00:00,672.61,672.83,672.45,672.45,4884,after-market,False
2026-07-28T22:57:00+00:00,672.41,672.47,672.25,672.4,4820,after-market,False
2026-07-28T22:58:00+00:00,672.2,672.31,672.0,672.04,6363,after-market,False
2026-07-28T22:59:00+00:00,671.95,672.04,671.54,671.54,8729,after-market,False
2026-07-28T23:00:00+00:00,671.62,671.65,671.33,671.59,38280,after-market,False
2026-07-28T23:01:00+00:00,671.68,671.85,671.5,671.5,4396,after-market,False
2026-07-28T23:02:00+00:00,671.45,671.46,671.3,671.36,7636,after-market,False
2026-07-28T23:03:00+00:00,671.39,671.44,671.0,671.25,6415,after-market,False
2026-07-28T23:04:00+00:00,671.25,672.17,671.24,672.16,6701,after-market,False
2026-07-28T23:05:00+00:00,672.15,672.35,672.0,672.11,3898,after-market,False
2026-07-28T23:06:00+00:00,672.25,672.5,672.25,672.49,2107,after-market,False
2026-07-28T23:07:00+00:00,672.53,672.7,672.39,672.7,2521,after-market,False
2026-07-28T23:08:00+00:00,672.57,672.62,672.47,672.6,4957,after-market,False
2026-07-28T23:09:00+00:00,672.54,672.54,671.31,671.34,8742,after-market,False
2026-07-28T23:10:00+00:00,671.38,671.76,671.21,671.49,5855,after-market,False
2026-07-28T23:11:00+00:00,671.36,672.33,671.34,672.22,16150,after-market,False
2026-07-28T23:12:00+00:00,672.32,672.65,672.29,672.48,10329,after-market,False
2026-07-28T23:13:00+00:00,672.47,673.46,672.47,673.36,4180,after-market,False
2026-07-28T23:14:00+00:00,673.28,673.91,673.15,673.52,8847,after-market,False
2026-07-28T23:15:00+00:00,673.53,673.59,673.21,673.21,3759,after-market,False
2026-07-28T23:16:00+00:00,673.25,673.27,673.0,673.27,1215,after-market,False
2026-07-28T23:17:00+00:00,673.29,673.5,673.25,673.31,2297,after-market,False
2026-07-28T23:18:00+00:00,673.5,673.55,673.12,673.16,2001,after-market,False
2026-07-28T23:19:00+00:00,673.2,673.23,673.08,673.23,1950,after-market,False
2026-07-28T23:20:00+00:00,673.3,673.5,672.9,673.5,1727,after-market,False
2026-07-28T23:21:00+00:00,673.39,673.75,673.31,673.75,2702,after-market,False
2026-07-28T23:22:00+00:00,673.79,674.45,673.79,674.45,7168,after-market,False
2026-07-28T23:23:00+00:00,674.45,674.63,674.31,674.31,5571,after-market,False
2026-07-28T23:24:00+00:00,674.39,674.42,674.34,674.38,1231,after-market,False
2026-07-28T23:25:00+00:00,674.38,674.39,674.15,674.15,1875,after-market,False
2026-07-28T23:26:00+00:00,674.43,674.46,674.36,674.45,228,after-market,False
2026-07-28T23:27:00+00:00,674.33,674.64,674.2,674.22,4696,after-market,False
2026-07-28T23:28:00+00:00,674.36,674.7,674.36,674.69,2088,after-market,False
2026-07-28T23:29:00+00:00,674.74,674.76,674.64,674.73,2100,after-market,False
2026-07-28T23:30:00+00:00,674.71,675.0,674.71,675.0,2176,after-market,False
2026-07-28T23:31:00+00:00,675.11,675.2,675.0,675.19,740,after-market,False
2026-07-28T23:32:00+00:00,675.1,675.5,675.04,675.14,7615,after-market,False
2026-07-28T23:33:00+00:00,675.17,675.21,675.05,675.05,2937,after-market,False
2026-07-28T23:34:00+00:00,675.05,675.14,675.0,675.04,1097,after-market,False
2026-07-28T23:35:00+00:00,674.97,675.2,674.97,675.11,3416,after-market,False
2026-07-28T23:36:00+00:00,675.05,675.09,674.91,674.91,1152,after-market,False
2026-07-28T23:37:00+00:00,674.87,674.96,674.87,674.96,248,after-market,False
2026-07-28T23:38:00+00:00,674.97,675.08,674.89,674.89,670,after-market,False
2026-07-28T23:39:00+00:00,675.01,675.05,674.88,674.89,2079,after-market,False
2026-07-28T23:40:00+00:00,674.85,675.27,674.83,675.27,919,after-market,False
2026-07-28T23:41:00+00:00,675.26,675.26,675.17,675.18,224,after-market,False
2026-07-28T23:42:00+00:00,675.23,675.3,675.0,675.0,3939,after-market,False
2026-07-28T23:43:00+00:00,675.04,675.81,675.04,675.81,1082,after-market,False
2026-07-28T23:44:00+00:00,675.78,678.0,675.77,677.85,22537,after-market,False
2026-07-28T23:45:00+00:00,677.75,677.75,677.26,677.36,5307,after-market,False
2026-07-28T23:46:00+00:00,677.59,678.0,677.4,677.94,8773,after-market,False
2026-07-28T23:47:00+00:00,677.95,678.58,677.87,678.38,10740,after-market,False
2026-07-28T23:48:00+00:00,678.34,678.5,678.27,678.38,4078,after-market,False
2026-07-28T23:49:00+00:00,678.47,679.1,678.39,678.93,12931,after-market,False
2026-07-28T23:50:00+00:00,678.93,679.71,678.93,679.55,26758,after-market,False
2026-07-28T23:51:00+00:00,679.51,679.51,679.14,679.17,8132,after-market,False
2026-07-28T23:52:00+00:00,679.18,679.19,678.0,678.78,23872,after-market,False
2026-07-28T23:53:00+00:00,678.87,679.25,678.84,678.84,7398,after-market,False
2026-07-28T23:54:00+00:00,678.82,679.44,678.75,679.44,4909,after-market,False
2026-07-28T23:55:00+00:00,679.2,679.47,679.12,679.33,4642,after-market,False
2026-07-28T23:56:00+00:00,679.37,679.5,679.29,679.35,2783,after-market,False
2026-07-28T23:57:00+00:00,679.35,679.65,679.35,679.65,4291,after-market,False
2026-07-28T23:58:00+00:00,679.66,679.73,679.54,679.73,9208,after-market,False
2026-07-28T23:59:00+00:00,679.44,679.88,679.4,679.88,10610,after-market,False
2026-07-29T08:00:00+00:00,676.2,676.41,670.13,675.23,13752,pre-market,False
2026-07-29T08:01:00+00:00,675.26,676.0,669.24,675.55,17493,pre-market,False
2026-07-29T08:02:00+00:00,675.6,675.7,669.13,669.27,46731,pre-market,False
2026-07-29T08:03:00+00:00,669.25,675.65,668.95,673.32,59417,pre-market,False
2026-07-29T08:04:00+00:00,673.08,675.91,671.27,674.41,69536,pre-market,False
2026-07-29T08:05:00+00:00,672.0,676.53,669.9,675.06,57773,pre-market,False
2026-07-29T08:06:00+00:00,675.02,675.2,672.22,675.2,666,pre-market,False
2026-07-29T08:07:00+00:00,675.24,675.35,675.18,675.21,2552,pre-market,False
2026-07-29T08:08:00+00:00,675.17,675.24,669.91,675.22,520,pre-market,False
2026-07-29T08:09:00+00:00,675.28,675.28,674.68,674.92,1567,pre-market,False
2026-07-29T08:10:00+00:00,674.89,675.18,674.83,675.18,3442,pre-market,False
2026-07-29T08:11:00+00:00,674.96,674.98,674.87,674.96,4047,pre-market,False
2026-07-29T08:12:00+00:00,674.83,674.83,674.4,674.44,4253,pre-market,False
2026-07-29T08:13:00+00:00,674.4,674.54,674.32,674.54,4425,pre-market,False
2026-07-29T08:14:00+00:00,674.38,674.38,674.18,674.26,6137,pre-market,False
2026-07-29T08:15:00+00:00,674.14,674.29,674.1,674.22,1060,pre-market,False
2026-07-29T08:16:00+00:00,674.2,674.5,674.07,674.31,8018,pre-market,False
2026-07-29T08:17:00+00:00,674.35,674.55,674.35,674.4,2529,pre-market,False
2026-07-29T08:18:00+00:00,674.63,674.64,674.48,674.51,1217,pre-market,False
2026-07-29T08:19:00+00:00,674.51,674.68,674.32,674.32,1383,pre-market,False
2026-07-29T08:20:00+00:00,674.21,674.36,674.18,674.28,1093,pre-market,False
2026-07-29T08:21:00+00:00,674.27,674.29,674.19,674.28,2934,pre-market,False
2026-07-29T08:22:00+00:00,674.29,674.41,674.25,674.34,530,pre-market,False
2026-07-29T08:23:00+00:00,674.17,674.18,673.82,673.94,1862,pre-market,False
2026-07-29T08:24:00+00:00,673.89,673.89,673.43,673.47,2062,pre-market,False
2026-07-29T08:25:00+00:00,673.49,673.63,673.48,673.48,1344,pre-market,False
2026-07-29T08:26:00+00:00,673.39,673.39,673.26,673.38,1827,pre-market,False
2026-07-29T08:27:00+00:00,673.32,673.65,673.25,673.65,6080,pre-market,False
2026-07-29T08:28:00+00:00,673.65,673.66,673.53,673.53,890,pre-market,False
2026-07-29T08:29:00+00:00,673.45,673.45,673.44,673.45,300,pre-market,False
2026-07-29T08:30:00+00:00,673.7,674.19,673.46,674.11,1333,pre-market,False
2026-07-29T08:31:00+00:00,674.15,674.77,674.15,674.77,3932,pre-market,False
2026-07-29T08:32:00+00:00,674.91,675.24,674.91,675.19,14666,pre-market,False
2026-07-29T08:33:00+00:00,675.18,675.26,675.03,675.15,2075,pre-market,False
2026-07-29T08:34:00+00:00,675.15,675.15,675.01,675.05,1460,pre-market,False
2026-07-29T08:35:00+00:00,675.04,675.25,674.91,674.91,1770,pre-market,False
2026-07-29T08:36:00+00:00,675.03,675.3,675.0,675.3,3744,pre-market,False
2026-07-29T08:37:00+00:00,675.11,675.25,675.01,675.09,3989,pre-market,False
2026-07-29T08:38:00+00:00,675.07,675.18,675.05,675.18,880,pre-market,False
2026-07-29T08:39:00+00:00,674.8,674.8,674.8,674.8,370,pre-market,False
2026-07-29T08:40:00+00:00,674.75,675.0,674.75,674.99,1417,pre-market,False
2026-07-29T08:41:00+00:00,675.0,675.04,674.94,674.94,1180,pre-market,False
2026-07-29T08:42:00+00:00,675.14,675.24,675.13,675.24,1470,pre-market,False
2026-07-29T08:43:00+00:00,675.4,675.72,675.4,675.61,640,pre-market,False
2026-07-29T08:44:00+00:00,675.79,675.79,675.66,675.76,3425,pre-market,False
2026-07-29T08:45:00+00:00,675.7,675.87,675.61,675.84,3939,pre-market,False
2026-07-29T08:46:00+00:00,675.8,676.08,675.8,676.08,3001,pre-market,False
2026-07-29T08:47:00+00:00,676.01,676.04,675.79,675.88,2577,pre-market,False
2026-07-29T08:48:00+00:00,675.57,675.57,675.57,675.57,120,pre-market,False
2026-07-29T08:49:00+00:00,675.49,675.75,675.49,675.75,1177,pre-market,False
2026-07-29T08:50:00+00:00,675.88,676.04,675.88,676.04,255,pre-market,False
2026-07-29T08:51:00+00:00,675.97,675.97,675.78,675.79,400,pre-market,False
2026-07-29T08:52:00+00:00,675.79,675.79,675.79,675.79,45,pre-market,False
2026-07-29T08:53:00+00:00,675.65,675.7,675.62,675.7,439,pre-market,False
2026-07-29T08:54:00+00:00,675.55,675.55,675.12,675.12,1158,pre-market,False
2026-07-29T08:55:00+00:00,675.34,675.42,675.33,675.42,341,pre-market,False
2026-07-29T08:56:00+00:00,675.43,675.44,675.34,675.34,2278,pre-market,False
2026-07-29T08:57:00+00:00,675.45,675.45,675.26,675.3,458,pre-market,False
2026-07-29T08:58:00+00:00,675.28,675.28,675.19,675.2,250,pre-market,False
2026-07-29T08:59:00+00:00,675.13,675.13,675.05,675.1,522,pre-market,False
2026-07-29T09:00:00+00:00,675.43,675.43,675.14,675.26,1302,pre-market,False
2026-07-29T09:01:00+00:00,675.55,675.6,675.55,675.6,1582,pre-market,False
2026-07-29T09:02:00+00:00,675.87,675.88,675.8,675.82,578,pre-market,False
2026-07-29T09:03:00+00:00,675.5,676.15,675.5,676.15,726,pre-market,False
2026-07-29T09:04:00+00:00,676.12,676.15,676.03,676.03,1572,pre-market,False
2026-07-29T09:05:00+00:00,676.09,676.09,675.92,675.93,1801,pre-market,False
2026-07-29T09:06:00+00:00,676.28,676.44,676.21,676.34,3917,pre-market,False
2026-07-29T09:07:00+00:00,676.3,676.3,676.07,676.17,610,pre-market,False
2026-07-29T09:08:00+00:00,676.21,676.3,676.08,676.29,1920,pre-market,False
2026-07-29T09:09:00+00:00,676.41,676.72,676.41,676.72,2745,pre-market,False
2026-07-29T09:10:00+00:00,676.72,676.73,676.5,676.5,2111,pre-market,False
2026-07-29T09:11:00+00:00,676.45,676.58,676.41,676.58,2190,pre-market,False
2026-07-29T09:12:00+00:00,676.6,676.85,676.6,676.69,6843,pre-market,False
2026-07-29T09:13:00+00:00,676.69,676.9,676.69,676.7,3042,pre-market,False
2026-07-29T09:14:00+00:00,676.75,677.0,676.75,677.0,3861,pre-market,False
2026-07-29T09:15:00+00:00,676.97,677.0,676.86,676.98,3911,pre-market,False
2026-07-29T09:16:00+00:00,676.99,676.99,676.56,676.56,3671,pre-market,False
2026-07-29T09:17:00+00:00,676.7,676.77,676.36,676.36,8713,pre-market,False
2026-07-29T09:18:00+00:00,676.42,677.0,676.42,677.0,1469,pre-market,False
2026-07-29T09:19:00+00:00,676.92,676.99,676.71,676.71,2313,pre-market,False
2026-07-29T09:20:00+00:00,676.73,676.73,676.53,676.72,1835,pre-market,False
2026-07-29T09:21:00+00:00,676.71,676.8,676.69,676.69,1013,pre-market,False
2026-07-29T09:22:00+00:00,676.9,677.1,675.05,677.1,65375,pre-market,False
2026-07-29T09:23:00+00:00,677.01,677.07,675.05,676.6,76040,pre-market,False
2026-07-29T09:24:00+00:00,676.68,676.73,676.52,676.73,2108,pre-market,False
2026-07-29T09:25:00+00:00,676.82,677.22,676.75,677.2,2420,pre-market,False
2026-07-29T09:26:00+00:00,677.2,677.2,677.2,677.2,0,pre-market,False
2026-07-29T09:27:00+00:00,676.91,676.91,676.8,676.8,1962,pre-market,False
2026-07-29T09:28:00+00:00,676.8,676.94,676.74,676.74,3230,pre-market,False
2026-07-29T09:29:00+00:00,676.74,676.74,676.74,676.74,0,pre-market,False
2026-07-29T09:30:00+00:00,677.1,677.1,677.01,677.02,1511,pre-market,False
2026-07-29T09:31:00+00:00,676.94,676.98,676.94,676.98,1350,pre-market,False
2026-07-29T09:32:00+00:00,676.87,676.93,676.84,676.93,1466,pre-market,False
2026-07-29T09:33:00+00:00,676.8,676.8,676.52,676.52,499,pre-market,False
2026-07-29T09:34:00+00:00,676.73,676.96,676.73,676.79,1043,pre-market,False
2026-07-29T09:35:00+00:00,676.91,676.93,676.73,676.73,3518,pre-market,False
2026-07-29T09:36:00+00:00,677.0,677.04,676.75,676.82,1899,pre-market,False
2026-07-29T09:37:00+00:00,676.85,677.03,676.82,677.03,1558,pre-market,False
2026-07-29T09:38:00+00:00,677.1,677.39,677.08,677.39,1960,pre-market,False
2026-07-29T09:39:00+00:00,677.4,677.4,677.06,677.06,2191,pre-market,False
2026-07-29T09:40:00+00:00,677.32,677.4,677.32,677.4,415,pre-market,False
2026-07-29T09:41:00+00:00,677.38,677.55,677.33,677.55,861,pre-market,False
2026-07-29T09:42:00+00:00,677.56,677.58,677.54,677.58,168,pre-market,False
2026-07-29T09:43:00+00:00,677.7,677.82,677.56,677.56,2769,pre-market,False
2026-07-29T09:44:00+00:00,677.46,677.6,677.45,677.6,457,pre-market,False
2026-07-29T09:45:00+00:00,677.56,677.85,677.56,677.85,215,pre-market,False
2026-07-29T09:46:00+00:00,677.84,677.93,677.75,677.89,1205,pre-market,False
2026-07-29T09:47:00+00:00,677.87,678.04,677.77,678.02,4169,pre-market,False
2026-07-29T09:48:00+00:00,678.07,678.13,678.03,678.03,1538,pre-market,False
2026-07-29T09:49:00+00:00,678.28,678.44,678.21,678.43,1745,pre-market,False
2026-07-29T09:50:00+00:00,678.41,678.69,678.4,678.58,2789,pre-market,False
2026-07-29T09:51:00+00:00,678.67,678.8,678.67,678.8,760,pre-market,False
2026-07-29T09:52:00+00:00,678.79,678.98,678.79,678.85,2969,pre-market,False
2026-07-29T09:53:00+00:00,678.82,678.82,678.62,678.62,496,pre-market,False
2026-07-29T09:54:00+00:00,678.52,678.61,678.45,678.54,3631,pre-market,False
2026-07-29T09:55:00+00:00,678.29,678.29,678.0,678.05,8875,pre-market,False
2026-07-29T09:56:00+00:00,678.0,678.0,677.84,677.84,865,pre-market,False
2026-07-29T09:57:00+00:00,677.81,678.2,677.81,678.2,1040,pre-market,False
2026-07-29T09:58:00+00:00,678.05,678.14,678.0,678.01,4086,pre-market,False
2026-07-29T09:59:00+00:00,678.1,678.12,678.02,678.03,1046,pre-market,False
2026-07-29T10:00:00+00:00,678.03,678.03,677.85,677.86,680,pre-market,False
2026-07-29T10:01:00+00:00,677.92,677.98,677.9,677.98,1933,pre-market,False
2026-07-29T10:02:00+00:00,678.09,678.09,677.96,677.96,2815,pre-market,False
2026-07-29T10:03:00+00:00,678.19,678.19,678.05,678.09,1617,pre-market,False
2026-07-29T10:04:00+00:00,678.17,678.22,678.0,678.22,2480,pre-market,False
2026-07-29T10:05:00+00:00,678.46,678.46,678.14,678.21,1933,pre-market,False
2026-07-29T10:06:00+00:00,678.42,678.42,677.84,677.84,5585,pre-market,False
2026-07-29T10:07:00+00:00,677.84,678.01,677.68,678.01,8381,pre-market,False
2026-07-29T10:08:00+00:00,678.01,678.01,678.01,678.01,0,pre-market,False
2026-07-29T10:09:00+00:00,678.01,678.02,677.93,677.93,2349,pre-market,False
2026-07-29T10:10:00+00:00,678.23,678.23,678.18,678.19,157,pre-market,False
2026-07-29T10:11:00+00:00,677.95,677.95,677.77,677.91,5797,pre-market,False
2026-07-29T10:12:00+00:00,677.87,677.87,677.86,677.86,200,pre-market,False
2026-07-29T10:13:00+00:00,677.92,677.92,677.68,677.78,2950,pre-market,False
2026-07-29T10:14:00+00:00,677.77,677.83,677.68,677.78,1502,pre-market,False
2026-07-29T10:15:00+00:00,677.8,677.96,677.8,677.96,728,pre-market,False
2026-07-29T10:16:00+00:00,677.92,678.0,677.9,677.91,1492,pre-market,False
2026-07-29T10:17:00+00:00,677.96,677.98,677.96,677.97,1130,pre-market,False
2026-07-29T10:18:00+00:00,677.98,678.12,677.98,678.01,2043,pre-market,False
2026-07-29T10:19:00+00:00,678.01,678.01,677.88,677.89,2038,pre-market,False
2026-07-29T10:20:00+00:00,677.89,678.0,677.8,677.85,6094,pre-market,False
2026-07-29T10:21:00+00:00,677.9,677.9,677.9,677.9,50,pre-market,False
2026-07-29T10:22:00+00:00,677.86,677.88,677.81,677.81,2167,pre-market,False
2026-07-29T10:23:00+00:00,677.97,677.98,677.87,677.87,462,pre-market,False
2026-07-29T10:24:00+00:00,677.86,677.86,677.7,677.7,625,pre-market,False
2026-07-29T10:25:00+00:00,677.67,677.68,677.34,677.34,4139,pre-market,False
2026-07-29T10:26:00+00:00,677.4,677.43,677.29,677.37,4830,pre-market,False
2026-07-29T10:27:00+00:00,677.32,677.58,677.26,677.58,2347,pre-market,False
2026-07-29T10:28:00+00:00,677.46,677.46,677.46,677.46,182,pre-market,False
2026-07-29T10:29:00+00:00,677.6,677.95,677.58,677.95,5669,pre-market,False
2026-07-29T10:30:00+00:00,678.0,678.01,677.44,677.44,3509,pre-market,False
2026-07-29T10:31:00+00:00,677.29,677.32,677.25,677.26,868,pre-market,False
2026-07-29T10:32:00+00:00,677.13,677.14,677.01,677.13,2731,pre-market,False
2026-07-29T10:33:00+00:00,677.2,677.32,677.11,677.17,2719,pre-market,False
2026-07-29T10:34:00+00:00,677.31,677.31,677.05,677.05,1514,pre-market,False
2026-07-29T10:35:00+00:00,677.04,677.06,677.0,677.05,4055,pre-market,False
2026-07-29T10:36:00+00:00,677.07,677.08,676.98,677.01,5881,pre-market,False
2026-07-29T10:37:00+00:00,676.94,676.95,676.74,676.74,3208,pre-market,False
2026-07-29T10:38:00+00:00,676.84,676.93,676.49,676.5,4527,pre-market,False
2026-07-29T10:39:00+00:00,676.75,676.79,676.63,676.68,5381,pre-market,False
2026-07-29T10:40:00+00:00,676.62,676.69,676.56,676.63,1448,pre-market,False
2026-07-29T10:41:00+00:00,676.73,677.19,676.73,677.19,1034,pre-market,False
2026-07-29T10:42:00+00:00,676.89,677.0,676.89,677.0,1167,pre-market,False
2026-07-29T10:43:00+00:00,676.71,676.72,676.71,676.71,620,pre-market,False
2026-07-29T10:44:00+00:00,676.69,676.8,676.66,676.8,2423,pre-market,False
2026-07-29T10:45:00+00:00,676.74,676.75,676.6,676.62,2775,pre-market,False
2026-07-29T10:46:00+00:00,676.6,676.6,676.4,676.47,4602,pre-market,False
2026-07-29T10:47:00+00:00,676.58,676.64,676.4,676.41,2059,pre-market,False
2026-07-29T10:48:00+00:00,676.35,676.71,676.32,676.71,180,pre-market,False
2026-07-29T10:49:00+00:00,676.68,676.68,676.5,676.5,3640,pre-market,False
2026-07-29T10:50:00+00:00,676.43,676.57,676.43,676.55,673,pre-market,False
2026-07-29T10:51:00+00:00,676.68,676.79,676.24,676.24,2667,pre-market,False
2026-07-29T10:52:00+00:00,676.21,676.24,676.0,676.08,4304,pre-market,False
2026-07-29T10:53:00+00:00,676.12,676.21,675.92,676.18,3720,pre-market,False
2026-07-29T10:54:00+00:00,676.21,676.21,676.1,676.18,4103,pre-market,False
2026-07-29T10:55:00+00:00,676.11,676.17,676.08,676.15,1590,pre-market,False
2026-07-29T10:56:00+00:00,676.19,676.43,676.17,676.43,1364,pre-market,False
2026-07-29T10:57:00+00:00,676.5,676.5,676.33,676.35,1910,pre-market,False
2026-07-29T10:58:00+00:00,676.35,676.35,676.26,676.28,980,pre-market,False
2026-07-29T10:59:00+00:00,676.37,676.38,676.15,676.15,700,pre-market,False
2026-07-29T11:00:00+00:00,676.38,676.93,676.22,676.92,5569,pre-market,False
2026-07-29T11:01:00+00:00,676.9,677.0,676.86,677.0,20900,pre-market,False
2026-07-29T11:02:00+00:00,676.92,677.04,676.86,676.97,2161,pre-market,False
2026-07-29T11:03:00+00:00,676.98,677.05,676.94,677.05,1490,pre-market,False
2026-07-29T11:04:00+00:00,676.99,677.03,676.61,676.61,1122,pre-market,False
2026-07-29T11:05:00+00:00,676.78,676.8,676.6,676.74,1353,pre-market,False
2026-07-29T11:06:00+00:00,676.68,676.68,676.01,676.3,1832,pre-market,False
2026-07-29T11:07:00+00:00,676.52,676.84,676.5,676.74,3769,pre-market,False
2026-07-29T11:08:00+00:00,676.99,677.19,676.99,677.19,1489,pre-market,False
2026-07-29T11:09:00+00:00,677.15,677.39,677.09,677.32,8863,pre-market,False
2026-07-29T11:10:00+00:00,677.31,677.58,677.27,677.58,1273,pre-market,False
2026-07-29T11:11:00+00:00,677.55,677.57,677.43,677.56,2352,pre-market,False
2026-07-29T11:12:00+00:00,677.5,677.56,677.4,677.41,1843,pre-market,False
2026-07-29T11:13:00+00:00,677.42,677.65,677.42,677.6,3181,pre-market,False
2026-07-29T11:14:00+00:00,677.56,677.63,677.22,677.22,1625,pre-market,False
2026-07-29T11:15:00+00:00,677.36,677.63,677.36,677.63,228,pre-market,False
2026-07-29T11:16:00+00:00,677.47,677.47,677.34,677.4,2460,pre-market,False
2026-07-29T11:17:00+00:00,677.41,677.59,677.2,677.59,2563,pre-market,False
2026-07-29T11:18:00+00:00,677.67,677.85,677.67,677.79,2451,pre-market,False
2026-07-29T11:19:00+00:00,677.74,677.9,677.71,677.76,2940,pre-market,False
2026-07-29T11:20:00+00:00,677.8,678.04,677.8,677.93,3526,pre-market,False
2026-07-29T11:21:00+00:00,677.99,678.07,677.92,677.92,910,pre-market,False
2026-07-29T11:22:00+00:00,678.08,678.08,677.76,677.81,3637,pre-market,False
2026-07-29T11:23:00+00:00,677.75,678.0,677.7,677.96,5563,pre-market,False
2026-07-29T11:24:00+00:00,677.89,677.89,677.66,677.66,3291,pre-market,False
2026-07-29T11:25:00+00:00,677.63,677.77,677.6,677.66,6770,pre-market,False
2026-07-29T11:26:00+00:00,677.74,677.9,677.73,677.9,4685,pre-market,False
2026-07-29T11:27:00+00:00,677.81,678.07,677.81,678.07,2707,pre-market,False
2026-07-29T11:28:00+00:00,678.0,678.0,677.91,677.97,307,pre-market,False
2026-07-29T11:29:00+00:00,678.09,678.09,677.59,677.59,1519,pre-market,False
2026-07-29T11:30:00+00:00,677.54,677.54,677.41,677.5,930,pre-market,False
2026-07-29T11:31:00+00:00,677.71,677.71,677.67,677.69,904,pre-market,False
2026-07-29T11:32:00+00:00,677.62,677.62,677.1,677.11,7027,pre-market,False
2026-07-29T11:33:00+00:00,677.1,677.17,677.05,677.15,5367,pre-market,False
2026-07-29T11:34:00+00:00,677.21,677.24,677.13,677.22,1730,pre-market,False
2026-07-29T11:35:00+00:00,677.11,677.18,677.0,677.0,3468,pre-market,False
2026-07-29T11:36:00+00:00,677.11,677.12,676.99,676.99,1628,pre-market,False
2026-07-29T11:37:00+00:00,677.1,677.1,676.96,677.0,833,pre-market,False
2026-07-29T11:38:00+00:00,676.9,676.94,676.9,676.94,470,pre-market,False
2026-07-29T11:39:00+00:00,676.9,676.9,676.69,676.8,1578,pre-market,False
2026-07-29T11:40:00+00:00,676.76,676.96,676.76,676.96,1858,pre-market,False
2026-07-29T11:41:00+00:00,676.76,676.79,676.75,676.79,140,pre-market,False
2026-07-29T11:42:00+00:00,676.8,677.04,676.8,676.95,252,pre-market,False
2026-07-29T11:43:00+00:00,676.96,676.96,676.86,676.88,2230,pre-market,False
2026-07-29T11:44:00+00:00,676.88,676.88,676.8,676.8,5762,pre-market,False
2026-07-29T11:45:00+00:00,676.78,676.8,676.68,676.74,369,pre-market,False
2026-07-29T11:46:00+00:00,676.81,676.81,676.59,676.6,460,pre-market,False
2026-07-29T11:47:00+00:00,676.64,677.1,676.64,677.1,3850,pre-market,False
2026-07-29T11:48:00+00:00,677.05,677.33,677.03,677.3,3933,pre-market,False
2026-07-29T11:49:00+00:00,677.29,677.37,677.25,677.25,1534,pre-market,False
2026-07-29T11:50:00+00:00,677.28,677.28,677.18,677.18,3568,pre-market,False
2026-07-29T11:51:00+00:00,676.94,677.02,676.91,677.01,1522,pre-market,False
2026-07-29T11:52:00+00:00,677.24,677.24,676.85,676.85,207,pre-market,False
2026-07-29T11:53:00+00:00,676.73,676.74,676.62,676.63,1025,pre-market,False
2026-07-29T11:54:00+00:00,676.76,676.76,676.76,676.76,50,pre-market,False
2026-07-29T11:55:00+00:00,676.55,677.07,676.55,677.07,3851,pre-market,False
2026-07-29T11:56:00+00:00,677.13,677.33,677.13,677.33,1349,pre-market,False
2026-07-29T11:57:00+00:00,677.21,677.29,677.17,677.17,1059,pre-market,False
2026-07-29T11:58:00+00:00,677.33,677.33,677.2,677.2,300,pre-market,False
2026-07-29T11:59:00+00:00,677.45,677.61,677.4,677.61,4268,pre-market,False
2026-07-29T12:00:00+00:00,677.6,677.65,677.38,677.41,2724,pre-market,False
2026-07-29T12:01:00+00:00,677.35,677.49,677.35,677.44,2064,pre-market,False
2026-07-29T12:02:00+00:00,677.51,677.51,677.18,677.18,3060,pre-market,False
2026-07-29T12:03:00+00:00,677.15,677.15,677.05,677.08,903,pre-market,False
2026-07-29T12:04:00+00:00,677.31,677.31,677.2,677.2,1264,pre-market,False
2026-07-29T12:05:00+00:00,677.15,677.44,677.12,677.44,1631,pre-market,False
2026-07-29T12:06:00+00:00,677.35,677.7,677.11,677.11,3207,pre-market,False
2026-07-29T12:07:00+00:00,677.02,677.09,676.92,676.94,5869,pre-market,False
2026-07-29T12:08:00+00:00,676.76,676.76,676.37,676.52,15142,pre-market,False
2026-07-29T12:09:00+00:00,676.64,676.66,676.46,676.61,3707,pre-market,False
2026-07-29T12:10:00+00:00,676.58,676.76,676.46,676.74,2567,pre-market,False
2026-07-29T12:11:00+00:00,676.75,676.92,676.75,676.92,3215,pre-market,False
2026-07-29T12:12:00+00:00,676.93,677.0,676.66,676.66,6179,pre-market,False
2026-07-29T12:13:00+00:00,676.74,676.81,676.68,676.8,6374,pre-market,False
2026-07-29T12:14:00+00:00,676.65,676.65,676.01,676.14,8599,pre-market,False
2026-07-29T12:15:00+00:00,676.22,676.3,675.9,676.06,4166,pre-market,False
2026-07-29T12:16:00+00:00,676.14,676.14,674.79,674.83,27105,pre-market,False
2026-07-29T12:17:00+00:00,674.79,675.1,674.45,675.1,24481,pre-market,False
2026-07-29T12:18:00+00:00,675.23,675.24,674.68,675.08,36831,pre-market,False
2026-07-29T12:19:00+00:00,675.07,675.14,674.73,674.97,26274,pre-market,False
2026-07-29T12:20:00+00:00,674.88,674.99,674.8,674.88,13679,pre-market,False
2026-07-29T12:21:00+00:00,674.96,675.16,674.51,674.52,6863,pre-market,False
2026-07-29T12:22:00+00:00,674.6,674.6,673.99,674.48,24211,pre-market,False
2026-07-29T12:23:00+00:00,674.47,674.9,674.45,674.88,5765,pre-market,False
2026-07-29T12:24:00+00:00,674.94,674.97,674.4,674.41,4159,pre-market,False
2026-07-29T12:25:00+00:00,674.39,674.97,674.38,674.96,1787,pre-market,False
2026-07-29T12:26:00+00:00,675.01,675.08,674.9,674.91,1330,pre-market,False
2026-07-29T12:27:00+00:00,674.94,675.14,674.8,674.8,4120,pre-market,False
2026-07-29T12:28:00+00:00,674.81,674.94,674.8,674.94,952,pre-market,False
2026-07-29T12:29:00+00:00,675.0,675.17,674.64,674.64,3293,pre-market,False
2026-07-29T12:30:00+00:00,674.36,674.4,673.81,674.34,5025,pre-market,False
2026-07-29T12:31:00+00:00,674.4,674.44,674.2,674.21,4249,pre-market,False
2026-07-29T12:32:00+00:00,674.34,674.61,674.29,674.39,5032,pre-market,False
2026-07-29T12:33:00+00:00,674.37,674.41,674.17,674.25,6432,pre-market,False
2026-07-29T12:34:00+00:00,674.3,674.8,674.27,674.8,5312,pre-market,False
2026-07-29T12:35:00+00:00,674.85,674.88,674.73,674.88,3269,pre-market,False
2026-07-29T12:36:00+00:00,674.68,674.87,674.46,674.46,11739,pre-market,False
2026-07-29T12:37:00+00:00,674.5,674.7,674.5,674.7,1031,pre-market,False
2026-07-29T12:38:00+00:00,674.75,674.9,674.6,674.6,3643,pre-market,False
2026-07-29T12:39:00+00:00,674.76,674.85,674.64,674.85,5681,pre-market,False
2026-07-29T12:40:00+00:00,674.8,674.85,674.7,674.85,7476,pre-market,False
2026-07-29T12:41:00+00:00,674.85,675.3,674.83,675.27,6666,pre-market,False
2026-07-29T12:42:00+00:00,675.26,675.43,675.2,675.2,7228,pre-market,False
2026-07-29T12:43:00+00:00,675.28,675.38,675.25,675.38,7743,pre-market,False
2026-07-29T12:44:00+00:00,675.3,675.61,675.3,675.4,4547,pre-market,False
2026-07-29T12:45:00+00:00,675.42,675.55,675.33,675.38,6789,pre-market,False
2026-07-29T12:46:00+00:00,675.41,675.54,675.34,675.52,7927,pre-market,False
2026-07-29T12:47:00+00:00,675.47,675.5,675.3,675.36,2195,pre-market,False
2026-07-29T12:48:00+00:00,675.36,675.68,675.33,675.61,2910,pre-market,False
2026-07-29T12:49:00+00:00,675.75,675.8,675.59,675.71,2746,pre-market,False
2026-07-29T12:50:00+00:00,675.8,675.8,675.67,675.77,2208,pre-market,False
2026-07-29T12:51:00+00:00,675.83,675.83,675.5,675.62,3392,pre-market,False
2026-07-29T12:52:00+00:00,675.6,675.75,675.54,675.59,3031,pre-market,False
2026-07-29T12:53:00+00:00,675.62,675.73,675.48,675.48,1231,pre-market,False
2026-07-29T12:54:00+00:00,675.5,675.83,675.45,675.74,4173,pre-market,False
2026-07-29T12:55:00+00:00,675.81,675.82,675.65,675.71,5280,pre-market,False
2026-07-29T12:56:00+00:00,675.85,675.89,675.61,675.67,2939,pre-market,False
2026-07-29T12:57:00+00:00,675.61,675.64,675.43,675.43,864,pre-market,False
2026-07-29T12:58:00+00:00,675.35,675.44,675.23,675.24,15284,pre-market,False
2026-07-29T12:59:00+00:00,675.25,675.37,675.23,675.33,1041,pre-market,False
2026-07-29T13:00:00+00:00,675.32,675.43,675.21,675.32,4507,pre-market,False
2026-07-29T13:01:00+00:00,675.31,675.47,675.25,675.4,5197,pre-market,False
2026-07-29T13:02:00+00:00,675.36,675.5,675.25,675.25,5174,pre-market,False
2026-07-29T13:03:00+00:00,675.2,675.2,674.85,674.86,11119,pre-market,False
2026-07-29T13:04:00+00:00,674.86,674.86,674.65,674.73,2755,pre-market,False
2026-07-29T13:05:00+00:00,674.73,674.81,674.55,674.61,10181,pre-market,False
2026-07-29T13:06:00+00:00,674.74,675.05,674.46,674.46,3941,pre-market,False
2026-07-29T13:07:00+00:00,674.58,674.91,674.58,674.89,1342,pre-market,False
2026-07-29T13:08:00+00:00,674.85,674.9,674.81,674.82,308,pre-market,False
2026-07-29T13:09:00+00:00,674.94,675.0,674.93,674.93,701,pre-market,False
2026-07-29T13:10:00+00:00,675.0,675.01,674.92,674.94,1230,pre-market,False
2026-07-29T13:11:00+00:00,674.84,674.84,674.63,674.77,475,pre-market,False
2026-07-29T13:12:00+00:00,674.74,674.78,674.62,674.78,1568,pre-market,False
2026-07-29T13:13:00+00:00,674.69,674.7,674.61,674.61,1302,pre-market,False
2026-07-29T13:14:00+00:00,674.63,674.71,674.46,674.5,9261,pre-market,False
2026-07-29T13:15:00+00:00,674.4,674.69,674.4,674.61,2111,pre-market,False
2026-07-29T13:16:00+00:00,674.67,674.78,674.47,674.61,2019,pre-market,False
2026-07-29T13:17:00+00:00,674.64,674.65,674.37,674.44,25853,pre-market,False
2026-07-29T13:18:00+00:00,674.42,674.42,674.27,674.34,11055,pre-market,False
2026-07-29T13:19:00+00:00,674.29,674.48,674.29,674.4,4807,pre-market,False
2026-07-29T13:20:00+00:00,674.31,674.45,674.11,674.29,20384,pre-market,False
2026-07-29T13:21:00+00:00,674.33,674.77,674.33,674.7,2660,pre-market,False
2026-07-29T13:22:00+00:00,674.77,674.99,674.77,674.85,4830,pre-market,False
2026-07-29T13:23:00+00:00,674.71,674.95,674.69,674.86,5692,pre-market,False
2026-07-29T13:24:00+00:00,674.94,675.0,674.8,674.99,5667,pre-market,False
2026-07-29T13:25:00+00:00,674.99,675.4,674.77,675.4,23998,pre-market,False
2026-07-29T13:26:00+00:00,675.4,675.8,675.35,675.8,9903,pre-market,False
2026-07-29T13:27:00+00:00,675.9,676.1,675.38,675.52,24264,pre-market,False
2026-07-29T13:28:00+00:00,675.51,675.74,675.42,675.65,22423,pre-market,False
2026-07-29T13:29:00+00:00,675.62,675.74,675.31,675.49,13732,pre-market,False
2026-07-29T13:30:00+00:00,675.51,676.31,674.28,674.36,400526,regular,False
2026-07-29T13:31:00+00:00,674.43,675.0,673.62,673.89,169620,regular,False
2026-07-29T13:32:00+00:00,674.02,675.32,673.62,675.21,130165,regular,False
2026-07-29T13:33:00+00:00,675.26,676.62,674.99,676.62,202163,regular,False
2026-07-29T13:34:00+00:00,676.62,677.16,676.5,676.56,160060,regular,False
2026-07-29T13:36:00+00:00,677.03,677.05,675.78,676.0,89789,regular,False
2026-07-29T13:37:00+00:00,675.94,675.97,674.71,675.32,112411,regular,False
2026-07-29T13:38:00+00:00,675.41,676.08,674.54,674.62,150799,regular,False
2026-07-29T13:39:00+00:00,674.54,675.03,674.31,674.86,106323,regular,False
2026-07-29T13:40:00+00:00,674.98,675.35,674.15,675.0,103960,regular,False
2026-07-29T13:41:00+00:00,675.02,675.31,674.51,675.08,105227,regular,False
2026-07-29T13:42:00+00:00,675.11,675.26,674.59,674.78,72396,regular,False
2026-07-29T13:43:00+00:00,674.76,675.12,674.37,674.51,55456,regular,False
2026-07-29T13:44:00+00:00,674.59,675.68,674.59,675.56,119304,regular,False
2026-07-29T13:45:00+00:00,675.56,676.3,675.06,675.45,136263,regular,False
2026-07-29T13:46:00+00:00,675.44,675.73,674.31,674.45,93152,regular,False
2026-07-29T13:47:00+00:00,674.51,674.63,673.16,673.67,170082,regular,False
2026-07-29T13:48:00+00:00,673.75,674.29,673.47,673.67,83115,regular,False
2026-07-29T13:49:00+00:00,673.67,674.1,673.2,673.97,79011,regular,False
2026-07-29T13:50:00+00:00,673.97,674.09,672.57,672.73,142905,regular,False
2026-07-29T13:51:00+00:00,672.66,672.67,671.76,671.82,139692,regular,False
2026-07-29T13:52:00+00:00,671.79,671.9,670.87,671.21,197833,regular,False
2026-07-29T13:53:00+00:00,671.23,672.11,670.87,672.07,124437,regular,False
2026-07-29T13:54:00+00:00,672.06,672.28,671.32,671.65,114258,regular,False
2026-07-29T13:55:00+00:00,671.59,671.61,670.33,670.71,108433,regular,False
2026-07-29T13:56:00+00:00,670.68,670.73,669.97,670.07,100084,regular,False
2026-07-29T13:57:00+00:00,670.04,670.46,669.56,670.39,127523,regular,False
2026-07-29T13:58:00+00:00,670.39,671.14,670.34,671.12,114368,regular,False
2026-07-29T13:59:00+00:00,671.07,671.49,670.56,671.19,93435,regular,False
2026-07-29T14:00:00+00:00,671.19,672.05,671.18,671.64,166185,regular,False
2026-07-29T14:01:00+00:00,671.66,672.14,671.3,671.53,92229,regular,False
2026-07-29T14:02:00+00:00,671.55,672.48,671.52,672.14,93581,regular,False
2026-07-29T14:03:00+00:00,672.07,672.5,671.76,671.76,81525,regular,False
2026-07-29T14:04:00+00:00,671.76,672.49,671.61,672.46,100669,regular,False
2026-07-29T14:05:00+00:00,672.47,673.4,672.47,672.63,104270,regular,False
2026-07-29T14:06:00+00:00,672.63,672.95,671.65,671.76,82608,regular,False
2026-07-29T14:07:00+00:00,671.72,671.73,670.8,671.68,84707,regular,False
2026-07-29T14:08:00+00:00,671.6,671.77,670.95,671.39,53456,regular,False
2026-07-29T14:09:00+00:00,671.35,671.66,670.95,671.02,36556,regular,False
2026-07-29T14:10:00+00:00,670.89,671.0,670.37,670.85,113411,regular,False
2026-07-29T14:11:00+00:00,670.89,671.43,670.69,671.14,132989,regular,False
2026-07-29T14:12:00+00:00,671.07,671.46,669.45,669.63,132992,regular,False
2026-07-29T14:13:00+00:00,669.56,669.56,668.95,669.38,125963,regular,False
2026-07-29T14:14:00+00:00,669.37,669.46,668.82,669.12,45008,regular,False
2026-07-29T14:15:00+00:00,669.14,669.87,669.04,669.54,113817,regular,False
2026-07-29T14:16:00+00:00,669.45,669.92,669.12,669.62,56221,regular,False
2026-07-29T14:17:00+00:00,669.61,669.84,669.0,669.22,64230,regular,False
2026-07-29T14:18:00+00:00,669.23,670.12,669.21,669.77,73135,regular,False
2026-07-29T14:19:00+00:00,669.78,669.97,669.3,669.48,86515,regular,False
2026-07-29T14:20:00+00:00,669.49,670.01,669.15,669.7,77649,regular,False
2026-07-29T14:21:00+00:00,669.74,670.33,669.53,670.1,135251,regular,False
2026-07-29T14:22:00+00:00,670.1,670.26,669.8,670.08,83065,regular,False
2026-07-29T14:23:00+00:00,670.03,670.14,669.28,669.31,47783,regular,False
2026-07-29T14:24:00+00:00,669.31,669.37,668.11,668.46,107753,regular,False
2026-07-29T14:25:00+00:00,668.45,668.52,667.33,667.36,109929,regular,False
2026-07-29T14:26:00+00:00,667.36,667.4,666.48,666.92,188444,regular,False
2026-07-29T14:27:00+00:00,666.95,667.09,666.51,666.96,77529,regular,False
2026-07-29T14:28:00+00:00,666.98,667.42,666.89,667.33,80688,regular,False
2026-07-29T14:29:00+00:00,667.36,667.73,667.13,667.28,91798,regular,False
2026-07-29T14:30:00+00:00,667.27,668.05,667.19,667.95,86872,regular,False
2026-07-29T14:31:00+00:00,668.0,668.26,667.71,668.1,143755,regular,False
2026-07-29T14:32:00+00:00,668.1,668.88,668.04,668.79,119201,regular,False
2026-07-29T14:33:00+00:00,668.78,669.2,668.56,668.65,101343,regular,False
2026-07-29T14:34:00+00:00,668.56,668.83,668.01,668.48,87920,regular,False
2026-07-29T14:35:00+00:00,668.47,668.49,667.87,668.42,82966,regular,False
2026-07-29T14:36:00+00:00,668.35,668.55,667.9,668.2,35598,regular,False
2026-07-29T14:37:00+00:00,668.19,668.19,667.64,667.89,35325,regular,False
2026-07-29T14:38:00+00:00,667.84,668.1,667.35,668.03,74690,regular,False
2026-07-29T14:39:00+00:00,668.02,668.05,666.87,667.14,50216,regular,False
2026-07-29T14:40:00+00:00,667.03,667.08,666.07,666.52,134228,regular,False
2026-07-29T14:41:00+00:00,666.53,667.26,666.36,666.63,77278,regular,False
2026-07-29T14:42:00+00:00,666.54,666.61,665.94,665.99,105226,regular,False
2026-07-29T14:43:00+00:00,665.99,666.49,665.92,666.2,144374,regular,False
2026-07-29T14:44:00+00:00,666.17,666.51,665.76,666.45,144624,regular,False
2026-07-29T14:45:00+00:00,666.44,666.73,666.1,666.46,89921,regular,False
2026-07-29T14:46:00+00:00,666.48,666.85,665.97,666.76,80362,regular,False
2026-07-29T14:47:00+00:00,666.78,667.34,666.6,666.61,102280,regular,False
2026-07-29T14:48:00+00:00,666.52,666.61,666.05,666.37,63950,regular,False
2026-07-29T14:49:00+00:00,666.38,667.24,666.24,667.12,84653,regular,False
2026-07-29T14:50:00+00:00,667.11,667.59,666.93,667.47,106246,regular,False
2026-07-29T14:51:00+00:00,667.44,667.72,666.96,667.22,61272,regular,False
2026-07-29T14:52:00+00:00,667.22,668.39,667.22,668.01,84076,regular,False
2026-07-29T14:53:00+00:00,667.89,668.21,667.7,668.03,71286,regular,False
2026-07-29T14:54:00+00:00,667.97,668.07,667.39,667.95,74264,regular,False
2026-07-29T14:55:00+00:00,667.89,668.1,667.17,667.17,32283,regular,False
2026-07-29T14:56:00+00:00,667.13,667.29,666.87,667.19,35774,regular,False
2026-07-29T14:57:00+00:00,667.26,667.53,666.78,667.04,23817,regular,False
2026-07-29T14:58:00+00:00,667.01,667.7,666.91,667.67,35375,regular,False
2026-07-29T14:59:00+00:00,667.7,668.28,667.69,668.0,53840,regular,False
2026-07-29T15:00:00+00:00,667.99,668.57,667.5,667.86,61306,regular,False
2026-07-29T15:03:00+00:00,668.65,669.1,668.51,668.73,50271,regular,False
2026-07-29T15:04:00+00:00,668.75,668.92,668.43,668.92,56733,regular,False
2026-07-29T15:05:00+00:00,668.91,668.96,667.75,668.33,102612,regular,False
2026-07-29T15:06:00+00:00,668.31,668.81,668.2,668.23,63145,regular,False
2026-07-29T15:09:00+00:00,668.5,669.03,668.38,669.0,24740,regular,False
2026-07-29T15:10:00+00:00,669.02,669.14,668.23,668.24,54023,regular,False
2026-07-29T15:11:00+00:00,668.2,668.24,667.12,667.57,52577,regular,False
2026-07-29T15:12:00+00:00,667.63,667.97,667.43,667.68,27945,regular,False
2026-07-29T15:13:00+00:00,667.78,668.05,667.48,667.56,19906,regular,False
2026-07-29T15:14:00+00:00,667.6,667.88,667.15,667.38,26212,regular,False
2026-07-29T15:15:00+00:00,667.4,667.83,667.07,667.83,37644,regular,False
2026-07-29T15:16:00+00:00,667.8,668.43,667.53,668.23,49476,regular,False
2026-07-29T15:17:00+00:00,668.22,668.43,667.6,668.0,25669,regular,False
2026-07-29T15:18:00+00:00,668.02,668.52,668.02,668.22,22614,regular,False
2026-07-29T15:19:00+00:00,668.18,668.33,666.96,667.04,33217,regular,False
2026-07-29T15:20:00+00:00,667.1,667.3,666.7,667.17,59575,regular,False
2026-07-29T15:21:00+00:00,667.25,667.4,666.87,667.36,47835,regular,False
2026-07-29T15:22:00+00:00,667.35,667.47,666.9,667.43,24927,regular,False
2026-07-29T15:23:00+00:00,667.45,667.91,667.36,667.87,46002,regular,False
2026-07-29T15:24:00+00:00,667.89,668.05,667.58,668.05,49071,regular,False
2026-07-29T15:25:00+00:00,668.0,668.11,667.43,667.92,44744,regular,False
2026-07-29T15:26:00+00:00,667.83,668.36,667.1,667.38,35769,regular,False
2026-07-29T15:27:00+00:00,667.39,667.65,667.05,667.09,22651,regular,False
2026-07-29T15:28:00+00:00,667.12,667.4,666.95,667.29,44771,regular,False
2026-07-29T15:29:00+00:00,667.25,667.33,666.75,666.83,37698,regular,False
2026-07-29T15:30:00+00:00,666.88,667.08,666.47,666.94,60049,regular,False
2026-07-29T15:31:00+00:00,666.98,667.14,666.6,667.08,40893,regular,False
2026-07-29T15:32:00+00:00,667.02,667.36,666.91,667.12,35137,regular,False
2026-07-29T15:33:00+00:00,667.07,667.54,666.83,667.28,37307,regular,False
2026-07-29T15:34:00+00:00,667.27,667.53,666.66,666.93,38401,regular,False
2026-07-29T15:35:00+00:00,666.96,667.52,666.75,667.44,39194,regular,False
2026-07-29T15:36:00+00:00,667.44,667.61,667.14,667.56,48367,regular,False
2026-07-29T15:37:00+00:00,667.58,667.81,667.15,667.35,40052,regular,False
2026-07-29T15:38:00+00:00,667.3,667.61,666.83,666.91,56522,regular,False
2026-07-29T15:39:00+00:00,666.94,666.95,666.35,666.37,37972,regular,False
2026-07-29T15:40:00+00:00,666.35,666.63,666.22,666.37,36213,regular,False
2026-07-29T15:41:00+00:00,666.39,666.85,666.38,666.7,28721,regular,False
2026-07-29T15:42:00+00:00,666.67,666.88,666.24,666.28,44551,regular,False
2026-07-29T15:43:00+00:00,666.25,666.36,665.96,665.99,43188,regular,False
2026-07-29T15:44:00+00:00,665.99,666.43,665.99,666.3,29808,regular,False
2026-07-29T15:45:00+00:00,666.32,666.52,665.97,666.17,39128,regular,False
2026-07-29T15:46:00+00:00,666.2,666.65,666.19,666.48,75810,regular,False
2026-07-29T15:47:00+00:00,666.46,666.72,666.34,666.67,33955,regular,False
2026-07-29T15:48:00+00:00,666.69,667.06,666.59,666.65,41061,regular,False
2026-07-29T15:49:00+00:00,666.6,666.96,666.44,666.89,35655,regular,False
2026-07-29T15:50:00+00:00,666.87,667.08,666.56,666.85,45631,regular,False
2026-07-29T15:51:00+00:00,666.84,667.0,666.68,666.81,33313,regular,False
2026-07-29T15:52:00+00:00,666.78,666.97,666.5,666.94,64287,regular,False
2026-07-29T15:53:00+00:00,666.94,666.98,666.04,666.25,35468,regular,False
2026-07-29T15:54:00+00:00,666.25,666.26,665.21,665.37,151742,regular,False
2026-07-29T15:55:00+00:00,665.4,665.41,664.83,664.92,147269,regular,False
2026-07-29T15:56:00+00:00,664.95,665.16,664.64,665.11,90924,regular,False
2026-07-29T15:57:00+00:00,665.11,665.34,665.03,665.2,57543,regular,False
2026-07-29T15:58:00+00:00,665.2,665.34,664.95,665.32,87993,regular,False
2026-07-29T15:59:00+00:00,665.32,666.03,665.31,665.93,84564,regular,False
2026-07-29T16:00:00+00:00,665.93,666.47,665.37,665.38,154970,regular,False
2026-07-29T16:01:00+00:00,665.41,665.55,664.96,665.19,41494,regular,False
2026-07-29T16:02:00+00:00,665.2,665.25,664.91,665.12,62661,regular,False
2026-07-29T16:03:00+00:00,665.11,665.15,664.87,664.93,44554,regular,False
2026-07-29T16:04:00+00:00,664.93,664.94,664.41,664.53,79182,regular,False
2026-07-29T16:05:00+00:00,664.55,664.56,663.73,664.07,122621,regular,False
2026-07-29T16:06:00+00:00,664.08,664.37,663.91,664.17,76918,regular,False
2026-07-29T16:07:00+00:00,664.19,664.43,664.04,664.4,55537,regular,False
2026-07-29T16:08:00+00:00,664.41,664.59,664.23,664.49,58759,regular,False
2026-07-29T16:09:00+00:00,664.47,664.58,664.11,664.56,46578,regular,False
2026-07-29T16:10:00+00:00,664.57,664.65,664.37,664.49,32815,regular,False
2026-07-29T16:11:00+00:00,664.5,664.67,664.16,664.22,31939,regular,False
2026-07-29T16:12:00+00:00,664.21,664.48,664.18,664.18,58743,regular,False
2026-07-29T16:13:00+00:00,664.19,664.39,663.98,664.04,43800,regular,False
2026-07-29T16:14:00+00:00,664.07,664.18,663.56,663.58,92848,regular,False
2026-07-29T16:15:00+00:00,663.56,663.96,663.28,663.81,152679,regular,False
2026-07-29T16:16:00+00:00,663.8,663.85,663.46,663.65,74633,regular,False
2026-07-29T16:17:00+00:00,663.65,664.07,663.42,663.93,90156,regular,False
2026-07-29T16:18:00+00:00,663.92,664.26,663.79,664.21,60828,regular,False
2026-07-29T16:19:00+00:00,664.2,664.31,664.1,664.2,49772,regular,False
2026-07-29T16:20:00+00:00,664.2,664.64,664.0,664.6,70355,regular,False
2026-07-29T16:21:00+00:00,664.62,664.9,664.55,664.59,87491,regular,False
2026-07-29T16:22:00+00:00,664.6,665.31,664.6,665.28,95848,regular,False
2026-07-29T16:23:00+00:00,665.25,666.18,665.2,665.77,117573,regular,False
2026-07-29T16:24:00+00:00,665.78,666.07,665.6,665.89,93630,regular,False
2026-07-29T16:25:00+00:00,665.9,666.35,665.85,666.07,78121,regular,False
2026-07-29T16:26:00+00:00,666.03,666.49,665.93,666.46,39645,regular,False
2026-07-29T16:27:00+00:00,666.44,666.5,666.18,666.37,56647,regular,False
2026-07-29T16:28:00+00:00,666.37,666.8,666.17,666.65,53078,regular,False
2026-07-29T16:29:00+00:00,666.68,666.85,666.59,666.74,49465,regular,False
2026-07-29T16:30:00+00:00,666.7,667.57,666.64,667.25,98275,regular,False
2026-07-29T16:31:00+00:00,667.27,667.41,666.75,667.08,57225,regular,False
2026-07-29T16:32:00+00:00,667.08,667.12,666.4,666.55,45420,regular,False
2026-07-29T16:33:00+00:00,666.56,666.82,666.49,666.66,45460,regular,False
2026-07-29T16:34:00+00:00,666.68,666.93,666.1,666.1,67613,regular,False
2026-07-29T16:35:00+00:00,666.1,666.14,665.55,665.81,134808,regular,False
2026-07-29T16:36:00+00:00,665.76,665.93,665.37,665.48,51754,regular,False
2026-07-29T16:37:00+00:00,665.48,666.01,665.44,665.95,67572,regular,False
2026-07-29T16:38:00+00:00,665.97,666.07,665.76,665.86,36338,regular,False
2026-07-29T16:39:00+00:00,665.86,666.3,665.75,666.15,45336,regular,False
2026-07-29T16:40:00+00:00,666.11,666.37,665.73,666.33,38796,regular,False
2026-07-29T16:41:00+00:00,666.33,666.42,666.0,666.02,32116,regular,False
2026-07-29T16:42:00+00:00,666.0,666.01,665.23,665.46,30230,regular,False
2026-07-29T16:43:00+00:00,665.44,665.6,665.21,665.21,30077,regular,False
2026-07-29T16:44:00+00:00,665.21,665.61,665.15,665.58,44546,regular,False
2026-07-29T16:45:00+00:00,665.55,665.64,665.24,665.38,41291,regular,False
2026-07-29T16:46:00+00:00,665.38,665.56,665.28,665.49,37705,regular,False
2026-07-29T16:47:00+00:00,665.49,666.23,665.48,666.15,74250,regular,False
2026-07-29T16:48:00+00:00,666.16,666.36,666.01,666.11,72088,regular,False
2026-07-29T16:49:00+00:00,666.09,666.81,666.08,666.76,94133,regular,False
2026-07-29T16:50:00+00:00,666.75,667.02,666.37,666.71,75834,regular,False
2026-07-29T16:51:00+00:00,666.71,666.87,666.52,666.63,47052,regular,False
2026-07-29T16:52:00+00:00,666.63,667.17,666.3,667.14,46655,regular,False
2026-07-29T16:53:00+00:00,667.13,667.31,666.97,667.2,47420,regular,False
2026-07-29T16:54:00+00:00,667.2,667.21,666.78,667.0,36385,regular,False
2026-07-29T16:55:00+00:00,666.98,667.38,666.83,667.07,36324,regular,False
2026-07-29T16:56:00+00:00,667.1,667.39,666.9,667.38,27445,regular,False
2026-07-29T16:57:00+00:00,667.38,667.72,667.27,667.58,43744,regular,False
2026-07-29T16:58:00+00:00,667.56,667.6,667.23,667.54,61292,regular,False
2026-07-29T16:59:00+00:00,667.51,668.0,667.5,667.96,88504,regular,False
2026-07-29T17:00:00+00:00,667.98,668.24,667.82,668.16,121347,regular,False
2026-07-29T17:01:00+00:00,668.19,668.45,668.09,668.22,34701,regular,False
2026-07-29T17:02:00+00:00,668.21,668.42,668.06,668.27,67505,regular,False
2026-07-29T17:03:00+00:00,668.27,669.03,668.16,668.97,74722,regular,False
2026-07-29T17:04:00+00:00,668.95,669.48,668.8,669.36,104522,regular,False
2026-07-29T17:05:00+00:00,669.36,669.42,668.76,668.93,77574,regular,False
2026-07-29T17:06:00+00:00,668.97,669.37,668.79,669.26,56152,regular,False
2026-07-29T17:07:00+00:00,669.27,669.32,668.85,668.93,30774,regular,False
2026-07-29T17:08:00+00:00,668.95,669.33,668.79,669.11,30281,regular,False
2026-07-29T17:09:00+00:00,669.08,669.28,668.95,669.16,34967,regular,False
2026-07-29T17:10:00+00:00,669.18,669.98,669.06,669.86,96784,regular,False
2026-07-29T17:11:00+00:00,669.87,670.09,669.79,670.01,94398,regular,False
2026-07-29T17:12:00+00:00,670.0,670.27,669.69,670.25,55397,regular,False
2026-07-29T17:13:00+00:00,670.25,670.85,670.24,670.61,127614,regular,False
2026-07-29T17:14:00+00:00,670.64,671.2,670.5,671.14,125897,regular,False
2026-07-29T17:15:00+00:00,671.2,671.26,670.77,670.86,104801,regular,False
2026-07-29T17:16:00+00:00,670.85,671.0,670.63,670.7,61070,regular,False
2026-07-29T17:17:00+00:00,670.67,671.08,670.52,670.83,110956,regular,False
2026-07-29T17:18:00+00:00,670.84,671.07,670.58,670.73,63526,regular,False
2026-07-29T17:19:00+00:00,670.72,670.83,670.57,670.68,42902,regular,False
2026-07-29T17:20:00+00:00,670.66,671.12,670.62,670.98,95637,regular,False
2026-07-29T17:21:00+00:00,670.92,671.44,670.73,671.41,63590,regular,False
2026-07-29T17:24:00+00:00,670.95,670.96,670.12,670.18,74526,regular,False
2026-07-29T17:25:00+00:00,670.18,670.24,669.75,669.92,85078,regular,False
2026-07-29T17:26:00+00:00,669.93,670.3,669.83,670.24,56132,regular,False
2026-07-29T17:27:00+00:00,670.25,670.38,669.79,669.83,46922,regular,False
2026-07-29T17:28:00+00:00,669.8,669.99,669.66,669.88,35952,regular,False
2026-07-29T17:29:00+00:00,669.83,669.83,669.11,669.11,51724,regular,False
2026-07-29T17:30:00+00:00,669.11,669.26,668.7,668.74,57996,regular,False
2026-07-29T17:31:00+00:00,668.72,669.3,668.6,669.25,50682,regular,False
2026-07-29T17:32:00+00:00,669.3,669.73,669.25,669.72,68327,regular,False
2026-07-29T17:33:00+00:00,669.68,670.13,669.66,670.13,54124,regular,False
2026-07-29T17:34:00+00:00,670.14,670.18,669.48,669.71,29741,regular,False
2026-07-29T17:35:00+00:00,669.63,669.81,669.14,669.27,18005,regular,False
2026-07-29T17:36:00+00:00,669.22,669.38,668.96,668.96,20370,regular,False
2026-07-29T17:37:00+00:00,668.92,669.41,668.83,669.19,28158,regular,False
2026-07-29T17:38:00+00:00,669.1,669.42,669.05,669.08,37927,regular,False
2026-07-29T17:39:00+00:00,669.15,669.39,669.07,669.29,30390,regular,False
2026-07-29T17:40:00+00:00,669.29,669.52,669.21,669.39,33392,regular,False
2026-07-29T17:41:00+00:00,669.36,669.7,669.35,669.61,34924,regular,False
2026-07-29T17:42:00+00:00,669.64,669.97,669.34,669.42,54089,regular,False
2026-07-29T17:43:00+00:00,669.31,670.03,669.17,669.99,34248,regular,False
2026-07-29T17:44:00+00:00,670.0,670.06,669.68,669.83,29062,regular,False
2026-07-29T17:45:00+00:00,669.81,669.93,669.4,669.42,31452,regular,False
2026-07-29T17:46:00+00:00,669.43,669.64,669.21,669.51,33782,regular,False
2026-07-29T17:47:00+00:00,669.5,669.68,669.43,669.67,23551,regular,False
2026-07-29T17:48:00+00:00,669.67,670.06,669.62,670.06,56307,regular,False
2026-07-29T17:49:00+00:00,670.06,670.22,669.89,670.16,118104,regular,False
2026-07-29T17:50:00+00:00,670.16,670.46,670.15,670.42,57309,regular,False
2026-07-29T17:51:00+00:00,670.43,670.74,670.39,670.74,86864,regular,False
2026-07-29T17:52:00+00:00,670.71,670.94,670.51,670.6,44486,regular,False
2026-07-29T17:53:00+00:00,670.58,670.84,670.52,670.78,38522,regular,False
2026-07-29T17:54:00+00:00,670.79,670.81,670.45,670.51,44289,regular,False
2026-07-29T17:55:00+00:00,670.54,670.7,670.04,670.26,63464,regular,False
2026-07-29T17:56:00+00:00,670.27,670.28,670.01,670.1,64340,regular,False
2026-07-29T17:57:00+00:00,670.1,670.11,669.93,670.03,65658,regular,False
2026-07-29T17:58:00+00:00,670.04,670.21,669.78,670.08,50220,regular,False
2026-07-29T17:59:00+00:00,670.1,670.81,670.06,670.8,44155,regular,False
2026-07-29T18:00:00+00:00,670.43,674.22,670.43,673.82,668412,regular,False
2026-07-29T18:01:00+00:00,673.86,674.71,672.88,674.4,382970,regular,False
2026-07-29T18:02:00+00:00,674.42,674.9,673.69,673.74,235274,regular,False
2026-07-29T18:03:00+00:00,673.73,674.29,673.28,673.53,149877,regular,False
2026-07-29T18:04:00+00:00,673.51,673.59,672.27,672.84,137402,regular,False
2026-07-29T18:05:00+00:00,672.8,673.75,672.48,673.75,261029,regular,False
2026-07-29T18:06:00+00:00,673.75,674.81,673.69,674.46,183566,regular,False
2026-07-29T18:07:00+00:00,674.51,674.77,674.18,674.21,113447,regular,False
2026-07-29T18:08:00+00:00,674.16,674.34,673.57,673.96,71510,regular,False
2026-07-29T18:09:00+00:00,673.94,674.15,673.38,674.08,86574,regular,False
2026-07-29T18:10:00+00:00,674.08,674.5,673.53,673.82,73681,regular,False
2026-07-29T18:12:00+00:00,674.01,674.2,673.39,673.39,49790,regular,False
2026-07-29T18:13:00+00:00,673.5,673.69,672.71,673.09,86055,regular,False
2026-07-29T18:14:00+00:00,673.08,673.26,672.13,672.72,85284,regular,False
2026-07-29T18:15:00+00:00,672.75,673.8,672.75,673.17,54919,regular,False
2026-07-29T18:16:00+00:00,673.19,673.71,672.83,673.05,54815,regular,False
2026-07-29T18:17:00+00:00,673.07,673.23,672.12,672.59,93237,regular,False
2026-07-29T18:18:00+00:00,672.62,672.66,671.93,672.04,57174,regular,False
2026-07-29T18:19:00+00:00,672.04,672.15,671.53,671.92,65039,regular,False
2026-07-29T18:20:00+00:00,671.95,672.14,671.28,671.68,41722,regular,False
2026-07-29T18:21:00+00:00,671.65,672.0,671.22,671.42,82310,regular,False
2026-07-29T18:23:00+00:00,671.57,671.93,671.04,671.15,58525,regular,False
2026-07-29T18:24:00+00:00,671.19,671.93,671.16,671.56,56073,regular,False
2026-07-29T18:25:00+00:00,671.5,671.76,671.03,671.43,42302,regular,False
2026-07-29T18:26:00+00:00,671.45,671.92,671.22,671.49,51136,regular,False
2026-07-29T18:27:00+00:00,671.54,671.57,671.12,671.35,43366,regular,False
2026-07-29T18:28:00+00:00,671.34,671.82,671.24,671.5,70223,regular,False
2026-07-29T18:29:00+00:00,671.56,672.2,671.39,672.19,92677,regular,False
2026-07-29T18:30:00+00:00,672.17,672.84,672.17,672.81,185327,regular,False
2026-07-29T18:31:00+00:00,672.83,673.22,671.67,671.8,150886,regular,False
2026-07-29T18:32:00+00:00,671.72,671.98,670.63,671.67,204121,regular,False
2026-07-29T18:33:00+00:00,671.59,672.35,670.93,671.82,136163,regular,False
2026-07-29T18:34:00+00:00,671.9,672.04,671.26,671.7,57679,regular,False
2026-07-29T18:35:00+00:00,671.73,671.91,671.02,671.52,72905,regular,False
2026-07-29T18:36:00+00:00,671.58,672.56,671.13,672.52,70252,regular,False
2026-07-29T18:37:00+00:00,672.55,673.42,672.26,673.22,115971,regular,False
2026-07-29T18:38:00+00:00,673.17,674.79,673.17,674.32,198984,regular,False
2026-07-29T18:39:00+00:00,674.29,674.96,673.65,674.42,138385,regular,False
2026-07-29T18:40:00+00:00,674.42,675.64,674.37,675.33,206909,regular,False
2026-07-29T18:41:00+00:00,675.42,676.45,675.37,675.97,215597,regular,False
2026-07-29T18:43:00+00:00,675.85,676.59,675.57,676.54,129630,regular,False
2026-07-29T18:44:00+00:00,676.48,677.33,676.24,677.0,148712,regular,False
2026-07-29T18:45:00+00:00,677.03,677.5,676.68,677.11,117925,regular,False
2026-07-29T18:48:00+00:00,678.24,678.48,677.45,677.72,192818,regular,False
2026-07-29T18:49:00+00:00,677.81,678.91,677.7,678.66,113002,regular,False
2026-07-29T18:50:00+00:00,678.7,678.92,678.01,678.57,114958,regular,False
2026-07-29T18:51:00+00:00,678.65,678.66,677.65,678.54,101659,regular,False
2026-07-29T18:52:00+00:00,678.55,678.91,678.41,678.73,103672,regular,False
2026-07-29T18:53:00+00:00,678.74,679.49,678.73,679.26,162525,regular,False
2026-07-29T18:54:00+00:00,679.2,679.73,679.13,679.67,89771,regular,False
2026-07-29T18:55:00+00:00,679.68,679.95,679.24,679.53,116131,regular,False
2026-07-29T18:56:00+00:00,679.53,679.61,678.73,678.78,118815,regular,False
2026-07-29T18:57:00+00:00,678.78,678.92,678.17,678.92,82549,regular,False
2026-07-29T18:58:00+00:00,678.91,679.42,678.77,678.97,80449,regular,False
2026-07-29T18:59:00+00:00,679.03,679.11,678.41,679.05,97566,regular,False
2026-07-29T19:00:00+00:00,679.06,679.27,678.29,678.51,125922,regular,False
2026-07-29T19:01:00+00:00,678.54,679.85,678.2,679.85,80666,regular,False
2026-07-29T19:02:00+00:00,679.8,680.05,679.07,679.2,124746,regular,False
2026-07-29T19:03:00+00:00,679.15,679.19,677.95,678.22,78088,regular,False
2026-07-29T19:04:00+00:00,678.26,678.29,676.87,677.45,151363,regular,False
2026-07-29T19:05:00+00:00,677.55,677.64,676.43,676.57,92814,regular,False
2026-07-29T19:06:00+00:00,676.55,677.01,676.47,676.69,108687,regular,False
2026-07-29T19:07:00+00:00,676.68,676.76,675.7,675.71,110499,regular,False
2026-07-29T19:08:00+00:00,675.71,676.23,675.04,675.37,94609,regular,False
2026-07-29T19:09:00+00:00,675.38,675.65,674.76,674.77,143314,regular,False
2026-07-29T19:13:00+00:00,675.5,675.98,675.3,675.49,52732,regular,False
2026-07-29T19:14:00+00:00,675.61,675.93,675.23,675.46,55396,regular,False
2026-07-29T19:15:00+00:00,675.47,676.11,674.92,676.07,123358,regular,False
2026-07-29T19:16:00+00:00,676.08,676.22,674.73,675.05,95296,regular,False
2026-07-29T19:17:00+00:00,675.05,675.22,673.95,674.02,80691,regular,False
2026-07-29T19:18:00+00:00,674.01,674.01,673.0,673.56,120639,regular,False
2026-07-29T19:19:00+00:00,673.5,673.68,673.06,673.42,68698,regular,False
2026-07-29T19:20:00+00:00,673.44,673.54,672.15,672.18,105993,regular,False
2026-07-29T19:21:00+00:00,672.2,672.24,670.97,671.41,179658,regular,False
2026-07-29T19:22:00+00:00,671.48,671.54,670.05,670.92,136027,regular,False
2026-07-29T19:23:00+00:00,670.87,671.24,670.5,670.96,83665,regular,False
2026-07-29T19:24:00+00:00,670.95,671.51,670.55,670.75,81839,regular,False
2026-07-29T19:25:00+00:00,670.72,671.04,669.84,669.95,170803,regular,False
2026-07-29T19:26:00+00:00,669.99,670.04,669.07,669.79,118790,regular,False
2026-07-29T19:27:00+00:00,669.78,670.22,669.16,669.95,149734,regular,False
2026-07-29T19:28:00+00:00,669.95,670.52,669.73,670.31,74269,regular,False
2026-07-29T19:29:00+00:00,670.34,670.81,670.13,670.77,67362,regular,False
2026-07-29T19:30:00+00:00,670.77,671.45,670.39,671.18,139426,regular,False
2026-07-29T19:31:00+00:00,671.2,671.57,670.43,670.95,106005,regular,False
2026-07-29T19:33:00+00:00,670.05,670.12,667.95,668.1,169308,regular,False
2026-07-29T19:34:00+00:00,668.15,668.36,667.41,668.35,134974,regular,False
2026-07-29T19:35:00+00:00,668.28,668.6,667.65,668.09,73932,regular,False
2026-07-29T19:36:00+00:00,668.2,668.73,667.75,668.62,103132,regular,False
2026-07-29T19:37:00+00:00,668.64,668.8,667.51,667.61,118289,regular,False
2026-07-29T19:38:00+00:00,667.66,667.69,666.29,666.32,246211,regular,False
2026-07-29T19:39:00+00:00,666.31,666.38,665.76,665.87,128069,regular,False
2026-07-29T19:40:00+00:00,665.86,666.13,665.0,666.12,288398,regular,False
2026-07-29T19:41:00+00:00,666.12,666.65,665.64,665.97,170549,regular,False
2026-07-29T19:42:00+00:00,666.02,666.33,665.73,665.92,148500,regular,False
2026-07-29T19:43:00+00:00,665.93,666.0,664.91,665.72,158634,regular,False
2026-07-29T19:44:00+00:00,665.72,665.73,664.69,665.05,142955,regular,False
2026-07-29T19:45:00+00:00,665.03,665.38,664.57,664.63,158540,regular,False
2026-07-29T19:46:00+00:00,664.56,665.29,664.34,664.4,156043,regular,False
2026-07-29T19:47:00+00:00,664.44,664.67,663.8,664.41,146947,regular,False
2026-07-29T19:48:00+00:00,664.42,665.28,664.31,665.03,231500,regular,False
2026-07-29T19:49:00+00:00,664.99,665.97,664.59,665.75,154498,regular,False
2026-07-29T19:50:00+00:00,665.68,665.68,664.08,664.65,282328,regular,False
2026-07-29T19:51:00+00:00,664.64,664.64,663.78,664.27,286729,regular,False
2026-07-29T19:52:00+00:00,664.25,664.33,663.08,663.63,275462,regular,False
2026-07-29T19:53:00+00:00,663.59,663.97,663.39,663.68,147813,regular,False
2026-07-29T19:54:00+00:00,663.68,664.4,663.64,664.05,165831,regular,False
2026-07-29T19:55:00+00:00,664.02,664.03,662.34,662.68,436860,regular,False
2026-07-29T19:56:00+00:00,662.71,662.99,662.12,662.32,301691,regular,False
2026-07-29T19:57:00+00:00,662.32,662.37,661.8,661.8,435959,regular,False
2026-07-29T19:58:00+00:00,661.8,661.91,661.49,661.66,605124,regular,False
2026-07-29T19:59:00+00:00,661.67,662.32,661.14,661.53,1308690,regular,False
2026-07-29T20:01:00+00:00,660.78,662.05,658.89,659.03,130806,after-market,False
2026-07-29T20:02:00+00:00,659.14,661.73,658.82,660.32,139706,after-market,False
2026-07-29T20:03:00+00:00,660.36,660.56,659.5,659.81,45358,after-market,False
2026-07-29T20:04:00+00:00,659.81,661.73,658.42,659.5,131791,after-market,False
2026-07-29T20:05:00+00:00,659.62,661.24,659.62,660.83,180550,after-market,False
2026-07-29T20:06:00+00:00,660.67,662.48,660.38,661.44,76995,after-market,False
2026-07-29T20:07:00+00:00,661.35,661.5,660.65,660.8,52242,after-market,False
2026-07-29T20:08:00+00:00,660.83,661.2,659.99,660.72,53833,after-market,False
2026-07-29T20:09:00+00:00,660.57,660.8,659.6,659.67,30917,after-market,False
2026-07-29T20:10:00+00:00,659.7,660.0,659.22,659.45,15206,after-market,False
2026-07-29T20:11:00+00:00,659.55,660.3,659.05,660.09,47266,after-market,False
2026-07-29T20:12:00+00:00,660.0,660.55,659.38,660.55,48093,after-market,False
2026-07-29T20:13:00+00:00,660.47,661.44,660.46,660.69,61150,after-market,False
2026-07-29T20:14:00+00:00,660.61,661.1,660.51,660.79,26041,after-market,False
2026-07-29T20:15:00+00:00,660.64,661.01,660.12,661.01,23021,after-market,False
2026-07-29T20:16:00+00:00,661.18,661.64,661.03,661.19,27477,after-market,False
2026-07-29T20:17:00+00:00,661.3,661.35,660.73,660.8,17222,after-market,False
2026-07-29T20:18:00+00:00,660.73,660.73,660.1,660.2,18537,after-market,False
2026-07-29T20:19:00+00:00,660.32,660.38,660.02,660.3,17986,after-market,False
2026-07-29T20:20:00+00:00,660.22,660.68,660.13,660.24,13395,after-market,False
2026-07-29T20:21:00+00:00,660.29,660.65,660.15,660.63,7156,after-market,False
2026-07-29T20:22:00+00:00,660.69,660.82,659.89,659.89,7240,after-market,False
2026-07-29T20:23:00+00:00,659.92,660.5,659.92,660.1,2670,after-market,False
2026-07-29T20:24:00+00:00,660.07,660.07,659.75,659.93,6549,after-market,False
2026-07-29T20:25:00+00:00,659.94,660.29,659.92,660.14,4909,after-market,False
2026-07-29T20:26:00+00:00,660.14,660.15,659.0,659.02,22711,after-market,False
2026-07-29T20:27:00+00:00,659.0,659.04,658.58,658.75,22436,after-market,False
2026-07-29T20:28:00+00:00,658.65,659.09,658.61,659.09,23490,after-market,False
2026-07-29T20:29:00+00:00,659.11,659.62,659.1,659.25,13376,after-market,False
2026-07-29T20:30:00+00:00,659.33,659.38,658.58,658.81,17437,after-market,False
2026-07-29T20:31:00+00:00,658.81,659.5,658.76,659.43,4391,after-market,False
2026-07-29T20:32:00+00:00,659.34,659.95,659.34,659.7,7823,after-market,False
2026-07-29T20:33:00+00:00,659.8,660.03,659.73,660.01,6890,after-market,False
2026-07-29T20:34:00+00:00,660.04,660.2,659.9,660.14,26555,after-market,False
2026-07-29T20:35:00+00:00,660.13,660.6,660.13,660.18,16689,after-market,False
2026-07-29T20:36:00+00:00,660.18,660.51,659.94,660.33,11285,after-market,False
2026-07-29T20:37:00+00:00,660.32,660.57,660.24,660.57,14018,after-market,False
2026-07-29T20:38:00+00:00,660.57,660.94,660.57,660.94,7688,after-market,False
2026-07-29T20:39:00+00:00,660.96,661.4,660.95,661.36,16357,after-market,False
2026-07-29T20:40:00+00:00,661.4,661.4,661.07,661.07,5056,after-market,False
2026-07-29T20:41:00+00:00,661.0,661.0,660.75,660.95,62898,after-market,False
2026-07-29T20:42:00+00:00,661.04,661.04,660.47,660.64,15771,after-market,False
2026-07-29T20:43:00+00:00,660.56,661.02,660.5,660.96,33325,after-market,False
2026-07-29T20:44:00+00:00,660.99,661.02,660.64,661.0,18621,after-market,False
2026-07-29T20:45:00+00:00,661.0,661.11,660.89,661.09,16570,after-market,False
2026-07-29T20:46:00+00:00,660.95,661.0,660.83,660.84,16063,after-market,False
2026-07-29T20:47:00+00:00,660.7,660.79,660.42,660.6,11684,after-market,False
2026-07-29T20:48:00+00:00,660.69,660.89,660.5,660.5,1886,after-market,False
2026-07-29T20:49:00+00:00,660.41,660.41,660.2,660.2,2702,after-market,False
2026-07-29T20:50:00+00:00,660.11,660.11,659.97,660.09,23212,after-market,False
2026-07-29T20:51:00+00:00,660.07,660.56,659.98,660.56,6092,after-market,False
2026-07-29T20:52:00+00:00,660.25,660.55,660.25,660.51,2302,after-market,False
2026-07-29T20:53:00+00:00,660.55,660.72,660.47,660.6,7699,after-market,False
2026-07-29T20:54:00+00:00,660.67,660.8,660.67,660.8,2432,after-market,False
2026-07-29T20:55:00+00:00,660.89,660.92,660.56,660.57,3556,after-market,False
2026-07-29T20:56:00+00:00,660.52,660.64,660.4,660.56,7910,after-market,False
2026-07-29T20:57:00+00:00,660.57,660.7,660.48,660.7,3723,after-market,False
2026-07-29T20:58:00+00:00,660.5,660.5,660.15,660.15,5090,after-market,False
2026-07-29T20:59:00+00:00,660.16,660.17,659.79,659.91,2392,after-market,False
2026-07-29T21:00:00+00:00,659.91,660.0,659.29,659.73,8291,after-market,False
2026-07-29T21:01:00+00:00,659.8,659.81,659.72,659.72,1944,after-market,False
2026-07-29T21:02:00+00:00,659.81,659.81,659.64,659.7,4105,after-market,False
2026-07-29T21:03:00+00:00,659.73,660.01,659.73,659.96,20021,after-market,False
2026-07-29T21:04:00+00:00,659.85,659.96,659.76,659.77,5395,after-market,False
2026-07-29T21:05:00+00:00,659.79,674.19,659.68,659.8,21591,after-market,False
2026-07-29T21:06:00+00:00,659.81,659.88,659.55,659.56,9150,after-market,False
2026-07-29T21:07:00+00:00,659.88,659.88,659.48,659.6,7386,after-market,False
2026-07-29T21:08:00+00:00,659.57,659.6,659.19,659.26,7819,after-market,False
2026-07-29T21:09:00+00:00,659.26,659.6,659.2,659.32,7151,after-market,False
2026-07-29T21:10:00+00:00,659.32,659.57,659.3,659.42,11435,after-market,False
2026-07-29T21:11:00+00:00,659.37,659.37,658.84,659.1,29658,after-market,False
2026-07-29T21:12:00+00:00,659.1,659.3,659.0,659.18,30144,after-market,False
2026-07-29T21:13:00+00:00,659.17,659.26,659.06,659.12,7146,after-market,False
2026-07-29T21:14:00+00:00,659.12,659.12,658.9,659.0,4464,after-market,False
2026-07-29T21:15:00+00:00,659.06,659.06,658.75,658.75,6481,after-market,False
2026-07-29T21:16:00+00:00,658.8,658.9,658.7,658.71,10043,after-market,False
2026-07-29T21:17:00+00:00,658.78,659.21,658.78,658.9,4766,after-market,False
2026-07-29T21:18:00+00:00,659.0,659.58,658.86,659.3,17310,after-market,False
2026-07-29T21:19:00+00:00,659.3,659.43,659.04,659.05,5278,after-market,False
2026-07-29T21:20:00+00:00,659.09,659.36,659.09,659.12,2350,after-market,False
2026-07-29T21:21:00+00:00,659.12,659.18,658.7,659.18,15391,after-market,False
2026-07-29T21:22:00+00:00,659.18,659.23,658.9,659.0,18143,after-market,False
2026-07-29T21:23:00+00:00,659.0,659.0,659.0,659.0,2751,after-market,False
2026-07-29T21:24:00+00:00,659.18,659.29,659.18,659.18,1170,after-market,False
2026-07-29T21:25:00+00:00,659.01,659.2,658.86,658.86,3260,after-market,False
2026-07-29T21:26:00+00:00,658.86,659.0,658.7,658.95,4832,after-market,False
2026-07-29T21:27:00+00:00,658.77,659.19,658.77,659.1,5615,after-market,False
2026-07-29T21:28:00+00:00,659.19,659.25,659.01,659.25,740,after-market,False
2026-07-29T21:29:00+00:00,659.24,659.25,659.0,659.15,8212,after-market,False
2026-07-29T21:30:00+00:00,659.0,659.0,658.8,659.0,1153,after-market,False
2026-07-29T21:31:00+00:00,658.87,659.22,658.87,659.01,2766,after-market,False
2026-07-29T21:32:00+00:00,659.01,659.13,658.77,658.77,1741,after-market,False
2026-07-29T21:33:00+00:00,658.86,658.86,658.8,658.8,395,after-market,False
2026-07-29T21:34:00+00:00,658.8,658.85,658.49,658.54,6072,after-market,False
2026-07-29T21:35:00+00:00,658.45,658.45,658.0,658.0,7001,after-market,False
2026-07-29T21:36:00+00:00,658.02,658.28,658.0,658.09,4568,after-market,False
2026-07-29T21:37:00+00:00,658.02,658.37,657.81,657.96,8060,after-market,False
2026-07-29T21:38:00+00:00,657.98,657.98,657.72,657.72,6718,after-market,False
2026-07-29T21:39:00+00:00,657.67,657.71,657.36,657.41,4775,after-market,False
2026-07-29T21:40:00+00:00,657.36,657.49,657.0,657.0,29148,after-market,False
2026-07-29T21:41:00+00:00,657.15,657.59,657.01,657.5,13821,after-market,False
2026-07-29T21:42:00+00:00,657.43,657.5,657.0,657.0,21771,after-market,False
2026-07-29T21:43:00+00:00,657.05,657.2,657.05,657.15,4964,after-market,False
2026-07-29T21:44:00+00:00,657.1,657.11,657.0,657.07,4895,after-market,False
2026-07-29T21:45:00+00:00,657.08,657.15,657.08,657.15,5414,after-market,False
2026-07-29T21:46:00+00:00,657.14,657.14,657.04,657.05,19655,after-market,False
2026-07-29T21:47:00+00:00,657.05,657.07,657.01,657.03,25296,after-market,False
2026-07-29T21:48:00+00:00,657.04,657.04,657.0,657.01,7274,after-market,False
2026-07-29T21:49:00+00:00,657.0,657.01,656.6,656.6,19536,after-market,False
2026-07-29T21:50:00+00:00,656.6,656.74,656.3,656.6,3102,after-market,False
2026-07-29T21:51:00+00:00,656.52,657.02,656.52,657.01,14464,after-market,False
2026-07-29T21:52:00+00:00,657.04,657.12,656.97,657.12,10425,after-market,False
2026-07-29T21:53:00+00:00,657.12,657.15,657.11,657.12,15724,after-market,False
2026-07-29T21:54:00+00:00,657.14,657.25,657.01,657.24,5556,after-market,False
2026-07-29T21:55:00+00:00,657.25,657.49,657.14,657.3,7613,after-market,False
2026-07-29T21:56:00+00:00,657.5,657.8,657.35,657.74,16340,after-market,False
2026-07-29T21:57:00+00:00,657.7,657.79,657.56,657.71,6410,after-market,False
2026-07-29T21:58:00+00:00,657.87,657.91,657.7,657.9,10613,after-market,False
2026-07-29T21:59:00+00:00,657.92,658.15,657.85,658.15,7121,after-market,False
2026-07-29T22:00:00+00:00,658.15,660.64,658.15,660.64,138786,after-market,False
2026-07-29T22:01:00+00:00,660.51,661.04,660.48,661.0,35573,after-market,False
2026-07-29T22:02:00+00:00,660.85,661.73,660.85,661.5,23749,after-market,False
2026-07-29T22:03:00+00:00,661.42,661.59,661.09,661.53,7560,after-market,False
2026-07-29T22:04:00+00:00,661.59,661.99,661.44,661.99,15904,after-market,False
2026-07-29T22:05:00+00:00,662.0,662.76,662.0,662.68,32986,after-market,False
2026-07-29T22:06:00+00:00,662.7,662.96,662.56,662.86,16739,after-market,False
2026-07-29T22:07:00+00:00,662.94,662.98,662.66,662.86,16017,after-market,False
2026-07-29T22:08:00+00:00,662.88,663.53,662.88,663.37,13291,after-market,False
2026-07-29T22:09:00+00:00,663.53,664.29,663.41,663.99,29772,after-market,False
2026-07-29T22:10:00+00:00,663.93,664.82,663.81,664.59,47354,after-market,False
2026-07-29T22:11:00+00:00,664.85,665.11,664.56,664.75,58160,after-market,False
2026-07-29T22:12:00+00:00,664.9,664.92,664.56,664.8,9792,after-market,False
2026-07-29T22:13:00+00:00,664.72,665.0,664.05,664.23,15903,after-market,False
2026-07-29T22:14:00+00:00,664.21,664.34,663.91,663.97,13669,after-market,False
2026-07-29T22:15:00+00:00,663.86,664.05,663.81,663.96,4010,after-market,False
2026-07-29T22:16:00+00:00,663.97,664.72,663.92,664.6,16940,after-market,False
2026-07-29T22:17:00+00:00,664.62,664.69,664.5,664.61,3315,after-market,False
2026-07-29T22:18:00+00:00,664.61,664.66,664.13,664.49,11227,after-market,False
2026-07-29T22:19:00+00:00,664.61,665.09,664.61,664.95,18335,after-market,False
2026-07-29T22:20:00+00:00,664.89,664.97,664.5,664.5,8446,after-market,False
2026-07-29T22:21:00+00:00,664.27,664.57,664.13,664.33,4953,after-market,False
2026-07-29T22:22:00+00:00,664.26,664.56,664.26,664.5,3944,after-market,False
2026-07-29T22:23:00+00:00,664.47,664.7,664.35,664.58,5832,after-market,False
2026-07-29T22:24:00+00:00,664.68,664.69,663.9,663.98,6698,after-market,False
2026-07-29T22:25:00+00:00,663.97,664.11,663.94,664.1,8454,after-market,False
2026-07-29T22:26:00+00:00,664.02,664.07,663.38,663.48,7661,after-market,False
2026-07-29T22:27:00+00:00,663.4,663.64,663.4,663.57,8027,after-market,False
2026-07-29T22:28:00+00:00,663.59,663.61,663.06,663.22,3720,after-market,False
2026-07-29T22:29:00+00:00,663.18,664.0,663.17,663.93,9821,after-market,False
2026-07-29T22:30:00+00:00,663.95,663.96,663.48,663.48,1115,after-market,False
2026-07-29T22:31:00+00:00,663.56,663.58,663.54,663.54,959,after-market,False
2026-07-29T22:32:00+00:00,663.54,663.6,663.4,663.59,7963,after-market,False
2026-07-29T22:33:00+00:00,663.42,663.88,663.42,663.88,5109,after-market,False
2026-07-29T22:34:00+00:00,663.94,664.03,663.77,663.77,7082,after-market,False
2026-07-29T22:35:00+00:00,663.87,664.03,663.78,664.01,30034,after-market,False
2026-07-29T22:36:00+00:00,664.0,664.46,664.0,664.41,13942,after-market,False
2026-07-29T22:37:00+00:00,664.4,664.63,664.36,664.56,11550,after-market,False
2026-07-29T22:38:00+00:00,664.56,664.65,664.55,664.59,6572,after-market,False
2026-07-29T22:39:00+00:00,664.61,664.61,664.26,664.26,6501,after-market,False
2026-07-29T22:40:00+00:00,664.26,664.27,664.02,664.13,5349,after-market,False
2026-07-29T22:41:00+00:00,664.14,664.21,663.97,664.16,2591,after-market,False
2026-07-29T22:42:00+00:00,664.12,664.29,664.12,664.19,656,after-market,False
2026-07-29T22:43:00+00:00,664.05,664.22,663.93,664.07,784,after-market,False
2026-07-29T22:44:00+00:00,664.19,664.52,664.19,664.51,15312,after-market,False
2026-07-29T22:45:00+00:00,664.54,664.97,664.54,664.9,3573,after-market,False
2026-07-29T22:46:00+00:00,664.9,664.93,664.36,664.51,2991,after-market,False
2026-07-29T22:47:00+00:00,664.52,664.52,664.2,664.2,2810,after-market,False
2026-07-29T22:48:00+00:00,664.17,664.3,664.17,664.18,879,after-market,False
2026-07-29T22:49:00+00:00,664.11,664.14,664.09,664.09,570,after-market,False
2026-07-29T22:50:00+00:00,664.08,664.51,664.08,664.19,2044,after-market,False
2026-07-29T22:51:00+00:00,664.1,664.14,664.0,664.0,2632,after-market,False
2026-07-29T22:52:00+00:00,664.01,664.07,663.84,663.84,4318,after-market,False
2026-07-29T22:53:00+00:00,663.77,663.88,663.6,663.87,6455,after-market,False
2026-07-29T22:54:00+00:00,663.87,663.98,663.78,663.96,5308,after-market,False
2026-07-29T22:55:00+00:00,663.79,663.79,663.68,663.74,1650,after-market,False
2026-07-29T22:56:00+00:00,663.82,663.91,663.82,663.85,1889,after-market,False
2026-07-29T22:57:00+00:00,663.87,663.9,663.85,663.9,945,after-market,False
2026-07-29T22:58:00+00:00,664.0,664.0,663.93,663.95,1233,after-market,False
2026-07-29T22:59:00+00:00,664.0,664.25,664.0,664.24,4196,after-market,False
2026-07-29T23:00:00+00:00,664.36,664.4,664.27,664.34,1397,after-market,False
2026-07-29T23:01:00+00:00,664.48,664.54,664.45,664.48,734,after-market,False
2026-07-29T23:02:00+00:00,664.65,664.72,664.65,664.69,3368,after-market,False
2026-07-29T23:03:00+00:00,664.66,664.89,664.65,664.87,2284,after-market,False
2026-07-29T23:04:00+00:00,664.89,665.15,664.89,665.05,4811,after-market,False
2026-07-29T23:05:00+00:00,665.04,665.11,664.94,665.01,4215,after-market,False
2026-07-29T23:06:00+00:00,665.0,665.04,664.85,664.85,10052,after-market,False
2026-07-29T23:07:00+00:00,664.93,664.93,664.84,664.84,4523,after-market,False
2026-07-29T23:08:00+00:00,664.87,665.94,664.8,665.94,4284,after-market,False
2026-07-29T23:09:00+00:00,665.95,666.09,665.66,665.77,10956,after-market,False
2026-07-29T23:10:00+00:00,665.2,665.28,664.92,665.1,4022,after-market,False
2026-07-29T23:11:00+00:00,665.07,665.07,664.6,664.92,1889,after-market,False
2026-07-29T23:12:00+00:00,664.8,665.3,664.8,665.16,2052,after-market,False
2026-07-29T23:13:00+00:00,665.33,665.33,664.87,664.9,1950,after-market,False
2026-07-29T23:14:00+00:00,665.0,665.0,664.64,664.9,4097,after-market,False
2026-07-29T23:15:00+00:00,665.16,665.2,664.97,665.0,778,after-market,False
2026-07-29T23:16:00+00:00,665.18,665.18,665.0,665.0,1747,after-market,False
2026-07-29T23:17:00+00:00,664.92,665.5,664.84,665.5,1600,after-market,False
2026-07-29T23:18:00+00:00,665.42,665.7,665.24,665.7,6413,after-market,False
2026-07-29T23:19:00+00:00,665.66,665.85,665.66,665.85,1523,after-market,False
2026-07-29T23:20:00+00:00,665.77,665.78,665.74,665.74,185,after-market,False
2026-07-29T23:21:00+00:00,665.83,665.83,665.5,665.5,589,after-market,False
2026-07-29T23:22:00+00:00,665.55,665.55,665.52,665.54,1081,after-market,False
2026-07-29T23:23:00+00:00,665.64,666.04,665.64,666.0,1750,after-market,False
2026-07-29T23:24:00+00:00,665.94,665.95,665.81,665.88,1957,after-market,False
2026-07-29T23:25:00+00:00,665.81,666.2,665.81,666.18,6739,after-market,False
2026-07-29T23:26:00+00:00,666.18,666.19,666.12,666.12,233,after-market,False
2026-07-29T23:27:00+00:00,666.07,666.11,666.0,666.0,1139,after-market,False
2026-07-29T23:28:00+00:00,666.06,666.4,666.06,666.4,2771,after-market,False
2026-07-29T23:29:00+00:00,666.31,666.43,666.29,666.39,1200,after-market,False
2026-07-29T23:30:00+00:00,666.35,666.6,666.35,666.5,5038,after-market,False
2026-07-29T23:31:00+00:00,666.5,666.81,666.49,666.77,4303,after-market,False
2026-07-29T23:32:00+00:00,666.7,666.93,666.7,666.84,1527,after-market,False
2026-07-29T23:33:00+00:00,666.75,666.82,666.47,666.47,3879,after-market,False
2026-07-29T23:34:00+00:00,666.56,666.57,666.44,666.5,1239,after-market,False
2026-07-29T23:35:00+00:00,666.5,666.56,666.44,666.56,13651,after-market,False
2026-07-29T23:36:00+00:00,666.56,666.6,666.5,666.5,10724,after-market,False
2026-07-29T23:37:00+00:00,666.5,666.67,666.4,666.44,7199,after-market,False
2026-07-29T23:38:00+00:00,666.57,666.75,666.26,666.26,3929,after-market,False
2026-07-29T23:39:00+00:00,666.36,666.81,666.22,666.42,6677,after-market,False
2026-07-29T23:40:00+00:00,666.35,666.35,665.88,665.92,9524,after-market,False
2026-07-29T23:41:00+00:00,665.84,665.84,665.53,665.56,3986,after-market,False
2026-07-29T23:42:00+00:00,665.62,665.82,665.62,665.72,5682,after-market,False
2026-07-29T23:43:00+00:00,665.76,665.96,665.67,665.95,3108,after-market,False
2026-07-29T23:44:00+00:00,665.99,666.2,665.93,666.08,1850,after-market,False
2026-07-29T23:45:00+00:00,666.01,666.28,665.94,666.01,3117,after-market,False
2026-07-29T23:46:00+00:00,666.32,666.8,666.19,666.76,9609,after-market,False
2026-07-29T23:47:00+00:00,666.76,666.76,666.65,666.68,4276,after-market,False
2026-07-29T23:48:00+00:00,666.71,666.73,666.56,666.73,3757,after-market,False
2026-07-29T23:49:00+00:00,666.5,666.5,665.81,665.82,2173,after-market,False
2026-07-29T23:50:00+00:00,665.82,666.11,665.79,665.95,7201,after-market,False
2026-07-29T23:51:00+00:00,665.98,666.0,665.7,665.71,5821,after-market,False
2026-07-29T23:52:00+00:00,665.65,665.72,665.49,665.71,5221,after-market,False
2026-07-29T23:53:00+00:00,665.97,666.35,665.81,665.81,1193,after-market,False
2026-07-29T23:54:00+00:00,665.7,666.34,665.59,666.34,3424,after-market,False
2026-07-29T23:55:00+00:00,666.5,666.51,666.31,666.5,355,after-market,False
2026-07-29T23:56:00+00:00,666.5,666.5,666.38,666.38,428,after-market,False
2026-07-29T23:57:00+00:00,666.57,666.63,666.44,666.44,273,after-market,False
2026-07-29T23:58:00+00:00,666.43,666.5,666.2,666.35,6918,after-market,False
2026-07-29T23:59:00+00:00,666.16,666.45,666.07,666.07,2908,after-market,False
2026-07-30T08:00:00+00:00,664.95,666.5,662.44,662.62,24566,pre-market,False
2026-07-30T08:01:00+00:00,662.6,666.66,662.24,666.66,33991,pre-market,False
2026-07-30T08:02:00+00:00,665.5,666.4,661.78,666.0,75654,pre-market,False
2026-07-30T08:03:00+00:00,664.03,666.0,662.0,662.0,58958,pre-market,False
2026-07-30T08:04:00+00:00,662.0,664.8,661.95,662.55,6499,pre-market,False
2026-07-30T08:05:00+00:00,662.51,662.79,661.97,662.75,6702,pre-market,False
2026-07-30T08:06:00+00:00,663.95,663.95,662.7,663.0,1368,pre-market,False
2026-07-30T08:07:00+00:00,663.14,665.49,663.14,663.57,6059,pre-market,False
2026-07-30T08:08:00+00:00,663.57,664.33,663.57,664.05,6510,pre-market,False
2026-07-30T08:09:00+00:00,664.0,664.29,663.93,664.29,5100,pre-market,False
2026-07-30T08:10:00+00:00,664.47,664.49,664.33,664.49,1390,pre-market,False
2026-07-30T08:11:00+00:00,664.39,664.42,664.13,664.26,1391,pre-market,False
2026-07-30T08:12:00+00:00,664.36,664.52,664.19,664.19,7770,pre-market,False
2026-07-30T08:13:00+00:00,664.16,664.26,664.16,664.2,1718,pre-market,False
2026-07-30T08:14:00+00:00,664.2,664.2,664.11,664.11,1238,pre-market,False
2026-07-30T08:15:00+00:00,664.27,664.28,663.97,664.0,2467,pre-market,False
2026-07-30T08:16:00+00:00,664.13,664.13,663.98,664.0,1181,pre-market,False
2026-07-30T08:17:00+00:00,664.22,664.56,664.14,664.56,4737,pre-market,False
2026-07-30T08:18:00+00:00,664.49,664.58,664.23,664.52,2021,pre-market,False
2026-07-30T08:19:00+00:00,664.4,664.51,664.4,664.46,6150,pre-market,False
2026-07-30T08:20:00+00:00,664.53,664.87,664.53,664.7,4007,pre-market,False
2026-07-30T08:21:00+00:00,664.71,665.06,664.66,665.06,2869,pre-market,False
2026-07-30T08:22:00+00:00,665.17,665.21,665.08,665.15,4547,pre-market,False
2026-07-30T08:23:00+00:00,665.2,665.51,665.2,665.5,5494,pre-market,False
2026-07-30T08:24:00+00:00,665.63,665.66,665.45,665.62,2837,pre-market,False
2026-07-30T08:25:00+00:00,665.56,665.75,665.3,665.75,5045,pre-market,False
2026-07-30T08:26:00+00:00,665.85,666.15,665.85,666.05,4760,pre-market,False
2026-07-30T08:27:00+00:00,666.01,666.01,666.0,666.0,539,pre-market,False
2026-07-30T08:28:00+00:00,665.83,665.88,665.83,665.85,880,pre-market,False
2026-07-30T08:29:00+00:00,665.85,665.9,665.85,665.9,440,pre-market,False
2026-07-30T08:30:00+00:00,665.81,666.19,665.81,666.0,1146,pre-market,False
2026-07-30T08:31:00+00:00,666.0,666.0,665.74,665.81,2434,pre-market,False
2026-07-30T08:32:00+00:00,665.97,666.23,665.88,666.0,2059,pre-market,False
2026-07-30T08:33:00+00:00,665.89,666.09,665.88,666.01,258,pre-market,False
2026-07-30T08:34:00+00:00,665.94,666.0,665.86,665.87,2600,pre-market,False
2026-07-30T08:35:00+00:00,665.83,665.93,665.78,665.93,2438,pre-market,False
2026-07-30T08:36:00+00:00,665.85,666.06,665.8,666.06,774,pre-market,False
2026-07-30T08:37:00+00:00,666.14,666.2,666.13,666.2,400,pre-market,False
2026-07-30T08:38:00+00:00,665.99,665.99,665.52,665.55,2039,pre-market,False
2026-07-30T08:39:00+00:00,665.41,665.43,665.41,665.43,90,pre-market,False
2026-07-30T08:40:00+00:00,665.7,665.7,665.7,665.7,50,pre-market,False
2026-07-30T08:41:00+00:00,665.6,665.6,665.6,665.6,50,pre-market,False
2026-07-30T08:42:00+00:00,665.51,665.52,665.5,665.5,734,pre-market,False
2026-07-30T08:43:00+00:00,665.5,665.6,665.49,665.49,1642,pre-market,False
2026-07-30T08:44:00+00:00,665.69,665.7,665.69,665.7,650,pre-market,False
2026-07-30T08:45:00+00:00,665.44,665.44,665.44,665.44,50,pre-market,False
2026-07-30T08:46:00+00:00,665.58,665.78,665.58,665.78,7498,pre-market,False
2026-07-30T08:47:00+00:00,665.76,665.84,665.68,665.68,4060,pre-market,False
2026-07-30T08:48:00+00:00,665.7,665.7,665.7,665.7,100,pre-market,False
2026-07-30T08:49:00+00:00,665.42,665.44,665.23,665.23,820,pre-market,False
2026-07-30T08:50:00+00:00,665.37,665.37,665.37,665.37,50,pre-market,False
2026-07-30T08:51:00+00:00,665.37,665.37,665.37,665.37,60,pre-market,False
2026-07-30T08:52:00+00:00,665.18,665.18,665.13,665.13,570,pre-market,False
2026-07-30T08:53:00+00:00,665.05,665.13,665.0,665.09,1341,pre-market,False
2026-07-30T08:54:00+00:00,665.08,665.08,665.0,665.04,600,pre-market,False
2026-07-30T08:55:00+00:00,665.06,665.06,664.8,664.85,1648,pre-market,False
2026-07-30T08:56:00+00:00,664.8,664.8,664.8,664.8,1000,pre-market,False
2026-07-30T08:57:00+00:00,664.8,665.01,664.75,665.0,864,pre-market,False
2026-07-30T08:58:00+00:00,665.1,665.18,665.09,665.18,643,pre-market,False
2026-07-30T08:59:00+00:00,665.27,665.27,665.27,665.27,400,pre-market,False
2026-07-30T09:00:00+00:00,665.37,665.37,665.37,665.37,55,pre-market,False
2026-07-30T09:01:00+00:00,665.03,665.3,665.02,665.3,310,pre-market,False
2026-07-30T09:02:00+00:00,665.34,665.39,665.33,665.39,809,pre-market,False
2026-07-30T09:03:00+00:00,665.45,665.45,665.28,665.29,3467,pre-market,False
2026-07-30T09:04:00+00:00,665.8,665.8,665.74,665.74,520,pre-market,False
2026-07-30T09:05:00+00:00,665.67,665.7,665.55,665.67,1170,pre-market,False
2026-07-30T09:06:00+00:00,665.69,665.79,665.69,665.76,855,pre-market,False
2026-07-30T09:07:00+00:00,665.85,665.85,665.85,665.85,500,pre-market,False
2026-07-30T09:08:00+00:00,665.87,665.9,665.81,665.89,687,pre-market,False
2026-07-30T09:09:00+00:00,665.81,665.85,665.8,665.82,448,pre-market,False
2026-07-30T09:10:00+00:00,665.79,665.79,665.63,665.67,1293,pre-market,False
2026-07-30T09:11:00+00:00,665.93,665.94,665.84,665.89,9288,pre-market,False
2026-07-30T09:12:00+00:00,665.93,665.99,665.93,665.98,5149,pre-market,False
2026-07-30T09:13:00+00:00,665.91,666.1,665.91,665.97,2455,pre-market,False
2026-07-30T09:14:00+00:00,666.33,666.9,666.29,666.57,8878,pre-market,False
2026-07-30T09:15:00+00:00,666.68,666.68,666.51,666.54,1725,pre-market,False
2026-07-30T09:16:00+00:00,666.51,666.75,666.51,666.75,516,pre-market,False
2026-07-30T09:17:00+00:00,666.82,666.82,666.76,666.76,480,pre-market,False
2026-07-30T09:18:00+00:00,666.69,666.76,666.57,666.57,814,pre-market,False
2026-07-30T09:19:00+00:00,666.67,666.81,666.59,666.81,300,pre-market,False
2026-07-30T09:20:00+00:00,666.69,666.94,666.63,666.91,594,pre-market,False
2026-07-30T09:21:00+00:00,666.8,667.17,666.77,667.13,2513,pre-market,False
2026-07-30T09:22:00+00:00,667.1,667.2,667.03,667.18,2048,pre-market,False
2026-07-30T09:23:00+00:00,667.43,667.47,667.29,667.29,1176,pre-market,False
2026-07-30T09:24:00+00:00,667.28,667.38,667.18,667.2,15432,pre-market,False
2026-07-30T09:25:00+00:00,667.23,667.3,667.09,667.09,2049,pre-market,False
2026-07-30T09:26:00+00:00,667.27,667.3,667.25,667.29,1420,pre-market,False
2026-07-30T09:27:00+00:00,667.25,667.28,667.25,667.25,449,pre-market,False
2026-07-30T09:28:00+00:00,667.27,667.37,667.03,667.03,4161,pre-market,False
2026-07-30T09:29:00+00:00,666.93,666.93,666.93,666.93,660,pre-market,False
2026-07-30T09:30:00+00:00,666.95,666.98,666.75,666.97,4035,pre-market,False
2026-07-30T09:31:00+00:00,666.82,666.97,666.82,666.97,670,pre-market,False
2026-07-30T09:32:00+00:00,667.02,667.14,666.99,667.08,544,pre-market,False
2026-07-30T09:33:00+00:00,667.2,667.3,667.18,667.3,461,pre-market,False
2026-07-30T09:34:00+00:00,667.29,667.55,667.29,667.55,4928,pre-market,False
2026-07-30T09:35:00+00:00,667.52,667.64,667.52,667.64,920,pre-market,False
2026-07-30T09:36:00+00:00,667.47,667.55,667.4,667.55,927,pre-market,False
2026-07-30T09:37:00+00:00,667.66,667.72,667.62,667.62,16282,pre-market,False
2026-07-30T09:38:00+00:00,667.51,667.51,667.22,667.23,550,pre-market,False
2026-07-30T09:39:00+00:00,667.25,667.26,666.98,667.03,1693,pre-market,False
2026-07-30T09:40:00+00:00,667.05,667.06,666.92,666.92,530,pre-market,False
2026-07-30T09:41:00+00:00,666.86,667.0,666.74,666.74,1000,pre-market,False
2026-07-30T09:42:00+00:00,666.74,666.8,666.67,666.77,3040,pre-market,False
2026-07-30T09:43:00+00:00,666.76,666.76,666.61,666.7,3600,pre-market,False
2026-07-30T09:44:00+00:00,666.66,666.75,666.66,666.75,187,pre-market,False
2026-07-30T09:45:00+00:00,666.73,666.75,666.69,666.73,1058,pre-market,False
2026-07-30T09:46:00+00:00,666.7,666.77,666.7,666.74,225,pre-market,False
2026-07-30T09:47:00+00:00,666.81,666.93,666.81,666.93,152,pre-market,False
2026-07-30T09:48:00+00:00,666.93,666.93,666.8,666.8,182,pre-market,False
2026-07-30T09:49:00+00:00,666.8,666.85,666.78,666.85,1683,pre-market,False
2026-07-30T09:50:00+00:00,666.98,666.98,666.91,666.91,711,pre-market,False
2026-07-30T09:51:00+00:00,666.86,666.99,666.75,666.82,2088,pre-market,False
2026-07-30T09:52:00+00:00,666.86,666.86,666.68,666.68,2189,pre-market,False
2026-07-30T09:53:00+00:00,666.63,666.72,666.62,666.69,1138,pre-market,False
2026-07-30T09:54:00+00:00,666.8,666.92,666.8,666.92,2225,pre-market,False
2026-07-30T09:55:00+00:00,666.97,666.99,666.97,666.99,230,pre-market,False
2026-07-30T09:56:00+00:00,666.84,666.87,666.79,666.87,714,pre-market,False
2026-07-30T09:57:00+00:00,666.67,666.67,666.67,666.67,550,pre-market,False
2026-07-30T09:58:00+00:00,666.63,666.63,666.43,666.43,2585,pre-market,False
2026-07-30T09:59:00+00:00,666.28,666.28,665.93,666.07,4631,pre-market,False
2026-07-30T10:00:00+00:00,665.9,665.9,665.46,665.74,23853,pre-market,False
2026-07-30T10:01:00+00:00,665.8,666.16,665.69,666.16,3749,pre-market,False
2026-07-30T10:02:00+00:00,666.17,666.17,666.1,666.1,174,pre-market,False
2026-07-30T10:03:00+00:00,666.08,666.14,666.04,666.04,800,pre-market,False
2026-07-30T10:04:00+00:00,666.16,666.16,665.8,665.8,1192,pre-market,False
2026-07-30T10:05:00+00:00,666.19,666.4,666.19,666.4,739,pre-market,False
2026-07-30T10:06:00+00:00,666.32,666.39,666.29,666.29,4781,pre-market,False
2026-07-30T10:07:00+00:00,666.34,666.75,666.34,666.75,2190,pre-market,False
2026-07-30T10:08:00+00:00,666.84,666.84,666.68,666.78,817,pre-market,False
2026-07-30T10:09:00+00:00,666.83,667.0,666.83,666.99,2784,pre-market,False
2026-07-30T10:10:00+00:00,667.0,667.2,666.88,666.94,2315,pre-market,False
2026-07-30T10:11:00+00:00,666.84,667.09,666.84,666.96,4437,pre-market,False
2026-07-30T10:12:00+00:00,666.77,666.8,666.63,666.67,533,pre-market,False
2026-07-30T10:13:00+00:00,666.65,666.67,666.61,666.61,560,pre-market,False
2026-07-30T10:14:00+00:00,666.61,666.61,666.58,666.61,144,pre-market,False
2026-07-30T10:15:00+00:00,666.93,666.93,666.79,666.8,203,pre-market,False
2026-07-30T10:16:00+00:00,667.1,667.32,667.1,667.17,7030,pre-market,False
2026-07-30T10:17:00+00:00,667.21,667.48,667.21,667.45,4710,pre-market,False
2026-07-30T10:18:00+00:00,667.5,667.93,667.5,667.92,6340,pre-market,False
2026-07-30T10:19:00+00:00,667.98,668.05,667.83,667.96,9002,pre-market,False
2026-07-30T10:20:00+00:00,668.17,668.17,667.95,668.12,2178,pre-market,False
2026-07-30T10:21:00+00:00,668.09,668.47,668.01,668.36,7342,pre-market,False
2026-07-30T10:22:00+00:00,668.2,668.37,668.2,668.37,1566,pre-market,False
2026-07-30T10:23:00+00:00,668.31,668.41,668.29,668.36,3760,pre-market,False
2026-07-30T10:24:00+00:00,668.31,668.33,668.0,668.03,1717,pre-market,False
2026-07-30T10:25:00+00:00,668.17,668.4,668.17,668.34,2622,pre-market,False
2026-07-30T10:26:00+00:00,668.48,668.72,668.48,668.64,2623,pre-market,False
2026-07-30T10:27:00+00:00,668.57,668.66,668.38,668.38,1195,pre-market,False
2026-07-30T10:28:00+00:00,668.38,668.48,668.38,668.48,520,pre-market,False
2026-07-30T10:29:00+00:00,668.44,668.44,668.32,668.41,4468,pre-market,False
2026-07-30T10:30:00+00:00,668.46,668.54,668.37,668.53,3598,pre-market,False
2026-07-30T10:31:00+00:00,668.52,668.94,668.52,668.9,3208,pre-market,False
2026-07-30T10:32:00+00:00,668.8,668.81,668.62,668.68,593,pre-market,False
2026-07-30T10:33:00+00:00,668.76,668.76,668.49,668.5,2465,pre-market,False
2026-07-30T10:34:00+00:00,668.47,668.49,668.34,668.37,3833,pre-market,False
2026-07-30T10:35:00+00:00,668.41,668.66,668.41,668.59,6043,pre-market,False
2026-07-30T10:36:00+00:00,668.61,668.86,668.59,668.82,3454,pre-market,False
2026-07-30T10:37:00+00:00,668.63,668.66,668.63,668.63,605,pre-market,False
2026-07-30T10:38:00+00:00,668.53,668.75,668.5,668.5,953,pre-market,False
2026-07-30T10:39:00+00:00,668.49,668.62,668.42,668.58,2410,pre-market,False
2026-07-30T10:40:00+00:00,668.58,669.08,668.57,668.96,4481,pre-market,False
2026-07-30T10:41:00+00:00,668.95,668.95,668.62,668.87,3163,pre-market,False
2026-07-30T10:42:00+00:00,668.66,668.72,668.5,668.52,1264,pre-market,False
2026-07-30T10:43:00+00:00,668.54,669.14,668.54,668.94,7776,pre-market,False
2026-07-30T10:44:00+00:00,669.0,669.05,668.72,668.77,2993,pre-market,False
2026-07-30T10:45:00+00:00,668.82,669.13,668.74,668.98,1991,pre-market,False
2026-07-30T10:46:00+00:00,669.02,669.15,669.01,669.13,1168,pre-market,False
2026-07-30T10:47:00+00:00,669.13,669.22,669.11,669.22,2277,pre-market,False
2026-07-30T10:48:00+00:00,669.19,669.25,669.11,669.11,4268,pre-market,False
2026-07-30T10:49:00+00:00,669.12,669.12,668.8,668.8,6422,pre-market,False
2026-07-30T10:50:00+00:00,668.8,669.18,668.8,669.17,12684,pre-market,False
2026-07-30T10:51:00+00:00,669.15,669.15,668.95,669.05,909,pre-market,False
2026-07-30T10:52:00+00:00,669.08,669.16,669.08,669.13,1005,pre-market,False
2026-07-30T10:53:00+00:00,669.18,669.19,668.77,668.77,3923,pre-market,False
2026-07-30T10:54:00+00:00,668.72,668.72,668.59,668.59,530,pre-market,False
2026-07-30T10:55:00+00:00,668.41,668.6,668.4,668.53,3630,pre-market,False
2026-07-30T10:56:00+00:00,668.55,668.56,668.4,668.46,2651,pre-market,False
2026-07-30T10:57:00+00:00,668.53,668.53,668.48,668.48,758,pre-market,False
2026-07-30T10:58:00+00:00,668.5,668.57,668.47,668.5,7837,pre-market,False
2026-07-30T10:59:00+00:00,668.45,668.59,668.44,668.56,1602,pre-market,False
2026-07-30T11:00:00+00:00,668.48,669.14,668.42,669.03,26080,pre-market,False
2026-07-30T11:01:00+00:00,668.93,669.15,668.92,669.11,7298,pre-market,False
2026-07-30T11:02:00+00:00,669.2,669.4,669.13,669.13,7656,pre-market,False
2026-07-30T11:03:00+00:00,669.2,669.47,669.07,669.43,17190,pre-market,False
2026-07-30T11:04:00+00:00,669.39,669.53,669.38,669.51,6636,pre-market,False
2026-07-30T11:05:00+00:00,669.51,669.66,669.46,669.65,14489,pre-market,False
2026-07-30T11:06:00+00:00,669.65,669.99,669.54,669.99,17270,pre-market,False
2026-07-30T11:07:00+00:00,669.96,670.1,669.95,669.96,14939,pre-market,False
2026-07-30T11:08:00+00:00,670.01,670.05,669.8,669.91,4087,pre-market,False
2026-07-30T11:09:00+00:00,669.9,670.12,669.9,670.04,14124,pre-market,False
2026-07-30T11:10:00+00:00,670.0,670.1,669.8,669.8,4490,pre-market,False
2026-07-30T11:11:00+00:00,669.73,669.78,669.66,669.73,3179,pre-market,False
2026-07-30T11:12:00+00:00,669.77,670.04,669.77,669.88,11143,pre-market,False
2026-07-30T11:13:00+00:00,669.86,669.94,669.45,669.52,5699,pre-market,False
2026-07-30T11:14:00+00:00,669.56,669.69,669.52,669.69,4383,pre-market,False
2026-07-30T11:15:00+00:00,669.66,669.88,669.6,669.83,7700,pre-market,False
2026-07-30T11:16:00+00:00,669.83,670.15,669.78,670.14,5610,pre-market,False
2026-07-30T11:17:00+00:00,670.15,670.36,670.1,670.31,5940,pre-market,False
2026-07-30T11:18:00+00:00,670.33,670.56,670.24,670.25,14901,pre-market,False
2026-07-30T11:19:00+00:00,670.24,670.35,670.07,670.14,3644,pre-market,False
2026-07-30T11:20:00+00:00,670.12,670.16,669.98,670.11,4850,pre-market,False
2026-07-30T11:21:00+00:00,670.01,670.06,669.94,670.06,3831,pre-market,False
2026-07-30T11:22:00+00:00,669.99,670.06,669.88,670.06,2707,pre-market,False
2026-07-30T11:23:00+00:00,670.06,670.09,669.96,670.08,1841,pre-market,False
2026-07-30T11:24:00+00:00,670.08,670.58,670.08,670.58,18376,pre-market,False
2026-07-30T11:25:00+00:00,670.6,670.73,670.48,670.66,24618,pre-market,False
2026-07-30T11:26:00+00:00,670.7,670.82,670.66,670.73,18411,pre-market,False
2026-07-30T11:27:00+00:00,670.79,670.86,670.71,670.79,28502,pre-market,False
2026-07-30T11:28:00+00:00,670.78,671.11,670.74,670.8,14047,pre-market,False
2026-07-30T11:29:00+00:00,670.78,670.86,670.57,670.82,14537,pre-market,False
2026-07-30T11:30:00+00:00,670.9,670.92,670.75,670.8,2775,pre-market,False
2026-07-30T11:31:00+00:00,670.79,670.79,670.51,670.51,1455,pre-market,False
2026-07-30T11:32:00+00:00,670.56,670.66,670.09,670.1,13014,pre-market,False
2026-07-30T11:33:00+00:00,670.06,670.06,669.92,669.98,11128,pre-market,False
2026-07-30T11:34:00+00:00,669.98,670.22,669.93,670.0,3977,pre-market,False
2026-07-30T11:35:00+00:00,670.04,670.29,670.04,670.29,1045,pre-market,False
2026-07-30T11:36:00+00:00,670.28,670.62,670.28,670.57,3373,pre-market,False
2026-07-30T11:37:00+00:00,670.64,670.91,670.53,670.9,7734,pre-market,False
2026-07-30T11:38:00+00:00,670.89,671.03,670.86,670.96,8621,pre-market,False
2026-07-30T11:39:00+00:00,671.09,671.13,670.59,670.59,3111,pre-market,False
2026-07-30T11:40:00+00:00,670.51,670.72,670.5,670.66,3123,pre-market,False
2026-07-30T11:41:00+00:00,670.66,670.75,670.45,670.45,6424,pre-market,False
2026-07-30T11:42:00+00:00,670.24,670.68,670.24,670.68,4521,pre-market,False
2026-07-30T11:43:00+00:00,670.69,671.04,670.61,670.94,10063,pre-market,False
2026-07-30T11:44:00+00:00,670.93,670.94,670.55,670.58,5497,pre-market,False
2026-07-30T11:45:00+00:00,670.77,670.98,670.77,670.96,3330,pre-market,False
2026-07-30T11:46:00+00:00,670.96,670.96,670.81,670.9,4204,pre-market,False
2026-07-30T11:47:00+00:00,670.92,671.09,670.85,670.9,1719,pre-market,False
2026-07-30T11:48:00+00:00,670.9,671.15,670.89,671.15,11315,pre-market,False
2026-07-30T11:49:00+00:00,671.19,671.3,671.16,671.17,15682,pre-market,False
2026-07-30T11:50:00+00:00,671.2,671.42,671.18,671.42,23814,pre-market,False
2026-07-30T11:51:00+00:00,671.43,671.45,671.1,671.1,24403,pre-market,False
2026-07-30T11:52:00+00:00,671.08,671.31,671.08,671.22,2715,pre-market,False
2026-07-30T11:53:00+00:00,671.16,671.35,671.16,671.35,3327,pre-market,False
2026-07-30T11:54:00+00:00,671.35,671.6,671.29,671.52,72392,pre-market,False
2026-07-30T11:55:00+00:00,671.55,671.58,671.27,671.34,3596,pre-market,False
2026-07-30T11:56:00+00:00,671.3,671.35,671.2,671.22,11917,pre-market,False
2026-07-30T11:57:00+00:00,671.17,671.25,671.12,671.2,1772,pre-market,False
2026-07-30T11:58:00+00:00,671.17,671.44,671.17,671.22,2864,pre-market,False
2026-07-30T11:59:00+00:00,671.17,671.17,671.06,671.15,11062,pre-market,False
2026-07-30T12:00:00+00:00,671.11,671.28,670.89,670.95,4713,pre-market,False
2026-07-30T12:01:00+00:00,671.0,671.0,670.37,670.45,12908,pre-market,False
2026-07-30T12:02:00+00:00,670.5,671.13,670.48,671.13,12597,pre-market,False
2026-07-30T12:03:00+00:00,671.1,671.62,671.01,671.61,25314,pre-market,False
2026-07-30T12:04:00+00:00,671.63,671.7,671.5,671.59,2612,pre-market,False
2026-07-30T12:05:00+00:00,671.56,671.77,671.47,671.76,7277,pre-market,False
2026-07-30T12:06:00+00:00,671.85,671.87,671.71,671.8,6267,pre-market,False
2026-07-30T12:07:00+00:00,671.8,671.82,671.7,671.82,24273,pre-market,False
2026-07-30T12:08:00+00:00,671.83,671.92,671.64,671.68,21487,pre-market,False
2026-07-30T12:09:00+00:00,671.69,671.9,671.58,671.85,6432,pre-market,False
2026-07-30T12:10:00+00:00,671.89,671.92,671.75,671.9,8030,pre-market,False
2026-07-30T12:11:00+00:00,671.93,671.93,671.63,671.65,22435,pre-market,False
2026-07-30T12:12:00+00:00,671.61,672.0,671.39,671.78,20927,pre-market,False
2026-07-30T12:13:00+00:00,671.6,671.96,671.6,671.92,11704,pre-market,False
2026-07-30T12:14:00+00:00,671.85,672.04,671.83,672.01,8363,pre-market,False
2026-07-30T12:15:00+00:00,672.0,672.1,671.91,671.91,15528,pre-market,False
2026-07-30T12:16:00+00:00,671.75,671.87,671.6,671.68,11639,pre-market,False
2026-07-30T12:17:00+00:00,671.74,671.75,671.54,671.54,5682,pre-market,False
2026-07-30T12:18:00+00:00,671.52,671.61,671.43,671.46,1699,pre-market,False
2026-07-30T12:19:00+00:00,671.71,671.78,671.5,671.5,3777,pre-market,False
2026-07-30T12:20:00+00:00,671.48,671.48,670.9,671.07,13812,pre-market,False
2026-07-30T12:21:00+00:00,671.16,671.34,671.05,671.16,10848,pre-market,False
2026-07-30T12:22:00+00:00,671.12,671.23,671.03,671.15,5363,pre-market,False
2026-07-30T12:23:00+00:00,671.1,671.45,671.03,671.45,6593,pre-market,False
2026-07-30T12:24:00+00:00,671.5,671.71,671.5,671.64,11186,pre-market,False
2026-07-30T12:25:00+00:00,671.68,671.82,671.53,671.59,4850,pre-market,False
2026-07-30T12:26:00+00:00,671.51,671.85,671.48,671.75,17515,pre-market,False
2026-07-30T12:27:00+00:00,671.79,671.79,671.38,671.4,17457,pre-market,False
2026-07-30T12:28:00+00:00,671.29,671.29,671.14,671.22,8653,pre-market,False
2026-07-30T12:29:00+00:00,671.17,671.55,671.01,671.55,5732,pre-market,False
2026-07-30T12:30:00+00:00,671.38,672.56,671.25,672.28,48078,pre-market,False
2026-07-30T12:31:00+00:00,672.15,672.15,671.45,671.5,14041,pre-market,False
2026-07-30T12:32:00+00:00,671.56,671.62,671.15,671.3,12458,pre-market,False
2026-07-30T12:33:00+00:00,671.35,671.57,671.3,671.3,2727,pre-market,False
2026-07-30T12:34:00+00:00,671.33,671.56,670.91,671.51,14808,pre-market,False
2026-07-30T12:35:00+00:00,671.47,672.17,671.28,672.16,16387,pre-market,False
2026-07-30T12:36:00+00:00,672.18,672.53,672.13,672.29,5916,pre-market,False
2026-07-30T12:37:00+00:00,672.3,672.36,671.98,671.98,6406,pre-market,False
2026-07-30T12:38:00+00:00,672.03,672.24,671.85,672.18,15515,pre-market,False
2026-07-30T12:39:00+00:00,672.16,672.5,672.1,672.5,6874,pre-market,False
2026-07-30T12:40:00+00:00,672.47,672.54,672.05,672.07,12458,pre-market,False
2026-07-30T12:41:00+00:00,672.25,672.75,672.19,672.51,8774,pre-market,False
2026-07-30T12:42:00+00:00,672.6,673.01,672.49,672.82,11008,pre-market,False
2026-07-30T12:43:00+00:00,672.82,672.82,672.36,672.73,7705,pre-market,False
2026-07-30T12:44:00+00:00,672.62,672.63,672.33,672.39,2963,pre-market,False
2026-07-30T12:45:00+00:00,672.33,672.36,672.1,672.25,6477,pre-market,False
2026-07-30T12:46:00+00:00,672.31,672.4,672.11,672.17,5491,pre-market,False
2026-07-30T12:47:00+00:00,672.25,672.41,672.05,672.3,2732,pre-market,False
2026-07-30T12:48:00+00:00,672.4,672.74,672.28,672.74,9215,pre-market,False
2026-07-30T12:49:00+00:00,672.75,672.76,672.55,672.71,4498,pre-market,False
2026-07-30T12:50:00+00:00,672.75,672.84,672.42,672.7,12105,pre-market,False
2026-07-30T12:51:00+00:00,672.75,672.75,672.57,672.61,4456,pre-market,False
2026-07-30T12:52:00+00:00,672.79,672.97,672.7,672.72,5505,pre-market,False
2026-07-30T12:53:00+00:00,672.68,672.8,672.56,672.69,2418,pre-market,False
2026-07-30T12:54:00+00:00,672.8,673.0,672.71,672.89,13316,pre-market,False
2026-07-30T12:55:00+00:00,672.81,672.88,672.64,672.64,6484,pre-market,False
2026-07-30T12:56:00+00:00,672.65,672.8,672.55,672.74,1485,pre-market,False
2026-07-30T12:57:00+00:00,672.75,673.2,672.7,673.12,7890,pre-market,False
2026-07-30T12:58:00+00:00,673.07,673.4,673.02,673.3,18598,pre-market,False
2026-07-30T12:59:00+00:00,673.31,673.31,673.0,673.08,6783,pre-market,False
2026-07-30T13:00:00+00:00,673.18,673.72,672.76,673.55,41027,pre-market,False
2026-07-30T13:01:00+00:00,673.64,674.2,673.54,673.98,13920,pre-market,False
2026-07-30T13:02:00+00:00,674.02,674.1,673.95,673.95,2920,pre-market,False
2026-07-30T13:03:00+00:00,673.89,674.25,673.73,674.18,20122,pre-market,False
2026-07-30T13:04:00+00:00,674.14,674.29,674.08,674.09,6100,pre-market,False
2026-07-30T13:05:00+00:00,674.07,674.34,674.05,674.2,13649,pre-market,False
2026-07-30T13:06:00+00:00,674.3,674.33,674.05,674.29,18904,pre-market,False
2026-07-30T13:07:00+00:00,674.23,674.78,674.12,674.18,56140,pre-market,False
2026-07-30T13:08:00+00:00,674.06,674.16,673.91,673.92,8419,pre-market,False
2026-07-30T13:09:00+00:00,673.92,674.07,673.87,673.94,24540,pre-market,False
2026-07-30T13:10:00+00:00,673.81,673.88,673.62,673.62,5989,pre-market,False
2026-07-30T13:11:00+00:00,673.63,673.73,673.57,673.64,8142,pre-market,False
2026-07-30T13:12:00+00:00,673.61,674.09,673.61,673.87,2695,pre-market,False
2026-07-30T13:13:00+00:00,674.0,674.41,674.0,674.29,30918,pre-market,False
2026-07-30T13:14:00+00:00,674.24,674.25,673.75,673.85,6589,pre-market,False
2026-07-30T13:15:00+00:00,673.88,674.03,673.66,674.03,8786,pre-market,False
2026-07-30T13:16:00+00:00,673.99,674.18,673.9,674.01,11504,pre-market,False
2026-07-30T13:17:00+00:00,674.04,674.1,673.94,674.04,9704,pre-market,False
2026-07-30T13:18:00+00:00,674.05,674.16,673.9,674.11,12016,pre-market,False
2026-07-30T13:19:00+00:00,674.14,674.34,674.07,674.11,14839,pre-market,False
2026-07-30T13:20:00+00:00,674.08,674.11,673.86,673.93,5529,pre-market,False
2026-07-30T13:21:00+00:00,673.95,673.98,673.83,673.86,7639,pre-market,False
2026-07-30T13:22:00+00:00,673.82,673.93,673.74,673.81,4594,pre-market,False
2026-07-30T13:23:00+00:00,673.78,674.07,673.76,673.93,14531,pre-market,False
2026-07-30T13:24:00+00:00,673.9,673.99,673.83,673.83,3927,pre-market,False
2026-07-30T13:25:00+00:00,673.98,674.44,673.94,673.94,40397,pre-market,False
2026-07-30T13:26:00+00:00,673.87,674.28,673.87,674.28,15722,pre-market,False
2026-07-30T13:27:00+00:00,674.31,674.39,674.0,674.28,38149,pre-market,False
2026-07-30T13:28:00+00:00,674.32,674.79,674.19,674.37,57200,pre-market,False
2026-07-30T13:29:00+00:00,674.42,674.87,674.34,674.87,35391,pre-market,False
2026-07-30T13:30:00+00:00,674.75,675.18,673.78,674.43,714817,regular,False
2026-07-30T13:31:00+00:00,674.34,675.11,674.16,674.85,329294,regular,False
2026-07-30T13:32:00+00:00,674.86,674.98,674.16,674.5,292756,regular,False
2026-07-30T13:33:00+00:00,674.38,674.47,673.3,673.99,203447,regular,False
2026-07-30T13:34:00+00:00,674.0,674.87,673.72,674.66,191556,regular,False
2026-07-30T13:35:00+00:00,674.63,675.4,674.11,675.09,189717,regular,False
2026-07-30T13:36:00+00:00,675.18,675.81,674.5,675.2,224063,regular,False
2026-07-30T13:37:00+00:00,675.2,675.33,674.11,674.95,167507,regular,False
2026-07-30T13:38:00+00:00,674.99,675.58,674.29,675.1,169079,regular,False
2026-07-30T13:39:00+00:00,675.08,675.41,674.56,675.06,106118,regular,False
2026-07-30T13:40:00+00:00,675.07,675.32,674.12,674.92,148462,regular,False
2026-07-30T13:41:00+00:00,674.9,675.46,674.6,675.06,159429,regular,False
2026-07-30T13:42:00+00:00,675.04,676.33,674.96,676.2,156251,regular,False
2026-07-30T13:43:00+00:00,676.21,676.96,676.08,676.96,298940,regular,False
2026-07-30T13:44:00+00:00,676.94,677.69,676.94,677.25,347773,regular,False
2026-07-30T13:45:00+00:00,677.25,678.17,677.17,678.11,346710,regular,False
2026-07-30T13:46:00+00:00,678.12,678.66,677.95,678.53,160832,regular,False
2026-07-30T13:47:00+00:00,678.52,678.75,678.03,678.69,190538,regular,False
2026-07-30T13:48:00+00:00,678.71,679.03,678.5,678.82,191526,regular,False
2026-07-30T13:49:00+00:00,678.82,679.44,678.81,679.42,218057,regular,False
2026-07-30T13:50:00+00:00,679.4,680.54,678.87,680.37,333347,regular,False
2026-07-30T13:51:00+00:00,680.31,680.84,680.06,680.11,246350,regular,False
2026-07-30T13:52:00+00:00,680.11,680.13,679.06,679.36,184156,regular,False
2026-07-30T13:53:00+00:00,679.34,680.23,679.17,679.76,244916,regular,False
2026-07-30T13:54:00+00:00,679.76,680.54,679.74,680.31,117466,regular,False
2026-07-30T13:55:00+00:00,680.34,681.05,679.86,680.92,190093,regular,False
2026-07-30T13:56:00+00:00,680.91,681.1,680.3,680.48,156575,regular,False
2026-07-30T13:57:00+00:00,680.48,680.7,680.05,680.5,126159,regular,False
2026-07-30T13:58:00+00:00,680.52,680.8,680.16,680.76,156641,regular,False
2026-07-30T13:59:00+00:00,680.77,681.65,680.63,681.51,167507,regular,False
2026-07-30T14:00:00+00:00,681.49,681.64,680.95,681.61,174181,regular,False
2026-07-30T14:01:00+00:00,681.63,681.94,681.53,681.88,140030,regular,False
2026-07-30T14:02:00+00:00,681.86,682.32,681.49,681.7,170022,regular,False
2026-07-30T14:03:00+00:00,681.7,682.03,681.17,681.91,148820,regular,False
2026-07-30T14:04:00+00:00,681.92,682.14,681.68,681.72,96758,regular,False
2026-07-30T14:05:00+00:00,681.68,681.8,681.11,681.35,162626,regular,False
2026-07-30T14:06:00+00:00,681.35,681.47,680.68,681.02,207328,regular,False
2026-07-30T14:07:00+00:00,681.02,681.16,680.35,680.39,95598,regular,False
2026-07-30T14:08:00+00:00,680.39,680.47,679.76,679.93,198940,regular,False
2026-07-30T14:09:00+00:00,679.95,680.1,679.53,679.86,186055,regular,False
2026-07-30T14:10:00+00:00,679.87,680.35,679.41,679.84,164309,regular,False
2026-07-30T14:11:00+00:00,679.8,680.4,679.45,680.34,101467,regular,False
2026-07-30T14:12:00+00:00,680.33,680.6,680.07,680.47,144415,regular,False
2026-07-30T14:13:00+00:00,680.58,680.6,679.85,679.96,135921,regular,False
2026-07-30T14:14:00+00:00,679.96,680.53,679.82,680.41,85720,regular,False
2026-07-30T14:15:00+00:00,680.42,680.97,680.29,680.51,83482,regular,False
2026-07-30T14:16:00+00:00,680.52,680.95,680.15,680.9,92385,regular,False
2026-07-30T14:17:00+00:00,680.93,681.15,680.63,680.65,111849,regular,False
2026-07-30T14:18:00+00:00,680.62,680.7,679.75,680.41,88279,regular,False
2026-07-30T14:20:00+00:00,680.54,680.86,680.31,680.79,72389,regular,False
2026-07-30T14:21:00+00:00,680.84,681.77,680.83,681.54,127327,regular,False
2026-07-30T14:22:00+00:00,681.56,681.71,681.09,681.56,77145,regular,False
2026-07-30T14:23:00+00:00,681.6,681.98,681.58,681.69,56890,regular,False
2026-07-30T14:24:00+00:00,681.68,682.0,681.42,681.77,103959,regular,False
2026-07-30T14:25:00+00:00,681.8,682.04,681.7,682.01,107928,regular,False
2026-07-30T14:26:00+00:00,682.01,682.13,681.43,681.96,85465,regular,False
2026-07-30T14:27:00+00:00,681.98,682.96,681.92,682.91,112086,regular,False
2026-07-30T14:28:00+00:00,682.91,683.64,682.88,683.23,178480,regular,False
2026-07-30T14:29:00+00:00,683.24,683.42,683.1,683.3,96818,regular,False
2026-07-30T14:30:00+00:00,683.26,683.26,682.4,683.17,115626,regular,False
2026-07-30T14:31:00+00:00,683.13,683.73,682.87,683.47,81169,regular,False
2026-07-30T14:32:00+00:00,683.5,683.66,683.11,683.65,75319,regular,False
2026-07-30T14:33:00+00:00,683.59,683.7,683.27,683.59,100102,regular,False
2026-07-30T14:34:00+00:00,683.55,683.61,683.05,683.5,79927,regular,False
2026-07-30T14:35:00+00:00,683.47,683.56,682.78,682.85,100377,regular,False
2026-07-30T14:36:00+00:00,682.82,683.65,682.72,683.55,78349,regular,False
2026-07-30T14:37:00+00:00,683.51,683.71,683.33,683.56,122857,regular,False
2026-07-30T14:38:00+00:00,683.55,683.56,682.95,682.98,77347,regular,False
2026-07-30T14:39:00+00:00,682.98,683.2,682.91,683.13,86243,regular,False
2026-07-30T14:40:00+00:00,683.14,683.43,682.97,683.29,83703,regular,False
2026-07-30T14:41:00+00:00,683.36,683.62,683.24,683.43,54553,regular,False
2026-07-30T14:42:00+00:00,683.37,683.66,682.76,682.83,76954,regular,False
2026-07-30T14:43:00+00:00,682.84,682.84,682.24,682.29,161801,regular,False
2026-07-30T14:44:00+00:00,682.28,682.32,681.67,682.03,121505,regular,False
2026-07-30T14:45:00+00:00,682.03,682.36,681.64,682.35,72703,regular,False
2026-07-30T14:46:00+00:00,682.33,682.55,681.57,681.67,76019,regular,False
2026-07-30T14:47:00+00:00,681.68,681.96,681.47,681.69,61112,regular,False
2026-07-30T14:48:00+00:00,681.67,681.67,680.98,681.64,98914,regular,False
2026-07-30T14:49:00+00:00,681.68,682.03,681.23,681.83,58518,regular,False
2026-07-30T14:50:00+00:00,681.82,682.08,681.2,681.24,71561,regular,False
2026-07-30T14:51:00+00:00,681.26,681.55,680.55,680.76,93089,regular,False
2026-07-30T14:52:00+00:00,680.8,680.95,680.31,680.31,62244,regular,False
2026-07-30T14:53:00+00:00,680.31,680.5,679.88,680.04,97022,regular,False
2026-07-30T14:54:00+00:00,680.02,680.03,679.33,679.47,137193,regular,False
2026-07-30T14:55:00+00:00,679.47,679.51,678.82,679.11,114026,regular,False
2026-07-30T14:56:00+00:00,679.09,679.24,678.4,678.64,104089,regular,False
2026-07-30T14:57:00+00:00,678.66,679.31,678.36,679.17,112968,regular,False
2026-07-30T14:58:00+00:00,679.15,679.59,678.9,679.59,140827,regular,False
2026-07-30T14:59:00+00:00,679.61,680.08,679.44,679.53,126591,regular,False
2026-07-30T15:00:00+00:00,679.56,679.68,678.13,678.45,136299,regular,False
2026-07-30T15:01:00+00:00,678.5,678.79,678.13,678.35,147842,regular,False
2026-07-30T15:02:00+00:00,678.34,679.53,678.24,679.5,111988,regular,False
2026-07-30T15:03:00+00:00,679.52,680.37,679.52,680.34,93291,regular,False
2026-07-30T15:04:00+00:00,680.34,680.6,679.77,680.37,100344,regular,False
2026-07-30T15:05:00+00:00,680.4,680.77,680.21,680.6,119078,regular,False
2026-07-30T15:06:00+00:00,680.63,680.83,680.0,680.14,98083,regular,False
2026-07-30T15:07:00+00:00,680.17,680.25,679.4,679.57,140475,regular,False
2026-07-30T15:08:00+00:00,679.57,680.24,679.21,680.19,89196,regular,False
2026-07-30T15:09:00+00:00,680.21,681.15,680.12,681.07,99245,regular,False
2026-07-30T15:10:00+00:00,681.07,681.16,679.57,679.72,91317,regular,False
2026-07-30T15:11:00+00:00,679.79,679.88,678.75,678.93,97596,regular,False
2026-07-30T15:12:00+00:00,678.87,679.37,678.73,679.34,78933,regular,False
2026-07-30T15:13:00+00:00,679.31,679.31,678.38,678.73,114175,regular,False
2026-07-30T15:14:00+00:00,678.65,679.01,678.34,678.45,67902,regular,False
2026-07-30T15:15:00+00:00,678.43,679.31,678.04,679.31,102897,regular,False
2026-07-30T15:16:00+00:00,679.33,679.7,679.08,679.22,73038,regular,False
2026-07-30T15:17:00+00:00,679.2,679.53,678.47,678.54,125664,regular,False
2026-07-30T15:18:00+00:00,678.58,679.0,678.4,678.96,48994,regular,False
2026-07-30T15:19:00+00:00,678.91,679.2,678.77,678.98,47927,regular,False
2026-07-30T15:20:00+00:00,678.95,679.29,678.78,679.09,41834,regular,False
2026-07-30T15:21:00+00:00,679.22,680.26,679.16,679.7,63267,regular,False
2026-07-30T15:22:00+00:00,679.74,679.96,679.35,679.67,58118,regular,False
2026-07-30T15:23:00+00:00,679.61,679.71,678.6,679.24,86215,regular,False
2026-07-30T15:24:00+00:00,679.22,679.39,678.75,679.08,48111,regular,False
2026-07-30T15:25:00+00:00,679.07,679.68,678.61,678.73,50006,regular,False
2026-07-30T15:26:00+00:00,678.74,678.86,677.75,678.84,147078,regular,False
2026-07-30T15:27:00+00:00,678.88,679.08,678.29,678.37,46797,regular,False
2026-07-30T15:28:00+00:00,678.36,678.49,677.98,678.38,78896,regular,False
2026-07-30T15:29:00+00:00,678.39,678.62,678.08,678.13,67940,regular,False
2026-07-30T15:30:00+00:00,678.16,678.42,677.9,678.04,101484,regular,False
2026-07-30T15:31:00+00:00,678.09,678.83,678.04,678.63,87231,regular,False
2026-07-30T15:32:00+00:00,678.61,679.15,678.58,678.78,51861,regular,False
2026-07-30T15:33:00+00:00,678.78,679.07,678.6,679.07,41251,regular,False
2026-07-30T15:34:00+00:00,679.06,679.62,678.62,679.62,71446,regular,False
2026-07-30T15:35:00+00:00,679.62,680.06,679.22,679.3,87854,regular,False
2026-07-30T15:36:00+00:00,679.33,679.97,679.31,679.97,53868,regular,False
2026-07-30T15:37:00+00:00,679.96,679.97,678.9,678.91,78406,regular,False
2026-07-30T15:38:00+00:00,678.96,679.22,678.76,679.04,94359,regular,False
2026-07-30T15:39:00+00:00,679.06,679.62,678.91,679.58,32795,regular,False
2026-07-30T15:40:00+00:00,679.62,679.93,679.29,679.68,56896,regular,False
2026-07-30T15:41:00+00:00,679.63,679.87,679.38,679.75,39318,regular,False
2026-07-30T15:42:00+00:00,679.75,679.78,679.22,679.69,35772,regular,False
2026-07-30T15:43:00+00:00,679.7,679.99,679.49,679.96,41186,regular,False
2026-07-30T15:44:00+00:00,679.93,680.48,679.93,679.99,67128,regular,False
2026-07-30T15:45:00+00:00,680.06,680.59,680.04,680.5,87867,regular,False
2026-07-30T15:46:00+00:00,680.52,681.11,680.45,680.82,46955,regular,False
2026-07-30T15:47:00+00:00,680.83,681.05,680.77,680.8,59567,regular,False
2026-07-30T15:48:00+00:00,680.8,680.84,680.3,680.44,122361,regular,False
2026-07-30T15:49:00+00:00,680.42,680.64,680.05,680.61,66122,regular,False
2026-07-30T15:50:00+00:00,680.61,680.83,680.0,680.06,69135,regular,False
2026-07-30T15:51:00+00:00,680.05,680.45,679.73,680.44,63976,regular,False
2026-07-30T15:52:00+00:00,680.36,680.37,679.08,679.54,108942,regular,False
2026-07-30T15:53:00+00:00,679.51,680.14,679.42,679.96,87355,regular,False
2026-07-30T15:54:00+00:00,680.0,680.53,679.77,680.47,51757,regular,False
2026-07-30T15:55:00+00:00,680.53,681.01,680.52,680.83,62135,regular,False
2026-07-30T15:56:00+00:00,680.84,681.04,680.68,680.7,73644,regular,False
2026-07-30T15:57:00+00:00,680.7,680.78,680.44,680.58,74907,regular,False
2026-07-30T15:58:00+00:00,680.6,680.67,680.03,680.16,62650,regular,False
2026-07-30T15:59:00+00:00,680.15,680.15,679.63,679.79,70297,regular,False
2026-07-30T16:00:00+00:00,679.77,679.83,679.32,679.58,107697,regular,False
2026-07-30T16:01:00+00:00,679.56,680.19,679.36,680.16,72588,regular,False
2026-07-30T16:02:00+00:00,680.17,680.65,679.94,680.65,90127,regular,False
2026-07-30T16:03:00+00:00,680.67,680.95,680.61,680.77,50438,regular,False
2026-07-30T16:04:00+00:00,680.77,681.68,680.76,681.5,101580,regular,False
2026-07-30T16:05:00+00:00,681.5,681.89,681.46,681.57,94737,regular,False
2026-07-30T16:06:00+00:00,681.58,681.74,681.29,681.35,92345,regular,False
2026-07-30T16:07:00+00:00,681.34,681.47,681.17,681.45,60656,regular,False
2026-07-30T16:08:00+00:00,681.47,681.57,681.19,681.52,44649,regular,False
2026-07-30T16:09:00+00:00,681.51,681.6,681.17,681.36,68216,regular,False
2026-07-30T16:10:00+00:00,681.33,681.79,681.3,681.57,44283,regular,False
2026-07-30T16:11:00+00:00,681.63,682.04,681.46,681.97,82317,regular,False
2026-07-30T16:12:00+00:00,681.97,682.29,681.89,682.24,77096,regular,False
2026-07-30T16:13:00+00:00,682.25,682.46,682.25,682.42,112584,regular,False
2026-07-30T16:14:00+00:00,682.42,682.47,682.09,682.37,74111,regular,False
2026-07-30T16:15:00+00:00,682.38,682.5,682.25,682.3,104637,regular,False
2026-07-30T16:16:00+00:00,682.29,682.49,682.2,682.44,52752,regular,False
2026-07-30T16:17:00+00:00,682.47,682.48,682.12,682.46,114698,regular,False
2026-07-30T16:18:00+00:00,682.45,682.55,682.04,682.4,82862,regular,False
2026-07-30T16:19:00+00:00,682.4,682.51,681.97,682.04,99311,regular,False
2026-07-30T16:20:00+00:00,682.04,682.31,681.87,682.21,89991,regular,False
2026-07-30T16:21:00+00:00,682.2,682.27,682.01,682.26,46602,regular,False
2026-07-30T16:22:00+00:00,682.27,682.37,681.84,681.96,64944,regular,False
2026-07-30T16:23:00+00:00,681.94,681.94,681.44,681.8,80093,regular,False
2026-07-30T16:24:00+00:00,681.8,681.96,681.53,681.68,65639,regular,False
2026-07-30T16:25:00+00:00,681.64,681.68,681.4,681.5,54279,regular,False
2026-07-30T16:26:00+00:00,681.48,681.62,681.37,681.51,39903,regular,False
2026-07-30T16:27:00+00:00,681.51,681.79,681.47,681.79,47777,regular,False
2026-07-30T16:28:00+00:00,681.76,681.83,681.38,681.51,95623,regular,False
2026-07-30T16:29:00+00:00,681.49,681.57,681.29,681.36,47322,regular,False
2026-07-30T16:30:00+00:00,681.36,681.49,680.85,680.9,55441,regular,False
2026-07-30T16:31:00+00:00,680.9,680.98,680.62,680.95,37462,regular,False
2026-07-30T16:32:00+00:00,680.97,681.09,680.64,681.01,31747,regular,False
2026-07-30T16:33:00+00:00,680.97,681.08,680.74,680.87,23540,regular,False
2026-07-30T16:34:00+00:00,680.87,680.91,680.57,680.78,37276,regular,False
2026-07-30T16:35:00+00:00,680.78,681.29,680.7,680.86,55263,regular,False
2026-07-30T16:36:00+00:00,680.85,681.18,680.84,681.06,68411,regular,False
2026-07-30T16:37:00+00:00,681.04,681.06,680.79,680.87,115248,regular,False
2026-07-30T16:38:00+00:00,680.86,680.92,680.66,680.8,72548,regular,False
2026-07-30T16:39:00+00:00,680.8,680.97,680.69,680.73,47965,regular,False
2026-07-30T16:40:00+00:00,680.73,680.74,679.91,679.98,108936,regular,False
2026-07-30T16:41:00+00:00,679.98,680.12,679.65,679.82,83274,regular,False
2026-07-30T16:42:00+00:00,679.82,679.96,679.42,679.53,113578,regular,False
2026-07-30T16:43:00+00:00,679.51,679.83,679.25,679.42,75878,regular,False
2026-07-30T16:44:00+00:00,679.39,679.57,679.3,679.55,53294,regular,False
2026-07-30T16:45:00+00:00,679.54,680.25,679.5,680.14,117412,regular,False
2026-07-30T16:46:00+00:00,680.11,680.5,680.11,680.26,87830,regular,False
2026-07-30T16:47:00+00:00,680.25,680.42,680.08,680.12,52121,regular,False
2026-07-30T16:48:00+00:00,680.12,680.28,679.94,679.98,52146,regular,False
2026-07-30T16:49:00+00:00,679.98,680.31,679.97,680.25,45890,regular,False
2026-07-30T16:50:00+00:00,680.29,680.42,679.79,679.92,63786,regular,False
2026-07-30T16:51:00+00:00,679.91,680.83,679.91,680.79,32977,regular,False
2026-07-30T16:52:00+00:00,680.81,681.17,680.77,681.08,60404,regular,False
2026-07-30T16:53:00+00:00,681.07,681.11,680.56,680.63,65492,regular,False
2026-07-30T16:54:00+00:00,680.65,680.78,680.56,680.62,45495,regular,False
2026-07-30T16:55:00+00:00,680.64,681.04,680.56,681.0,41688,regular,False
2026-07-30T16:56:00+00:00,680.99,681.15,680.89,680.99,40835,regular,False
2026-07-30T16:57:00+00:00,680.99,681.08,680.87,680.88,47861,regular,False
2026-07-30T16:58:00+00:00,680.88,681.0,680.68,680.99,59984,regular,False
2026-07-30T16:59:00+00:00,680.99,681.05,680.89,680.96,45423,regular,False
2026-07-30T17:00:00+00:00,680.97,682.0,680.95,681.75,105551,regular,False
2026-07-30T17:01:00+00:00,681.75,682.06,681.61,682.05,52968,regular,False
2026-07-30T17:02:00+00:00,682.02,682.13,681.49,681.57,72498,regular,False
2026-07-30T17:03:00+00:00,681.57,681.82,681.55,681.57,40114,regular,False
2026-07-30T17:04:00+00:00,681.63,681.98,681.62,681.94,49697,regular,False
2026-07-30T17:05:00+00:00,681.95,682.05,681.82,681.97,51614,regular,False
2026-07-30T17:06:00+00:00,681.96,682.33,681.94,682.11,84480,regular,False
2026-07-30T17:07:00+00:00,682.11,682.12,681.78,681.95,65628,regular,False
2026-07-30T17:08:00+00:00,681.94,682.16,681.86,682.11,37004,regular,False
2026-07-30T17:09:00+00:00,682.11,682.11,681.79,681.96,46627,regular,False
2026-07-30T17:10:00+00:00,681.97,682.31,681.79,681.98,64814,regular,False
2026-07-30T17:11:00+00:00,681.98,682.15,681.73,682.09,62298,regular,False
2026-07-30T17:12:00+00:00,682.1,682.16,681.63,681.73,73461,regular,False
2026-07-30T17:13:00+00:00,681.71,681.82,681.65,681.73,65223,regular,False
2026-07-30T17:14:00+00:00,681.76,681.82,681.65,681.74,34590,regular,False
2026-07-30T17:15:00+00:00,681.75,681.97,681.69,681.76,45997,regular,False
2026-07-30T17:16:00+00:00,681.79,682.32,681.76,682.24,27054,regular,False
2026-07-30T17:17:00+00:00,682.24,682.48,682.24,682.36,53226,regular,False
2026-07-30T17:18:00+00:00,682.36,682.51,682.19,682.28,54686,regular,False
2026-07-30T17:19:00+00:00,682.3,682.88,682.25,682.82,51407,regular,False
2026-07-30T17:20:00+00:00,682.81,682.86,682.6,682.82,46149,regular,False
2026-07-30T17:21:00+00:00,682.8,682.9,682.59,682.62,37165,regular,False
2026-07-30T17:22:00+00:00,682.65,682.68,682.22,682.25,40715,regular,False
2026-07-30T17:23:00+00:00,682.25,682.58,682.22,682.52,41876,regular,False
2026-07-30T17:24:00+00:00,682.53,682.53,682.33,682.5,26385,regular,False
2026-07-30T17:25:00+00:00,682.47,682.52,682.22,682.32,33940,regular,False
2026-07-30T17:26:00+00:00,682.31,682.35,682.13,682.3,34255,regular,False
2026-07-30T17:27:00+00:00,682.29,682.52,682.28,682.32,40689,regular,False
2026-07-30T17:28:00+00:00,682.3,682.35,681.88,682.14,76024,regular,False
2026-07-30T17:29:00+00:00,682.14,682.17,681.91,681.98,40004,regular,False
2026-07-30T17:30:00+00:00,682.0,682.33,681.96,682.19,29813,regular,False
2026-07-30T17:31:00+00:00,682.16,682.27,682.03,682.18,26471,regular,False
2026-07-30T17:32:00+00:00,682.16,682.31,682.05,682.08,49560,regular,False
2026-07-30T17:33:00+00:00,682.1,682.18,681.76,681.91,52299,regular,False
2026-07-30T17:34:00+00:00,681.93,681.94,681.61,681.83,28797,regular,False
2026-07-30T17:35:00+00:00,681.86,682.17,681.79,682.16,76430,regular,False
2026-07-30T17:36:00+00:00,682.18,682.26,681.98,682.22,51330,regular,False
2026-07-30T17:37:00+00:00,682.22,682.27,681.66,681.74,71393,regular,False
2026-07-30T17:38:00+00:00,681.75,681.75,681.27,681.6,76148,regular,False
2026-07-30T17:39:00+00:00,681.6,681.63,681.37,681.45,59614,regular,False
2026-07-30T17:40:00+00:00,681.46,681.85,681.46,681.7,34730,regular,False
2026-07-30T17:41:00+00:00,681.75,682.0,681.73,682.0,29517,regular,False
2026-07-30T17:42:00+00:00,681.99,682.41,681.94,682.08,66277,regular,False
2026-07-30T17:43:00+00:00,682.11,682.7,682.11,682.41,46055,regular,False
2026-07-30T17:44:00+00:00,682.4,682.53,682.28,682.42,50581,regular,False
2026-07-30T17:45:00+00:00,682.45,682.59,682.36,682.42,46499,regular,False
2026-07-30T17:46:00+00:00,682.42,682.75,682.37,682.66,44885,regular,False
2026-07-30T17:47:00+00:00,682.66,682.75,682.56,682.64,87869,regular,False
2026-07-30T17:48:00+00:00,682.64,682.77,682.59,682.73,39492,regular,False
2026-07-30T17:49:00+00:00,682.72,682.72,682.34,682.35,101723,regular,False
2026-07-30T17:50:00+00:00,682.35,682.58,682.26,682.58,40063,regular,False
2026-07-30T17:51:00+00:00,682.56,682.92,682.52,682.73,64532,regular,False
2026-07-30T17:52:00+00:00,682.72,682.77,682.17,682.42,53082,regular,False
2026-07-30T17:53:00+00:00,682.42,682.43,682.11,682.13,37730,regular,False
2026-07-30T17:54:00+00:00,682.13,682.36,682.11,682.16,30202,regular,False
2026-07-30T17:55:00+00:00,682.17,682.23,681.89,682.21,37688,regular,False
2026-07-30T17:56:00+00:00,682.21,682.35,682.08,682.26,32948,regular,False
2026-07-30T17:57:00+00:00,682.22,682.45,682.16,682.35,20559,regular,False
2026-07-30T17:58:00+00:00,682.36,682.42,682.06,682.17,37846,regular,False
2026-07-30T17:59:00+00:00,682.21,682.38,682.11,682.17,20134,regular,False
2026-07-30T18:00:00+00:00,682.22,682.63,682.22,682.51,20986,regular,False
2026-07-30T18:01:00+00:00,682.53,682.75,682.53,682.68,52701,regular,False
2026-07-30T18:02:00+00:00,682.7,682.7,682.47,682.57,25232,regular,False
2026-07-30T18:03:00+00:00,682.54,682.62,682.25,682.32,39352,regular,False
2026-07-30T18:04:00+00:00,682.31,682.35,681.96,681.99,30357,regular,False
2026-07-30T18:05:00+00:00,681.98,682.37,681.95,682.22,23608,regular,False
2026-07-30T18:06:00+00:00,682.23,682.57,682.21,682.57,25919,regular,False
2026-07-30T18:07:00+00:00,682.57,682.59,682.38,682.39,24939,regular,False
2026-07-30T18:08:00+00:00,682.39,682.56,682.18,682.54,27874,regular,False
2026-07-30T18:09:00+00:00,682.56,682.63,682.44,682.52,25686,regular,False
2026-07-30T18:10:00+00:00,682.54,682.6,682.3,682.51,27762,regular,False
2026-07-30T18:11:00+00:00,682.5,682.66,682.4,682.66,23170,regular,False
2026-07-30T18:12:00+00:00,682.63,682.65,682.34,682.61,37652,regular,False
2026-07-30T18:13:00+00:00,682.63,682.63,682.42,682.62,26334,regular,False
2026-07-30T18:14:00+00:00,682.63,682.85,682.57,682.75,39187,regular,False
2026-07-30T18:15:00+00:00,682.76,682.82,682.34,682.44,55346,regular,False
2026-07-30T18:16:00+00:00,682.44,682.54,682.3,682.33,36309,regular,False
2026-07-30T18:17:00+00:00,682.32,682.33,682.04,682.2,50650,regular,False
2026-07-30T18:18:00+00:00,682.22,682.34,682.14,682.17,31176,regular,False
2026-07-30T18:19:00+00:00,682.18,682.19,681.83,681.96,44135,regular,False
2026-07-30T18:20:00+00:00,681.96,682.17,681.85,682.05,25122,regular,False
2026-07-30T18:21:00+00:00,682.1,682.38,682.03,682.33,44675,regular,False
2026-07-30T18:22:00+00:00,682.33,682.52,682.19,682.5,28539,regular,False
2026-07-30T18:23:00+00:00,682.48,682.56,682.32,682.4,31082,regular,False
2026-07-30T18:24:00+00:00,682.37,682.49,682.35,682.38,32835,regular,False
2026-07-30T18:25:00+00:00,682.41,682.48,682.27,682.29,46340,regular,False
2026-07-30T18:26:00+00:00,682.3,682.39,682.17,682.31,25900,regular,False
2026-07-30T18:27:00+00:00,682.34,682.54,682.26,682.29,30504,regular,False
2026-07-30T18:28:00+00:00,682.27,682.43,682.11,682.33,25128,regular,False
2026-07-30T18:29:00+00:00,682.41,682.45,682.26,682.33,27530,regular,False
2026-07-30T18:30:00+00:00,682.33,682.7,682.26,682.66,32607,regular,False
2026-07-30T18:31:00+00:00,682.65,682.73,682.17,682.32,62086,regular,False
2026-07-30T18:32:00+00:00,682.37,682.37,682.08,682.2,46161,regular,False
2026-07-30T18:33:00+00:00,682.22,682.39,682.21,682.24,24665,regular,False
2026-07-30T18:34:00+00:00,682.24,682.27,682.06,682.13,26404,regular,False
2026-07-30T18:35:00+00:00,682.13,682.14,681.9,682.03,61558,regular,False
2026-07-30T18:36:00+00:00,682.04,682.1,681.86,681.96,33379,regular,False
2026-07-30T18:37:00+00:00,681.97,682.01,681.72,681.81,37736,regular,False
2026-07-30T18:38:00+00:00,681.86,682.15,681.7,681.71,39580,regular,False
2026-07-30T18:39:00+00:00,681.72,681.76,681.51,681.72,45178,regular,False
2026-07-30T18:40:00+00:00,681.72,682.01,681.64,681.99,30552,regular,False
2026-07-30T18:41:00+00:00,682.0,682.02,681.62,681.64,28020,regular,False
2026-07-30T18:42:00+00:00,681.64,681.9,681.55,681.6,43597,regular,False
2026-07-30T18:43:00+00:00,681.6,681.84,681.6,681.81,38325,regular,False
2026-07-30T18:44:00+00:00,681.81,682.02,681.67,681.97,59182,regular,False
2026-07-30T18:45:00+00:00,681.97,682.1,681.93,682.07,54222,regular,False
2026-07-30T18:46:00+00:00,682.08,682.4,682.03,682.35,39691,regular,False
2026-07-30T18:47:00+00:00,682.35,682.45,682.29,682.35,36820,regular,False
2026-07-30T18:48:00+00:00,682.36,682.43,682.18,682.2,53094,regular,False
2026-07-30T18:49:00+00:00,682.19,682.27,682.1,682.25,36595,regular,False
2026-07-30T18:50:00+00:00,682.23,682.41,682.11,682.11,53040,regular,False
2026-07-30T18:51:00+00:00,682.13,682.19,681.89,681.96,38183,regular,False
2026-07-30T18:52:00+00:00,681.99,682.19,681.93,682.0,40216,regular,False
2026-07-30T18:53:00+00:00,682.02,682.15,681.9,681.97,80577,regular,False
2026-07-30T18:54:00+00:00,681.98,682.09,681.87,681.89,38143,regular,False
2026-07-30T18:55:00+00:00,681.89,682.02,681.85,681.86,69264,regular,False
2026-07-30T18:56:00+00:00,681.85,682.0,681.66,681.98,63619,regular,False
2026-07-30T18:57:00+00:00,681.99,682.05,681.82,681.92,39118,regular,False
2026-07-30T18:58:00+00:00,681.98,682.08,681.85,682.01,46746,regular,False
2026-07-30T18:59:00+00:00,682.01,682.42,682.01,682.3,54058,regular,False
2026-07-30T19:00:00+00:00,682.31,682.66,682.29,682.61,69846,regular,False
2026-07-30T19:01:00+00:00,682.63,682.78,682.54,682.63,60959,regular,False
2026-07-30T19:02:00+00:00,682.64,683.03,682.62,682.8,55982,regular,False
2026-07-30T19:03:00+00:00,682.8,682.83,682.58,682.58,90034,regular,False
2026-07-30T19:04:00+00:00,682.6,682.82,682.56,682.71,62427,regular,False
2026-07-30T19:05:00+00:00,682.73,682.88,682.65,682.77,48787,regular,False
2026-07-30T19:06:00+00:00,682.77,683.25,682.7,683.25,65647,regular,False
2026-07-30T19:07:00+00:00,683.24,683.7,683.24,683.65,136238,regular,False
2026-07-30T19:08:00+00:00,683.64,683.82,683.59,683.82,141668,regular,False
2026-07-30T19:09:00+00:00,683.82,684.1,683.8,684.09,106852,regular,False
2026-07-30T19:10:00+00:00,684.09,684.71,684.04,684.63,115647,regular,False
2026-07-30T19:11:00+00:00,684.63,684.82,684.53,684.53,145394,regular,False
2026-07-30T19:12:00+00:00,684.54,685.06,684.53,684.97,102683,regular,False
2026-07-30T19:13:00+00:00,684.98,685.01,684.7,684.77,81487,regular,False
2026-07-30T19:14:00+00:00,684.78,684.81,684.53,684.59,82651,regular,False
2026-07-30T19:15:00+00:00,684.56,684.71,684.26,684.34,62896,regular,False
2026-07-30T19:16:00+00:00,684.32,684.87,684.31,684.87,80365,regular,False
2026-07-30T19:17:00+00:00,684.87,684.98,684.78,684.84,91004,regular,False
2026-07-30T19:18:00+00:00,684.85,685.12,684.79,685.08,110027,regular,False
2026-07-30T19:19:00+00:00,685.07,685.09,684.77,684.84,70534,regular,False
2026-07-30T19:20:00+00:00,684.86,684.88,684.61,684.65,83272,regular,False
2026-07-30T19:21:00+00:00,684.59,684.67,684.4,684.4,48725,regular,False
2026-07-30T19:22:00+00:00,684.41,684.53,684.13,684.3,87418,regular,False
2026-07-30T19:23:00+00:00,684.31,684.46,684.23,684.46,100637,regular,False
2026-07-30T19:24:00+00:00,684.46,684.53,684.28,684.31,63634,regular,False
2026-07-30T19:25:00+00:00,684.3,684.48,684.18,684.25,76160,regular,False
2026-07-30T19:26:00+00:00,684.23,684.44,684.11,684.41,56877,regular,False
2026-07-30T19:27:00+00:00,684.41,684.45,684.19,684.32,32936,regular,False
2026-07-30T19:28:00+00:00,684.28,684.39,684.11,684.17,59248,regular,False
2026-07-30T19:29:00+00:00,684.17,684.18,683.78,683.84,123959,regular,False
2026-07-30T19:30:00+00:00,683.82,684.1,683.76,684.03,92722,regular,False
2026-07-30T19:31:00+00:00,684.04,684.07,683.63,683.85,134776,regular,False
2026-07-30T19:32:00+00:00,683.91,684.0,683.65,683.72,137496,regular,False
2026-07-30T19:33:00+00:00,683.73,683.94,683.73,683.92,152627,regular,False
2026-07-30T19:34:00+00:00,683.93,684.15,683.7,683.8,128024,regular,False
2026-07-30T19:35:00+00:00,683.81,683.88,683.55,683.56,135708,regular,False
2026-07-30T19:36:00+00:00,683.56,683.56,683.25,683.27,133585,regular,False
2026-07-30T19:37:00+00:00,683.27,683.67,683.26,683.49,129577,regular,False
2026-07-30T19:38:00+00:00,683.49,683.91,683.47,683.64,195321,regular,False
2026-07-30T19:39:00+00:00,683.65,683.83,683.65,683.72,99591,regular,False
2026-07-30T19:40:00+00:00,683.72,683.77,683.47,683.62,104045,regular,False
2026-07-30T19:41:00+00:00,683.59,683.76,683.48,683.61,89139,regular,False
2026-07-30T19:42:00+00:00,683.61,683.61,683.32,683.5,98029,regular,False
2026-07-30T19:43:00+00:00,683.51,683.83,683.41,683.68,121174,regular,False
2026-07-30T19:44:00+00:00,683.67,683.75,683.57,683.61,124090,regular,False
2026-07-30T19:45:00+00:00,683.61,683.88,683.49,683.77,138524,regular,False
2026-07-30T19:46:00+00:00,683.76,683.86,683.6,683.6,83138,regular,False
2026-07-30T19:47:00+00:00,683.61,683.8,683.42,683.66,88529,regular,False
2026-07-30T19:48:00+00:00,683.66,683.67,683.35,683.35,141217,regular,False
2026-07-30T19:49:00+00:00,683.36,683.71,683.23,683.69,134035,regular,False
2026-07-30T19:50:00+00:00,683.69,683.76,683.26,683.35,237947,regular,False
2026-07-30T19:51:00+00:00,683.33,683.47,683.0,683.3,223431,regular,False
2026-07-30T19:52:00+00:00,683.31,683.52,683.19,683.44,216625,regular,False
2026-07-30T19:53:00+00:00,683.44,683.63,683.04,683.05,222305,regular,False
2026-07-30T19:54:00+00:00,683.05,683.79,683.02,683.42,267336,regular,False
2026-07-30T19:55:00+00:00,683.42,683.45,682.89,683.17,242196,regular,False
2026-07-30T19:56:00+00:00,683.18,683.78,683.11,683.54,225816,regular,False
2026-07-30T19:57:00+00:00,683.54,683.7,683.43,683.67,270357,regular,False
2026-07-30T19:59:00+00:00,683.81,684.35,683.17,683.6,1711352,regular,False
2026-07-30T20:01:00+00:00,683.1,687.0,683.1,685.94,124964,after-market,False
2026-07-30T20:02:00+00:00,685.73,686.04,685.33,685.88,32111,after-market,False
2026-07-30T20:03:00+00:00,685.81,686.39,685.43,685.48,79122,after-market,False
2026-07-30T20:04:00+00:00,685.48,686.1,685.05,686.1,45583,after-market,False
2026-07-30T20:05:00+00:00,685.9,685.92,685.43,685.6,10437,after-market,False
2026-07-30T20:06:00+00:00,685.62,685.76,685.4,685.48,36960,after-market,False
2026-07-30T20:07:00+00:00,685.41,685.99,685.37,685.6,23596,after-market,False
2026-07-30T20:08:00+00:00,685.61,685.92,685.53,685.54,44251,after-market,False
2026-07-30T20:09:00+00:00,685.5,685.58,685.16,685.33,30993,after-market,False
2026-07-30T20:10:00+00:00,685.25,685.47,685.0,685.37,40386,after-market,False
2026-07-30T20:11:00+00:00,685.32,685.47,684.81,684.91,60434,after-market,False
2026-07-30T20:12:00+00:00,684.93,685.68,684.89,685.68,25205,after-market,False
2026-07-30T20:13:00+00:00,685.58,685.86,685.58,685.8,4706,after-market,False
2026-07-30T20:14:00+00:00,685.83,685.95,685.77,685.84,18991,after-market,False
2026-07-30T20:15:00+00:00,685.82,686.35,685.82,686.35,38608,after-market,False
2026-07-30T20:16:00+00:00,686.35,686.44,686.18,686.25,19964,after-market,False
2026-07-30T20:17:00+00:00,686.23,686.24,685.9,685.99,17001,after-market,False
2026-07-30T20:18:00+00:00,686.12,686.21,685.8,686.21,9247,after-market,False
2026-07-30T20:19:00+00:00,686.3,686.56,686.23,686.5,20874,after-market,False
2026-07-30T20:20:00+00:00,686.5,686.81,686.48,686.57,18649,after-market,False
2026-07-30T20:21:00+00:00,686.48,686.48,686.19,686.35,14525,after-market,False
2026-07-30T20:22:00+00:00,686.28,686.61,686.25,686.49,16220,after-market,False
2026-07-30T20:23:00+00:00,686.47,686.78,686.45,686.54,12980,after-market,False
2026-07-30T20:24:00+00:00,686.56,686.74,686.49,686.72,5955,after-market,False
2026-07-30T20:25:00+00:00,686.72,686.72,686.49,686.5,1144,after-market,False
2026-07-30T20:26:00+00:00,686.65,686.81,686.57,686.7,5084,after-market,False
2026-07-30T20:27:00+00:00,686.7,686.74,686.46,686.46,5515,after-market,False
2026-07-30T20:28:00+00:00,686.4,686.68,686.39,686.66,2453,after-market,False
2026-07-30T20:29:00+00:00,686.72,686.86,686.52,686.52,14407,after-market,False
2026-07-30T20:30:00+00:00,686.77,687.69,685.44,685.6,67178,after-market,False
2026-07-30T20:31:00+00:00,685.64,686.19,685.63,685.86,15035,after-market,False
2026-07-30T20:32:00+00:00,685.77,686.32,685.77,686.24,18353,after-market,False
2026-07-30T20:33:00+00:00,686.52,686.79,686.41,686.64,29971,after-market,False
2026-07-30T20:34:00+00:00,686.55,686.7,686.49,686.49,27876,after-market,False
2026-07-30T20:35:00+00:00,686.5,686.5,685.98,686.06,6705,after-market,False
2026-07-30T20:36:00+00:00,686.01,686.12,685.81,686.05,12487,after-market,False
2026-07-30T20:37:00+00:00,686.1,686.11,685.8,686.11,15362,after-market,False
2026-07-30T20:38:00+00:00,686.11,686.4,685.97,686.4,6230,after-market,False
2026-07-30T20:39:00+00:00,686.39,686.39,686.1,686.27,14539,after-market,False
2026-07-30T20:40:00+00:00,686.24,686.24,685.9,686.0,7886,after-market,False
2026-07-30T20:41:00+00:00,686.01,686.02,685.8,685.87,21970,after-market,False
2026-07-30T20:42:00+00:00,686.05,686.45,686.05,686.45,22413,after-market,False
2026-07-30T20:43:00+00:00,686.43,686.57,686.35,686.52,6512,after-market,False
2026-07-30T20:44:00+00:00,686.41,686.62,686.4,686.62,15717,after-market,False
2026-07-30T20:45:00+00:00,686.58,686.7,686.34,686.39,2640,after-market,False
2026-07-30T20:46:00+00:00,686.35,686.41,686.28,686.31,4219,after-market,False
2026-07-30T20:47:00+00:00,686.25,686.27,686.13,686.22,4815,after-market,False
2026-07-30T20:48:00+00:00,686.22,686.26,686.17,686.19,5369,after-market,False
2026-07-30T20:49:00+00:00,686.22,686.32,686.15,686.17,4716,after-market,False
2026-07-30T20:50:00+00:00,686.21,686.29,685.93,685.93,3609,after-market,False
2026-07-30T20:51:00+00:00,685.92,686.12,685.9,686.06,11464,after-market,False
2026-07-30T20:52:00+00:00,686.06,686.12,685.84,685.92,6434,after-market,False
2026-07-30T20:53:00+00:00,685.88,686.0,685.86,685.96,15276,after-market,False
2026-07-30T20:54:00+00:00,685.98,686.0,685.85,685.98,9348,after-market,False
2026-07-30T20:55:00+00:00,686.0,686.14,686.0,686.03,6063,after-market,False
2026-07-30T20:56:00+00:00,686.03,686.03,685.8,685.92,9717,after-market,False
2026-07-30T20:57:00+00:00,685.91,685.98,685.91,685.93,16732,after-market,False
2026-07-30T20:58:00+00:00,685.96,686.11,685.96,686.11,1732,after-market,False
2026-07-30T20:59:00+00:00,685.93,686.0,685.8,685.93,6764,after-market,False
2026-07-30T21:00:00+00:00,685.92,685.93,685.9,685.93,1817,after-market,False
2026-07-30T21:01:00+00:00,685.91,685.91,685.82,685.83,7504,after-market,False
2026-07-30T21:02:00+00:00,685.85,685.93,685.85,685.9,454,after-market,False
2026-07-30T21:03:00+00:00,685.9,686.0,685.74,685.74,33346,after-market,False
2026-07-30T21:04:00+00:00,685.75,685.75,685.6,685.6,38675,after-market,False
2026-07-30T21:05:00+00:00,685.59,685.71,685.51,685.51,19776,after-market,False
2026-07-30T21:06:00+00:00,685.5,685.69,685.5,685.62,11279,after-market,False
2026-07-30T21:07:00+00:00,685.65,685.65,685.65,685.65,99,after-market,False
2026-07-30T21:08:00+00:00,685.7,685.7,685.5,685.51,1360,after-market,False
2026-07-30T21:09:00+00:00,685.51,685.51,685.51,685.51,0,after-market,False
2026-07-30T21:10:00+00:00,685.63,685.79,685.51,685.77,1387,after-market,False
2026-07-30T21:11:00+00:00,685.6,685.75,685.6,685.7,500,after-market,False
2026-07-30T21:12:00+00:00,685.6,685.74,685.6,685.74,460,after-market,False
2026-07-30T21:13:00+00:00,685.65,685.66,685.65,685.65,110,after-market,False
2026-07-30T21:14:00+00:00,685.68,685.68,685.68,685.68,50,after-market,False
2026-07-30T21:15:00+00:00,685.84,685.95,685.75,685.95,1404,after-market,False
2026-07-30T21:16:00+00:00,686.0,686.36,686.0,686.01,9351,after-market,False
2026-07-30T21:17:00+00:00,686.24,686.33,686.02,686.29,19962,after-market,False
2026-07-30T21:18:00+00:00,686.28,686.39,686.24,686.25,14017,after-market,False
2026-07-30T21:19:00+00:00,686.25,686.43,686.24,686.39,13534,after-market,False
2026-07-30T21:20:00+00:00,686.49,686.59,686.3,686.35,6654,after-market,False
2026-07-30T21:21:00+00:00,686.39,686.59,686.31,686.53,8737,after-market,False
2026-07-30T21:22:00+00:00,686.37,686.37,686.09,686.09,1282,after-market,False
2026-07-30T21:23:00+00:00,686.1,686.25,686.04,686.23,1114,after-market,False
2026-07-30T21:24:00+00:00,686.24,686.26,686.0,686.25,3835,after-market,False
2026-07-30T21:25:00+00:00,686.25,686.26,686.1,686.24,1817,after-market,False
2026-07-30T21:26:00+00:00,686.25,686.25,685.96,685.96,6652,after-market,False
2026-07-30T21:27:00+00:00,685.98,686.08,685.96,685.97,7837,after-market,False
2026-07-30T21:28:00+00:00,686.08,686.09,685.97,685.99,8110,after-market,False
2026-07-30T21:29:00+00:00,685.99,685.99,685.74,685.74,7911,after-market,False
2026-07-30T21:30:00+00:00,685.72,685.72,685.5,685.51,10602,after-market,False
2026-07-30T21:31:00+00:00,685.58,685.6,685.58,685.6,1179,after-market,False
2026-07-30T21:32:00+00:00,685.63,685.63,685.3,685.34,22148,after-market,False
2026-07-30T21:33:00+00:00,685.35,685.67,685.3,685.6,6768,after-market,False
2026-07-30T21:34:00+00:00,685.6,685.98,685.59,685.9,3885,after-market,False
2026-07-30T21:35:00+00:00,685.97,685.97,683.69,683.69,145852,after-market,False
2026-07-30T21:36:00+00:00,685.79,685.98,685.63,685.72,8394,after-market,False
2026-07-30T21:37:00+00:00,685.92,685.92,685.66,685.66,848,after-market,False
2026-07-30T21:38:00+00:00,685.8,685.85,685.63,685.85,1912,after-market,False
2026-07-30T21:39:00+00:00,685.88,686.07,685.87,686.0,1289,after-market,False
2026-07-30T21:40:00+00:00,686.25,686.4,686.2,686.36,3257,after-market,False
2026-07-30T21:41:00+00:00,686.29,686.4,686.15,686.15,8201,after-market,False
2026-07-30T21:42:00+00:00,686.04,686.12,686.04,686.12,814,after-market,False
2026-07-30T21:43:00+00:00,686.12,686.12,686.12,686.12,280,after-market,False
2026-07-30T21:44:00+00:00,686.14,686.41,686.14,686.4,3016,after-market,False
2026-07-30T21:45:00+00:00,686.4,686.41,686.4,686.4,809,after-market,False
2026-07-30T21:46:00+00:00,686.42,686.8,686.4,686.7,1327,after-market,False
2026-07-30T21:47:00+00:00,686.63,686.96,686.6,686.96,10100,after-market,False
2026-07-30T21:48:00+00:00,686.99,686.99,686.84,686.96,4517,after-market,False
2026-07-30T21:49:00+00:00,686.91,686.95,686.82,686.84,3570,after-market,False
2026-07-30T21:50:00+00:00,686.94,687.0,686.82,686.98,2469,after-market,False
2026-07-30T21:51:00+00:00,686.97,687.0,686.88,687.0,8613,after-market,False
2026-07-30T21:52:00+00:00,687.09,687.26,687.08,687.26,1439,after-market,False
2026-07-30T21:53:00+00:00,687.15,687.25,687.1,687.16,5229,after-market,False
2026-07-30T21:54:00+00:00,687.16,687.17,686.5,686.71,3735,after-market,False
2026-07-30T21:55:00+00:00,686.74,686.74,686.12,686.42,11855,after-market,False
2026-07-30T21:56:00+00:00,686.65,686.65,685.93,686.0,3489,after-market,False
2026-07-30T21:57:00+00:00,685.98,686.33,685.93,686.1,2797,after-market,False
2026-07-30T21:58:00+00:00,686.1,686.26,685.82,686.26,3598,after-market,False
2026-07-30T21:59:00+00:00,686.31,686.35,686.04,686.27,2558,after-market,False
2026-07-30T22:00:00+00:00,686.01,686.43,685.37,686.24,21500,after-market,False
2026-07-30T22:01:00+00:00,686.21,687.43,686.07,687.36,17866,after-market,False
2026-07-30T22:02:00+00:00,687.45,687.64,687.2,687.64,8321,after-market,False
2026-07-30T22:03:00+00:00,687.67,687.86,687.5,687.8,8278,after-market,False
2026-07-30T22:04:00+00:00,687.66,687.75,687.54,687.66,4284,after-market,False
2026-07-30T22:05:00+00:00,687.69,687.69,687.35,687.45,13611,after-market,False
2026-07-30T22:06:00+00:00,687.5,687.5,687.14,687.15,6624,after-market,False
2026-07-30T22:07:00+00:00,687.2,687.21,687.12,687.15,3380,after-market,False
2026-07-30T22:08:00+00:00,687.28,687.39,687.02,687.24,2465,after-market,False
2026-07-30T22:09:00+00:00,687.4,687.54,687.4,687.54,3169,after-market,False
2026-07-30T22:10:00+00:00,687.54,687.8,687.48,687.75,1920,after-market,False
2026-07-30T22:11:00+00:00,687.74,687.75,687.55,687.67,3069,after-market,False
2026-07-30T22:12:00+00:00,687.45,687.48,687.21,687.21,3295,after-market,False
2026-07-30T22:13:00+00:00,687.34,687.37,687.12,687.12,2318,after-market,False
2026-07-30T22:14:00+00:00,687.15,687.2,687.11,687.2,466,after-market,False
2026-07-30T22:15:00+00:00,687.25,687.4,687.25,687.4,1673,after-market,False
2026-07-30T22:16:00+00:00,687.51,687.7,687.48,687.69,1268,after-market,False
2026-07-30T22:17:00+00:00,687.7,687.76,687.57,687.74,4530,after-market,False
2026-07-30T22:18:00+00:00,687.63,687.64,687.3,687.3,3783,after-market,False
2026-07-30T22:19:00+00:00,687.3,687.46,687.29,687.34,2132,after-market,False
2026-07-30T22:20:00+00:00,687.32,687.32,687.12,687.13,2218,after-market,False
2026-07-30T22:21:00+00:00,687.12,687.16,686.98,686.98,8880,after-market,False
2026-07-30T22:22:00+00:00,686.93,687.06,686.93,686.94,5606,after-market,False
2026-07-30T22:23:00+00:00,687.01,687.01,686.6,686.61,2724,after-market,False
2026-07-30T22:24:00+00:00,686.75,686.75,686.63,686.67,2027,after-market,False
2026-07-30T22:25:00+00:00,686.71,686.89,686.71,686.88,11330,after-market,False
2026-07-30T22:26:00+00:00,686.96,686.96,686.63,686.63,14041,after-market,False
2026-07-30T22:27:00+00:00,686.57,686.6,686.54,686.54,3130,after-market,False
2026-07-30T22:28:00+00:00,686.52,686.72,686.52,686.72,549,after-market,False
2026-07-30T22:29:00+00:00,686.61,686.62,686.48,686.57,2283,after-market,False
2026-07-30T22:30:00+00:00,686.54,686.58,686.48,686.5,2810,after-market,False
2026-07-30T22:31:00+00:00,686.5,686.5,686.13,686.14,6762,after-market,False
2026-07-30T22:32:00+00:00,686.13,686.18,686.07,686.12,4557,after-market,False
2026-07-30T22:33:00+00:00,686.12,686.5,686.11,686.45,12062,after-market,False
2026-07-30T22:34:00+00:00,686.42,686.8,686.41,686.7,27289,after-market,False
2026-07-30T22:35:00+00:00,686.76,686.93,686.73,686.93,3040,after-market,False
2026-07-30T22:36:00+00:00,686.9,687.09,686.83,687.09,2744,after-market,False
2026-07-30T22:37:00+00:00,687.0,687.27,687.0,687.27,907,after-market,False
2026-07-30T22:38:00+00:00,687.27,687.28,687.26,687.28,616,after-market,False
2026-07-30T22:39:00+00:00,687.31,687.31,687.2,687.27,402,after-market,False
2026-07-30T22:40:00+00:00,687.18,687.31,687.15,687.31,720,after-market,False
2026-07-30T22:41:00+00:00,687.21,687.28,687.19,687.26,573,after-market,False
2026-07-30T22:42:00+00:00,687.13,687.48,687.12,687.43,2197,after-market,False
2026-07-30T22:43:00+00:00,687.39,687.41,687.35,687.35,1000,after-market,False
2026-07-30T22:44:00+00:00,687.45,687.71,687.45,687.64,740,after-market,False
2026-07-30T22:45:00+00:00,687.66,687.71,687.61,687.62,1405,after-market,False
2026-07-30T22:46:00+00:00,687.64,687.7,687.63,687.7,383,after-market,False
2026-07-30T22:47:00+00:00,687.66,687.66,687.56,687.56,180,after-market,False
2026-07-30T22:48:00+00:00,687.6,687.6,687.49,687.57,4109,after-market,False
2026-07-30T22:49:00+00:00,687.54,687.63,687.54,687.63,465,after-market,False
2026-07-30T22:50:00+00:00,687.57,687.63,687.49,687.63,868,after-market,False
2026-07-30T22:51:00+00:00,687.64,687.64,687.46,687.5,32995,after-market,False
2026-07-30T22:52:00+00:00,687.6,687.66,687.6,687.66,2987,after-market,False
2026-07-30T22:53:00+00:00,687.66,687.89,687.66,687.89,6304,after-market,False
2026-07-30T22:54:00+00:00,687.86,687.89,687.73,687.74,2144,after-market,False
2026-07-30T22:55:00+00:00,687.73,687.76,687.62,687.62,1023,after-market,False
2026-07-30T22:56:00+00:00,687.82,687.85,687.74,687.74,1255,after-market,False
2026-07-30T22:57:00+00:00,687.64,687.66,687.58,687.6,2837,after-market,False
2026-07-30T22:58:00+00:00,687.61,687.61,687.52,687.58,1049,after-market,False
2026-07-30T22:59:00+00:00,687.58,687.64,687.56,687.61,2737,after-market,False
2026-07-30T23:00:00+00:00,687.57,687.77,687.5,687.5,1604,after-market,False
2026-07-30T23:01:00+00:00,687.8,688.13,687.78,688.13,5399,after-market,False
2026-07-30T23:02:00+00:00,688.14,688.14,688.0,688.03,756,after-market,False
2026-07-30T23:03:00+00:00,688.0,688.21,687.99,688.21,6764,after-market,False
2026-07-30T23:04:00+00:00,688.13,688.13,688.06,688.06,1031,after-market,False
2026-07-30T23:05:00+00:00,688.06,688.1,687.96,687.96,3278,after-market,False
2026-07-30T23:06:00+00:00,688.0,688.05,688.0,688.02,992,after-market,False
2026-07-30T23:07:00+00:00,688.01,688.01,688.0,688.0,2210,after-market,False
2026-07-30T23:08:00+00:00,687.9,687.97,687.9,687.9,1715,after-market,False
2026-07-30T23:09:00+00:00,687.8,687.8,687.5,687.5,3027,after-market,False
2026-07-30T23:10:00+00:00,687.53,687.55,687.19,687.21,8697,after-market,False
2026-07-30T23:11:00+00:00,687.21,687.21,687.12,687.2,1675,after-market,False
2026-07-30T23:12:00+00:00,687.2,687.33,687.2,687.29,488,after-market,False
2026-07-30T23:13:00+00:00,687.25,687.36,687.25,687.34,992,after-market,False
2026-07-30T23:14:00+00:00,687.26,687.26,687.25,687.26,218,after-market,False
2026-07-30T23:15:00+00:00,687.3,687.3,687.23,687.24,2145,after-market,False
2026-07-30T23:16:00+00:00,687.24,687.24,687.09,687.13,7500,after-market,False
2026-07-30T23:17:00+00:00,687.07,687.07,687.0,687.02,488,after-market,False
2026-07-30T23:18:00+00:00,687.06,687.11,686.98,687.11,840,after-market,False
2026-07-30T23:19:00+00:00,687.08,687.1,687.08,687.1,268,after-market,False
2026-07-30T23:20:00+00:00,687.0,687.07,686.99,687.07,715,after-market,False
2026-07-30T23:21:00+00:00,687.04,687.06,686.77,686.77,2780,after-market,False
2026-07-30T23:22:00+00:00,686.77,686.96,686.77,686.96,1300,after-market,False
2026-07-30T23:23:00+00:00,686.97,686.97,686.91,686.91,1686,after-market,False
2026-07-30T23:24:00+00:00,686.9,686.9,686.89,686.9,141,after-market,False
2026-07-30T23:25:00+00:00,686.94,687.38,686.94,687.31,6500,after-market,False
2026-07-30T23:26:00+00:00,687.3,687.3,687.29,687.3,584,after-market,False
2026-07-30T23:27:00+00:00,687.22,687.22,687.15,687.19,580,after-market,False
2026-07-30T23:28:00+00:00,687.08,687.08,687.01,687.04,1290,after-market,False
2026-07-30T23:29:00+00:00,687.0,687.19,686.95,687.1,2347,after-market,False
2026-07-30T23:30:00+00:00,687.1,687.1,687.1,687.1,0,after-market,False
2026-07-30T23:31:00+00:00,687.2,687.23,687.02,687.03,810,after-market,False
2026-07-30T23:32:00+00:00,687.15,687.25,686.76,687.25,3770,after-market,False
2026-07-30T23:33:00+00:00,687.25,687.25,687.24,687.25,369,after-market,False
2026-07-30T23:34:00+00:00,687.22,687.28,687.21,687.22,450,after-market,False
2026-07-30T23:35:00+00:00,687.26,687.26,687.24,687.24,290,after-market,False
2026-07-30T23:36:00+00:00,687.23,687.25,687.19,687.19,455,after-market,False
2026-07-30T23:37:00+00:00,687.18,687.18,687.14,687.14,145,after-market,False
2026-07-30T23:38:00+00:00,687.19,687.2,687.1,687.19,1579,after-market,False
2026-07-30T23:39:00+00:00,687.19,687.55,687.19,687.54,1785,after-market,False
2026-07-30T23:40:00+00:00,687.52,687.59,687.52,687.54,1866,after-market,False
2026-07-30T23:41:00+00:00,687.56,688.0,687.52,687.93,1971,after-market,False
2026-07-30T23:42:00+00:00,687.83,687.97,687.71,687.71,690,after-market,False
2026-07-30T23:43:00+00:00,687.65,687.75,687.6,687.75,511,after-market,False
2026-07-30T23:44:00+00:00,687.73,687.73,687.66,687.7,617,after-market,False
2026-07-30T23:45:00+00:00,687.77,687.86,687.64,687.85,715,after-market,False
2026-07-30T23:46:00+00:00,688.01,688.1,687.83,688.1,1868,after-market,False
2026-07-30T23:47:00+00:00,688.2,688.2,687.97,687.97,1207,after-market,False
2026-07-30T23:48:00+00:00,687.98,688.05,687.98,688.0,1648,after-market,False
2026-07-30T23:49:00+00:00,687.98,688.13,687.98,688.13,1815,after-market,False
2026-07-30T23:50:00+00:00,687.8,687.8,687.46,687.5,1813,after-market,False
2026-07-30T23:51:00+00:00,687.5,688.2,687.5,688.2,826,after-market,False
2026-07-30T23:52:00+00:00,688.14,688.54,688.14,688.5,5084,after-market,False
2026-07-30T23:53:00+00:00,688.46,688.46,688.25,688.35,1445,after-market,False
2026-07-30T23:54:00+00:00,688.35,688.49,688.35,688.49,608,after-market,False
2026-07-30T23:55:00+00:00,688.5,688.74,688.46,688.63,2876,after-market,False
2026-07-30T23:56:00+00:00,688.66,688.69,688.49,688.61,8018,after-market,False
2026-07-30T23:57:00+00:00,688.65,688.65,688.55,688.62,1472,after-market,False
2026-07-30T23:58:00+00:00,688.64,688.64,688.35,688.35,4417,after-market,False
2026-07-30T23:59:00+00:00,688.33,688.39,688.2,688.28,4442,after-market,False
2026-07-31T08:00:00+00:00,691.26,692.92,688.46,692.4,19006,pre-market,False
2026-07-31T08:01:00+00:00,692.24,692.88,688.48,689.38,13303,pre-market,False
2026-07-31T08:02:00+00:00,690.08,692.87,689.25,692.79,38718,pre-market,False
2026-07-31T08:03:00+00:00,692.78,692.96,689.1,690.9,54097,pre-market,False
2026-07-31T08:04:00+00:00,689.93,692.28,689.93,691.25,34391,pre-market,False
2026-07-31T08:05:00+00:00,691.16,691.51,691.15,691.43,10079,pre-market,False
2026-07-31T08:06:00+00:00,691.34,691.49,691.31,691.49,2118,pre-market,False
2026-07-31T08:07:00+00:00,691.49,691.96,690.73,691.84,5883,pre-market,False
2026-07-31T08:08:00+00:00,691.87,691.87,691.18,691.29,3636,pre-market,False
2026-07-31T08:09:00+00:00,691.14,691.15,691.0,691.06,1623,pre-market,False
2026-07-31T08:10:00+00:00,691.07,691.13,690.86,691.05,4662,pre-market,False
2026-07-31T08:11:00+00:00,691.11,691.46,691.11,691.37,2750,pre-market,False
2026-07-31T08:12:00+00:00,691.46,691.5,691.39,691.47,2705,pre-market,False
2026-07-31T08:13:00+00:00,691.7,692.04,691.7,692.0,4520,pre-market,False
2026-07-31T08:14:00+00:00,692.04,692.12,692.0,692.08,2178,pre-market,False
2026-07-31T08:15:00+00:00,692.07,692.34,692.07,692.1,1943,pre-market,False
2026-07-31T08:16:00+00:00,692.15,692.17,692.03,692.17,2523,pre-market,False
2026-07-31T08:17:00+00:00,692.05,692.17,692.04,692.17,824,pre-market,False
2026-07-31T08:18:00+00:00,692.15,692.16,692.04,692.04,731,pre-market,False
2026-07-31T08:19:00+00:00,692.17,692.56,692.17,692.46,4933,pre-market,False
2026-07-31T08:20:00+00:00,692.46,692.55,692.23,692.23,5298,pre-market,False
2026-07-31T08:21:00+00:00,692.37,692.4,692.18,692.19,1502,pre-market,False
2026-07-31T08:22:00+00:00,692.23,692.35,692.17,692.17,1143,pre-market,False
2026-07-31T08:23:00+00:00,692.17,692.17,691.89,691.89,2704,pre-market,False
2026-07-31T08:24:00+00:00,691.85,692.02,691.81,692.02,8612,pre-market,False
2026-07-31T08:25:00+00:00,692.13,692.48,692.13,692.48,990,pre-market,False
2026-07-31T08:26:00+00:00,692.47,692.47,692.29,692.35,1788,pre-market,False
2026-07-31T08:27:00+00:00,692.26,692.54,692.23,692.54,4734,pre-market,False
2026-07-31T08:28:00+00:00,692.73,692.74,692.6,692.67,6544,pre-market,False
2026-07-31T08:29:00+00:00,692.61,692.86,692.61,692.66,4001,pre-market,False
2026-07-31T08:30:00+00:00,692.53,692.73,692.4,692.69,1013,pre-market,False
2026-07-31T08:31:00+00:00,692.66,692.69,692.53,692.59,1138,pre-market,False
2026-07-31T08:32:00+00:00,692.89,692.89,692.67,692.67,310,pre-market,False
2026-07-31T08:33:00+00:00,692.6,692.6,692.43,692.51,5493,pre-market,False
2026-07-31T08:34:00+00:00,692.45,692.67,692.45,692.62,961,pre-market,False
2026-07-31T08:35:00+00:00,692.47,692.52,692.4,692.44,2765,pre-market,False
2026-07-31T08:36:00+00:00,692.4,692.43,692.33,692.41,1498,pre-market,False
2026-07-31T08:37:00+00:00,692.34,692.44,692.17,692.4,2780,pre-market,False
2026-07-31T08:38:00+00:00,692.38,692.49,692.27,692.31,2856,pre-market,False
2026-07-31T08:39:00+00:00,692.3,692.32,692.23,692.23,262,pre-market,False
2026-07-31T08:40:00+00:00,692.0,692.1,691.86,691.86,759,pre-market,False
2026-07-31T08:41:00+00:00,691.83,691.97,691.83,691.93,1483,pre-market,False
2026-07-31T08:42:00+00:00,691.92,691.98,691.88,691.88,1763,pre-market,False
2026-07-31T08:43:00+00:00,692.02,692.07,691.96,692.0,1473,pre-market,False
2026-07-31T08:44:00+00:00,692.04,692.1,691.88,691.89,2200,pre-market,False
2026-07-31T08:45:00+00:00,691.87,691.92,691.85,691.92,1020,pre-market,False
2026-07-31T08:46:00+00:00,692.0,692.16,692.0,692.16,825,pre-market,False
2026-07-31T08:47:00+00:00,692.5,692.6,692.5,692.58,738,pre-market,False
2026-07-31T08:48:00+00:00,692.56,692.69,692.53,692.62,1470,pre-market,False
2026-07-31T08:49:00+00:00,692.6,692.6,692.55,692.56,2400,pre-market,False
2026-07-31T08:50:00+00:00,692.6,692.71,692.44,692.44,1826,pre-market,False
2026-07-31T08:51:00+00:00,692.61,692.69,692.61,692.69,276,pre-market,False
2026-07-31T08:52:00+00:00,692.57,692.57,692.42,692.42,90,pre-market,False
2026-07-31T08:53:00+00:00,692.4,692.53,692.4,692.53,565,pre-market,False
2026-07-31T08:54:00+00:00,692.34,692.38,692.2,692.2,1001,pre-market,False
2026-07-31T08:55:00+00:00,692.29,692.33,692.19,692.32,616,pre-market,False
2026-07-31T08:56:00+00:00,692.48,692.77,692.43,692.71,1383,pre-market,False
2026-07-31T08:57:00+00:00,692.76,692.78,692.73,692.73,1003,pre-market,False
2026-07-31T08:58:00+00:00,692.67,692.68,692.61,692.64,5878,pre-market,False
2026-07-31T08:59:00+00:00,692.71,692.79,692.68,692.79,2265,pre-market,False
2026-07-31T09:00:00+00:00,692.85,693.08,692.66,693.08,3583,pre-market,False
2026-07-31T09:01:00+00:00,693.0,693.0,692.78,692.91,15078,pre-market,False
2026-07-31T09:02:00+00:00,692.98,693.04,692.98,693.04,303,pre-market,False
2026-07-31T09:03:00+00:00,692.87,692.92,692.77,692.92,290,pre-market,False
2026-07-31T09:04:00+00:00,693.03,693.08,692.92,693.05,3114,pre-market,False
2026-07-31T09:05:00+00:00,693.05,693.05,692.66,692.68,2126,pre-market,False
2026-07-31T09:06:00+00:00,692.98,693.2,692.84,693.2,870,pre-market,False
2026-07-31T09:07:00+00:00,693.21,693.27,693.19,693.19,4064,pre-market,False
2026-07-31T09:08:00+00:00,693.2,693.2,693.19,693.19,520,pre-market,False
2026-07-31T09:09:00+00:00,693.11,693.23,693.01,693.23,1580,pre-market,False
2026-07-31T09:10:00+00:00,693.22,693.62,693.21,693.62,7887,pre-market,False
2026-07-31T09:11:00+00:00,693.6,693.6,693.46,693.52,1275,pre-market,False
2026-07-31T09:12:00+00:00,693.54,693.54,693.5,693.5,231,pre-market,False
2026-07-31T09:13:00+00:00,693.5,693.5,693.38,693.4,2381,pre-market,False
2026-07-31T09:14:00+00:00,693.36,693.42,693.31,693.31,3329,pre-market,False
2026-07-31T09:15:00+00:00,693.32,693.39,693.25,693.39,1198,pre-market,False
2026-07-31T09:16:00+00:00,693.35,693.35,693.0,693.02,1069,pre-market,False
2026-07-31T09:17:00+00:00,693.0,693.08,693.0,693.08,2089,pre-market,False
2026-07-31T09:18:00+00:00,693.11,693.24,693.07,693.23,1382,pre-market,False
2026-07-31T09:19:00+00:00,693.11,693.11,693.04,693.04,90,pre-market,False
2026-07-31T09:20:00+00:00,692.93,693.19,692.93,693.06,1465,pre-market,False
2026-07-31T09:21:00+00:00,693.07,693.07,692.9,692.93,1362,pre-market,False
2026-07-31T09:22:00+00:00,692.93,692.95,692.87,692.87,1096,pre-market,False
2026-07-31T09:23:00+00:00,692.7,692.88,692.7,692.86,166,pre-market,False
2026-07-31T09:24:00+00:00,692.9,692.9,692.82,692.82,562,pre-market,False
2026-07-31T09:25:00+00:00,692.82,692.88,692.72,692.88,3276,pre-market,False
2026-07-31T09:26:00+00:00,692.98,693.0,692.92,692.97,1335,pre-market,False
2026-07-31T09:27:00+00:00,692.89,692.92,692.89,692.92,574,pre-market,False
2026-07-31T09:28:00+00:00,692.73,692.74,692.42,692.43,6786,pre-market,False
2026-07-31T09:29:00+00:00,692.35,692.42,692.3,692.39,3828,pre-market,False
2026-07-31T09:30:00+00:00,692.36,692.38,692.2,692.29,3897,pre-market,False
2026-07-31T09:31:00+00:00,692.19,692.33,692.13,692.33,2656,pre-market,False
2026-07-31T09:32:00+00:00,692.2,692.24,692.18,692.22,712,pre-market,False
2026-07-31T09:33:00+00:00,692.11,692.16,691.96,692.16,3237,pre-market,False
2026-07-31T09:34:00+00:00,692.09,692.09,691.79,691.79,4805,pre-market,False
2026-07-31T09:35:00+00:00,691.84,691.85,691.8,691.8,375,pre-market,False
2026-07-31T09:36:00+00:00,691.69,691.69,691.42,691.42,10988,pre-market,False
2026-07-31T09:37:00+00:00,691.41,691.54,691.4,691.54,1284,pre-market,False
2026-07-31T09:38:00+00:00,691.57,691.57,691.0,691.19,9561,pre-market,False
2026-07-31T09:39:00+00:00,691.13,691.18,691.13,691.18,4556,pre-market,False
2026-07-31T09:40:00+00:00,691.31,691.44,691.26,691.44,1646,pre-market,False
2026-07-31T09:41:00+00:00,691.42,691.53,691.37,691.53,1330,pre-market,False
2026-07-31T09:42:00+00:00,691.49,691.65,691.42,691.56,1131,pre-market,False
2026-07-31T09:43:00+00:00,691.53,691.58,691.51,691.58,430,pre-market,False
2026-07-31T09:44:00+00:00,691.6,691.63,691.45,691.45,1233,pre-market,False
2026-07-31T09:45:00+00:00,691.55,691.79,691.55,691.79,1139,pre-market,False
2026-07-31T09:46:00+00:00,691.69,691.75,691.68,691.75,400,pre-market,False
2026-07-31T09:47:00+00:00,691.75,691.75,691.75,691.75,0,pre-market,False
2026-07-31T09:48:00+00:00,691.75,691.75,691.75,691.75,0,pre-market,False
2026-07-31T09:49:00+00:00,691.56,691.78,691.49,691.78,554,pre-market,False
2026-07-31T09:50:00+00:00,691.78,691.89,691.78,691.82,1172,pre-market,False
2026-07-31T09:51:00+00:00,691.82,691.83,691.38,691.42,2030,pre-market,False
2026-07-31T09:52:00+00:00,691.6,691.66,691.52,691.57,1899,pre-market,False
2026-07-31T09:53:00+00:00,691.47,691.47,691.44,691.45,521,pre-market,False
2026-07-31T09:54:00+00:00,691.41,691.51,691.39,691.39,2177,pre-market,False
2026-07-31T09:55:00+00:00,691.39,691.55,691.39,691.48,5702,pre-market,False
2026-07-31T09:56:00+00:00,691.5,691.5,691.1,691.15,4418,pre-market,False
2026-07-31T09:57:00+00:00,691.11,691.11,691.06,691.08,708,pre-market,False
2026-07-31T09:58:00+00:00,691.04,691.12,691.02,691.03,3231,pre-market,False
2026-07-31T09:59:00+00:00,691.08,691.08,690.95,691.07,890,pre-market,False
2026-07-31T10:00:00+00:00,690.96,690.96,690.76,690.76,6681,pre-market,False
2026-07-31T10:01:00+00:00,690.74,691.2,690.74,691.19,5705,pre-market,False
2026-07-31T10:02:00+00:00,691.3,691.3,690.89,690.89,1345,pre-market,False
2026-07-31T10:03:00+00:00,691.06,691.18,691.03,691.11,3411,pre-market,False
2026-07-31T10:04:00+00:00,691.13,691.13,690.91,690.91,2860,pre-market,False
2026-07-31T10:05:00+00:00,691.03,691.03,690.88,690.95,1065,pre-market,False
2026-07-31T10:06:00+00:00,690.93,690.97,690.76,690.97,1410,pre-market,False
2026-07-31T10:07:00+00:00,690.99,691.05,690.91,690.99,2684,pre-market,False
2026-07-31T10:08:00+00:00,691.27,691.28,691.13,691.2,1569,pre-market,False
2026-07-31T10:09:00+00:00,691.18,691.19,691.09,691.11,1387,pre-market,False
2026-07-31T10:10:00+00:00,691.2,691.27,691.1,691.2,3949,pre-market,False
2026-07-31T10:11:00+00:00,691.2,691.22,691.17,691.17,590,pre-market,False
2026-07-31T10:12:00+00:00,691.37,691.52,691.31,691.48,3674,pre-market,False
2026-07-31T10:13:00+00:00,691.59,691.64,691.52,691.52,810,pre-market,False
2026-07-31T10:14:00+00:00,691.64,691.76,691.6,691.6,1640,pre-market,False
2026-07-31T10:15:00+00:00,691.52,691.56,691.52,691.56,125,pre-market,False
2026-07-31T10:16:00+00:00,691.39,691.53,691.39,691.47,403,pre-market,False
2026-07-31T10:17:00+00:00,691.57,691.57,691.5,691.5,200,pre-market,False
2026-07-31T10:18:00+00:00,691.61,691.64,691.6,691.6,172,pre-market,False
2026-07-31T10:19:00+00:00,691.66,691.8,691.65,691.8,1392,pre-market,False
2026-07-31T10:20:00+00:00,691.89,692.0,691.89,692.0,372,pre-market,False
2026-07-31T10:21:00+00:00,692.0,692.0,692.0,692.0,210,pre-market,False
2026-07-31T10:22:00+00:00,691.96,691.96,691.96,691.96,40,pre-market,False
2026-07-31T10:23:00+00:00,692.0,692.0,691.95,692.0,433,pre-market,False
2026-07-31T10:24:00+00:00,691.65,691.65,691.65,691.65,200,pre-market,False
2026-07-31T10:25:00+00:00,691.6,691.89,691.6,691.89,525,pre-market,False
2026-07-31T10:26:00+00:00,691.84,691.84,691.81,691.81,180,pre-market,False
2026-07-31T10:27:00+00:00,691.79,691.79,691.79,691.79,211,pre-market,False
2026-07-31T10:28:00+00:00,691.79,692.12,691.79,692.07,10478,pre-market,False
2026-07-31T10:29:00+00:00,691.95,691.95,691.88,691.95,2496,pre-market,False
2026-07-31T10:30:00+00:00,691.91,692.09,691.9,692.03,1504,pre-market,False
2026-07-31T10:31:00+00:00,692.04,692.05,691.94,691.95,1023,pre-market,False
2026-07-31T10:32:00+00:00,691.87,692.01,691.8,691.95,4962,pre-market,False
2026-07-31T10:33:00+00:00,691.84,691.98,691.78,691.78,386,pre-market,False
2026-07-31T10:34:00+00:00,691.83,692.04,691.83,691.85,1497,pre-market,False
2026-07-31T10:35:00+00:00,691.91,691.91,691.77,691.77,880,pre-market,False
2026-07-31T10:36:00+00:00,691.8,692.0,691.79,692.0,610,pre-market,False
2026-07-31T10:37:00+00:00,691.98,691.99,691.91,691.91,1480,pre-market,False
2026-07-31T10:38:00+00:00,691.86,691.9,691.85,691.9,1560,pre-market,False
2026-07-31T10:39:00+00:00,691.91,691.91,691.9,691.9,242,pre-market,False
2026-07-31T10:40:00+00:00,692.09,692.1,692.03,692.09,479,pre-market,False
2026-07-31T10:41:00+00:00,692.08,692.11,692.06,692.11,1964,pre-market,False
2026-07-31T10:42:00+00:00,692.16,692.16,692.15,692.15,227,pre-market,False
2026-07-31T10:43:00+00:00,692.15,692.2,692.04,692.08,3198,pre-market,False
2026-07-31T10:44:00+00:00,692.12,692.2,692.02,692.02,2536,pre-market,False
2026-07-31T10:45:00+00:00,692.25,692.4,692.07,692.4,905,pre-market,False
2026-07-31T10:46:00+00:00,692.17,692.17,692.17,692.17,135,pre-market,False
2026-07-31T10:47:00+00:00,692.14,692.14,691.99,691.99,956,pre-market,False
2026-07-31T10:48:00+00:00,691.85,691.86,691.78,691.83,5771,pre-market,False
2026-07-31T10:49:00+00:00,691.69,691.69,691.51,691.55,1919,pre-market,False
2026-07-31T10:50:00+00:00,691.57,691.87,691.57,691.79,2604,pre-market,False
2026-07-31T10:51:00+00:00,691.81,691.86,691.75,691.8,1989,pre-market,False
2026-07-31T10:52:00+00:00,692.01,692.01,691.9,691.9,1116,pre-market,False
2026-07-31T10:53:00+00:00,692.03,692.03,691.85,691.85,5231,pre-market,False
2026-07-31T10:54:00+00:00,691.91,692.17,691.91,692.17,530,pre-market,False
2026-07-31T10:55:00+00:00,692.16,692.16,691.95,692.02,1506,pre-market,False
2026-07-31T10:56:00+00:00,692.0,692.03,691.9,692.03,459,pre-market,False
2026-07-31T10:57:00+00:00,691.95,691.95,691.9,691.92,1141,pre-market,False
2026-07-31T10:58:00+00:00,691.75,691.94,691.72,691.94,600,pre-market,False
2026-07-31T10:59:00+00:00,691.69,691.77,691.64,691.77,998,pre-market,False
2026-07-31T11:00:00+00:00,691.78,692.24,691.6,692.0,16960,pre-market,False
2026-07-31T11:01:00+00:00,692.08,692.68,692.07,692.61,6117,pre-market,False
2026-07-31T11:02:00+00:00,692.7,692.75,692.45,692.68,5728,pre-market,False
2026-07-31T11:03:00+00:00,692.71,693.06,692.61,692.95,8654,pre-market,False
2026-07-31T11:04:00+00:00,692.94,693.0,692.7,693.0,3513,pre-market,False
2026-07-31T11:05:00+00:00,693.08,693.08,692.83,692.83,2840,pre-market,False
2026-07-31T11:06:00+00:00,692.87,693.01,692.87,693.0,7207,pre-market,False
2026-07-31T11:07:00+00:00,693.03,693.18,692.98,693.18,6991,pre-market,False
2026-07-31T11:08:00+00:00,693.25,693.25,692.92,692.95,6254,pre-market,False
2026-07-31T11:09:00+00:00,693.0,693.03,692.86,692.96,1467,pre-market,False
2026-07-31T11:10:00+00:00,692.96,692.96,692.73,692.8,1497,pre-market,False
2026-07-31T11:11:00+00:00,692.73,692.73,692.63,692.64,4792,pre-market,False
2026-07-31T11:12:00+00:00,692.58,692.7,692.53,692.61,5202,pre-market,False
2026-07-31T11:13:00+00:00,692.61,692.65,692.42,692.61,3187,pre-market,False
2026-07-31T11:14:00+00:00,692.6,692.63,692.5,692.5,2213,pre-market,False
2026-07-31T11:15:00+00:00,692.54,692.58,692.01,692.01,4753,pre-market,False
2026-07-31T11:16:00+00:00,692.02,692.05,691.7,691.7,9085,pre-market,False
2026-07-31T11:17:00+00:00,691.85,691.89,691.73,691.78,5710,pre-market,False
2026-07-31T11:18:00+00:00,691.9,691.9,691.59,691.72,6046,pre-market,False
2026-07-31T11:19:00+00:00,691.7,691.76,691.62,691.76,2092,pre-market,False
2026-07-31T11:20:00+00:00,691.7,691.85,691.61,691.62,2284,pre-market,False
2026-07-31T11:21:00+00:00,691.68,691.72,691.6,691.72,2619,pre-market,False
2026-07-31T11:22:00+00:00,691.67,691.68,691.58,691.67,4427,pre-market,False
2026-07-31T11:23:00+00:00,691.8,691.9,691.7,691.82,3335,pre-market,False
2026-07-31T11:24:00+00:00,691.86,691.9,691.74,691.87,3315,pre-market,False
2026-07-31T11:25:00+00:00,691.83,691.94,691.58,691.58,5902,pre-market,False
2026-07-31T11:26:00+00:00,691.61,691.93,691.61,691.92,1697,pre-market,False
2026-07-31T11:27:00+00:00,691.97,692.12,691.79,692.12,6311,pre-market,False
2026-07-31T11:28:00+00:00,692.19,692.22,692.0,692.0,8643,pre-market,False
2026-07-31T11:29:00+00:00,692.02,692.02,691.41,691.59,6520,pre-market,False
2026-07-31T11:30:00+00:00,691.51,691.55,691.24,691.24,7119,pre-market,False
2026-07-31T11:31:00+00:00,691.29,691.5,691.1,691.2,24966,pre-market,False
2026-07-31T11:32:00+00:00,691.22,691.31,691.06,691.19,5195,pre-market,False
2026-07-31T11:33:00+00:00,691.18,691.19,690.89,691.15,8528,pre-market,False
2026-07-31T11:34:00+00:00,691.15,691.3,691.09,691.12,2610,pre-market,False
2026-07-31T11:35:00+00:00,691.1,691.65,691.09,691.65,10873,pre-market,False
2026-07-31T11:36:00+00:00,691.7,691.71,691.26,691.26,11829,pre-market,False
2026-07-31T11:37:00+00:00,691.2,691.2,690.96,691.14,1663,pre-market,False
2026-07-31T11:38:00+00:00,691.06,691.15,691.05,691.15,2129,pre-market,False
2026-07-31T11:39:00+00:00,691.15,691.15,690.91,691.0,3828,pre-market,False
2026-07-31T11:40:00+00:00,690.94,691.16,690.88,691.13,4128,pre-market,False
2026-07-31T11:41:00+00:00,691.06,691.1,690.92,691.09,2400,pre-market,False
2026-07-31T11:42:00+00:00,691.14,691.25,691.14,691.19,170,pre-market,False
2026-07-31T11:43:00+00:00,691.27,691.27,690.91,691.24,2241,pre-market,False
2026-07-31T11:44:00+00:00,691.16,691.16,691.03,691.1,1146,pre-market,False
2026-07-31T11:45:00+00:00,691.17,691.34,691.07,691.34,2357,pre-market,False
2026-07-31T11:46:00+00:00,691.18,691.2,691.02,691.19,7313,pre-market,False
2026-07-31T11:47:00+00:00,691.17,691.18,691.1,691.1,1593,pre-market,False
2026-07-31T11:48:00+00:00,691.1,691.38,691.07,691.27,2585,pre-market,False
2026-07-31T11:49:00+00:00,691.4,691.4,691.3,691.35,706,pre-market,False
2026-07-31T11:50:00+00:00,691.35,691.55,691.35,691.55,4750,pre-market,False
2026-07-31T11:51:00+00:00,691.58,691.58,691.39,691.5,2128,pre-market,False
2026-07-31T11:52:00+00:00,691.5,691.6,691.49,691.58,4874,pre-market,False
2026-07-31T11:53:00+00:00,691.6,691.6,691.48,691.6,949,pre-market,False
2026-07-31T11:54:00+00:00,691.59,691.69,691.59,691.69,421,pre-market,False
2026-07-31T11:55:00+00:00,691.45,691.5,691.4,691.45,4821,pre-market,False
2026-07-31T11:56:00+00:00,691.44,691.49,691.4,691.49,635,pre-market,False
2026-07-31T11:57:00+00:00,691.46,691.51,691.39,691.51,825,pre-market,False
2026-07-31T11:58:00+00:00,691.53,691.6,691.53,691.6,360,pre-market,False
2026-07-31T11:59:00+00:00,691.5,691.5,691.44,691.5,4475,pre-market,False
2026-07-31T12:00:00+00:00,691.58,691.58,690.9,691.01,4269,pre-market,False
2026-07-31T12:01:00+00:00,690.96,691.05,690.73,690.81,2591,pre-market,False
2026-07-31T12:02:00+00:00,690.82,690.85,690.8,690.84,1850,pre-market,False
2026-07-31T12:03:00+00:00,690.7,690.71,690.48,690.48,5247,pre-market,False
2026-07-31T12:04:00+00:00,690.5,690.55,690.49,690.55,2499,pre-market,False
2026-07-31T12:05:00+00:00,690.58,690.58,690.28,690.35,9059,pre-market,False
2026-07-31T12:06:00+00:00,690.35,690.44,690.25,690.39,3789,pre-market,False
2026-07-31T12:07:00+00:00,690.53,690.59,690.45,690.55,6700,pre-market,False
2026-07-31T12:08:00+00:00,690.48,690.59,690.24,690.24,4646,pre-market,False
2026-07-31T12:09:00+00:00,690.29,690.33,690.14,690.22,3500,pre-market,False
2026-07-31T12:10:00+00:00,690.25,690.25,689.86,690.0,11252,pre-market,False
2026-07-31T12:11:00+00:00,689.93,690.07,689.89,689.97,6356,pre-market,False
2026-07-31T12:12:00+00:00,689.94,690.0,689.81,690.0,4139,pre-market,False
2026-07-31T12:13:00+00:00,690.0,690.08,689.91,689.96,3405,pre-market,False
2026-07-31T12:14:00+00:00,689.9,689.9,689.73,689.81,4279,pre-market,False
2026-07-31T12:15:00+00:00,689.75,689.85,689.6,689.6,5801,pre-market,False
2026-07-31T12:16:00+00:00,689.51,689.51,689.23,689.41,10486,pre-market,False
2026-07-31T12:17:00+00:00,689.43,689.68,689.43,689.49,3764,pre-market,False
2026-07-31T12:18:00+00:00,689.53,689.57,689.08,689.26,17022,pre-market,False
2026-07-31T12:19:00+00:00,689.24,689.33,689.02,689.18,6385,pre-market,False
2026-07-31T12:20:00+00:00,689.23,689.52,689.23,689.52,2555,pre-market,False
2026-07-31T12:21:00+00:00,689.55,689.85,689.55,689.82,11112,pre-market,False
2026-07-31T12:22:00+00:00,689.8,689.8,689.5,689.5,4675,pre-market,False
2026-07-31T12:23:00+00:00,689.4,689.52,689.03,689.42,3768,pre-market,False
2026-07-31T12:24:00+00:00,689.55,689.81,689.53,689.81,3439,pre-market,False
2026-07-31T12:25:00+00:00,689.86,690.0,689.78,689.94,4067,pre-market,False
2026-07-31T12:26:00+00:00,689.97,690.05,689.88,689.97,8912,pre-market,False
2026-07-31T12:27:00+00:00,690.0,690.0,689.7,689.7,9445,pre-market,False
2026-07-31T12:28:00+00:00,689.83,690.17,689.82,690.14,11806,pre-market,False
2026-07-31T12:29:00+00:00,690.18,690.36,690.12,690.17,1984,pre-market,False
2026-07-31T12:30:00+00:00,690.06,690.21,689.13,690.17,15559,pre-market,False
2026-07-31T12:31:00+00:00,690.13,690.25,689.82,689.82,5944,pre-market,False
2026-07-31T12:32:00+00:00,689.74,689.8,689.6,689.76,9686,pre-market,False
2026-07-31T12:33:00+00:00,689.74,689.74,689.2,689.23,6515,pre-market,False
2026-07-31T12:34:00+00:00,689.16,689.42,689.16,689.39,3199,pre-market,False
2026-07-31T12:35:00+00:00,689.29,689.44,689.05,689.44,8513,pre-market,False
2026-07-31T12:36:00+00:00,689.45,689.45,689.19,689.3,1027,pre-market,False
2026-07-31T12:37:00+00:00,689.27,689.4,689.19,689.28,2990,pre-market,False
2026-07-31T12:38:00+00:00,689.31,689.31,689.1,689.31,3642,pre-market,False
2026-07-31T12:39:00+00:00,689.25,689.25,688.82,689.12,13598,pre-market,False
2026-07-31T12:40:00+00:00,689.12,689.14,689.0,689.09,19827,pre-market,False
2026-07-31T12:41:00+00:00,689.05,689.44,688.9,689.22,10017,pre-market,False
2026-07-31T12:42:00+00:00,689.14,689.18,688.63,688.63,2796,pre-market,False
2026-07-31T12:43:00+00:00,688.64,689.06,688.59,689.05,15663,pre-market,False
2026-07-31T12:44:00+00:00,689.03,689.12,688.99,689.06,3516,pre-market,False
2026-07-31T12:45:00+00:00,689.25,689.25,688.8,689.0,3346,pre-market,False
2026-07-31T12:46:00+00:00,688.92,689.02,688.71,689.02,6088,pre-market,False
2026-07-31T12:47:00+00:00,688.98,689.14,688.87,689.03,2598,pre-market,False
2026-07-31T12:48:00+00:00,689.01,689.09,688.99,689.03,2014,pre-market,False
2026-07-31T12:49:00+00:00,688.94,689.03,688.93,689.03,4878,pre-market,False
2026-07-31T12:50:00+00:00,689.06,689.14,688.86,688.93,3831,pre-market,False
2026-07-31T12:51:00+00:00,689.1,689.66,689.1,689.63,7950,pre-market,False
2026-07-31T12:52:00+00:00,689.7,689.83,689.68,689.82,5949,pre-market,False
2026-07-31T12:53:00+00:00,689.91,689.92,689.75,689.9,6207,pre-market,False
2026-07-31T12:54:00+00:00,689.87,689.93,689.77,689.87,4316,pre-market,False
2026-07-31T12:55:00+00:00,689.84,689.97,689.82,689.92,3116,pre-market,False
2026-07-31T12:56:00+00:00,689.89,689.9,689.71,689.78,7550,pre-market,False
2026-07-31T12:57:00+00:00,689.74,689.78,689.45,689.47,3718,pre-market,False
2026-07-31T12:58:00+00:00,689.45,689.53,689.36,689.46,5005,pre-market,False
2026-07-31T12:59:00+00:00,689.41,689.56,689.36,689.49,2128,pre-market,False
2026-07-31T13:00:00+00:00,689.51,689.54,689.26,689.35,3546,pre-market,False
2026-07-31T13:01:00+00:00,689.27,689.56,689.23,689.48,4189,pre-market,False
2026-07-31T13:02:00+00:00,689.43,689.8,689.3,689.75,12544,pre-market,False
2026-07-31T13:03:00+00:00,689.9,690.11,689.89,690.05,8145,pre-market,False
2026-07-31T13:04:00+00:00,689.96,690.11,689.95,690.03,4370,pre-market,False
2026-07-31T13:05:00+00:00,689.98,690.18,689.89,690.18,6591,pre-market,False
2026-07-31T13:06:00+00:00,690.22,690.27,690.03,690.09,3733,pre-market,False
2026-07-31T13:07:00+00:00,690.1,690.24,690.05,690.24,3342,pre-market,False
2026-07-31T13:08:00+00:00,690.22,690.36,690.22,690.3,2954,pre-market,False
2026-07-31T13:09:00+00:00,690.28,690.51,690.28,690.46,11945,pre-market,False
2026-07-31T13:10:00+00:00,690.48,690.89,690.48,690.88,3242,pre-market,False
2026-07-31T13:11:00+00:00,690.9,690.9,690.61,690.74,4402,pre-market,False
2026-07-31T13:12:00+00:00,690.71,690.72,690.61,690.72,4920,pre-market,False
2026-07-31T13:13:00+00:00,690.66,690.74,690.6,690.67,3592,pre-market,False
2026-07-31T13:14:00+00:00,690.64,690.99,690.64,690.94,11502,pre-market,False
2026-07-31T13:15:00+00:00,690.96,691.2,690.95,691.14,23125,pre-market,False
2026-07-31T13:16:00+00:00,691.15,691.3,691.14,691.29,30584,pre-market,False
2026-07-31T13:17:00+00:00,691.27,691.3,691.13,691.25,6438,pre-market,False
2026-07-31T13:18:00+00:00,691.21,691.28,691.1,691.2,4329,pre-market,False
2026-07-31T13:19:00+00:00,691.18,691.35,691.1,691.17,11883,pre-market,False
2026-07-31T13:20:00+00:00,691.22,691.22,691.01,691.08,5041,pre-market,False
2026-07-31T13:21:00+00:00,691.07,691.12,690.98,691.12,5537,pre-market,False
2026-07-31T13:22:00+00:00,691.12,691.33,690.94,691.32,3990,pre-market,False
2026-07-31T13:23:00+00:00,691.33,691.46,691.22,691.41,15159,pre-market,False
2026-07-31T13:24:00+00:00,691.43,691.47,691.18,691.47,10016,pre-market,False
2026-07-31T13:25:00+00:00,691.47,691.72,691.45,691.72,17072,pre-market,False
2026-07-31T13:26:00+00:00,691.65,691.8,691.54,691.56,10419,pre-market,False
2026-07-31T13:27:00+00:00,691.54,691.77,691.41,691.77,67602,pre-market,False
2026-07-31T13:28:00+00:00,691.8,692.2,691.77,691.86,64233,pre-market,False
2026-07-31T13:29:00+00:00,691.84,692.2,691.63,692.08,23936,pre-market,False
2026-07-31T13:31:00+00:00,692.59,693.45,692.3,693.32,305398,regular,False
2026-07-31T13:32:00+00:00,693.31,694.3,693.31,694.23,286786,regular,False
2026-07-31T13:33:00+00:00,694.22,694.98,694.19,694.79,328942,regular,False
2026-07-31T13:34:00+00:00,694.79,695.34,694.7,694.71,274361,regular,False
2026-07-31T13:35:00+00:00,694.69,695.77,694.62,695.31,369080,regular,False
2026-07-31T13:36:00+00:00,695.32,695.41,694.45,694.7,227253,regular,False
2026-07-31T13:37:00+00:00,694.64,694.8,693.8,694.15,174509,regular,False
2026-07-31T13:38:00+00:00,694.12,694.2,692.28,692.79,221793,regular,False
2026-07-31T13:39:00+00:00,692.8,692.9,691.6,691.75,222772,regular,False
2026-07-31T13:40:00+00:00,691.75,692.06,690.68,691.14,247198,regular,False
2026-07-31T13:41:00+00:00,691.13,692.09,690.76,690.86,197632,regular,False
2026-07-31T13:42:00+00:00,690.94,691.23,689.68,689.79,230627,regular,False
2026-07-31T13:43:00+00:00,689.74,690.32,688.65,689.5,196263,regular,False
2026-07-31T13:44:00+00:00,689.5,689.8,688.17,688.23,217417,regular,False
2026-07-31T13:45:00+00:00,688.28,689.58,688.06,688.54,276429,regular,False
2026-07-31T13:46:00+00:00,688.61,688.61,687.39,687.79,273665,regular,False
2026-07-31T13:47:00+00:00,687.78,688.29,687.1,687.4,160642,regular,False
2026-07-31T13:48:00+00:00,687.35,687.58,686.13,686.64,183424,regular,False
2026-07-31T13:49:00+00:00,686.62,687.05,685.85,686.88,268945,regular,False
2026-07-31T13:50:00+00:00,686.82,687.46,685.86,686.54,184776,regular,False
2026-07-31T13:51:00+00:00,686.59,687.61,686.35,687.61,156731,regular,False
2026-07-31T13:52:00+00:00,687.63,687.99,686.33,686.44,167430,regular,False
2026-07-31T13:53:00+00:00,686.54,686.54,685.58,685.97,177956,regular,False
2026-07-31T13:54:00+00:00,685.99,686.32,685.29,686.18,373860,regular,False
2026-07-31T13:55:00+00:00,686.19,686.96,685.66,686.89,277882,regular,False
2026-07-31T13:56:00+00:00,686.84,687.72,686.65,687.72,313575,regular,False
2026-07-31T13:57:00+00:00,687.72,688.14,687.07,687.12,195845,regular,False
2026-07-31T13:58:00+00:00,687.15,687.41,686.35,686.46,100454,regular,False
2026-07-31T13:59:00+00:00,686.4,687.29,686.39,686.79,86404,regular,False
2026-07-31T14:00:00+00:00,686.76,687.6,685.88,686.51,170583,regular,False
2026-07-31T14:01:00+00:00,686.51,686.51,685.1,685.98,115472,regular,False
2026-07-31T14:02:00+00:00,686.06,686.37,684.7,685.01,173857,regular,False
2026-07-31T14:03:00+00:00,685.13,685.61,684.56,684.92,135724,regular,False
2026-07-31T14:04:00+00:00,684.94,685.07,683.89,683.97,217044,regular,False
2026-07-31T14:05:00+00:00,683.99,684.34,683.43,684.15,309324,regular,False
2026-07-31T14:06:00+00:00,684.15,684.68,683.19,683.23,180255,regular,False
2026-07-31T14:07:00+00:00,683.26,683.32,681.95,682.65,358130,regular,False
2026-07-31T14:08:00+00:00,682.69,682.78,681.06,681.73,337877,regular,False
2026-07-31T14:09:00+00:00,681.71,682.16,681.04,681.77,299444,regular,False
2026-07-31T14:10:00+00:00,681.75,682.3,680.53,681.12,372945,regular,False
2026-07-31T14:11:00+00:00,681.21,682.2,681.01,682.16,248241,regular,False
2026-07-31T14:12:00+00:00,682.2,682.72,681.26,681.47,177370,regular,False
2026-07-31T14:13:00+00:00,681.48,681.6,680.73,681.0,157375,regular,False
2026-07-31T14:14:00+00:00,680.91,681.73,680.52,681.46,127951,regular,False
2026-07-31T14:15:00+00:00,681.45,682.02,680.78,681.08,135387,regular,False
2026-07-31T14:16:00+00:00,681.03,681.18,680.05,680.82,214644,regular,False
2026-07-31T14:17:00+00:00,680.88,682.02,680.88,681.4,187791,regular,False
2026-07-31T14:18:00+00:00,681.36,682.85,681.26,682.81,120615,regular,False
2026-07-31T14:19:00+00:00,682.82,683.3,682.36,682.41,246362,regular,False
2026-07-31T14:20:00+00:00,682.35,683.85,681.93,683.6,157977,regular,False
2026-07-31T14:21:00+00:00,683.5,683.81,682.4,683.08,105093,regular,False
2026-07-31T14:22:00+00:00,683.04,684.1,682.93,683.87,165191,regular,False
2026-07-31T14:23:00+00:00,683.84,684.06,683.13,683.66,112298,regular,False
2026-07-31T14:24:00+00:00,683.71,683.72,682.09,682.81,134188,regular,False
2026-07-31T14:25:00+00:00,682.81,683.49,682.41,682.87,87552,regular,False
2026-07-31T14:26:00+00:00,682.78,683.17,682.37,682.81,64558,regular,False
2026-07-31T14:27:00+00:00,682.86,683.75,682.04,683.61,65499,regular,False
2026-07-31T14:28:00+00:00,683.68,684.27,683.44,684.21,76747,regular,False
2026-07-31T14:29:00+00:00,684.2,684.35,683.5,684.2,133921,regular,False
2026-07-31T14:30:00+00:00,684.22,684.56,683.82,684.32,275042,regular,False
2026-07-31T14:31:00+00:00,684.32,684.95,684.11,684.2,144552,regular,False
2026-07-31T14:32:00+00:00,684.22,684.31,683.47,684.31,102147,regular,False
2026-07-31T14:33:00+00:00,684.33,684.77,683.7,683.71,98373,regular,False
2026-07-31T14:35:00+00:00,683.85,685.0,683.79,684.97,79188,regular,False
2026-07-31T14:36:00+00:00,684.94,685.1,684.43,684.81,68739,regular,False
2026-07-31T14:37:00+00:00,684.89,685.25,684.63,684.87,141246,regular,False
2026-07-31T14:38:00+00:00,684.83,685.21,684.49,684.52,62168,regular,False
2026-07-31T14:39:00+00:00,684.49,684.99,684.39,684.66,53669,regular,False
2026-07-31T14:40:00+00:00,684.66,685.27,684.62,685.05,81419,regular,False
2026-07-31T14:41:00+00:00,685.07,685.15,684.08,684.19,78172,regular,False
2026-07-31T14:42:00+00:00,684.17,684.18,683.28,683.89,141540,regular,False
2026-07-31T14:43:00+00:00,683.9,684.46,683.55,684.43,98153,regular,False
2026-07-31T14:44:00+00:00,684.46,684.92,684.31,684.67,49841,regular,False
2026-07-31T14:45:00+00:00,684.65,684.86,683.99,684.18,115838,regular,False
2026-07-31T14:46:00+00:00,684.14,685.55,683.86,684.76,103664,regular,False
2026-07-31T14:47:00+00:00,684.75,685.01,684.19,684.88,81176,regular,False
2026-07-31T14:48:00+00:00,684.92,685.81,684.7,685.8,66599,regular,False
2026-07-31T14:49:00+00:00,685.79,686.34,685.54,686.19,127233,regular,False
2026-07-31T14:50:00+00:00,686.19,686.44,685.84,686.05,134550,regular,False
2026-07-31T14:51:00+00:00,686.06,686.51,685.96,686.4,103650,regular,False
2026-07-31T14:52:00+00:00,686.39,686.43,685.97,686.22,77037,regular,False
2026-07-31T14:53:00+00:00,686.2,686.5,686.02,686.31,60915,regular,False
2026-07-31T14:54:00+00:00,686.32,686.36,685.19,685.35,109814,regular,False
2026-07-31T14:55:00+00:00,685.4,685.59,684.55,684.85,120508,regular,False
2026-07-31T14:56:00+00:00,684.84,685.92,684.32,685.78,64149,regular,False
2026-07-31T14:57:00+00:00,685.74,686.23,685.55,685.67,71056,regular,False
2026-07-31T14:58:00+00:00,685.66,685.94,685.08,685.92,60657,regular,False
2026-07-31T14:59:00+00:00,685.96,685.96,685.43,685.61,62368,regular,False
2026-07-31T15:00:00+00:00,685.63,686.06,685.03,685.06,100512,regular,False
2026-07-31T15:01:00+00:00,685.08,685.61,684.96,685.17,82286,regular,False
2026-07-31T15:02:00+00:00,685.15,685.77,685.09,685.49,84385,regular,False
2026-07-31T15:03:00+00:00,685.47,685.7,684.79,685.12,61187,regular,False
2026-07-31T15:04:00+00:00,685.13,686.09,685.07,685.96,68146,regular,False
2026-07-31T15:05:00+00:00,685.99,686.43,685.44,685.46,81131,regular,False
2026-07-31T15:06:00+00:00,685.46,685.99,685.42,685.56,57934,regular,False
2026-07-31T15:07:00+00:00,685.56,685.75,685.14,685.51,50946,regular,False
2026-07-31T15:08:00+00:00,685.51,685.63,685.03,685.16,57166,regular,False
2026-07-31T15:09:00+00:00,685.16,685.24,684.36,684.8,76881,regular,False
2026-07-31T15:10:00+00:00,684.88,685.0,684.29,684.6,39484,regular,False
2026-07-31T15:11:00+00:00,684.55,684.69,683.59,683.77,83521,regular,False
2026-07-31T15:12:00+00:00,683.76,684.69,683.33,684.58,64911,regular,False
2026-07-31T15:13:00+00:00,684.6,684.87,684.12,684.84,51182,regular,False
2026-07-31T15:14:00+00:00,684.92,685.41,684.63,684.63,69473,regular,False
2026-07-31T15:15:00+00:00,684.66,686.36,684.62,685.57,102507,regular,False
2026-07-31T15:16:00+00:00,685.57,685.68,684.09,684.44,43029,regular,False
2026-07-31T15:17:00+00:00,684.46,684.56,684.0,684.31,31877,regular,False
2026-07-31T15:18:00+00:00,684.32,684.46,683.89,684.39,31147,regular,False
2026-07-31T15:19:00+00:00,684.4,684.74,684.28,684.47,33555,regular,False
2026-07-31T15:20:00+00:00,684.46,684.72,683.9,684.09,41270,regular,False
2026-07-31T15:21:00+00:00,684.14,684.51,683.51,683.55,38290,regular,False
2026-07-31T15:22:00+00:00,683.51,683.88,683.17,683.37,56590,regular,False
2026-07-31T15:23:00+00:00,683.34,683.55,683.06,683.39,66660,regular,False
2026-07-31T15:24:00+00:00,683.45,683.5,682.84,682.86,47110,regular,False
2026-07-31T15:25:00+00:00,682.86,683.15,682.32,682.46,80870,regular,False
2026-07-31T15:26:00+00:00,682.47,682.66,681.31,681.54,144810,regular,False
2026-07-31T15:27:00+00:00,681.54,681.87,681.3,681.37,100050,regular,False
2026-07-31T15:28:00+00:00,681.38,681.91,681.07,681.84,64328,regular,False
2026-07-31T15:29:00+00:00,681.85,682.09,681.39,681.77,82628,regular,False
2026-07-31T15:30:00+00:00,681.72,682.18,681.5,681.89,65171,regular,False
2026-07-31T15:31:00+00:00,681.88,682.47,681.73,681.78,95819,regular,False
2026-07-31T15:32:00+00:00,681.75,682.0,681.52,681.99,43534,regular,False
2026-07-31T15:33:00+00:00,681.85,682.05,681.49,681.64,86542,regular,False
2026-07-31T15:34:00+00:00,681.59,682.34,680.94,682.34,81011,regular,False
2026-07-31T15:35:00+00:00,682.36,683.03,682.25,682.76,103233,regular,False
2026-07-31T15:36:00+00:00,682.73,683.29,682.64,682.87,48829,regular,False
2026-07-31T15:39:00+00:00,684.12,684.25,683.68,683.79,38605,regular,False
2026-07-31T15:40:00+00:00,683.82,684.11,683.49,683.63,40473,regular,False
2026-07-31T15:41:00+00:00,683.67,683.67,682.29,682.46,67885,regular,False
2026-07-31T15:42:00+00:00,682.45,682.78,682.19,682.46,31688,regular,False
2026-07-31T15:43:00+00:00,682.43,683.02,682.1,683.02,28493,regular,False
2026-07-31T15:44:00+00:00,682.98,683.33,682.87,683.28,22478,regular,False
2026-07-31T15:45:00+00:00,683.32,683.58,682.73,683.09,32925,regular,False
2026-07-31T15:46:00+00:00,683.04,683.41,682.79,682.89,26809,regular,False
2026-07-31T15:47:00+00:00,682.83,682.99,682.15,682.46,56602,regular,False
2026-07-31T15:48:00+00:00,682.48,682.95,682.22,682.94,32678,regular,False
2026-07-31T15:49:00+00:00,682.98,683.09,682.51,682.8,29735,regular,False
2026-07-31T15:50:00+00:00,682.83,683.84,682.73,683.7,59059,regular,False
2026-07-31T15:51:00+00:00,683.77,684.24,683.59,684.22,54887,regular,False
2026-07-31T15:52:00+00:00,684.21,684.64,683.69,684.5,69402,regular,False
2026-07-31T15:53:00+00:00,684.48,684.63,684.01,684.24,111212,regular,False
2026-07-31T15:54:00+00:00,684.22,685.06,684.13,684.91,53101,regular,False
2026-07-31T15:55:00+00:00,684.89,685.17,684.45,684.7,52010,regular,False
2026-07-31T15:56:00+00:00,684.69,684.98,684.6,684.85,43266,regular,False
2026-07-31T15:57:00+00:00,684.84,685.15,684.82,684.99,45547,regular,False
2026-07-31T15:58:00+00:00,684.95,685.25,684.6,684.61,44349,regular,False
2026-07-31T15:59:00+00:00,684.61,684.83,684.21,684.79,72610,regular,False
2026-07-31T16:00:00+00:00,684.75,685.24,684.36,685.21,71893,regular,False
2026-07-31T16:01:00+00:00,685.2,685.6,685.06,685.16,138912,regular,False
2026-07-31T16:02:00+00:00,685.15,685.34,684.66,684.93,35894,regular,False
2026-07-31T16:03:00+00:00,684.93,685.22,684.8,685.09,30436,regular,False
2026-07-31T16:04:00+00:00,685.1,685.55,685.01,685.16,34837,regular,False
2026-07-31T16:05:00+00:00,685.15,685.31,684.74,684.74,57164,regular,False
2026-07-31T16:06:00+00:00,684.75,684.93,684.23,684.53,44804,regular,False
2026-07-31T16:07:00+00:00,684.53,684.64,684.02,684.36,46240,regular,False
2026-07-31T16:08:00+00:00,684.39,684.82,684.28,684.82,33317,regular,False
2026-07-31T16:09:00+00:00,684.82,684.97,684.72,684.76,36063,regular,False
2026-07-31T16:10:00+00:00,684.78,685.09,684.67,684.88,29466,regular,False
2026-07-31T16:11:00+00:00,684.86,685.27,684.72,685.24,58162,regular,False
2026-07-31T16:12:00+00:00,685.26,685.49,684.98,685.11,40135,regular,False
2026-07-31T16:13:00+00:00,685.13,685.5,684.91,685.48,33328,regular,False
2026-07-31T16:14:00+00:00,685.5,685.6,684.99,685.39,37123,regular,False
2026-07-31T16:15:00+00:00,685.42,685.64,684.46,684.58,82981,regular,False
2026-07-31T16:16:00+00:00,684.57,685.0,684.36,684.91,53865,regular,False
2026-07-31T16:17:00+00:00,684.94,685.3,684.75,685.19,44381,regular,False
2026-07-31T16:18:00+00:00,685.15,685.39,684.93,685.33,36370,regular,False
2026-07-31T16:19:00+00:00,685.34,685.45,685.08,685.22,30057,regular,False
2026-07-31T16:20:00+00:00,685.19,685.6,685.11,685.58,34703,regular,False
2026-07-31T16:21:00+00:00,685.64,685.77,685.26,685.45,40873,regular,False
2026-07-31T16:22:00+00:00,685.45,685.83,685.32,685.67,53452,regular,False
2026-07-31T16:23:00+00:00,685.65,685.92,685.63,685.88,103137,regular,False
2026-07-31T16:24:00+00:00,685.84,686.4,685.84,686.19,79310,regular,False
2026-07-31T16:25:00+00:00,686.22,686.24,685.56,685.72,52123,regular,False
2026-07-31T16:26:00+00:00,685.72,686.03,685.58,686.0,56542,regular,False
2026-07-31T16:27:00+00:00,686.05,686.35,685.96,685.98,57773,regular,False
2026-07-31T16:28:00+00:00,685.97,686.53,685.91,686.47,35954,regular,False
2026-07-31T16:29:00+00:00,686.49,686.93,686.48,686.93,47871,regular,False
2026-07-31T16:30:00+00:00,686.95,687.4,686.76,686.78,83093,regular,False
2026-07-31T16:31:00+00:00,686.78,687.24,686.67,687.24,84687,regular,False
2026-07-31T16:32:00+00:00,687.26,687.42,687.17,687.32,63562,regular,False
2026-07-31T16:33:00+00:00,687.3,687.54,687.12,687.46,56944,regular,False
2026-07-31T16:34:00+00:00,687.5,687.51,687.15,687.27,69000,regular,False
2026-07-31T16:35:00+00:00,687.24,687.58,687.19,687.42,55410,regular,False
2026-07-31T16:36:00+00:00,687.49,687.49,686.89,686.92,116380,regular,False
2026-07-31T16:37:00+00:00,686.9,687.22,686.9,687.1,42486,regular,False
2026-07-31T16:38:00+00:00,687.1,687.17,686.76,686.8,39948,regular,False
2026-07-31T16:39:00+00:00,686.79,687.14,686.79,686.94,25848,regular,False
2026-07-31T16:40:00+00:00,686.96,687.13,686.78,686.91,42630,regular,False
2026-07-31T16:41:00+00:00,686.97,686.97,686.14,686.15,57520,regular,False
2026-07-31T16:42:00+00:00,686.15,686.45,685.92,686.35,46069,regular,False
2026-07-31T16:43:00+00:00,686.33,686.49,685.97,686.04,36465,regular,False
2026-07-31T16:44:00+00:00,686.09,686.17,685.78,685.94,61390,regular,False
2026-07-31T16:45:00+00:00,685.92,686.23,685.63,686.05,34545,regular,False
2026-07-31T16:46:00+00:00,686.08,686.5,685.74,686.5,40067,regular,False
2026-07-31T16:47:00+00:00,686.46,686.56,686.28,686.51,45875,regular,False
2026-07-31T16:48:00+00:00,686.51,686.53,686.22,686.46,26287,regular,False
2026-07-31T16:49:00+00:00,686.37,686.62,686.15,686.61,24203,regular,False
2026-07-31T16:50:00+00:00,686.64,687.05,686.51,686.9,75744,regular,False
2026-07-31T16:51:00+00:00,686.85,687.42,686.78,687.15,51896,regular,False
2026-07-31T16:52:00+00:00,687.18,687.26,686.97,687.06,30621,regular,False
2026-07-31T16:53:00+00:00,687.03,687.18,686.94,687.03,24952,regular,False
2026-07-31T16:54:00+00:00,687.1,687.29,686.72,686.77,38551,regular,False
2026-07-31T16:55:00+00:00,686.72,687.15,686.69,687.02,40508,regular,False
2026-07-31T16:56:00+00:00,687.05,687.34,686.94,687.12,31351,regular,False
2026-07-31T16:57:00+00:00,687.16,687.54,687.13,687.49,35186,regular,False
2026-07-31T16:58:00+00:00,687.5,687.63,687.27,687.31,55036,regular,False
2026-07-31T16:59:00+00:00,687.31,687.39,687.06,687.06,31916,regular,False
2026-07-31T17:00:00+00:00,687.04,687.52,686.89,687.49,34294,regular,False
2026-07-31T17:01:00+00:00,687.48,688.05,687.36,687.96,45744,regular,False
2026-07-31T17:02:00+00:00,688.01,688.03,687.8,687.88,27642,regular,False
2026-07-31T17:03:00+00:00,687.84,688.06,687.81,687.97,29566,regular,False
2026-07-31T17:04:00+00:00,688.02,688.03,687.73,687.73,37604,regular,False
2026-07-31T17:05:00+00:00,687.74,687.96,687.6,687.79,33305,regular,False
2026-07-31T17:06:00+00:00,687.78,687.83,687.44,687.45,31439,regular,False
2026-07-31T17:07:00+00:00,687.45,687.49,687.09,687.11,32972,regular,False
2026-07-31T17:08:00+00:00,687.1,687.31,687.0,687.26,26962,regular,False
2026-07-31T17:09:00+00:00,687.29,687.42,687.14,687.33,26822,regular,False
2026-07-31T17:10:00+00:00,687.27,687.71,687.06,687.5,23762,regular,False
2026-07-31T17:11:00+00:00,687.5,687.95,687.5,687.9,23438,regular,False
2026-07-31T17:12:00+00:00,687.93,688.14,687.89,687.98,48847,regular,False
2026-07-31T17:13:00+00:00,687.98,688.02,687.83,687.89,32565,regular,False
2026-07-31T17:14:00+00:00,687.9,688.01,687.75,687.92,38146,regular,False
2026-07-31T17:15:00+00:00,687.92,688.37,687.83,688.16,48718,regular,False
2026-07-31T17:16:00+00:00,688.18,688.39,687.95,687.99,47436,regular,False
2026-07-31T17:17:00+00:00,688.01,688.07,687.84,687.86,33893,regular,False
2026-07-31T17:18:00+00:00,687.87,688.07,687.76,687.92,34506,regular,False
2026-07-31T17:19:00+00:00,687.92,688.34,687.92,688.31,23551,regular,False
2026-07-31T17:20:00+00:00,688.28,688.41,688.25,688.33,38949,regular,False
2026-07-31T17:21:00+00:00,688.34,688.34,688.05,688.05,46252,regular,False
2026-07-31T17:22:00+00:00,688.08,688.18,687.78,688.16,36546,regular,False
2026-07-31T17:23:00+00:00,688.19,688.58,688.15,688.58,41291,regular,False
2026-07-31T17:24:00+00:00,688.59,689.2,688.56,689.14,87213,regular,False
2026-07-31T17:25:00+00:00,689.14,689.43,689.11,689.39,93552,regular,False
2026-07-31T17:26:00+00:00,689.35,689.4,689.07,689.4,52429,regular,False
2026-07-31T17:27:00+00:00,689.43,689.72,689.15,689.18,61017,regular,False
2026-07-31T17:28:00+00:00,689.2,689.51,689.17,689.27,43026,regular,False
2026-07-31T17:29:00+00:00,689.21,689.51,689.19,689.36,38094,regular,False
2026-07-31T17:30:00+00:00,689.37,689.4,689.08,689.18,60713,regular,False
2026-07-31T17:31:00+00:00,689.16,689.5,689.15,689.33,29930,regular,False
2026-07-31T17:32:00+00:00,689.35,689.49,689.06,689.35,58678,regular,False
2026-07-31T17:33:00+00:00,689.32,689.84,689.3,689.84,63255,regular,False
2026-07-31T17:34:00+00:00,689.85,689.94,689.72,689.82,54798,regular,False
2026-07-31T17:35:00+00:00,689.83,690.05,689.71,689.95,43078,regular,False
2026-07-31T17:36:00+00:00,689.95,690.14,689.93,690.03,52318,regular,False
2026-07-31T17:37:00+00:00,690.01,690.27,690.01,690.23,52363,regular,False
2026-07-31T17:38:00+00:00,690.23,690.35,689.76,689.77,90907,regular,False
2026-07-31T17:39:00+00:00,689.76,689.77,689.18,689.2,75498,regular,False
2026-07-31T17:40:00+00:00,689.2,689.62,689.1,689.45,35585,regular,False
2026-07-31T17:41:00+00:00,689.48,689.52,689.13,689.23,51242,regular,False
2026-07-31T17:42:00+00:00,689.21,689.22,688.91,689.0,68002,regular,False
2026-07-31T17:43:00+00:00,689.02,689.34,688.97,689.33,85341,regular,False
2026-07-31T17:44:00+00:00,689.33,689.47,689.12,689.24,37105,regular,False
2026-07-31T17:45:00+00:00,689.25,689.44,689.11,689.12,37546,regular,False
2026-07-31T17:46:00+00:00,689.15,689.71,689.15,689.41,42184,regular,False
2026-07-31T17:47:00+00:00,689.41,689.45,688.72,688.72,73466,regular,False
2026-07-31T17:48:00+00:00,688.72,688.79,688.32,688.54,65954,regular,False
2026-07-31T17:49:00+00:00,688.56,688.7,688.28,688.4,40602,regular,False
2026-07-31T17:50:00+00:00,688.36,688.63,688.26,688.6,93895,regular,False
2026-07-31T17:51:00+00:00,688.58,689.03,688.37,689.03,47163,regular,False
2026-07-31T17:52:00+00:00,689.1,689.41,688.95,688.97,81151,regular,False
2026-07-31T17:53:00+00:00,689.0,689.15,688.84,688.9,40216,regular,False
2026-07-31T17:54:00+00:00,688.86,689.07,688.83,688.92,29719,regular,False
2026-07-31T17:55:00+00:00,688.89,689.2,688.89,689.11,13400,regular,False
2026-07-31T17:56:00+00:00,689.1,689.28,688.96,689.02,30955,regular,False
2026-07-31T17:57:00+00:00,688.97,689.02,688.71,688.99,35475,regular,False
2026-07-31T17:58:00+00:00,688.97,689.0,688.71,688.71,26794,regular,False
2026-07-31T17:59:00+00:00,688.71,688.71,688.47,688.55,34340,regular,False
2026-07-31T18:00:00+00:00,688.57,688.89,688.35,688.83,31092,regular,False
2026-07-31T18:01:00+00:00,688.86,689.27,688.85,689.0,39091,regular,False
2026-07-31T18:02:00+00:00,689.0,689.06,688.75,688.88,35874,regular,False
2026-07-31T18:03:00+00:00,688.87,688.92,688.56,688.65,37541,regular,False
2026-07-31T18:04:00+00:00,688.61,688.8,688.52,688.52,43122,regular,False
2026-07-31T18:05:00+00:00,688.52,688.58,688.24,688.49,42495,regular,False
2026-07-31T18:06:00+00:00,688.54,689.12,688.54,688.94,37014,regular,False
2026-07-31T18:07:00+00:00,688.95,688.99,688.57,688.71,29368,regular,False
2026-07-31T18:08:00+00:00,688.67,688.91,688.55,688.75,23395,regular,False
2026-07-31T18:09:00+00:00,688.72,688.82,688.54,688.58,28400,regular,False
2026-07-31T18:10:00+00:00,688.56,688.76,688.29,688.35,19077,regular,False
2026-07-31T18:11:00+00:00,688.33,688.35,687.83,687.92,61192,regular,False
2026-07-31T18:12:00+00:00,687.97,688.11,687.79,687.81,41624,regular,False
2026-07-31T18:13:00+00:00,687.84,688.08,687.76,688.05,42663,regular,False
2026-07-31T18:14:00+00:00,688.05,688.2,687.77,687.97,44997,regular,False
2026-07-31T18:15:00+00:00,687.91,688.32,687.83,688.25,30124,regular,False
2026-07-31T18:16:00+00:00,688.25,688.43,688.2,688.3,36536,regular,False
2026-07-31T18:17:00+00:00,688.29,688.63,688.25,688.35,23845,regular,False
2026-07-31T18:18:00+00:00,688.44,688.98,688.39,688.83,57816,regular,False
2026-07-31T18:19:00+00:00,688.83,688.87,688.49,688.54,31962,regular,False
2026-07-31T18:20:00+00:00,688.54,688.85,688.36,688.66,28860,regular,False
2026-07-31T18:21:00+00:00,688.68,688.92,688.52,688.77,46487,regular,False
2026-07-31T18:22:00+00:00,688.77,688.91,688.6,688.77,23845,regular,False
2026-07-31T18:23:00+00:00,688.79,688.93,688.71,688.73,29960,regular,False
2026-07-31T18:24:00+00:00,688.72,688.95,688.7,688.77,32189,regular,False
2026-07-31T18:25:00+00:00,688.77,688.81,688.23,688.31,47949,regular,False
2026-07-31T18:26:00+00:00,688.3,688.45,688.19,688.34,24356,regular,False
2026-07-31T18:27:00+00:00,688.34,688.42,688.17,688.32,44594,regular,False
2026-07-31T18:28:00+00:00,688.35,688.5,688.22,688.29,19438,regular,False
2026-07-31T18:29:00+00:00,688.28,688.55,688.28,688.38,22410,regular,False
2026-07-31T18:31:00+00:00,688.84,688.94,688.68,688.78,26150,regular,False
2026-07-31T18:32:00+00:00,688.85,688.88,688.67,688.79,17583,regular,False
2026-07-31T18:33:00+00:00,688.83,688.85,688.68,688.8,26166,regular,False
2026-07-31T18:34:00+00:00,688.81,689.02,688.73,688.73,28972,regular,False
2026-07-31T18:35:00+00:00,688.73,688.73,688.27,688.55,54954,regular,False
2026-07-31T18:36:00+00:00,688.56,688.74,688.43,688.47,32070,regular,False
2026-07-31T18:37:00+00:00,688.46,688.57,688.28,688.5,34669,regular,False
2026-07-31T18:38:00+00:00,688.48,688.68,688.48,688.61,28339,regular,False
2026-07-31T18:39:00+00:00,688.61,688.68,688.48,688.54,24430,regular,False
2026-07-31T18:40:00+00:00,688.51,688.54,688.27,688.46,25264,regular,False
2026-07-31T18:41:00+00:00,688.45,688.78,688.44,688.58,52862,regular,False
2026-07-31T18:42:00+00:00,688.61,688.86,688.48,688.85,16838,regular,False
2026-07-31T18:43:00+00:00,688.84,688.91,688.72,688.72,18588,regular,False
2026-07-31T18:44:00+00:00,688.74,688.81,688.58,688.66,29487,regular,False
2026-07-31T18:45:00+00:00,688.65,688.96,688.62,688.86,17619,regular,False
2026-07-31T18:46:00+00:00,688.82,688.91,688.51,688.52,18205,regular,False
2026-07-31T18:47:00+00:00,688.5,688.63,688.42,688.62,27632,regular,False
2026-07-31T18:48:00+00:00,688.58,688.83,688.52,688.8,36231,regular,False
2026-07-31T18:49:00+00:00,688.82,689.08,688.75,689.04,27463,regular,False
2026-07-31T18:50:00+00:00,689.05,689.4,689.04,689.26,83660,regular,False
2026-07-31T18:51:00+00:00,689.31,689.35,689.08,689.2,47847,regular,False
2026-07-31T18:52:00+00:00,689.24,689.36,689.08,689.11,33036,regular,False
2026-07-31T18:53:00+00:00,689.1,689.19,689.0,689.1,26201,regular,False
2026-07-31T18:54:00+00:00,689.09,689.13,688.93,689.0,29865,regular,False
2026-07-31T18:55:00+00:00,689.0,689.15,688.59,688.62,53949,regular,False
2026-07-31T18:56:00+00:00,688.58,688.69,688.45,688.61,40651,regular,False
2026-07-31T18:57:00+00:00,688.58,688.68,688.26,688.61,54476,regular,False
2026-07-31T18:58:00+00:00,688.6,688.75,688.54,688.65,33843,regular,False
2026-07-31T18:59:00+00:00,688.63,688.83,688.54,688.71,63494,regular,False
2026-07-31T19:00:00+00:00,688.7,689.28,688.64,689.05,65009,regular,False
2026-07-31T19:01:00+00:00,689.07,689.11,688.73,688.78,49156,regular,False
2026-07-31T19:02:00+00:00,688.8,688.95,688.68,688.68,37425,regular,False
2026-07-31T19:03:00+00:00,688.68,688.85,688.56,688.62,30499,regular,False
2026-07-31T19:04:00+00:00,688.6,688.63,688.3,688.38,45497,regular,False
2026-07-31T19:05:00+00:00,688.4,688.64,688.13,688.54,59662,regular,False
2026-07-31T19:06:00+00:00,688.58,688.59,688.14,688.27,36337,regular,False
2026-07-31T19:07:00+00:00,688.23,688.43,688.02,688.39,36950,regular,False
2026-07-31T19:08:00+00:00,688.39,688.53,688.27,688.5,55071,regular,False
2026-07-31T19:09:00+00:00,688.51,688.66,688.41,688.54,29123,regular,False
2026-07-31T19:10:00+00:00,688.55,688.77,688.5,688.66,36019,regular,False
2026-07-31T19:11:00+00:00,688.64,688.79,688.47,688.58,35127,regular,False
2026-07-31T19:12:00+00:00,688.54,688.89,688.33,688.86,78138,regular,False
2026-07-31T19:13:00+00:00,688.83,688.89,688.74,688.75,32959,regular,False
2026-07-31T19:14:00+00:00,688.76,688.85,688.64,688.64,39209,regular,False
2026-07-31T19:15:00+00:00,688.67,688.94,688.53,688.85,38580,regular,False
2026-07-31T19:16:00+00:00,688.9,688.99,688.7,688.79,33275,regular,False
2026-07-31T19:17:00+00:00,688.75,689.22,688.73,689.2,92209,regular,False
2026-07-31T19:18:00+00:00,689.21,689.64,689.21,689.59,152901,regular,False
2026-07-31T19:19:00+00:00,689.57,689.99,689.57,689.94,93360,regular,False
2026-07-31T19:20:00+00:00,689.95,690.08,689.79,689.98,92944,regular,False
2026-07-31T19:21:00+00:00,689.98,690.18,689.92,689.99,80081,regular,False
2026-07-31T19:22:00+00:00,690.03,690.27,690.01,690.02,75227,regular,False
2026-07-31T19:23:00+00:00,690.03,690.13,689.74,689.82,82622,regular,False
2026-07-31T19:24:00+00:00,689.8,689.83,689.53,689.57,75925,regular,False
2026-07-31T19:25:00+00:00,689.57,689.57,689.35,689.46,62203,regular,False
2026-07-31T19:26:00+00:00,689.47,689.84,689.47,689.61,44923,regular,False
2026-07-31T19:27:00+00:00,689.63,689.76,689.54,689.65,54927,regular,False
2026-07-31T19:28:00+00:00,689.63,689.77,689.6,689.67,60563,regular,False
2026-07-31T19:29:00+00:00,689.67,689.76,689.54,689.7,54614,regular,False
2026-07-31T19:30:00+00:00,689.68,689.84,688.94,689.19,153332,regular,False
2026-07-31T19:31:00+00:00,689.17,689.21,688.91,689.14,124530,regular,False
2026-07-31T19:32:00+00:00,689.12,689.24,688.92,689.23,78812,regular,False
2026-07-31T19:33:00+00:00,689.23,689.38,689.11,689.14,57704,regular,False
2026-07-31T19:34:00+00:00,689.14,689.44,689.05,689.35,92200,regular,False
2026-07-31T19:35:00+00:00,689.34,689.55,689.19,689.47,81887,regular,False
2026-07-31T19:36:00+00:00,689.45,689.68,689.35,689.6,85624,regular,False
2026-07-31T19:37:00+00:00,689.6,689.61,689.28,689.44,70160,regular,False
2026-07-31T19:38:00+00:00,689.41,689.53,689.13,689.34,63221,regular,False
2026-07-31T19:39:00+00:00,689.34,689.42,689.24,689.3,71512,regular,False
2026-07-31T19:40:00+00:00,689.29,689.36,688.96,689.05,74255,regular,False
2026-07-31T19:41:00+00:00,689.03,689.18,688.78,688.8,65511,regular,False
2026-07-31T19:42:00+00:00,688.78,689.1,688.71,689.1,84185,regular,False
2026-07-31T19:43:00+00:00,689.11,689.66,689.11,689.64,106554,regular,False
2026-07-31T19:44:00+00:00,689.67,689.88,689.54,689.73,94104,regular,False
2026-07-31T19:45:00+00:00,689.74,690.3,689.74,689.94,254730,regular,False
2026-07-31T19:46:00+00:00,689.96,690.45,689.94,690.25,198429,regular,False
2026-07-31T19:47:00+00:00,690.25,690.41,689.87,689.92,127585,regular,False
2026-07-31T19:48:00+00:00,689.91,690.06,689.81,689.98,89185,regular,False
2026-07-31T19:49:00+00:00,689.97,690.5,689.91,690.49,95790,regular,False
2026-07-31T19:50:00+00:00,690.5,690.74,690.0,690.1,144469,regular,False
2026-07-31T19:51:00+00:00,690.06,690.06,689.65,689.85,173145,regular,False
2026-07-31T19:52:00+00:00,689.86,690.39,689.83,690.3,73417,regular,False
2026-07-31T19:53:00+00:00,690.29,690.68,690.11,690.59,98113,regular,False
2026-07-31T19:56:00+00:00,689.59,689.82,689.53,689.66,130779,regular,False
2026-07-31T19:57:00+00:00,689.65,689.79,689.2,689.25,129730,regular,False
2026-07-31T19:58:00+00:00,689.25,689.41,689.05,689.27,141426,regular,False
2026-07-31T19:59:00+00:00,689.26,689.35,687.45,687.92,603903,regular,False
2026-07-31T20:01:00+00:00,688.05,688.1,687.59,687.59,50985,after-market,False
2026-07-31T20:02:00+00:00,687.62,687.62,686.47,686.74,140337,after-market,False
2026-07-31T20:03:00+00:00,686.74,686.97,686.54,686.77,84297,after-market,False
2026-07-31T20:04:00+00:00,686.71,687.11,686.63,686.97,46926,after-market,False
2026-07-31T20:05:00+00:00,686.98,687.23,686.67,686.9,27863,after-market,False
2026-07-31T20:06:00+00:00,686.9,687.32,686.84,687.29,50329,after-market,False
2026-07-31T20:07:00+00:00,687.3,687.36,686.99,687.2,12455,after-market,False
2026-07-31T20:08:00+00:00,687.23,687.71,687.17,687.7,21108,after-market,False
2026-07-31T20:09:00+00:00,687.76,687.9,687.55,687.7,22377,after-market,False
2026-07-31T20:10:00+00:00,687.7,687.91,687.66,687.77,10132,after-market,False
2026-07-31T20:11:00+00:00,687.75,687.88,687.69,687.75,14694,after-market,False
2026-07-31T20:12:00+00:00,687.73,687.81,687.66,687.73,60024,after-market,False
2026-07-31T20:13:00+00:00,687.9,687.97,687.81,687.82,48727,after-market,False
2026-07-31T20:14:00+00:00,687.8,687.87,687.67,687.78,10636,after-market,False
2026-07-31T20:15:00+00:00,687.6,687.7,687.33,687.34,5882,after-market,False
2026-07-31T20:16:00+00:00,687.34,687.35,687.09,687.21,21390,after-market,False
2026-07-31T20:17:00+00:00,687.25,687.53,687.18,687.46,42729,after-market,False
2026-07-31T20:18:00+00:00,687.5,687.56,687.43,687.49,13386,after-market,False
2026-07-31T20:19:00+00:00,687.5,687.5,687.31,687.42,23696,after-market,False
2026-07-31T20:20:00+00:00,687.42,687.42,687.34,687.4,20731,after-market,False
2026-07-31T20:21:00+00:00,687.4,687.42,687.31,687.35,16861,after-market,False
2026-07-31T20:22:00+00:00,687.3,687.6,687.3,687.38,11972,after-market,False
2026-07-31T20:23:00+00:00,687.38,687.45,687.34,687.35,19328,after-market,False
2026-07-31T20:24:00+00:00,687.3,687.42,687.24,687.25,58664,after-market,False
2026-07-31T20:25:00+00:00,687.22,687.34,687.16,687.34,8343,after-market,False
2026-07-31T20:26:00+00:00,687.3,687.36,687.2,687.24,10528,after-market,False
2026-07-31T20:27:00+00:00,687.18,687.18,687.05,687.06,1995,after-market,False
2026-07-31T20:28:00+00:00,687.09,687.1,686.99,687.1,16842,after-market,False
2026-07-31T20:29:00+00:00,687.14,687.2,687.14,687.18,836,after-market,False
2026-07-31T20:30:00+00:00,687.15,687.27,686.83,686.83,49037,after-market,False
2026-07-31T20:31:00+00:00,686.93,687.05,686.9,686.9,33904,after-market,False
2026-07-31T20:32:00+00:00,686.9,687.27,686.9,687.26,43488,after-market,False
2026-07-31T20:33:00+00:00,687.25,687.46,687.17,687.43,4828,after-market,False
2026-07-31T20:34:00+00:00,687.46,687.71,687.42,687.71,8912,after-market,False
2026-07-31T20:35:00+00:00,687.7,687.7,687.48,687.5,30484,after-market,False
2026-07-31T20:36:00+00:00,687.47,687.65,687.45,687.63,24668,after-market,False
2026-07-31T20:37:00+00:00,687.6,687.67,687.55,687.55,3457,after-market,False
2026-07-31T20:38:00+00:00,687.61,687.7,687.54,687.7,4468,after-market,False
2026-07-31T20:39:00+00:00,687.64,687.65,687.58,687.65,1920,after-market,False
2026-07-31T20:40:00+00:00,687.65,687.65,687.51,687.65,1800,after-market,False
2026-07-31T20:41:00+00:00,687.65,687.69,687.53,687.53,2692,after-market,False
2026-07-31T20:42:00+00:00,687.65,687.68,687.56,687.56,629,after-market,False
2026-07-31T20:43:00+00:00,687.5,687.5,687.33,687.36,1523,after-market,False
2026-07-31T20:44:00+00:00,687.37,687.56,687.36,687.41,14940,after-market,False
2026-07-31T20:45:00+00:00,687.45,687.52,687.44,687.46,11570,after-market,False
2026-07-31T20:46:00+00:00,687.42,687.83,687.42,687.49,121416,after-market,False
2026-07-31T20:47:00+00:00,687.5,687.5,687.42,687.42,1299,after-market,False
2026-07-31T20:48:00+00:00,687.4,687.45,687.39,687.39,955,after-market,False
2026-07-31T20:49:00+00:00,687.4,687.5,687.35,687.39,11877,after-market,False
2026-07-31T20:50:00+00:00,687.47,687.5,687.47,687.5,864,after-market,False
2026-07-31T20:51:00+00:00,687.5,687.5,687.42,687.44,380,after-market,False
2026-07-31T20:52:00+00:00,687.41,687.5,687.4,687.49,3946,after-market,False
2026-07-31T20:53:00+00:00,687.43,687.43,685.93,686.39,38822,after-market,False
2026-07-31T20:54:00+00:00,686.53,686.54,685.8,686.37,33700,after-market,False
2026-07-31T20:55:00+00:00,686.49,686.49,685.79,685.98,63528,after-market,False
2026-07-31T20:56:00+00:00,685.91,685.93,685.52,685.66,53844,after-market,False
2026-07-31T20:57:00+00:00,685.71,685.8,685.4,685.42,46844,after-market,False
2026-07-31T20:58:00+00:00,685.41,685.66,685.4,685.59,38801,after-market,False
2026-07-31T20:59:00+00:00,685.59,685.66,684.7,685.3,77959,after-market,False
2026-07-31T21:00:00+00:00,685.33,685.95,685.33,685.95,6312,after-market,False
2026-07-31T21:01:00+00:00,685.9,685.95,685.72,685.87,4020,after-market,False
2026-07-31T21:02:00+00:00,685.87,685.95,685.87,685.95,4152,after-market,False
2026-07-31T21:03:00+00:00,685.9,685.95,685.7,685.7,4137,after-market,False
2026-07-31T21:04:00+00:00,685.9,685.9,685.65,685.8,12122,after-market,False
2026-07-31T21:05:00+00:00,685.88,685.95,685.76,685.9,13186,after-market,False
2026-07-31T21:06:00+00:00,685.9,685.95,685.9,685.95,4189,after-market,False
2026-07-31T21:07:00+00:00,685.98,686.05,685.95,686.05,10527,after-market,False
2026-07-31T21:08:00+00:00,686.05,686.08,686.0,686.04,15022,after-market,False
2026-07-31T21:09:00+00:00,686.04,686.05,685.9,685.9,5352,after-market,False
2026-07-31T21:10:00+00:00,685.9,686.05,685.9,685.95,6106,after-market,False
2026-07-31T21:11:00+00:00,685.98,686.01,685.85,685.9,19301,after-market,False
2026-07-31T21:12:00+00:00,685.96,686.0,685.85,685.99,5430,after-market,False
2026-07-31T21:13:00+00:00,685.99,686.0,685.81,686.0,9560,after-market,False
2026-07-31T21:14:00+00:00,685.95,685.96,685.8,685.8,31042,after-market,False
2026-07-31T21:15:00+00:00,685.7,686.0,685.6,685.6,5629,after-market,False
2026-07-31T21:16:00+00:00,685.59,685.84,685.55,685.84,2523,after-market,False
2026-07-31T21:17:00+00:00,685.5,685.81,685.5,685.81,3300,after-market,False
2026-07-31T21:18:00+00:00,685.79,686.0,685.6,685.6,5327,after-market,False
2026-07-31T21:19:00+00:00,685.82,685.9,685.7,685.7,4525,after-market,False
2026-07-31T21:20:00+00:00,685.76,685.95,685.76,685.76,5126,after-market,False
2026-07-31T21:21:00+00:00,685.88,686.0,685.64,685.76,7061,after-market,False
2026-07-31T21:22:00+00:00,685.79,685.8,685.48,685.49,7425,after-market,False
2026-07-31T21:23:00+00:00,685.75,685.85,685.49,685.85,9266,after-market,False
2026-07-31T21:24:00+00:00,685.8,685.9,685.7,685.7,7887,after-market,False
2026-07-31T21:25:00+00:00,685.75,685.85,685.36,685.38,15493,after-market,False
2026-07-31T21:26:00+00:00,685.38,685.5,684.76,685.1,25212,after-market,False
2026-07-31T21:27:00+00:00,685.0,685.11,684.96,685.0,10383,after-market,False
2026-07-31T21:28:00+00:00,685.03,685.2,685.0,685.06,11464,after-market,False
2026-07-31T21:29:00+00:00,685.07,685.33,685.01,685.08,920,after-market,False
2026-07-31T21:30:00+00:00,685.13,685.38,685.08,685.37,213,after-market,False
2026-07-31T21:31:00+00:00,685.08,685.12,684.82,684.99,3422,after-market,False
2026-07-31T21:32:00+00:00,685.0,685.1,684.98,685.1,1369,after-market,False
2026-07-31T21:33:00+00:00,684.98,685.02,684.94,684.94,728,after-market,False
2026-07-31T21:34:00+00:00,684.85,684.96,684.7,684.7,1941,after-market,False
2026-07-31T21:35:00+00:00,684.88,684.88,684.87,684.88,100,after-market,False
2026-07-31T21:36:00+00:00,684.74,684.79,684.52,684.75,4439,after-market,False
2026-07-31T21:37:00+00:00,684.78,684.78,684.65,684.66,4432,after-market,False
2026-07-31T21:38:00+00:00,684.66,684.66,684.66,684.66,0,after-market,False
2026-07-31T21:39:00+00:00,684.74,684.78,684.74,684.78,1614,after-market,False
2026-07-31T21:40:00+00:00,684.78,684.9,684.77,684.9,2116,after-market,False
2026-07-31T21:41:00+00:00,684.88,684.88,684.88,684.88,369,after-market,False
2026-07-31T21:42:00+00:00,684.86,685.0,684.8,685.0,1085,after-market,False
2026-07-31T21:43:00+00:00,684.93,684.93,684.86,684.87,139,after-market,False
2026-07-31T21:44:00+00:00,685.04,685.04,685.03,685.04,150,after-market,False
2026-07-31T21:45:00+00:00,685.13,685.15,684.97,684.97,675,after-market,False
2026-07-31T21:46:00+00:00,684.98,684.98,684.76,684.76,653,after-market,False
2026-07-31T21:47:00+00:00,684.65,684.65,684.1,684.16,3536,after-market,False
2026-07-31T21:48:00+00:00,684.45,684.45,684.0,684.29,5781,after-market,False
2026-07-31T21:49:00+00:00,684.27,684.34,684.27,684.34,582,after-market,False
2026-07-31T21:50:00+00:00,684.33,684.35,684.28,684.3,1290,after-market,False
2026-07-31T21:51:00+00:00,684.3,684.3,684.29,684.29,1829,after-market,False
2026-07-31T21:52:00+00:00,684.29,684.3,684.29,684.3,390,after-market,False
2026-07-31T21:53:00+00:00,684.59,684.6,684.57,684.6,5002,after-market,False
2026-07-31T21:54:00+00:00,684.71,684.77,684.29,684.77,6898,after-market,False
2026-07-31T21:55:00+00:00,684.66,684.66,684.25,684.42,10630,after-market,False
2026-07-31T21:56:00+00:00,684.39,684.4,684.3,684.33,348,after-market,False
2026-07-31T21:57:00+00:00,684.48,684.49,684.4,684.45,1061,after-market,False
2026-07-31T21:58:00+00:00,684.45,684.49,684.4,684.45,1036,after-market,False
2026-07-31T21:59:00+00:00,684.49,684.5,684.4,684.5,5175,after-market,False
2026-07-31T22:00:00+00:00,684.8,684.8,684.8,684.8,100,after-market,False
2026-07-31T22:01:00+00:00,684.61,684.8,684.6,684.77,1090,after-market,False
2026-07-31T22:02:00+00:00,684.79,684.8,684.7,684.74,2869,after-market,False
2026-07-31T22:03:00+00:00,684.74,684.87,684.74,684.83,530,after-market,False
2026-07-31T22:04:00+00:00,684.74,684.74,684.49,684.5,1735,after-market,False
2026-07-31T22:05:00+00:00,684.5,684.74,684.41,684.41,610,after-market,False
2026-07-31T22:06:00+00:00,684.41,684.47,684.4,684.47,1125,after-market,False
2026-07-31T22:07:00+00:00,684.62,684.62,684.51,684.51,166,after-market,False
2026-07-31T22:08:00+00:00,684.5,684.62,684.47,684.47,1757,after-market,False
2026-07-31T22:09:00+00:00,684.47,684.47,684.4,684.4,3161,after-market,False
2026-07-31T22:10:00+00:00,684.6,684.6,684.35,684.4,290,after-market,False
2026-07-31T22:11:00+00:00,684.3,684.6,684.25,684.6,2236,after-market,False
2026-07-31T22:12:00+00:00,684.3,684.54,684.25,684.37,1638,after-market,False
2026-07-31T22:13:00+00:00,684.53,684.54,684.21,684.5,1407,after-market,False
2026-07-31T22:14:00+00:00,684.45,684.45,684.26,684.26,269,after-market,False
2026-07-31T22:15:00+00:00,684.26,684.43,684.26,684.32,1572,after-market,False
2026-07-31T22:16:00+00:00,684.31,684.38,684.25,684.25,3687,after-market,False
2026-07-31T22:17:00+00:00,684.21,684.33,684.2,684.2,2032,after-market,False
2026-07-31T22:18:00+00:00,684.2,684.2,684.06,684.06,1860,after-market,False
2026-07-31T22:19:00+00:00,684.19,684.2,684.19,684.2,1047,after-market,False
2026-07-31T22:20:00+00:00,684.2,684.38,684.2,684.36,623,after-market,False
2026-07-31T22:21:00+00:00,684.3,684.3,684.3,684.3,58,after-market,False
2026-07-31T22:22:00+00:00,684.38,684.38,684.38,684.38,196,after-market,False
2026-07-31T22:23:00+00:00,684.36,684.38,684.36,684.38,109,after-market,False
2026-07-31T22:24:00+00:00,684.33,684.33,684.33,684.33,196,after-market,False
2026-07-31T22:25:00+00:00,684.33,684.33,684.2,684.23,910,after-market,False
2026-07-31T22:26:00+00:00,684.2,684.2,684.06,684.06,1043,after-market,False
2026-07-31T22:27:00+00:00,684.13,684.25,684.12,684.25,211,after-market,False
2026-07-31T22:28:00+00:00,684.05,684.05,684.05,684.05,160,after-market,False
2026-07-31T22:29:00+00:00,684.05,684.05,684.05,684.05,0,after-market,False
2026-07-31T22:30:00+00:00,684.21,684.27,684.21,684.27,453,after-market,False
2026-07-31T22:31:00+00:00,684.27,684.3,684.27,684.3,400,after-market,False
2026-07-31T22:32:00+00:00,684.16,684.38,684.13,684.38,1336,after-market,False
2026-07-31T22:33:00+00:00,684.37,684.4,684.34,684.34,311,after-market,False
2026-07-31T22:34:00+00:00,684.47,684.48,684.47,684.47,73,after-market,False
2026-07-31T22:35:00+00:00,684.4,684.41,684.4,684.4,300,after-market,False
2026-07-31T22:36:00+00:00,684.47,684.47,684.47,684.47,63,after-market,False
2026-07-31T22:37:00+00:00,684.5,684.71,684.49,684.7,888,after-market,False
2026-07-31T22:38:00+00:00,684.71,685.15,684.71,685.15,4245,after-market,False
2026-07-31T22:39:00+00:00,684.98,684.98,684.98,684.98,100,after-market,False
2026-07-31T22:40:00+00:00,685.01,685.01,685.0,685.0,1266,after-market,False
2026-07-31T22:41:00+00:00,685.14,685.18,685.14,685.18,230,after-market,False
2026-07-31T22:42:00+00:00,685.17,685.17,685.17,685.17,95,after-market,False
2026-07-31T22:43:00+00:00,685.01,685.17,685.0,685.0,349,after-market,False
2026-07-31T22:44:00+00:00,684.86,684.98,684.86,684.98,131,after-market,False
2026-07-31T22:45:00+00:00,685.0,685.0,684.98,684.98,526,after-market,False
2026-07-31T22:46:00+00:00,684.9,684.9,684.9,684.9,163,after-market,False
2026-07-31T22:47:00+00:00,685.0,685.0,685.0,685.0,426,after-market,False
2026-07-31T22:48:00+00:00,684.75,684.9,684.75,684.9,468,after-market,False
2026-07-31T22:49:00+00:00,684.77,684.84,684.72,684.84,922,after-market,False
2026-07-31T22:50:00+00:00,684.73,684.89,684.72,684.89,648,after-market,False
2026-07-31T22:51:00+00:00,684.92,684.92,684.75,684.75,397,after-market,False
2026-07-31T22:52:00+00:00,684.71,684.72,684.71,684.71,56,after-market,False
2026-07-31T22:53:00+00:00,684.99,684.99,684.99,684.99,163,after-market,False
2026-07-31T22:54:00+00:00,684.99,684.99,684.99,684.99,0,after-market,False
2026-07-31T22:55:00+00:00,684.99,684.99,684.99,684.99,0,after-market,False
2026-07-31T22:56:00+00:00,684.98,684.99,684.98,684.99,1980,after-market,False
2026-07-31T22:57:00+00:00,684.76,684.9,684.7,684.9,837,after-market,False
2026-07-31T22:58:00+00:00,684.74,684.89,684.74,684.89,496,after-market,False
2026-07-31T22:59:00+00:00,684.79,684.8,684.79,684.79,102,after-market,False
2026-07-31T23:00:00+00:00,684.79,684.79,684.79,684.79,0,after-market,False
2026-07-31T23:01:00+00:00,684.8,684.8,684.75,684.75,123,after-market,False
2026-07-31T23:02:00+00:00,684.75,684.75,684.75,684.75,0,after-market,False
2026-07-31T23:03:00+00:00,684.75,684.75,684.7,684.7,172,after-market,False
2026-07-31T23:04:00+00:00,684.7,684.7,684.7,684.7,0,after-market,False
2026-07-31T23:05:00+00:00,684.88,685.0,684.88,685.0,1366,after-market,False
2026-07-31T23:06:00+00:00,685.0,685.0,685.0,685.0,0,after-market,False
2026-07-31T23:07:00+00:00,684.75,684.9,684.7,684.78,988,after-market,False
2026-07-31T23:08:00+00:00,684.78,684.78,684.78,684.78,874,after-market,False
2026-07-31T23:09:00+00:00,684.78,684.78,684.78,684.78,0,after-market,False
2026-07-31T23:10:00+00:00,684.81,684.89,684.78,684.78,2445,after-market,False
2026-07-31T23:11:00+00:00,684.82,684.82,684.78,684.78,124,after-market,False
2026-07-31T23:12:00+00:00,684.86,684.92,684.86,684.9,2228,after-market,False
2026-07-31T23:13:00+00:00,684.91,685.0,684.9,685.0,1737,after-market,False
2026-07-31T23:14:00+00:00,684.98,684.98,684.9,684.9,608,after-market,False
2026-07-31T23:15:00+00:00,684.9,684.9,684.9,684.9,0,after-market,False
2026-07-31T23:16:00+00:00,684.9,684.9,684.9,684.9,0,after-market,False
2026-07-31T23:17:00+00:00,684.9,684.9,684.9,684.9,0,after-market,False
2026-07-31T23:18:00+00:00,685.0,685.0,685.0,685.0,1254,after-market,False
2026-07-31T23:19:00+00:00,684.9,684.91,684.9,684.9,557,after-market,False
2026-07-31T23:20:00+00:00,684.9,684.9,684.9,684.9,660,after-market,False
2026-07-31T23:21:00+00:00,684.9,684.91,684.9,684.91,994,after-market,False
2026-07-31T23:22:00+00:00,684.93,684.94,684.93,684.93,63,after-market,False
2026-07-31T23:23:00+00:00,684.97,685.0,684.82,684.93,1385,after-market,False
2026-07-31T23:24:00+00:00,684.85,685.0,684.85,685.0,98,after-market,False
2026-07-31T23:25:00+00:00,684.93,684.94,684.9,684.9,180,after-market,False
2026-07-31T23:26:00+00:00,685.06,685.16,685.06,685.16,1351,after-market,False
2026-07-31T23:27:00+00:00,685.12,685.36,685.11,685.21,623,after-market,False
2026-07-31T23:28:00+00:00,685.21,685.21,685.21,685.21,0,after-market,False
2026-07-31T23:29:00+00:00,685.31,685.31,685.29,685.3,485,after-market,False
2026-07-31T23:30:00+00:00,685.25,685.26,685.04,685.2,745,after-market,False
2026-07-31T23:31:00+00:00,685.19,685.2,684.91,684.91,581,after-market,False
2026-07-31T23:32:00+00:00,684.92,685.3,684.8,685.3,997,after-market,False
2026-07-31T23:33:00+00:00,684.91,685.25,684.81,685.25,599,after-market,False
2026-07-31T23:34:00+00:00,685.25,685.25,685.25,685.25,0,after-market,False
2026-07-31T23:35:00+00:00,684.99,684.99,684.98,684.99,117,after-market,False
2026-07-31T23:36:00+00:00,685.1,685.11,685.1,685.1,2229,after-market,False
2026-07-31T23:37:00+00:00,685.09,685.1,685.09,685.09,203,after-market,False
2026-07-31T23:38:00+00:00,685.1,685.1,685.1,685.1,406,after-market,False
2026-07-31T23:39:00+00:00,685.05,685.1,684.99,684.99,1380,after-market,False
2026-07-31T23:40:00+00:00,685.01,685.02,685.01,685.01,867,after-market,False
2026-07-31T23:41:00+00:00,685.01,685.3,685.0,685.15,1806,after-market,False
2026-07-31T23:42:00+00:00,685.14,685.14,685.14,685.14,290,after-market,False
2026-07-31T23:43:00+00:00,685.02,685.12,685.02,685.12,271,after-market,False
2026-07-31T23:44:00+00:00,685.12,685.12,685.12,685.12,42,after-market,False
2026-07-31T23:45:00+00:00,685.11,685.11,685.08,685.11,442,after-market,False
2026-07-31T23:46:00+00:00,685.1,685.21,685.1,685.21,998,after-market,False
2026-07-31T23:47:00+00:00,685.19,685.21,685.17,685.17,702,after-market,False
2026-07-31T23:48:00+00:00,685.17,685.22,685.17,685.22,417,after-market,False
2026-07-31T23:49:00+00:00,685.17,685.2,685.17,685.2,304,after-market,False
2026-07-31T23:50:00+00:00,685.2,685.2,685.06,685.06,1794,after-market,False
2026-07-31T23:51:00+00:00,685.2,685.2,685.2,685.2,72,after-market,False
2026-07-31T23:52:00+00:00,685.2,685.2,685.06,685.06,342,after-market,False
2026-07-31T23:53:00+00:00,685.05,685.05,685.04,685.05,2643,after-market,False
2026-07-31T23:54:00+00:00,685.2,685.2,685.12,685.15,1165,after-market,False
2026-07-31T23:55:00+00:00,685.0,685.01,684.83,684.83,547,after-market,False
2026-07-31T23:56:00+00:00,684.82,684.82,684.7,684.81,908,after-market,False
2026-07-31T23:57:00+00:00,684.55,684.65,684.34,684.34,1007,after-market,False
2026-07-31T23:58:00+00:00,684.58,684.58,684.46,684.54,677,after-market,False
2026-07-31T23:59:00+00:00,684.48,684.6,684.36,684.47,3483,after-market,False
2026-08-03T08:00:00+00:00,692.23,694.78,691.66,692.35,8560,pre-market,False
2026-08-03T08:01:00+00:00,692.91,694.76,691.85,692.06,61548,pre-market,False
2026-08-03T08:02:00+00:00,692.56,693.5,691.71,691.73,16977,pre-market,False
2026-08-03T08:03:00+00:00,691.6,691.6,691.21,691.21,8456,pre-market,False
2026-08-03T08:04:00+00:00,691.21,691.24,691.0,691.14,6758,pre-market,False
2026-08-03T08:05:00+00:00,691.05,691.4,691.05,691.33,4198,pre-market,False
2026-08-03T08:06:00+00:00,691.27,692.81,691.21,691.38,2787,pre-market,False
2026-08-03T08:07:00+00:00,691.4,691.5,690.99,691.03,5488,pre-market,False
2026-08-03T08:08:00+00:00,690.94,691.01,690.8,691.01,1954,pre-market,False
2026-08-03T08:09:00+00:00,691.01,691.44,691.01,691.25,4924,pre-market,False
2026-08-03T08:10:00+00:00,691.3,691.61,691.22,691.39,2960,pre-market,False
2026-08-03T08:11:00+00:00,691.44,691.54,691.33,691.47,1450,pre-market,False
2026-08-03T08:12:00+00:00,691.51,691.72,691.51,691.52,3613,pre-market,False
2026-08-03T08:13:00+00:00,691.55,691.73,691.4,691.73,3180,pre-market,False
2026-08-03T08:14:00+00:00,691.8,691.84,691.79,691.83,1432,pre-market,False
2026-08-03T08:15:00+00:00,691.71,691.75,691.66,691.68,2639,pre-market,False
2026-08-03T08:16:00+00:00,691.49,691.49,691.24,691.24,670,pre-market,False
2026-08-03T08:17:00+00:00,691.23,691.23,691.08,691.08,1040,pre-market,False
2026-08-03T08:18:00+00:00,691.0,691.0,690.66,690.72,1512,pre-market,False
2026-08-03T08:19:00+00:00,690.78,690.8,690.64,690.72,3760,pre-market,False
2026-08-03T08:20:00+00:00,690.63,690.7,690.47,690.64,1176,pre-market,False
2026-08-03T08:21:00+00:00,690.6,690.66,690.46,690.59,1277,pre-market,False
2026-08-03T08:22:00+00:00,690.47,690.61,690.46,690.47,1070,pre-market,False
2026-08-03T08:23:00+00:00,690.41,690.41,690.25,690.25,1200,pre-market,False
2026-08-03T08:24:00+00:00,690.14,690.24,690.13,690.15,547,pre-market,False
2026-08-03T08:25:00+00:00,690.21,690.23,690.01,690.06,3183,pre-market,False
2026-08-03T08:26:00+00:00,690.12,690.18,689.95,690.11,3430,pre-market,False
2026-08-03T08:27:00+00:00,690.05,690.05,689.71,690.02,4693,pre-market,False
2026-08-03T08:28:00+00:00,690.01,690.25,689.96,690.11,6523,pre-market,False
2026-08-03T08:29:00+00:00,690.18,690.23,689.89,690.0,1657,pre-market,False
2026-08-03T08:30:00+00:00,690.05,690.05,689.72,689.72,1196,pre-market,False
2026-08-03T08:31:00+00:00,689.79,690.22,689.79,690.22,4215,pre-market,False
2026-08-03T08:32:00+00:00,690.18,690.19,690.04,690.04,3985,pre-market,False
2026-08-03T08:33:00+00:00,689.68,689.72,689.63,689.63,1060,pre-market,False
2026-08-03T08:34:00+00:00,689.72,689.93,689.66,689.92,555,pre-market,False
2026-08-03T08:35:00+00:00,690.08,690.25,690.02,690.21,1640,pre-market,False
2026-08-03T08:36:00+00:00,690.27,690.92,690.26,690.92,4504,pre-market,False
2026-08-03T08:37:00+00:00,691.0,691.03,690.8,690.96,5083,pre-market,False
2026-08-03T08:38:00+00:00,691.05,691.05,690.89,691.02,2826,pre-market,False
2026-08-03T08:39:00+00:00,691.0,691.27,690.98,691.27,1483,pre-market,False
2026-08-03T08:40:00+00:00,691.29,691.32,691.18,691.18,1680,pre-market,False
2026-08-03T08:41:00+00:00,691.25,691.33,691.25,691.29,1080,pre-market,False
2026-08-03T08:42:00+00:00,691.39,691.54,691.33,691.35,651,pre-market,False
2026-08-03T08:43:00+00:00,691.32,691.43,691.13,691.13,2975,pre-market,False
2026-08-03T08:44:00+00:00,691.04,691.23,691.04,691.18,928,pre-market,False
2026-08-03T08:45:00+00:00,691.18,691.31,691.17,691.24,1775,pre-market,False
2026-08-03T08:46:00+00:00,691.32,691.59,691.32,691.41,3863,pre-market,False
2026-08-03T08:47:00+00:00,691.37,691.37,691.0,691.03,1585,pre-market,False
2026-08-03T08:48:00+00:00,691.09,691.18,691.09,691.18,362,pre-market,False
2026-08-03T08:49:00+00:00,691.16,691.26,691.16,691.21,1220,pre-market,False
2026-08-03T08:50:00+00:00,691.52,691.56,691.51,691.55,821,pre-market,False
2026-08-03T08:51:00+00:00,691.58,691.63,691.58,691.63,479,pre-market,False
2026-08-03T08:52:00+00:00,691.61,691.8,691.59,691.73,6734,pre-market,False
2026-08-03T08:53:00+00:00,691.73,691.82,691.69,691.79,1302,pre-market,False
2026-08-03T08:54:00+00:00,691.84,691.9,691.79,691.83,1527,pre-market,False
2026-08-03T08:55:00+00:00,691.94,692.13,691.94,692.11,2965,pre-market,False
2026-08-03T08:56:00+00:00,692.19,692.5,692.19,692.42,1700,pre-market,False
2026-08-03T08:57:00+00:00,692.46,692.55,692.31,692.32,909,pre-market,False
2026-08-03T08:58:00+00:00,692.35,692.38,692.3,692.37,5739,pre-market,False
2026-08-03T08:59:00+00:00,692.44,692.56,692.44,692.56,3608,pre-market,False
2026-08-03T09:00:00+00:00,692.71,692.71,692.46,692.46,5543,pre-market,False
2026-08-03T09:01:00+00:00,692.39,692.45,692.24,692.42,2216,pre-market,False
2026-08-03T09:02:00+00:00,692.22,692.27,692.13,692.25,2217,pre-market,False
2026-08-03T09:03:00+00:00,692.23,692.23,692.16,692.16,2430,pre-market,False
2026-08-03T09:04:00+00:00,692.16,692.35,692.07,692.08,1240,pre-market,False
2026-08-03T09:05:00+00:00,692.02,692.58,692.0,692.58,3112,pre-market,False
2026-08-03T09:06:00+00:00,692.4,692.4,692.11,692.11,417,pre-market,False
2026-08-03T09:07:00+00:00,692.1,692.13,692.0,692.03,661,pre-market,False
2026-08-03T09:08:00+00:00,692.02,692.06,692.0,692.04,1244,pre-market,False
2026-08-03T09:09:00+00:00,692.05,692.12,692.01,692.08,1081,pre-market,False
2026-08-03T09:10:00+00:00,692.12,692.12,691.85,691.85,3821,pre-market,False
2026-08-03T09:11:00+00:00,691.9,691.9,691.4,691.41,5395,pre-market,False
2026-08-03T09:12:00+00:00,691.43,691.43,691.43,691.43,40,pre-market,False
2026-08-03T09:13:00+00:00,691.47,691.77,691.47,691.77,440,pre-market,False
2026-08-03T09:14:00+00:00,691.72,691.74,691.72,691.74,238,pre-market,False
2026-08-03T09:15:00+00:00,691.72,691.73,691.68,691.73,202,pre-market,False
2026-08-03T09:16:00+00:00,691.83,692.0,691.83,691.91,1409,pre-market,False
2026-08-03T09:17:00+00:00,691.98,692.06,691.96,691.96,1476,pre-market,False
2026-08-03T09:18:00+00:00,691.82,691.92,691.79,691.79,1503,pre-market,False
2026-08-03T09:19:00+00:00,691.96,692.26,691.96,692.12,3056,pre-market,False
2026-08-03T09:20:00+00:00,692.0,692.0,691.9,692.0,410,pre-market,False
2026-08-03T09:21:00+00:00,691.91,692.05,691.88,692.05,318,pre-market,False
2026-08-03T09:22:00+00:00,692.05,692.05,692.05,692.05,0,pre-market,False
2026-08-03T09:23:00+00:00,691.94,691.99,691.92,691.92,1728,pre-market,False
2026-08-03T09:24:00+00:00,691.76,691.76,691.7,691.7,164,pre-market,False
2026-08-03T09:25:00+00:00,691.6,691.67,691.57,691.67,3494,pre-market,False
2026-08-03T09:26:00+00:00,691.62,691.62,691.5,691.57,3210,pre-market,False
2026-08-03T09:27:00+00:00,691.56,691.65,691.5,691.55,2306,pre-market,False
2026-08-03T09:28:00+00:00,691.65,691.7,691.48,691.52,3758,pre-market,False
2026-08-03T09:29:00+00:00,691.65,691.72,691.62,691.71,1590,pre-market,False
2026-08-03T09:30:00+00:00,691.71,691.71,691.71,691.71,0,pre-market,False
2026-08-03T09:31:00+00:00,691.7,691.71,691.51,691.51,4255,pre-market,False
2026-08-03T09:32:00+00:00,691.49,691.83,691.49,691.83,482,pre-market,False
2026-08-03T09:33:00+00:00,691.88,691.88,691.73,691.73,584,pre-market,False
2026-08-03T09:34:00+00:00,691.77,691.81,691.75,691.75,424,pre-market,False
2026-08-03T09:35:00+00:00,691.71,691.79,691.71,691.79,140,pre-market,False
2026-08-03T09:36:00+00:00,692.0,692.16,691.82,691.82,939,pre-market,False
2026-08-03T09:37:00+00:00,691.85,691.85,691.49,691.49,1615,pre-market,False
2026-08-03T09:38:00+00:00,691.62,691.67,691.62,691.67,1151,pre-market,False
2026-08-03T09:39:00+00:00,691.51,691.54,691.48,691.54,736,pre-market,False
2026-08-03T09:40:00+00:00,691.67,691.68,691.58,691.58,290,pre-market,False
2026-08-03T09:41:00+00:00,691.5,691.51,691.49,691.49,451,pre-market,False
2026-08-03T09:42:00+00:00,691.6,691.74,691.6,691.73,908,pre-market,False
2026-08-03T09:43:00+00:00,691.73,691.73,691.73,691.73,0,pre-market,False
2026-08-03T09:44:00+00:00,691.5,691.5,691.4,691.4,200,pre-market,False
2026-08-03T09:45:00+00:00,691.62,691.75,691.62,691.75,943,pre-market,False
2026-08-03T09:46:00+00:00,691.67,691.69,691.67,691.69,300,pre-market,False
2026-08-03T09:47:00+00:00,691.69,691.69,691.69,691.69,0,pre-market,False
2026-08-03T09:48:00+00:00,691.52,691.53,691.5,691.52,2040,pre-market,False
2026-08-03T09:49:00+00:00,691.6,691.6,691.52,691.52,160,pre-market,False
2026-08-03T09:50:00+00:00,691.38,691.44,691.25,691.25,819,pre-market,False
2026-08-03T09:51:00+00:00,691.21,691.21,691.1,691.1,242,pre-market,False
2026-08-03T09:52:00+00:00,690.97,690.98,690.93,690.97,574,pre-market,False
2026-08-03T09:53:00+00:00,690.96,690.99,690.89,690.89,962,pre-market,False
2026-08-03T09:54:00+00:00,691.06,691.36,691.06,691.36,574,pre-market,False
2026-08-03T09:55:00+00:00,691.25,691.46,691.25,691.46,800,pre-market,False
2026-08-03T09:56:00+00:00,691.5,691.75,691.5,691.75,2814,pre-market,False
2026-08-03T09:57:00+00:00,691.69,691.75,691.56,691.73,3900,pre-market,False
2026-08-03T09:58:00+00:00,691.74,691.79,691.73,691.73,360,pre-market,False
2026-08-03T09:59:00+00:00,691.77,691.8,691.76,691.8,117,pre-market,False
2026-08-03T10:00:00+00:00,691.77,691.83,691.64,691.66,523,pre-market,False
2026-08-03T10:01:00+00:00,691.71,691.71,691.27,691.33,5383,pre-market,False
2026-08-03T10:02:00+00:00,691.44,691.44,691.44,691.44,40,pre-market,False
2026-08-03T10:03:00+00:00,691.49,691.61,691.49,691.61,3149,pre-market,False
2026-08-03T10:04:00+00:00,691.54,691.56,691.44,691.54,1975,pre-market,False
2026-08-03T10:05:00+00:00,691.43,691.5,691.4,691.5,2299,pre-market,False
2026-08-03T10:06:00+00:00,691.48,691.54,691.29,691.45,5517,pre-market,False
2026-08-03T10:07:00+00:00,691.42,691.42,691.4,691.4,3034,pre-market,False
2026-08-03T10:08:00+00:00,691.38,691.41,691.31,691.32,584,pre-market,False
2026-08-03T10:09:00+00:00,691.18,691.41,691.17,691.35,2480,pre-market,False
2026-08-03T10:10:00+00:00,691.33,691.37,691.06,691.32,1756,pre-market,False
2026-08-03T10:11:00+00:00,691.35,691.36,691.24,691.24,2405,pre-market,False
2026-08-03T10:12:00+00:00,691.28,691.28,691.28,691.28,40,pre-market,False
2026-08-03T10:13:00+00:00,691.22,691.22,690.93,691.13,8172,pre-market,False
2026-08-03T10:14:00+00:00,691.11,691.19,690.98,691.19,2310,pre-market,False
2026-08-03T10:15:00+00:00,690.97,691.17,690.93,691.09,5154,pre-market,False
2026-08-03T10:16:00+00:00,691.08,691.18,691.08,691.18,1867,pre-market,False
2026-08-03T10:17:00+00:00,691.08,691.13,690.96,690.96,2384,pre-market,False
2026-08-03T10:18:00+00:00,690.84,691.27,690.84,691.27,3370,pre-market,False
2026-08-03T10:19:00+00:00,691.07,691.16,691.0,691.0,4867,pre-market,False
2026-08-03T10:20:00+00:00,690.9,690.91,690.55,690.55,4195,pre-market,False
2026-08-03T10:21:00+00:00,690.57,690.58,690.28,690.38,2975,pre-market,False
2026-08-03T10:22:00+00:00,690.37,690.48,690.35,690.44,3695,pre-market,False
2026-08-03T10:23:00+00:00,690.48,690.59,690.48,690.55,1080,pre-market,False
2026-08-03T10:24:00+00:00,690.34,690.35,690.13,690.13,1762,pre-market,False
2026-08-03T10:25:00+00:00,690.2,690.29,690.09,690.14,2164,pre-market,False
2026-08-03T10:26:00+00:00,690.18,690.4,690.18,690.4,630,pre-market,False
2026-08-03T10:27:00+00:00,690.41,690.41,690.24,690.35,3471,pre-market,False
2026-08-03T10:28:00+00:00,690.43,690.49,690.43,690.49,1278,pre-market,False
2026-08-03T10:29:00+00:00,690.44,690.48,690.41,690.48,1580,pre-market,False
2026-08-03T10:30:00+00:00,690.47,690.49,690.44,690.49,287,pre-market,False
2026-08-03T10:31:00+00:00,690.29,690.34,690.24,690.32,424,pre-market,False
2026-08-03T10:32:00+00:00,690.38,690.38,690.12,690.15,1270,pre-market,False
2026-08-03T10:33:00+00:00,690.24,690.44,690.2,690.44,2582,pre-market,False
2026-08-03T10:34:00+00:00,690.49,690.84,690.49,690.83,3343,pre-market,False
2026-08-03T10:35:00+00:00,690.83,690.83,690.69,690.71,4997,pre-market,False
2026-08-03T10:36:00+00:00,690.87,690.87,690.77,690.8,1755,pre-market,False
2026-08-03T10:37:00+00:00,690.85,690.93,690.85,690.93,675,pre-market,False
2026-08-03T10:38:00+00:00,690.82,690.83,690.69,690.77,936,pre-market,False
2026-08-03T10:39:00+00:00,690.73,691.0,690.73,691.0,1797,pre-market,False
2026-08-03T10:40:00+00:00,690.92,691.0,690.72,691.0,2545,pre-market,False
2026-08-03T10:41:00+00:00,690.94,690.98,690.93,690.98,1850,pre-market,False
2026-08-03T10:42:00+00:00,690.88,690.9,690.83,690.86,1555,pre-market,False
2026-08-03T10:43:00+00:00,690.84,690.84,690.83,690.84,380,pre-market,False
2026-08-03T10:44:00+00:00,690.94,690.98,690.94,690.98,289,pre-market,False
2026-08-03T10:45:00+00:00,690.99,691.07,690.85,690.85,585,pre-market,False
2026-08-03T10:46:00+00:00,690.95,691.01,690.86,690.95,3720,pre-market,False
2026-08-03T10:47:00+00:00,690.93,691.14,690.93,691.01,1226,pre-market,False
2026-08-03T10:48:00+00:00,690.92,691.02,690.92,691.0,1140,pre-market,False
2026-08-03T10:49:00+00:00,690.93,691.04,690.85,690.85,680,pre-market,False
2026-08-03T10:50:00+00:00,690.79,690.81,690.79,690.81,490,pre-market,False
2026-08-03T10:51:00+00:00,690.85,690.95,690.85,690.95,1658,pre-market,False
2026-08-03T10:52:00+00:00,690.97,690.99,690.68,690.91,6246,pre-market,False
2026-08-03T10:53:00+00:00,690.96,691.09,690.88,691.09,660,pre-market,False
2026-08-03T10:54:00+00:00,690.95,690.99,690.95,690.97,203,pre-market,False
2026-08-03T10:55:00+00:00,691.09,691.3,691.09,691.25,736,pre-market,False
2026-08-03T10:56:00+00:00,691.19,691.35,691.18,691.34,904,pre-market,False
2026-08-03T10:57:00+00:00,691.35,691.35,691.25,691.25,333,pre-market,False
2026-08-03T10:58:00+00:00,691.29,691.29,691.22,691.22,1835,pre-market,False
2026-08-03T10:59:00+00:00,691.16,691.4,691.14,691.28,2247,pre-market,False
2026-08-03T11:00:00+00:00,691.3,691.47,690.6,690.6,11885,pre-market,False
2026-08-03T11:01:00+00:00,690.64,690.64,690.15,690.15,10450,pre-market,False
2026-08-03T11:02:00+00:00,690.2,690.42,690.1,690.11,5304,pre-market,False
2026-08-03T11:03:00+00:00,690.11,690.2,689.9,690.2,5333,pre-market,False
2026-08-03T11:04:00+00:00,690.26,690.28,690.04,690.27,6055,pre-market,False
2026-08-03T11:05:00+00:00,690.25,690.33,690.2,690.3,1180,pre-market,False
2026-08-03T11:06:00+00:00,690.23,690.23,689.8,689.8,1539,pre-market,False
2026-08-03T11:07:00+00:00,689.56,689.89,689.55,689.78,1796,pre-market,False
2026-08-03T11:08:00+00:00,689.76,689.84,689.59,689.59,2500,pre-market,False
2026-08-03T11:09:00+00:00,689.56,689.78,689.56,689.75,1631,pre-market,False
2026-08-03T11:10:00+00:00,689.81,689.86,689.81,689.81,788,pre-market,False
2026-08-03T11:11:00+00:00,689.87,689.87,689.79,689.84,3021,pre-market,False
2026-08-03T11:12:00+00:00,689.79,689.97,689.79,689.92,1690,pre-market,False
2026-08-03T11:13:00+00:00,689.92,689.99,689.92,689.95,914,pre-market,False
2026-08-03T11:14:00+00:00,690.01,690.03,689.96,689.99,7239,pre-market,False
2026-08-03T11:15:00+00:00,690.0,690.1,689.98,690.08,1963,pre-market,False
2026-08-03T11:16:00+00:00,690.12,690.27,690.12,690.12,2810,pre-market,False
2026-08-03T11:17:00+00:00,690.21,690.49,690.21,690.49,3411,pre-market,False
2026-08-03T11:18:00+00:00,690.59,690.59,690.21,690.26,1880,pre-market,False
2026-08-03T11:19:00+00:00,690.38,690.49,690.31,690.49,3250,pre-market,False
2026-08-03T11:20:00+00:00,690.49,690.49,690.35,690.4,3854,pre-market,False
2026-08-03T11:21:00+00:00,690.48,690.5,690.1,690.1,914,pre-market,False
2026-08-03T11:22:00+00:00,690.05,690.48,690.05,690.35,1762,pre-market,False
2026-08-03T11:23:00+00:00,690.3,690.3,690.18,690.18,250,pre-market,False
2026-08-03T11:24:00+00:00,690.18,690.18,690.18,690.18,44,pre-market,False
2026-08-03T11:25:00+00:00,690.0,690.0,689.91,690.0,793,pre-market,False
2026-08-03T11:26:00+00:00,689.8,690.09,689.75,690.09,4091,pre-market,False
2026-08-03T11:27:00+00:00,690.0,690.0,689.75,689.75,1181,pre-market,False
2026-08-03T11:28:00+00:00,689.77,689.91,689.76,689.91,1689,pre-market,False
2026-08-03T11:29:00+00:00,689.87,689.92,689.63,689.64,1475,pre-market,False
2026-08-03T11:30:00+00:00,689.57,690.51,689.52,690.51,3697,pre-market,False
2026-08-03T11:31:00+00:00,690.55,690.55,690.13,690.17,1922,pre-market,False
2026-08-03T11:32:00+00:00,690.27,690.32,690.27,690.32,495,pre-market,False
2026-08-03T11:33:00+00:00,690.4,690.5,690.33,690.4,1870,pre-market,False
2026-08-03T11:34:00+00:00,690.41,690.41,690.41,690.41,100,pre-market,False
2026-08-03T11:35:00+00:00,690.52,690.6,690.47,690.49,6593,pre-market,False
2026-08-03T11:36:00+00:00,690.3,690.3,690.3,690.3,100,pre-market,False
2026-08-03T11:37:00+00:00,690.17,690.21,690.11,690.14,686,pre-market,False
2026-08-03T11:38:00+00:00,690.15,690.17,689.37,689.38,8783,pre-market,False
2026-08-03T11:39:00+00:00,689.42,689.58,689.36,689.39,1758,pre-market,False
2026-08-03T11:40:00+00:00,689.38,689.39,689.19,689.21,3468,pre-market,False
2026-08-03T11:41:00+00:00,689.16,689.31,689.15,689.18,6088,pre-market,False
2026-08-03T11:42:00+00:00,689.34,689.34,689.18,689.31,10934,pre-market,False
2026-08-03T11:43:00+00:00,689.31,689.33,689.19,689.33,1606,pre-market,False
2026-08-03T11:44:00+00:00,689.4,689.71,689.4,689.71,7555,pre-market,False
2026-08-03T11:45:00+00:00,689.63,689.64,689.37,689.48,3757,pre-market,False
2026-08-03T11:46:00+00:00,689.56,689.67,689.47,689.53,32346,pre-market,False
2026-08-03T11:47:00+00:00,689.43,689.43,689.43,689.43,94,pre-market,False
2026-08-03T11:48:00+00:00,689.38,689.38,688.95,688.95,4189,pre-market,False
2026-08-03T11:49:00+00:00,689.05,689.37,689.02,689.3,2337,pre-market,False
2026-08-03T11:50:00+00:00,689.12,689.12,688.79,688.81,10303,pre-market,False
2026-08-03T11:51:00+00:00,688.78,688.83,688.5,688.55,9644,pre-market,False
2026-08-03T11:52:00+00:00,688.54,688.64,688.42,688.48,3586,pre-market,False
2026-08-03T11:53:00+00:00,688.44,688.5,688.13,688.19,7485,pre-market,False
2026-08-03T11:54:00+00:00,688.36,688.4,688.13,688.2,24579,pre-market,False
2026-08-03T11:55:00+00:00,688.17,688.28,688.07,688.07,7806,pre-market,False
2026-08-03T11:56:00+00:00,688.07,688.37,687.98,688.3,14388,pre-market,False
2026-08-03T11:57:00+00:00,688.24,688.24,688.0,688.16,4727,pre-market,False
2026-08-03T11:58:00+00:00,688.25,688.34,688.07,688.33,3963,pre-market,False
2026-08-03T11:59:00+00:00,688.28,688.4,688.13,688.4,1379,pre-market,False
2026-08-03T12:00:00+00:00,688.28,688.36,687.97,688.0,11149,pre-market,False
2026-08-03T12:01:00+00:00,687.96,687.96,687.75,687.85,10212,pre-market,False
2026-08-03T12:02:00+00:00,687.8,687.94,687.76,687.93,7602,pre-market,False
2026-08-03T12:03:00+00:00,687.8,687.93,687.71,687.71,3762,pre-market,False
2026-08-03T12:04:00+00:00,687.91,688.05,687.66,687.71,3555,pre-market,False
2026-08-03T12:05:00+00:00,687.85,687.93,687.63,687.63,531,pre-market,False
2026-08-03T12:06:00+00:00,687.6,687.72,687.59,687.6,9499,pre-market,False
2026-08-03T12:07:00+00:00,687.6,687.77,687.55,687.77,618,pre-market,False
2026-08-03T12:08:00+00:00,687.87,688.21,687.47,688.18,3267,pre-market,False
2026-08-03T12:09:00+00:00,688.23,688.31,688.2,688.25,3841,pre-market,False
2026-08-03T12:10:00+00:00,688.27,688.33,688.17,688.19,4000,pre-market,False
2026-08-03T12:11:00+00:00,688.28,688.28,688.07,688.19,3209,pre-market,False
2026-08-03T12:12:00+00:00,688.3,688.34,688.12,688.33,2125,pre-market,False
2026-08-03T12:13:00+00:00,688.29,688.64,688.28,688.6,8014,pre-market,False
2026-08-03T12:14:00+00:00,688.69,688.78,688.62,688.73,4725,pre-market,False
2026-08-03T12:15:00+00:00,688.71,688.99,688.65,688.99,4450,pre-market,False
2026-08-03T12:16:00+00:00,689.0,689.02,688.56,688.56,1816,pre-market,False
2026-08-03T12:17:00+00:00,688.53,688.85,688.53,688.85,828,pre-market,False
2026-08-03T12:18:00+00:00,688.8,688.8,688.78,688.78,674,pre-market,False
2026-08-03T12:19:00+00:00,688.71,688.82,688.58,688.8,2354,pre-market,False
2026-08-03T12:20:00+00:00,688.89,689.0,688.75,688.99,546,pre-market,False
2026-08-03T12:21:00+00:00,689.04,689.29,688.95,689.24,3411,pre-market,False
2026-08-03T12:22:00+00:00,689.2,689.22,689.01,689.14,4188,pre-market,False
2026-08-03T12:23:00+00:00,689.02,689.02,688.8,688.8,4019,pre-market,False
2026-08-03T12:24:00+00:00,688.82,688.88,688.76,688.76,10587,pre-market,False
2026-08-03T12:25:00+00:00,688.81,688.92,688.81,688.92,630,pre-market,False
2026-08-03T12:26:00+00:00,689.0,689.0,688.91,688.92,1700,pre-market,False
2026-08-03T12:27:00+00:00,688.8,689.1,688.49,689.1,5970,pre-market,False
2026-08-03T12:28:00+00:00,689.12,689.33,689.03,689.33,3567,pre-market,False
2026-08-03T12:29:00+00:00,689.34,689.38,689.08,689.08,2466,pre-market,False
2026-08-03T12:30:00+00:00,689.15,689.35,689.15,689.26,6401,pre-market,False
2026-08-03T12:31:00+00:00,689.16,689.44,689.16,689.32,682,pre-market,False
2026-08-03T12:32:00+00:00,689.36,689.36,689.1,689.1,5560,pre-market,False
2026-08-03T12:33:00+00:00,689.0,689.08,688.94,689.08,1536,pre-market,False
2026-08-03T12:34:00+00:00,689.02,689.15,688.95,689.15,5845,pre-market,False
2026-08-03T12:35:00+00:00,689.13,689.13,688.97,689.05,1721,pre-market,False
2026-08-03T12:36:00+00:00,689.03,689.15,688.97,689.12,7459,pre-market,False
2026-08-03T12:37:00+00:00,689.08,689.11,689.08,689.11,600,pre-market,False
2026-08-03T12:38:00+00:00,689.11,689.13,688.91,689.02,1030,pre-market,False
2026-08-03T12:39:00+00:00,689.21,689.22,688.88,689.0,4750,pre-market,False
2026-08-03T12:40:00+00:00,689.12,689.18,688.84,689.13,5956,pre-market,False
2026-08-03T12:41:00+00:00,689.1,689.44,689.1,689.34,1619,pre-market,False
2026-08-03T12:42:00+00:00,689.33,689.5,689.31,689.49,11488,pre-market,False
2026-08-03T12:43:00+00:00,689.57,694.54,689.54,689.67,63911,pre-market,False
2026-08-03T12:44:00+00:00,689.75,690.02,689.69,690.02,4653,pre-market,False
2026-08-03T12:45:00+00:00,689.97,690.09,689.88,689.94,5210,pre-market,False
2026-08-03T12:46:00+00:00,689.97,690.01,689.79,689.79,4630,pre-market,False
2026-08-03T12:47:00+00:00,689.78,689.8,689.4,689.42,6280,pre-market,False
2026-08-03T12:48:00+00:00,689.51,689.54,689.4,689.44,2895,pre-market,False
2026-08-03T12:49:00+00:00,689.35,689.39,689.25,689.29,5117,pre-market,False
2026-08-03T12:50:00+00:00,689.29,689.29,689.14,689.24,5509,pre-market,False
2026-08-03T12:51:00+00:00,689.11,689.54,688.98,689.54,1553,pre-market,False
2026-08-03T12:52:00+00:00,689.44,689.5,689.41,689.42,2365,pre-market,False
2026-08-03T12:53:00+00:00,689.38,689.5,689.22,689.37,1825,pre-market,False
2026-08-03T12:54:00+00:00,689.44,689.69,689.4,689.55,8367,pre-market,False
2026-08-03T12:55:00+00:00,689.57,689.65,689.55,689.55,9929,pre-market,False
2026-08-03T12:56:00+00:00,689.64,689.77,689.6,689.6,6495,pre-market,False
2026-08-03T12:57:00+00:00,689.61,689.61,689.38,689.4,1329,pre-market,False
2026-08-03T12:58:00+00:00,689.24,689.46,689.24,689.34,10403,pre-market,False
2026-08-03T12:59:00+00:00,689.33,689.45,689.28,689.45,755,pre-market,False
2026-08-03T13:00:00+00:00,689.45,689.63,689.32,689.32,983,pre-market,False
2026-08-03T13:01:00+00:00,689.34,689.46,689.17,689.26,8451,pre-market,False
2026-08-03T13:02:00+00:00,689.28,689.29,688.93,688.94,2788,pre-market,False
2026-08-03T13:03:00+00:00,688.93,689.25,688.91,689.25,1176,pre-market,False
2026-08-03T13:04:00+00:00,689.17,689.5,689.17,689.46,4130,pre-market,False
2026-08-03T13:05:00+00:00,689.55,689.73,689.36,689.66,3990,pre-market,False
2026-08-03T13:06:00+00:00,689.74,689.74,689.5,689.63,2557,pre-market,False
2026-08-03T13:07:00+00:00,689.49,689.6,689.41,689.6,4832,pre-market,False
2026-08-03T13:08:00+00:00,689.54,689.54,689.28,689.41,479,pre-market,False
2026-08-03T13:09:00+00:00,689.35,689.4,689.26,689.29,979,pre-market,False
2026-08-03T13:10:00+00:00,689.3,689.46,689.26,689.45,6501,pre-market,False
2026-08-03T13:11:00+00:00,689.49,689.49,689.24,689.26,4132,pre-market,False
2026-08-03T13:12:00+00:00,689.27,689.33,689.14,689.26,5969,pre-market,False
2026-08-03T13:13:00+00:00,689.29,689.35,689.03,689.13,1619,pre-market,False
2026-08-03T13:14:00+00:00,689.13,689.35,689.01,689.35,3090,pre-market,False
2026-08-03T13:15:00+00:00,689.38,689.59,689.38,689.52,2717,pre-market,False
2026-08-03T13:16:00+00:00,689.49,689.73,689.49,689.69,1557,pre-market,False
2026-08-03T13:17:00+00:00,689.68,689.7,689.38,689.65,851,pre-market,False
2026-08-03T13:18:00+00:00,689.62,690.16,689.6,690.16,9090,pre-market,False
2026-08-03T13:19:00+00:00,690.06,690.06,689.84,690.0,1688,pre-market,False
2026-08-03T13:20:00+00:00,690.03,690.05,689.8,689.8,2447,pre-market,False
2026-08-03T13:21:00+00:00,689.74,689.74,689.58,689.59,800,pre-market,False
2026-08-03T13:22:00+00:00,689.58,689.72,689.54,689.72,5420,pre-market,False
2026-08-03T13:23:00+00:00,689.73,689.77,689.52,689.52,11344,pre-market,False
2026-08-03T13:24:00+00:00,689.44,689.69,689.44,689.69,2645,pre-market,False
2026-08-03T13:25:00+00:00,689.58,689.58,688.78,688.78,36851,pre-market,False
2026-08-03T13:26:00+00:00,688.82,688.86,688.55,688.65,16472,pre-market,False
2026-08-03T13:27:00+00:00,688.73,688.73,688.0,688.19,21355,pre-market,False
2026-08-03T13:28:00+00:00,688.2,688.43,687.84,687.99,58151,pre-market,False
2026-08-03T13:29:00+00:00,688.18,688.41,687.84,688.31,46097,pre-market,False
2026-08-03T13:30:00+00:00,688.3,688.7,686.77,686.95,730910,regular,False
2026-08-03T13:31:00+00:00,686.92,687.5,686.37,686.68,171615,regular,False
2026-08-03T13:32:00+00:00,686.73,687.02,685.82,686.66,173233,regular,False
2026-08-03T13:33:00+00:00,686.64,686.99,686.1,686.88,106602,regular,False
2026-08-03T13:34:00+00:00,686.86,687.97,686.73,687.42,134784,regular,False
2026-08-03T13:35:00+00:00,687.41,689.43,687.27,689.12,216014,regular,False
2026-08-03T13:36:00+00:00,689.09,690.39,688.94,690.39,142555,regular,False
2026-08-03T13:37:00+00:00,690.38,691.29,690.0,690.05,196065,regular,False
2026-08-03T13:38:00+00:00,690.09,690.47,689.46,690.36,134470,regular,False
2026-08-03T13:39:00+00:00,690.39,690.77,689.75,690.4,90572,regular,False
2026-08-03T13:40:00+00:00,690.39,690.85,688.89,689.6,113858,regular,False
2026-08-03T13:41:00+00:00,689.59,690.14,689.18,689.56,79237,regular,False
2026-08-03T13:42:00+00:00,689.49,689.87,688.41,688.71,137733,regular,False
2026-08-03T13:43:00+00:00,688.72,689.06,688.34,688.84,147718,regular,False
2026-08-03T13:44:00+00:00,688.85,690.29,688.85,690.13,84151,regular,False
2026-08-03T13:45:00+00:00,690.2,690.9,690.0,690.1,101119,regular,False
2026-08-03T13:46:00+00:00,690.12,690.36,688.95,689.1,66989,regular,False
2026-08-03T13:47:00+00:00,689.12,690.2,689.12,690.19,57922,regular,False
2026-08-03T13:48:00+00:00,690.23,691.23,689.84,690.44,145285,regular,False
2026-08-03T13:49:00+00:00,690.32,690.51,689.68,689.71,102214,regular,False
2026-08-03T13:50:00+00:00,689.72,690.22,689.28,689.61,114611,regular,False
2026-08-03T13:51:00+00:00,689.62,690.5,689.53,690.4,78553,regular,False
2026-08-03T13:52:00+00:00,690.4,690.52,689.82,690.06,71360,regular,False
2026-08-03T13:53:00+00:00,690.1,690.88,689.95,690.87,66541,regular,False
2026-08-03T13:54:00+00:00,690.85,690.94,690.2,690.94,62728,regular,False
2026-08-03T13:55:00+00:00,690.94,691.86,690.65,691.72,118006,regular,False
2026-08-03T13:56:00+00:00,691.71,691.95,691.41,691.78,88017,regular,False
2026-08-03T13:57:00+00:00,691.78,692.38,691.69,692.32,91819,regular,False
2026-08-03T13:58:00+00:00,692.3,693.01,692.09,692.88,110944,regular,False
2026-08-03T13:59:00+00:00,692.87,693.4,692.51,693.31,127360,regular,False
2026-08-03T14:00:00+00:00,693.29,693.4,692.22,692.82,289000,regular,False
2026-08-03T14:01:00+00:00,692.82,692.84,692.06,692.3,183358,regular,False
2026-08-03T14:02:00+00:00,692.27,692.39,691.74,692.32,83304,regular,False
2026-08-03T14:03:00+00:00,692.26,693.0,691.88,691.96,105853,regular,False
2026-08-03T14:04:00+00:00,691.94,692.02,691.2,691.63,107959,regular,False
2026-08-03T14:05:00+00:00,691.6,692.31,691.33,692.03,56329,regular,False
2026-08-03T14:06:00+00:00,692.07,692.69,692.03,692.28,83511,regular,False
2026-08-03T14:07:00+00:00,692.39,692.47,691.54,691.61,58607,regular,False
2026-08-03T14:08:00+00:00,691.57,692.24,691.08,691.92,51183,regular,False
2026-08-03T14:09:00+00:00,691.98,692.41,691.9,692.02,40170,regular,False
2026-08-03T14:10:00+00:00,692.03,692.74,691.86,692.45,58330,regular,False
2026-08-03T14:11:00+00:00,692.53,692.87,692.35,692.7,54880,regular,False
2026-08-03T14:12:00+00:00,692.79,693.14,692.49,692.56,73987,regular,False
2026-08-03T14:13:00+00:00,692.54,692.97,692.42,692.54,51500,regular,False
2026-08-03T14:14:00+00:00,692.5,692.5,691.72,692.0,101532,regular,False
2026-08-03T14:15:00+00:00,692.01,692.19,691.75,692.19,44423,regular,False
2026-08-03T14:16:00+00:00,692.19,693.18,692.19,692.99,60815,regular,False
2026-08-03T14:17:00+00:00,693.0,693.3,692.73,693.07,56503,regular,False
2026-08-03T14:18:00+00:00,693.03,693.68,693.0,693.46,95117,regular,False
2026-08-03T14:19:00+00:00,693.39,693.54,693.07,693.09,88301,regular,False
2026-08-03T14:20:00+00:00,693.1,693.67,692.89,693.64,100033,regular,False
2026-08-03T14:21:00+00:00,693.6,693.99,693.48,693.98,97685,regular,False
2026-08-03T14:22:00+00:00,693.97,694.21,693.79,693.79,118648,regular,False
2026-08-03T14:23:00+00:00,693.8,694.15,693.77,694.12,77805,regular,False
2026-08-03T14:24:00+00:00,694.1,694.33,693.9,694.21,86319,regular,False
2026-08-03T14:25:00+00:00,694.22,694.69,694.22,694.29,105212,regular,False
2026-08-03T14:26:00+00:00,694.28,694.36,694.04,694.29,58675,regular,False
2026-08-03T14:27:00+00:00,694.34,694.46,693.7,694.04,90101,regular,False
2026-08-03T14:28:00+00:00,694.04,694.48,693.9,694.11,95847,regular,False
2026-08-03T14:29:00+00:00,694.12,694.75,694.03,694.62,91337,regular,False
2026-08-03T14:30:00+00:00,694.66,694.73,694.22,694.4,104819,regular,False
2026-08-03T14:31:00+00:00,694.39,694.77,694.33,694.53,77083,regular,False
2026-08-03T14:32:00+00:00,694.55,694.8,694.51,694.6,46441,regular,False
2026-08-03T14:33:00+00:00,694.64,694.94,694.57,694.74,52380,regular,False
2026-08-03T14:34:00+00:00,694.73,694.88,694.47,694.79,50439,regular,False
2026-08-03T14:35:00+00:00,694.79,695.12,694.74,695.11,123883,regular,False
2026-08-03T14:36:00+00:00,695.1,695.41,694.89,695.33,85994,regular,False
2026-08-03T14:37:00+00:00,695.33,695.68,695.27,695.46,103320,regular,False
2026-08-03T14:38:00+00:00,695.44,695.58,695.3,695.4,60691,regular,False
2026-08-03T14:39:00+00:00,695.39,695.91,695.37,695.54,91356,regular,False
2026-08-03T14:40:00+00:00,695.53,695.87,695.42,695.79,49199,regular,False
2026-08-03T14:41:00+00:00,695.79,696.0,695.54,695.65,111621,regular,False
2026-08-03T14:42:00+00:00,695.6,695.71,695.27,695.55,123215,regular,False
2026-08-03T14:43:00+00:00,695.61,695.61,695.2,695.52,102662,regular,False
2026-08-03T14:44:00+00:00,695.55,695.66,695.29,695.33,152538,regular,False
2026-08-03T14:45:00+00:00,695.36,695.48,695.16,695.19,67144,regular,False
2026-08-03T14:46:00+00:00,695.23,695.94,695.22,695.84,300515,regular,False
2026-08-03T14:47:00+00:00,695.83,695.94,695.52,695.8,196949,regular,False
2026-08-03T14:48:00+00:00,695.8,696.16,695.77,695.89,221541,regular,False
2026-08-03T14:49:00+00:00,695.87,696.2,695.78,696.07,182743,regular,False
2026-08-03T14:50:00+00:00,696.05,696.34,695.88,696.33,299387,regular,False
2026-08-03T14:51:00+00:00,696.36,697.03,696.31,696.97,198104,regular,False
2026-08-03T14:52:00+00:00,696.97,697.15,696.89,697.07,127843,regular,False
2026-08-03T14:53:00+00:00,697.09,697.46,697.09,697.39,112023,regular,False
2026-08-03T14:54:00+00:00,697.43,697.7,697.02,697.04,101359,regular,False
2026-08-03T14:55:00+00:00,697.1,697.56,697.06,697.37,80623,regular,False
2026-08-03T14:56:00+00:00,697.36,697.58,697.18,697.23,52699,regular,False
2026-08-03T14:57:00+00:00,697.22,697.42,697.11,697.33,44810,regular,False
2026-08-03T14:58:00+00:00,697.32,697.46,697.13,697.45,88735,regular,False
2026-08-03T14:59:00+00:00,697.46,697.63,697.39,697.59,76002,regular,False
2026-08-03T15:00:00+00:00,697.59,697.59,697.27,697.37,77887,regular,False
2026-08-03T15:01:00+00:00,697.35,697.5,697.19,697.43,73180,regular,False
2026-08-03T15:02:00+00:00,697.49,697.52,697.24,697.33,46230,regular,False
2026-08-03T15:03:00+00:00,697.35,697.37,697.2,697.3,52700,regular,False
2026-08-03T15:04:00+00:00,697.29,697.35,697.1,697.33,102341,regular,False
2026-08-03T15:05:00+00:00,697.32,697.42,696.97,696.98,157528,regular,False
2026-08-03T15:06:00+00:00,696.97,696.99,696.52,696.98,135175,regular,False
2026-08-03T15:07:00+00:00,696.98,697.32,696.82,697.2,65171,regular,False
2026-08-03T15:08:00+00:00,697.2,697.27,696.75,696.99,57695,regular,False
2026-08-03T15:09:00+00:00,697.0,697.02,696.58,696.72,47558,regular,False
2026-08-03T15:10:00+00:00,696.7,696.75,696.45,696.67,87568,regular,False
2026-08-03T15:11:00+00:00,696.65,696.68,696.39,696.67,52681,regular,False
2026-08-03T15:12:00+00:00,696.65,696.72,696.25,696.71,72573,regular,False
2026-08-03T15:13:00+00:00,696.7,697.08,696.64,696.8,68554,regular,False
2026-08-03T15:14:00+00:00,696.79,696.92,696.4,696.49,36424,regular,False
2026-08-03T15:15:00+00:00,696.46,696.95,696.45,696.93,51990,regular,False
2026-08-03T15:16:00+00:00,696.88,697.25,696.88,697.1,44191,regular,False
2026-08-03T15:17:00+00:00,697.11,697.12,696.7,696.93,44218,regular,False
2026-08-03T15:18:00+00:00,696.91,697.15,696.86,696.97,46650,regular,False
2026-08-03T15:19:00+00:00,697.0,697.19,696.92,697.05,37301,regular,False
2026-08-03T15:20:00+00:00,697.09,697.48,697.06,697.48,52736,regular,False
2026-08-03T15:21:00+00:00,697.46,697.47,697.11,697.23,46882,regular,False
2026-08-03T15:22:00+00:00,697.23,697.34,696.78,697.34,44780,regular,False
2026-08-03T15:23:00+00:00,697.36,697.37,697.14,697.34,23877,regular,False
2026-08-03T15:24:00+00:00,697.31,697.41,697.0,697.07,41906,regular,False
2026-08-03T15:25:00+00:00,697.06,697.34,696.5,696.88,84145,regular,False
2026-08-03T15:26:00+00:00,696.84,697.0,696.5,696.56,148302,regular,False
2026-08-03T15:27:00+00:00,696.55,696.72,696.41,696.55,50992,regular,False
2026-08-03T15:28:00+00:00,696.59,696.62,695.66,695.99,117234,regular,False
2026-08-03T15:29:00+00:00,696.0,696.16,695.82,695.9,42748,regular,False
2026-08-03T15:30:00+00:00,695.96,696.6,695.87,696.31,81652,regular,False
2026-08-03T15:31:00+00:00,696.28,696.91,696.26,696.59,70029,regular,False
2026-08-03T15:32:00+00:00,696.59,696.82,696.41,696.5,32919,regular,False
2026-08-03T15:33:00+00:00,696.48,696.91,696.4,696.89,37710,regular,False
2026-08-03T15:34:00+00:00,696.9,697.04,696.57,696.65,45231,regular,False
2026-08-03T15:35:00+00:00,696.68,696.96,696.47,696.96,35259,regular,False
2026-08-03T15:36:00+00:00,696.93,696.99,696.59,696.64,60352,regular,False
2026-08-03T15:37:00+00:00,696.69,696.74,696.32,696.46,29067,regular,False
2026-08-03T15:38:00+00:00,696.45,696.61,696.25,696.45,31649,regular,False
2026-08-03T15:39:00+00:00,696.48,696.89,696.46,696.72,57620,regular,False
2026-08-03T15:40:00+00:00,696.74,697.22,696.7,697.05,37021,regular,False
2026-08-03T15:41:00+00:00,697.06,697.25,696.85,696.95,41798,regular,False
2026-08-03T15:42:00+00:00,696.94,697.19,696.88,697.14,33592,regular,False
2026-08-03T15:43:00+00:00,697.13,697.27,697.05,697.11,45563,regular,False
2026-08-03T15:44:00+00:00,697.14,697.2,697.05,697.1,26987,regular,False
2026-08-03T15:45:00+00:00,697.16,697.37,697.13,697.21,38046,regular,False
2026-08-03T15:46:00+00:00,697.24,697.4,697.15,697.22,50875,regular,False
2026-08-03T15:47:00+00:00,697.24,697.28,697.08,697.21,41046,regular,False
2026-08-03T15:48:00+00:00,697.2,697.27,696.98,697.05,44073,regular,False
2026-08-03T15:49:00+00:00,697.05,697.45,697.04,697.18,35985,regular,False
2026-08-03T15:50:00+00:00,697.19,697.32,697.15,697.25,25198,regular,False
2026-08-03T15:51:00+00:00,697.28,697.35,696.98,697.24,25071,regular,False
2026-08-03T15:52:00+00:00,697.23,697.36,697.17,697.34,30939,regular,False
2026-08-03T15:53:00+00:00,697.33,697.73,697.29,697.72,69000,regular,False
2026-08-03T15:54:00+00:00,697.69,697.87,697.66,697.68,57066,regular,False
2026-08-03T15:55:00+00:00,697.67,697.7,697.44,697.55,55401,regular,False
2026-08-03T15:56:00+00:00,697.55,697.58,697.33,697.35,43360,regular,False
2026-08-03T15:57:00+00:00,697.33,697.39,697.06,697.22,27782,regular,False
2026-08-03T15:58:00+00:00,697.2,697.44,697.11,697.28,34262,regular,False
2026-08-03T15:59:00+00:00,697.27,697.46,697.12,697.38,23365,regular,False
2026-08-03T16:00:00+00:00,697.44,697.75,697.44,697.51,42780,regular,False
2026-08-03T16:01:00+00:00,697.53,697.72,697.34,697.61,58847,regular,False
2026-08-03T16:02:00+00:00,697.61,697.75,697.5,697.66,45018,regular,False
2026-08-03T16:03:00+00:00,697.66,697.79,697.64,697.77,42374,regular,False
2026-08-03T16:04:00+00:00,697.76,697.93,697.7,697.73,55295,regular,False
2026-08-03T16:05:00+00:00,697.72,698.02,697.71,698.01,65073,regular,False
2026-08-03T16:06:00+00:00,698.01,698.07,697.86,697.92,58205,regular,False
2026-08-03T16:07:00+00:00,697.91,697.96,697.79,697.79,47394,regular,False
2026-08-03T16:08:00+00:00,697.78,698.05,697.6,697.6,50884,regular,False
2026-08-03T16:09:00+00:00,697.59,697.9,697.54,697.87,23020,regular,False
2026-08-03T16:10:00+00:00,697.86,697.9,697.66,697.8,29029,regular,False
2026-08-03T16:11:00+00:00,697.77,697.89,697.66,697.7,18611,regular,False
2026-08-03T16:12:00+00:00,697.74,697.8,697.6,697.8,27282,regular,False
2026-08-03T16:13:00+00:00,697.81,697.85,697.64,697.77,46055,regular,False
2026-08-03T16:14:00+00:00,697.76,697.99,697.66,697.92,27478,regular,False
2026-08-03T16:15:00+00:00,697.89,698.04,697.86,697.95,44282,regular,False
2026-08-03T16:16:00+00:00,697.95,698.28,697.94,698.18,46088,regular,False
2026-08-03T16:17:00+00:00,698.17,698.42,698.16,698.42,40184,regular,False
2026-08-03T16:18:00+00:00,698.42,698.62,698.33,698.61,90856,regular,False
2026-08-03T16:19:00+00:00,698.61,698.69,698.55,698.67,76447,regular,False
2026-08-03T16:20:00+00:00,698.67,698.7,698.35,698.35,89443,regular,False
2026-08-03T16:21:00+00:00,698.35,698.53,698.33,698.43,48905,regular,False
2026-08-03T16:22:00+00:00,698.42,698.56,698.41,698.53,28773,regular,False
2026-08-03T16:23:00+00:00,698.54,698.66,698.41,698.44,60168,regular,False
2026-08-03T16:24:00+00:00,698.45,698.45,698.24,698.37,32229,regular,False
2026-08-03T16:25:00+00:00,698.45,698.53,698.39,698.48,39936,regular,False
2026-08-03T16:26:00+00:00,698.47,698.48,698.2,698.28,89972,regular,False
2026-08-03T16:27:00+00:00,698.3,698.55,698.27,698.42,29140,regular,False
2026-08-03T16:28:00+00:00,698.42,698.52,698.35,698.43,38741,regular,False
2026-08-03T16:29:00+00:00,698.44,698.53,698.41,698.49,69051,regular,False
2026-08-03T16:30:00+00:00,698.48,698.58,698.46,698.58,57853,regular,False
2026-08-03T16:31:00+00:00,698.6,698.67,698.5,698.56,73649,regular,False
2026-08-03T16:32:00+00:00,698.56,698.64,698.16,698.43,55532,regular,False
2026-08-03T16:33:00+00:00,698.43,698.52,698.39,698.45,39273,regular,False
2026-08-03T16:34:00+00:00,698.47,698.61,698.45,698.45,45037,regular,False
2026-08-03T16:35:00+00:00,698.46,698.49,698.22,698.44,36212,regular,False
2026-08-03T16:36:00+00:00,698.47,698.51,698.26,698.26,28079,regular,False
2026-08-03T16:37:00+00:00,698.28,698.31,698.15,698.15,41197,regular,False
2026-08-03T16:38:00+00:00,698.14,698.21,697.97,698.21,55007,regular,False
2026-08-03T16:39:00+00:00,698.21,698.3,697.97,698.12,43080,regular,False
2026-08-03T16:40:00+00:00,698.12,698.28,698.09,698.2,49014,regular,False
2026-08-03T16:41:00+00:00,698.2,698.27,698.09,698.14,52047,regular,False
2026-08-03T16:42:00+00:00,698.12,698.13,697.88,697.94,41167,regular,False
2026-08-03T16:43:00+00:00,697.94,698.3,697.87,698.25,51808,regular,False
2026-08-03T16:44:00+00:00,698.25,698.47,698.24,698.42,75868,regular,False
2026-08-03T16:45:00+00:00,698.43,698.48,698.33,698.37,69931,regular,False
2026-08-03T16:46:00+00:00,698.39,698.6,698.36,698.51,27354,regular,False
2026-08-03T16:47:00+00:00,698.49,698.49,698.34,698.37,17558,regular,False
2026-08-03T16:48:00+00:00,698.38,698.45,698.35,698.4,19294,regular,False
2026-08-03T16:49:00+00:00,698.41,698.51,698.38,698.38,15240,regular,False
2026-08-03T16:50:00+00:00,698.38,698.59,698.37,698.57,23150,regular,False
2026-08-03T16:51:00+00:00,698.59,698.62,698.26,698.32,23106,regular,False
2026-08-03T16:52:00+00:00,698.3,698.32,698.06,698.15,38169,regular,False
2026-08-03T16:53:00+00:00,698.13,698.32,698.07,698.28,26725,regular,False
2026-08-03T16:54:00+00:00,698.3,698.4,698.09,698.11,17828,regular,False
2026-08-03T16:55:00+00:00,698.14,698.27,698.06,698.12,27528,regular,False
2026-08-03T16:56:00+00:00,698.12,698.28,698.06,698.22,27438,regular,False
2026-08-03T16:57:00+00:00,698.23,698.36,698.15,698.35,41751,regular,False
2026-08-03T16:58:00+00:00,698.36,698.38,698.19,698.2,30097,regular,False
2026-08-03T16:59:00+00:00,698.2,698.22,698.05,698.07,41823,regular,False
2026-08-03T17:00:00+00:00,698.1,698.22,697.89,697.93,50086,regular,False
2026-08-03T17:01:00+00:00,697.95,698.22,697.95,698.13,40077,regular,False
2026-08-03T17:02:00+00:00,698.13,698.34,698.02,698.25,29527,regular,False
2026-08-03T17:03:00+00:00,698.22,698.23,697.95,698.1,33032,regular,False
2026-08-03T17:04:00+00:00,698.11,698.21,698.01,698.21,19337,regular,False
2026-08-03T17:05:00+00:00,698.23,698.36,698.17,698.27,23528,regular,False
2026-08-03T17:06:00+00:00,698.29,698.34,698.21,698.32,22612,regular,False
2026-08-03T17:07:00+00:00,698.3,698.37,698.2,698.25,26737,regular,False
2026-08-03T17:08:00+00:00,698.23,698.28,698.14,698.26,22635,regular,False
2026-08-03T17:09:00+00:00,698.27,698.58,698.26,698.46,37820,regular,False
2026-08-03T17:10:00+00:00,698.45,698.85,698.44,698.83,43553,regular,False
2026-08-03T17:11:00+00:00,698.84,699.08,698.83,698.96,53927,regular,False
2026-08-03T17:12:00+00:00,698.97,699.06,698.96,698.99,40693,regular,False
2026-08-03T17:13:00+00:00,698.96,699.07,698.91,699.03,18796,regular,False
2026-08-03T17:14:00+00:00,699.04,699.08,698.97,698.99,28028,regular,False
2026-08-03T17:15:00+00:00,698.97,699.19,698.93,698.97,49680,regular,False
2026-08-03T17:16:00+00:00,698.97,699.09,698.92,698.98,28239,regular,False
2026-08-03T17:17:00+00:00,698.98,699.08,698.92,699.06,29223,regular,False
2026-08-03T17:18:00+00:00,699.04,699.31,699.01,699.23,80718,regular,False
2026-08-03T17:19:00+00:00,699.23,699.29,699.08,699.28,58042,regular,False
2026-08-03T17:20:00+00:00,699.28,699.28,699.06,699.07,35766,regular,False
2026-08-03T17:21:00+00:00,699.08,699.25,699.03,699.19,30069,regular,False
2026-08-03T17:22:00+00:00,699.19,699.4,699.19,699.39,40823,regular,False
2026-08-03T17:23:00+00:00,699.4,699.55,699.38,699.48,74063,regular,False
2026-08-03T17:24:00+00:00,699.48,699.54,699.45,699.48,45854,regular,False
2026-08-03T17:25:00+00:00,699.49,699.52,699.39,699.4,42601,regular,False
2026-08-03T17:26:00+00:00,699.39,699.57,699.33,699.57,35919,regular,False
2026-08-03T17:27:00+00:00,699.57,699.76,699.53,699.57,48675,regular,False
2026-08-03T17:28:00+00:00,699.55,699.69,699.52,699.55,53364,regular,False
2026-08-03T17:29:00+00:00,699.58,699.68,699.54,699.67,52842,regular,False
2026-08-03T17:30:00+00:00,699.67,699.77,699.65,699.69,80745,regular,False
2026-08-03T17:31:00+00:00,699.72,699.73,699.47,699.57,39986,regular,False
2026-08-03T17:32:00+00:00,699.57,699.62,699.42,699.53,70020,regular,False
2026-08-03T17:33:00+00:00,699.53,699.74,699.47,699.68,65364,regular,False
2026-08-03T17:34:00+00:00,699.68,699.85,699.62,699.8,59990,regular,False
2026-08-03T17:35:00+00:00,699.82,699.86,699.7,699.8,46415,regular,False
2026-08-03T17:36:00+00:00,699.81,699.87,699.69,699.71,48349,regular,False
2026-08-03T17:37:00+00:00,699.71,699.77,699.65,699.65,55625,regular,False
2026-08-03T17:38:00+00:00,699.66,699.73,699.54,699.65,56551,regular,False
2026-08-03T17:39:00+00:00,699.66,699.66,699.49,699.51,57770,regular,False
2026-08-03T17:40:00+00:00,699.51,699.6,699.4,699.57,44346,regular,False
2026-08-03T17:41:00+00:00,699.59,699.65,699.52,699.64,53513,regular,False
2026-08-03T17:42:00+00:00,699.63,699.73,699.62,699.67,35048,regular,False
2026-08-03T17:43:00+00:00,699.7,699.73,699.58,699.58,48238,regular,False
2026-08-03T17:44:00+00:00,699.59,699.7,699.56,699.7,46540,regular,False
2026-08-03T17:45:00+00:00,699.69,699.88,699.67,699.77,64102,regular,False
2026-08-03T17:46:00+00:00,699.78,699.88,699.75,699.82,59686,regular,False
2026-08-03T17:47:00+00:00,699.81,699.93,699.78,699.81,54370,regular,False
2026-08-03T17:48:00+00:00,699.8,699.9,699.76,699.87,53432,regular,False
2026-08-03T17:49:00+00:00,699.9,699.9,699.73,699.83,57037,regular,False
2026-08-03T17:50:00+00:00,699.85,699.95,699.8,699.82,66770,regular,False
2026-08-03T17:51:00+00:00,699.82,699.88,699.8,699.85,48834,regular,False
2026-08-03T17:52:00+00:00,699.86,699.92,699.84,699.89,46176,regular,False
2026-08-03T17:53:00+00:00,699.92,699.99,699.87,699.96,57869,regular,False
2026-08-03T17:54:00+00:00,699.96,700.03,699.93,700.01,72613,regular,False
2026-08-03T17:55:00+00:00,700.01,700.37,699.99,700.28,146130,regular,False
2026-08-03T17:56:00+00:00,700.28,700.44,700.27,700.31,67847,regular,False
2026-08-03T17:57:00+00:00,700.31,700.5,700.3,700.47,83452,regular,False
2026-08-03T17:58:00+00:00,700.47,700.55,700.44,700.46,106446,regular,False
2026-08-03T17:59:00+00:00,700.44,700.56,700.42,700.46,69473,regular,False
2026-08-03T18:00:00+00:00,700.46,700.73,700.46,700.63,99615,regular,False
2026-08-03T18:01:00+00:00,700.64,700.81,700.61,700.62,48996,regular,False
2026-08-03T18:02:00+00:00,700.65,700.84,700.63,700.81,68703,regular,False
2026-08-03T18:03:00+00:00,700.81,700.93,700.76,700.91,97272,regular,False
2026-08-03T18:04:00+00:00,700.92,701.16,700.91,701.14,69441,regular,False
2026-08-03T18:05:00+00:00,701.12,701.45,701.12,701.34,73132,regular,False
2026-08-03T18:06:00+00:00,701.34,701.39,701.22,701.36,76592,regular,False
2026-08-03T18:07:00+00:00,701.36,701.41,701.2,701.22,85766,regular,False
2026-08-03T18:08:00+00:00,701.22,701.36,701.03,701.36,54900,regular,False
2026-08-03T18:09:00+00:00,701.35,701.43,701.32,701.34,31051,regular,False
2026-08-03T18:10:00+00:00,701.37,701.59,701.32,701.52,81224,regular,False
2026-08-03T18:11:00+00:00,701.53,701.53,701.07,701.11,46215,regular,False
2026-08-03T18:12:00+00:00,701.11,701.18,700.85,701.1,147355,regular,False
2026-08-03T18:13:00+00:00,701.09,701.2,700.91,701.04,43869,regular,False
2026-08-03T18:14:00+00:00,701.01,701.07,700.95,700.98,34022,regular,False
2026-08-03T18:15:00+00:00,701.02,701.31,700.99,701.24,38859,regular,False
2026-08-03T18:16:00+00:00,701.24,701.34,701.21,701.31,20906,regular,False
2026-08-03T18:17:00+00:00,701.3,701.44,701.1,701.13,62076,regular,False
2026-08-03T18:18:00+00:00,701.13,701.14,700.88,700.89,69607,regular,False
2026-08-03T18:19:00+00:00,700.87,700.87,700.64,700.69,47966,regular,False
2026-08-03T18:20:00+00:00,700.71,700.73,700.47,700.64,64167,regular,False
2026-08-03T18:21:00+00:00,700.65,700.78,700.51,700.64,76317,regular,False
2026-08-03T18:22:00+00:00,700.66,700.83,700.6,700.79,34656,regular,False
2026-08-03T18:23:00+00:00,700.8,700.84,700.73,700.83,44945,regular,False
2026-08-03T18:24:00+00:00,700.83,700.83,700.5,700.52,42715,regular,False
2026-08-03T18:25:00+00:00,700.5,700.66,700.35,700.42,24262,regular,False
2026-08-03T18:26:00+00:00,700.4,700.42,700.22,700.24,24538,regular,False
2026-08-03T18:27:00+00:00,700.24,700.24,699.94,700.07,108864,regular,False
2026-08-03T18:28:00+00:00,700.07,700.09,699.77,699.82,69072,regular,False
2026-08-03T18:29:00+00:00,699.83,699.99,699.8,699.8,38216,regular,False
2026-08-03T18:30:00+00:00,699.8,700.16,699.77,699.8,29969,regular,False
2026-08-03T18:31:00+00:00,699.8,699.94,699.69,699.94,34166,regular,False
2026-08-03T18:32:00+00:00,699.95,700.05,699.87,700.0,53728,regular,False
2026-08-03T18:33:00+00:00,700.0,700.1,699.72,699.76,24646,regular,False
2026-08-03T18:34:00+00:00,699.76,700.0,699.67,699.84,53593,regular,False
2026-08-03T18:35:00+00:00,699.85,699.93,699.8,699.91,23552,regular,False
2026-08-03T18:36:00+00:00,699.87,699.96,699.61,699.75,39308,regular,False
2026-08-03T18:37:00+00:00,699.76,699.78,699.61,699.78,50443,regular,False
2026-08-03T18:38:00+00:00,699.81,699.98,699.64,699.98,28772,regular,False
2026-08-03T18:39:00+00:00,699.96,700.05,699.71,699.75,44378,regular,False
2026-08-03T18:40:00+00:00,699.77,699.87,699.69,699.87,32363,regular,False
2026-08-03T18:41:00+00:00,699.86,700.07,699.73,700.07,37404,regular,False
2026-08-03T18:42:00+00:00,700.1,700.14,699.95,699.98,42004,regular,False
2026-08-03T18:43:00+00:00,699.98,700.18,699.97,700.14,29244,regular,False
2026-08-03T18:44:00+00:00,700.17,700.37,700.15,700.35,59094,regular,False
2026-08-03T18:45:00+00:00,700.34,700.57,700.16,700.2,63172,regular,False
2026-08-03T18:46:00+00:00,700.2,700.24,699.83,700.21,55858,regular,False
2026-08-03T18:47:00+00:00,700.21,700.22,699.96,700.05,28490,regular,False
2026-08-03T18:48:00+00:00,700.05,700.38,700.0,700.37,40724,regular,False
2026-08-03T18:49:00+00:00,700.36,700.57,700.33,700.55,60608,regular,False
2026-08-03T18:50:00+00:00,700.55,700.6,700.33,700.34,51939,regular,False
2026-08-03T18:51:00+00:00,700.35,700.47,700.26,700.43,22356,regular,False
2026-08-03T18:52:00+00:00,700.42,700.57,700.4,700.4,22563,regular,False
2026-08-03T18:53:00+00:00,700.44,700.67,700.39,700.57,30831,regular,False
2026-08-03T18:54:00+00:00,700.57,700.61,700.4,700.4,27385,regular,False
2026-08-03T18:55:00+00:00,700.41,700.47,700.35,700.36,28237,regular,False
2026-08-03T18:56:00+00:00,700.37,700.4,700.21,700.22,63344,regular,False
2026-08-03T18:57:00+00:00,700.22,700.3,700.14,700.3,46547,regular,False
2026-08-03T18:58:00+00:00,700.29,700.45,700.26,700.37,32566,regular,False
2026-08-03T18:59:00+00:00,700.42,700.45,700.21,700.24,39953,regular,False
2026-08-03T19:00:00+00:00,700.23,700.89,700.21,700.63,50687,regular,False
2026-08-03T19:01:00+00:00,700.65,701.06,700.59,700.96,69451,regular,False
2026-08-03T19:02:00+00:00,700.95,701.11,700.95,700.95,128808,regular,False
2026-08-03T19:03:00+00:00,700.95,701.03,700.83,700.97,52313,regular,False
2026-08-03T19:04:00+00:00,700.97,700.99,700.75,700.86,34608,regular,False
2026-08-03T19:05:00+00:00,700.87,700.91,700.33,700.57,77065,regular,False
2026-08-03T19:06:00+00:00,700.57,700.74,700.32,700.68,63405,regular,False
2026-08-03T19:07:00+00:00,700.68,700.69,700.49,700.49,58209,regular,False
2026-08-03T19:08:00+00:00,700.49,700.49,700.11,700.4,118227,regular,False
2026-08-03T19:09:00+00:00,700.4,700.41,700.23,700.28,42271,regular,False
2026-08-03T19:10:00+00:00,700.27,700.43,700.21,700.28,45983,regular,False
2026-08-03T19:11:00+00:00,700.28,700.52,700.25,700.48,44836,regular,False
2026-08-03T19:12:00+00:00,700.51,700.52,700.34,700.41,44297,regular,False
2026-08-03T19:13:00+00:00,700.4,700.4,699.96,700.05,62438,regular,False
2026-08-03T19:14:00+00:00,700.07,700.18,699.93,700.07,103149,regular,False
2026-08-03T19:15:00+00:00,700.03,700.27,700.01,700.24,46997,regular,False
2026-08-03T19:16:00+00:00,700.25,700.38,700.1,700.24,119310,regular,False
2026-08-03T19:17:00+00:00,700.24,700.47,700.14,700.41,65637,regular,False
2026-08-03T19:18:00+00:00,700.42,700.59,700.38,700.44,86391,regular,False
2026-08-03T19:19:00+00:00,700.43,700.66,700.42,700.61,95364,regular,False
2026-08-03T19:20:00+00:00,700.62,700.67,700.34,700.35,52723,regular,False
2026-08-03T19:21:00+00:00,700.35,700.54,700.33,700.52,48986,regular,False
2026-08-03T19:22:00+00:00,700.52,700.62,700.49,700.55,60907,regular,False
2026-08-03T19:23:00+00:00,700.56,700.61,700.47,700.49,66317,regular,False
2026-08-03T19:24:00+00:00,700.49,700.59,700.44,700.46,63487,regular,False
2026-08-03T19:25:00+00:00,700.47,700.51,700.36,700.39,63337,regular,False
2026-08-03T19:26:00+00:00,700.39,700.51,700.3,700.41,66129,regular,False
2026-08-03T19:27:00+00:00,700.43,700.59,700.39,700.59,51730,regular,False
2026-08-03T19:28:00+00:00,700.59,700.63,700.3,700.3,70164,regular,False
2026-08-03T19:29:00+00:00,700.3,700.5,700.27,700.36,58640,regular,False
2026-08-03T19:30:00+00:00,700.38,700.68,700.36,700.43,70301,regular,False
2026-08-03T19:31:00+00:00,700.44,700.55,700.22,700.43,62766,regular,False
2026-08-03T19:32:00+00:00,700.43,700.47,700.28,700.29,59834,regular,False
2026-08-03T19:33:00+00:00,700.29,700.33,700.16,700.16,49337,regular,False
2026-08-03T19:34:00+00:00,700.18,700.43,700.18,700.35,52717,regular,False
2026-08-03T19:35:00+00:00,700.36,700.5,700.34,700.46,62089,regular,False
2026-08-03T19:36:00+00:00,700.46,700.63,700.19,700.23,66035,regular,False
2026-08-03T19:37:00+00:00,700.23,700.33,700.13,700.28,55328,regular,False
2026-08-03T19:38:00+00:00,700.29,700.37,700.2,700.2,51071,regular,False
2026-08-03T19:39:00+00:00,700.22,700.32,700.11,700.19,47690,regular,False
2026-08-03T19:40:00+00:00,700.18,700.3,700.05,700.27,88727,regular,False
2026-08-03T19:41:00+00:00,700.27,700.37,700.04,700.09,103635,regular,False
2026-08-03T19:42:00+00:00,700.1,700.28,700.1,700.21,72104,regular,False
2026-08-03T19:43:00+00:00,700.21,700.27,700.13,700.18,87081,regular,False
2026-08-03T19:44:00+00:00,700.19,700.51,700.19,700.41,119367,regular,False
2026-08-03T19:45:00+00:00,700.4,700.49,700.33,700.39,129936,regular,False
2026-08-03T19:46:00+00:00,700.39,700.46,700.09,700.2,71300,regular,False
2026-08-03T19:47:00+00:00,700.18,700.39,700.09,700.36,57564,regular,False
2026-08-03T19:48:00+00:00,700.35,700.57,700.34,700.42,66178,regular,False
2026-08-03T19:49:00+00:00,700.39,700.49,700.36,700.46,84396,regular,False
2026-08-03T19:50:00+00:00,700.47,700.85,700.41,700.6,221991,regular,False
2026-08-03T19:51:00+00:00,700.6,700.9,700.53,700.75,149405,regular,False
2026-08-03T19:52:00+00:00,700.73,700.94,700.72,700.75,152331,regular,False
2026-08-03T19:53:00+00:00,700.76,700.84,700.31,700.33,146965,regular,False
2026-08-03T19:54:00+00:00,700.32,700.32,699.86,700.08,183445,regular,False
2026-08-03T19:55:00+00:00,700.07,700.07,699.58,699.63,168953,regular,False
2026-08-03T19:56:00+00:00,699.63,699.67,699.27,699.66,226419,regular,False
2026-08-03T19:57:00+00:00,699.67,699.89,699.6,699.79,168277,regular,False
2026-08-03T19:58:00+00:00,699.8,700.1,699.76,699.99,267094,regular,False
2026-08-03T19:59:00+00:00,699.99,700.18,699.63,700.06,733163,regular,False
2026-08-03T20:00:00+00:00,700.06,700.12,699.59,699.59,1412926,after-market,False
2026-08-03T20:01:00+00:00,699.59,699.92,699.55,699.92,52494,after-market,False
2026-08-03T20:02:00+00:00,699.88,699.88,699.64,699.81,14599,after-market,False
2026-08-03T20:03:00+00:00,699.83,699.85,699.65,699.73,16731,after-market,False
2026-08-03T20:04:00+00:00,699.7,699.82,699.57,699.69,23196,after-market,False
2026-08-03T20:05:00+00:00,699.74,700.17,699.5,700.1,65611,after-market,False
2026-08-03T20:06:00+00:00,700.07,700.25,700.07,700.25,26144,after-market,False
2026-08-03T20:07:00+00:00,700.17,700.2,700.03,700.2,1485,after-market,False
2026-08-03T20:08:00+00:00,700.17,700.21,700.07,700.14,16729,after-market,False
2026-08-03T20:09:00+00:00,700.19,700.32,700.0,700.26,43448,after-market,False
2026-08-03T20:10:00+00:00,700.3,700.4,700.29,700.39,4476,after-market,False
2026-08-03T20:11:00+00:00,700.35,700.47,700.27,700.28,19935,after-market,False
2026-08-03T20:12:00+00:00,700.29,700.3,700.17,700.2,12432,after-market,False
2026-08-03T20:13:00+00:00,700.22,700.34,700.2,700.21,7033,after-market,False
2026-08-03T20:14:00+00:00,700.23,700.37,700.21,700.21,51434,after-market,False
2026-08-03T20:15:00+00:00,700.35,700.84,700.33,700.68,28278,after-market,False
2026-08-03T20:16:00+00:00,700.72,700.76,700.58,700.64,7782,after-market,False
2026-08-03T20:17:00+00:00,700.63,700.77,700.63,700.71,2739,after-market,False
2026-08-03T20:18:00+00:00,700.67,700.7,700.67,700.7,280,after-market,False
2026-08-03T20:19:00+00:00,700.73,700.78,700.73,700.77,6399,after-market,False
2026-08-03T20:20:00+00:00,700.74,700.86,700.6,700.84,21031,after-market,False
2026-08-03T20:21:00+00:00,700.83,701.01,700.81,700.85,8257,after-market,False
2026-08-03T20:22:00+00:00,700.84,700.85,700.68,700.69,6842,after-market,False
2026-08-03T20:23:00+00:00,700.68,700.68,700.62,700.66,5546,after-market,False
2026-08-03T20:24:00+00:00,700.69,700.69,700.5,700.57,32514,after-market,False
2026-08-03T20:25:00+00:00,700.61,700.65,700.61,700.63,5431,after-market,False
2026-08-03T20:26:00+00:00,700.64,700.64,700.58,700.58,3985,after-market,False
2026-08-03T20:27:00+00:00,700.6,700.64,700.57,700.64,1401,after-market,False
2026-08-03T20:28:00+00:00,700.6,700.63,700.54,700.55,3828,after-market,False
2026-08-03T20:29:00+00:00,700.49,700.49,700.35,700.41,4341,after-market,False
2026-08-03T20:30:00+00:00,700.41,700.46,700.35,700.42,2268,after-market,False
2026-08-03T20:31:00+00:00,700.41,700.46,700.38,700.46,2248,after-market,False
2026-08-03T20:32:00+00:00,700.46,700.48,700.34,700.34,5306,after-market,False
2026-08-03T20:33:00+00:00,700.37,700.5,700.36,700.39,18684,after-market,False
2026-08-03T20:34:00+00:00,700.33,700.33,700.32,700.33,3180,after-market,False
2026-08-03T20:35:00+00:00,700.51,700.52,700.51,700.51,100,after-market,False
2026-08-03T20:36:00+00:00,700.48,700.55,700.48,700.55,813,after-market,False
2026-08-03T20:37:00+00:00,700.57,700.65,700.57,700.64,3441,after-market,False
2026-08-03T20:38:00+00:00,700.65,700.68,700.62,700.66,10130,after-market,False
2026-08-03T20:39:00+00:00,700.68,700.68,700.59,700.6,680,after-market,False
2026-08-03T20:40:00+00:00,700.67,700.67,700.6,700.65,1327,after-market,False
2026-08-03T20:41:00+00:00,700.65,700.83,700.64,700.83,5296,after-market,False
2026-08-03T20:42:00+00:00,700.81,700.82,700.73,700.74,526,after-market,False
2026-08-03T20:43:00+00:00,700.72,700.77,700.72,700.76,4357,after-market,False
2026-08-03T20:44:00+00:00,700.74,700.81,700.74,700.74,2982,after-market,False
2026-08-03T20:45:00+00:00,700.79,700.79,700.75,700.77,1341,after-market,False
2026-08-03T20:46:00+00:00,700.8,700.8,700.7,700.7,20789,after-market,False
2026-08-03T20:47:00+00:00,700.75,700.75,700.69,700.7,390,after-market,False
2026-08-03T20:48:00+00:00,700.7,700.72,700.66,700.7,2350,after-market,False
2026-08-03T20:49:00+00:00,700.66,700.7,700.5,700.5,7501,after-market,False
2026-08-03T20:50:00+00:00,700.56,700.57,700.5,700.57,7361,after-market,False
2026-08-03T20:51:00+00:00,700.58,700.58,700.55,700.56,778,after-market,False
2026-08-03T20:52:00+00:00,700.5,700.5,700.47,700.47,3352,after-market,False
2026-08-03T20:53:00+00:00,700.49,700.56,700.48,700.55,319,after-market,False
2026-08-03T20:54:00+00:00,700.44,700.52,700.43,700.49,764,after-market,False
2026-08-03T20:55:00+00:00,700.52,700.65,700.5,700.59,879,after-market,False
2026-08-03T20:56:00+00:00,700.63,700.63,700.58,700.61,350,after-market,False
2026-08-03T20:57:00+00:00,700.62,700.62,700.61,700.61,395,after-market,False
2026-08-03T20:58:00+00:00,700.62,700.65,700.55,700.55,6758,after-market,False
2026-08-03T20:59:00+00:00,700.7,700.7,700.48,700.7,13348,after-market,False
2026-08-03T21:00:00+00:00,700.75,700.75,700.75,700.75,100,after-market,False
2026-08-03T21:01:00+00:00,700.68,700.7,700.62,700.7,1841,after-market,False
2026-08-03T21:02:00+00:00,700.59,700.63,700.46,700.46,2473,after-market,False
2026-08-03T21:03:00+00:00,700.46,700.57,700.31,700.57,4663,after-market,False
2026-08-03T21:04:00+00:00,700.46,700.65,700.45,700.45,6018,after-market,False
2026-08-03T21:05:00+00:00,700.45,700.54,700.45,700.54,2072,after-market,False
2026-08-03T21:06:00+00:00,700.45,700.45,700.45,700.45,486,after-market,False
2026-08-03T21:07:00+00:00,700.55,700.55,700.55,700.55,100,after-market,False
2026-08-03T21:08:00+00:00,700.46,700.46,700.45,700.46,50,after-market,False
2026-08-03T21:09:00+00:00,700.49,700.49,700.3,700.33,3030,after-market,False
2026-08-03T21:10:00+00:00,700.43,700.55,700.28,700.3,2452,after-market,False
2026-08-03T21:11:00+00:00,700.27,700.3,700.2,700.28,2460,after-market,False
2026-08-03T21:12:00+00:00,700.3,700.49,700.3,700.42,1616,after-market,False
2026-08-03T21:13:00+00:00,700.36,700.4,700.36,700.4,730,after-market,False
2026-08-03T21:14:00+00:00,700.4,700.41,700.4,700.4,510,after-market,False
2026-08-03T21:15:00+00:00,700.39,700.5,700.39,700.5,470,after-market,False
2026-08-03T21:16:00+00:00,700.46,700.46,700.45,700.45,103,after-market,False
2026-08-03T21:17:00+00:00,700.5,700.51,700.5,700.51,208,after-market,False
2026-08-03T21:18:00+00:00,700.52,700.65,700.52,700.65,367,after-market,False
2026-08-03T21:19:00+00:00,700.58,700.58,700.58,700.58,40,after-market,False
2026-08-03T21:20:00+00:00,700.58,700.58,700.58,700.58,0,after-market,False
2026-08-03T21:21:00+00:00,700.55,700.69,700.55,700.69,126,after-market,False
2026-08-03T21:22:00+00:00,700.59,700.6,700.42,700.59,8228,after-market,False
2026-08-03T21:23:00+00:00,700.48,700.58,700.46,700.5,926,after-market,False
2026-08-03T21:24:00+00:00,700.52,700.6,700.52,700.6,1560,after-market,False
2026-08-03T21:25:00+00:00,700.6,700.6,700.57,700.6,180,after-market,False
2026-08-03T21:26:00+00:00,700.55,700.59,700.55,700.59,80,after-market,False
2026-08-03T21:27:00+00:00,700.59,700.59,700.59,700.59,0,after-market,False
2026-08-03T21:28:00+00:00,700.57,700.57,700.52,700.56,1000,after-market,False
2026-08-03T21:29:00+00:00,700.58,700.59,700.58,700.59,295,after-market,False
2026-08-03T21:30:00+00:00,700.59,700.59,700.59,700.59,0,after-market,False
2026-08-03T21:31:00+00:00,700.59,700.59,700.59,700.59,0,after-market,False
2026-08-03T21:32:00+00:00,700.6,700.6,700.59,700.59,250,after-market,False
2026-08-03T21:33:00+00:00,700.57,700.57,700.5,700.5,156,after-market,False
2026-08-03T21:34:00+00:00,700.5,700.59,700.46,700.59,1812,after-market,False
2026-08-03T21:35:00+00:00,700.55,700.59,700.55,700.57,330,after-market,False
2026-08-03T21:36:00+00:00,700.58,700.59,700.58,700.58,400,after-market,False
2026-08-03T21:37:00+00:00,700.58,700.6,700.58,700.6,1427,after-market,False
2026-08-03T21:38:00+00:00,700.6,700.6,700.51,700.58,3517,after-market,False
2026-08-03T21:39:00+00:00,700.58,700.6,700.49,700.49,634,after-market,False
2026-08-03T21:40:00+00:00,700.59,700.59,700.58,700.58,620,after-market,False
2026-08-03T21:41:00+00:00,700.58,700.6,700.31,700.44,6857,after-market,False
2026-08-03T21:42:00+00:00,700.56,700.57,700.25,700.38,1073,after-market,False
2026-08-03T21:43:00+00:00,700.45,700.53,700.45,700.52,290,after-market,False
2026-08-03T21:44:00+00:00,700.5,700.6,700.47,700.57,7286,after-market,False
2026-08-03T21:45:00+00:00,700.59,700.6,700.58,700.6,1217,after-market,False
2026-08-03T21:46:00+00:00,700.6,700.72,700.6,700.71,830,after-market,False
2026-08-03T21:47:00+00:00,700.74,700.84,700.7,700.84,1250,after-market,False
2026-08-03T21:48:00+00:00,700.73,700.84,700.73,700.84,1409,after-market,False
2026-08-03T21:49:00+00:00,700.83,700.83,700.79,700.79,150,after-market,False
2026-08-03T21:50:00+00:00,700.74,700.85,700.73,700.85,730,after-market,False
2026-08-03T21:51:00+00:00,700.84,700.84,700.73,700.73,415,after-market,False
2026-08-03T21:52:00+00:00,700.73,700.84,700.69,700.69,692,after-market,False
2026-08-03T21:53:00+00:00,700.82,700.82,700.61,700.61,1993,after-market,False
2026-08-03T21:54:00+00:00,700.74,700.74,700.43,700.74,2850,after-market,False
2026-08-03T21:55:00+00:00,700.5,700.74,700.5,700.51,468,after-market,False
2026-08-03T21:56:00+00:00,700.6,700.6,700.6,700.6,58,after-market,False
2026-08-03T21:57:00+00:00,700.74,700.79,700.74,700.79,179,after-market,False
2026-08-03T21:58:00+00:00,700.7,700.7,700.7,700.7,200,after-market,False
2026-08-03T21:59:00+00:00,700.58,700.58,700.52,700.52,399,after-market,False
2026-08-03T22:00:00+00:00,700.77,700.93,700.58,700.8,17191,after-market,False
2026-08-03T22:01:00+00:00,700.98,700.98,700.85,700.88,1639,after-market,False
2026-08-03T22:02:00+00:00,701.0,701.0,701.0,701.0,190,after-market,False
2026-08-03T22:03:00+00:00,700.68,700.68,700.59,700.59,642,after-market,False
2026-08-03T22:04:00+00:00,700.66,700.76,700.66,700.76,277,after-market,False
2026-08-03T22:05:00+00:00,700.87,700.87,700.85,700.85,474,after-market,False
2026-08-03T22:06:00+00:00,700.85,700.85,700.78,700.78,1406,after-market,False
2026-08-03T22:07:00+00:00,700.8,701.0,700.8,701.0,1880,after-market,False
2026-08-03T22:08:00+00:00,701.0,701.1,700.97,701.1,750,after-market,False
2026-08-03T22:09:00+00:00,701.07,701.09,701.02,701.02,2150,after-market,False
2026-08-03T22:10:00+00:00,701.07,701.1,701.05,701.1,505,after-market,False
2026-08-03T22:11:00+00:00,701.17,701.24,701.17,701.2,395,after-market,False
2026-08-03T22:12:00+00:00,701.2,701.21,701.13,701.17,1942,after-market,False
2026-08-03T22:13:00+00:00,701.2,701.23,700.84,700.84,1236,after-market,False
2026-08-03T22:14:00+00:00,700.88,700.88,700.7,700.7,8669,after-market,False
2026-08-03T22:15:00+00:00,701.11,701.12,701.11,701.11,549,after-market,False
2026-08-03T22:16:00+00:00,701.17,701.2,701.1,701.1,979,after-market,False
2026-08-03T22:17:00+00:00,701.1,701.16,701.06,701.06,932,after-market,False
2026-08-03T22:18:00+00:00,701.04,701.15,701.04,701.1,674,after-market,False
2026-08-03T22:19:00+00:00,701.05,701.17,701.05,701.17,526,after-market,False
2026-08-03T22:20:00+00:00,701.04,701.08,701.0,701.08,1368,after-market,False
2026-08-03T22:21:00+00:00,701.18,701.18,701.1,701.1,200,after-market,False
2026-08-03T22:22:00+00:00,701.1,701.13,701.09,701.13,1110,after-market,False
2026-08-03T22:23:00+00:00,701.13,701.13,701.13,701.13,194,after-market,False
2026-08-03T22:24:00+00:00,701.18,701.18,701.13,701.13,1829,after-market,False
2026-08-03T22:25:00+00:00,701.13,701.16,701.1,701.14,3097,after-market,False
2026-08-03T22:26:00+00:00,701.14,701.14,701.05,701.08,830,after-market,False
2026-08-03T22:27:00+00:00,701.1,701.1,701.09,701.1,400,after-market,False
2026-08-03T22:28:00+00:00,701.13,701.15,701.1,701.15,1666,after-market,False
2026-08-03T22:29:00+00:00,701.15,701.16,701.13,701.13,466,after-market,False
2026-08-03T22:30:00+00:00,701.1,701.14,701.05,701.05,506,after-market,False
2026-08-03T22:31:00+00:00,701.0,701.0,701.0,701.0,50,after-market,False
2026-08-03T22:32:00+00:00,701.05,701.1,700.91,700.91,400,after-market,False
2026-08-03T22:33:00+00:00,700.92,700.96,700.92,700.96,110,after-market,False
2026-08-03T22:34:00+00:00,701.1,701.42,701.1,701.36,2806,after-market,False
2026-08-03T22:35:00+00:00,701.12,701.12,701.09,701.12,210,after-market,False
2026-08-03T22:36:00+00:00,701.29,701.29,701.24,701.24,675,after-market,False
2026-08-03T22:37:00+00:00,701.2,701.22,701.2,701.22,180,after-market,False
2026-08-03T22:38:00+00:00,701.18,701.2,701.16,701.2,130,after-market,False
2026-08-03T22:39:00+00:00,701.29,701.36,701.29,701.36,401,after-market,False
2026-08-03T22:40:00+00:00,701.36,701.54,701.36,701.5,1471,after-market,False
2026-08-03T22:41:00+00:00,701.46,701.55,701.46,701.47,1062,after-market,False
2026-08-03T22:42:00+00:00,701.55,701.55,701.47,701.49,821,after-market,False
2026-08-03T22:43:00+00:00,701.52,701.52,701.47,701.5,296,after-market,False
2026-08-03T22:44:00+00:00,701.49,701.49,701.49,701.49,280,after-market,False
2026-08-03T22:45:00+00:00,701.43,701.44,701.28,701.32,1319,after-market,False
2026-08-03T22:46:00+00:00,701.27,701.33,701.24,701.31,2458,after-market,False
2026-08-03T22:47:00+00:00,701.31,701.31,701.11,701.2,1647,after-market,False
2026-08-03T22:48:00+00:00,701.29,701.31,701.27,701.27,613,after-market,False
2026-08-03T22:49:00+00:00,701.29,701.29,701.24,701.26,4139,after-market,False
2026-08-03T22:50:00+00:00,701.22,701.22,701.14,701.17,3883,after-market,False
2026-08-03T22:51:00+00:00,701.2,701.2,701.15,701.16,409,after-market,False
2026-08-03T22:52:00+00:00,701.21,701.21,701.2,701.2,3333,after-market,False
2026-08-03T22:53:00+00:00,701.23,701.33,701.23,701.23,2242,after-market,False
2026-08-03T22:54:00+00:00,701.18,701.31,701.15,701.29,3779,after-market,False
2026-08-03T22:55:00+00:00,701.28,701.32,701.28,701.32,215,after-market,False
2026-08-03T22:56:00+00:00,701.29,701.31,701.27,701.27,2670,after-market,False
2026-08-03T22:57:00+00:00,701.26,701.26,701.25,701.25,652,after-market,False
2026-08-03T22:58:00+00:00,701.24,701.24,701.19,701.22,5600,after-market,False
2026-08-03T22:59:00+00:00,701.21,701.21,701.17,701.2,330,after-market,False
2026-08-03T23:00:00+00:00,701.13,701.17,701.13,701.17,2725,after-market,False
2026-08-03T23:01:00+00:00,701.16,701.24,701.07,701.07,1098,after-market,False
2026-08-03T23:02:00+00:00,701.05,701.23,701.04,701.23,626,after-market,False
2026-08-03T23:03:00+00:00,701.19,701.19,701.18,701.19,186,after-market,False
2026-08-03T23:04:00+00:00,701.19,701.19,701.1,701.1,602,after-market,False
2026-08-03T23:05:00+00:00,701.08,701.11,701.05,701.11,625,after-market,False
2026-08-03T23:06:00+00:00,701.09,701.09,700.93,700.93,907,after-market,False
2026-08-03T23:07:00+00:00,700.88,700.97,700.87,700.92,546,after-market,False
2026-08-03T23:08:00+00:00,700.92,700.92,700.92,700.92,71,after-market,False
2026-08-03T23:09:00+00:00,700.96,701.02,700.96,700.96,453,after-market,False
2026-08-03T23:10:00+00:00,700.98,701.06,700.98,701.06,311,after-market,False
2026-08-03T23:11:00+00:00,701.09,701.09,701.08,701.08,251,after-market,False
2026-08-03T23:12:00+00:00,701.03,701.03,700.98,700.98,1452,after-market,False
2026-08-03T23:13:00+00:00,701.0,701.02,700.96,701.02,252,after-market,False
2026-08-03T23:14:00+00:00,701.03,701.03,701.03,701.03,71,after-market,False
2026-08-03T23:15:00+00:00,700.99,701.13,700.99,701.13,783,after-market,False
2026-08-03T23:16:00+00:00,701.19,701.23,701.15,701.23,1677,after-market,False
2026-08-03T23:17:00+00:00,701.26,701.26,701.21,701.21,385,after-market,False
2026-08-03T23:18:00+00:00,701.22,701.26,701.21,701.26,302,after-market,False
2026-08-03T23:19:00+00:00,701.26,701.43,701.26,701.43,132,after-market,False
2026-08-03T23:20:00+00:00,701.38,701.38,701.37,701.37,199,after-market,False
2026-08-03T23:21:00+00:00,701.35,701.44,701.35,701.44,852,after-market,False
2026-08-03T23:22:00+00:00,701.42,701.42,701.42,701.42,93,after-market,False
2026-08-03T23:23:00+00:00,701.39,701.39,701.39,701.39,64,after-market,False
2026-08-03T23:24:00+00:00,701.31,701.31,701.3,701.3,1194,after-market,False
2026-08-03T23:25:00+00:00,701.28,701.34,701.24,701.32,2006,after-market,False
2026-08-03T23:26:00+00:00,701.25,701.25,701.17,701.17,1100,after-market,False
2026-08-03T23:27:00+00:00,701.24,701.31,701.24,701.3,232,after-market,False
2026-08-03T23:28:00+00:00,701.3,701.31,701.22,701.31,828,after-market,False
2026-08-03T23:29:00+00:00,701.24,701.24,701.21,701.21,245,after-market,False
2026-08-03T23:30:00+00:00,701.25,701.25,701.2,701.2,1200,after-market,False
2026-08-03T23:31:00+00:00,701.2,701.26,701.1,701.25,999,after-market,False
2026-08-03T23:32:00+00:00,701.26,701.42,701.26,701.42,1102,after-market,False
2026-08-03T23:33:00+00:00,701.42,701.44,701.4,701.4,665,after-market,False
2026-08-03T23:34:00+00:00,701.5,701.54,701.5,701.54,700,after-market,False
2026-08-03T23:35:00+00:00,701.43,701.43,701.4,701.41,150,after-market,False
2026-08-03T23:36:00+00:00,701.38,701.49,701.38,701.43,1100,after-market,False
2026-08-03T23:37:00+00:00,701.43,701.44,701.4,701.4,5862,after-market,False
2026-08-03T23:38:00+00:00,701.34,701.35,701.0,701.0,4576,after-market,False
2026-08-03T23:39:00+00:00,700.94,701.08,700.94,701.06,6741,after-market,False
2026-08-03T23:40:00+00:00,701.06,701.1,701.04,701.1,6533,after-market,False
2026-08-03T23:41:00+00:00,701.05,701.21,701.05,701.2,1005,after-market,False
2026-08-03T23:42:00+00:00,701.18,701.19,701.16,701.18,2468,after-market,False
2026-08-03T23:43:00+00:00,701.19,701.19,701.18,701.18,1364,after-market,False
2026-08-03T23:44:00+00:00,701.19,701.2,701.13,701.13,719,after-market,False
2026-08-03T23:45:00+00:00,701.15,701.48,701.12,701.48,4111,after-market,False
2026-08-03T23:46:00+00:00,701.38,701.38,701.38,701.38,80,after-market,False
2026-08-03T23:47:00+00:00,701.49,701.6,701.49,701.57,840,after-market,False
2026-08-03T23:48:00+00:00,701.5,701.5,701.42,701.42,712,after-market,False
2026-08-03T23:49:00+00:00,701.44,701.44,701.42,701.43,184,after-market,False
2026-08-03T23:50:00+00:00,701.47,701.6,701.47,701.56,626,after-market,False
2026-08-03T23:51:00+00:00,701.51,701.55,701.43,701.44,1005,after-market,False
2026-08-03T23:52:00+00:00,701.46,701.51,701.34,701.41,2081,after-market,False
2026-08-03T23:53:00+00:00,701.45,701.45,701.32,701.34,527,after-market,False
2026-08-03T23:54:00+00:00,701.4,701.44,701.4,701.4,557,after-market,False
2026-08-03T23:55:00+00:00,701.39,701.39,701.33,701.34,595,after-market,False
2026-08-03T23:56:00+00:00,701.39,701.52,701.39,701.52,284,after-market,False
2026-08-03T23:57:00+00:00,701.49,701.59,701.49,701.56,1890,after-market,False
2026-08-03T23:58:00+00:00,701.55,701.55,701.52,701.52,350,after-market,False
2026-08-03T23:59:00+00:00,701.58,701.8,701.57,701.8,3774,after-market,False
2026-08-04T08:00:00+00:00,703.78,705.08,701.96,704.34,11893,pre-market,False
2026-08-04T08:01:00+00:00,704.35,705.08,701.81,704.73,46825,pre-market,False
2026-08-04T08:02:00+00:00,704.5,705.38,702.42,704.63,57395,pre-market,False
2026-08-04T08:03:00+00:00,703.9,705.12,703.9,705.02,4246,pre-market,False
2026-08-04T08:04:00+00:00,705.27,705.33,705.18,705.18,1739,pre-market,False
2026-08-04T08:05:00+00:00,705.21,705.34,705.14,705.34,1904,pre-market,False
2026-08-04T08:06:00+00:00,705.29,705.51,705.27,705.31,6820,pre-market,False
2026-08-04T08:07:00+00:00,705.44,705.5,705.35,705.35,2364,pre-market,False
2026-08-04T08:08:00+00:00,705.36,705.43,705.26,705.3,1631,pre-market,False
2026-08-04T08:09:00+00:00,705.45,705.5,705.34,705.5,3394,pre-market,False
2026-08-04T08:10:00+00:00,705.29,705.3,705.05,705.3,4125,pre-market,False
2026-08-04T08:11:00+00:00,705.3,705.37,705.15,705.37,1093,pre-market,False
2026-08-04T08:12:00+00:00,705.2,705.3,705.2,705.3,115,pre-market,False
2026-08-04T08:13:00+00:00,705.13,705.21,705.11,705.19,2521,pre-market,False
2026-08-04T08:14:00+00:00,705.3,705.3,705.0,705.16,4744,pre-market,False
2026-08-04T08:15:00+00:00,705.11,705.39,705.11,705.39,933,pre-market,False
2026-08-04T08:16:00+00:00,705.4,705.5,705.4,705.5,950,pre-market,False
2026-08-04T08:17:00+00:00,705.46,705.5,705.37,705.4,3926,pre-market,False
2026-08-04T08:18:00+00:00,705.42,705.45,705.42,705.45,420,pre-market,False
2026-08-04T08:19:00+00:00,705.52,705.52,705.36,705.36,205,pre-market,False
2026-08-04T08:20:00+00:00,705.4,705.7,705.4,705.63,4275,pre-market,False
2026-08-04T08:21:00+00:00,705.63,705.7,705.63,705.7,3148,pre-market,False
2026-08-04T08:22:00+00:00,705.55,705.55,705.32,705.32,1968,pre-market,False
2026-08-04T08:23:00+00:00,705.3,705.39,705.25,705.31,1688,pre-market,False
2026-08-04T08:24:00+00:00,705.25,705.25,705.0,705.0,2684,pre-market,False
2026-08-04T08:25:00+00:00,705.09,705.15,705.04,705.04,2554,pre-market,False
2026-08-04T08:26:00+00:00,705.15,705.15,705.15,705.15,56,pre-market,False
2026-08-04T08:27:00+00:00,705.05,705.05,704.93,704.98,530,pre-market,False
2026-08-04T08:28:00+00:00,704.97,705.08,704.9,705.08,1065,pre-market,False
2026-08-04T08:29:00+00:00,705.1,705.19,705.1,705.19,666,pre-market,False
2026-08-04T08:30:00+00:00,705.0,705.0,704.99,704.99,182,pre-market,False
2026-08-04T08:31:00+00:00,704.96,705.13,704.96,705.0,1311,pre-market,False
2026-08-04T08:32:00+00:00,704.94,704.97,704.54,704.54,2548,pre-market,False
2026-08-04T08:33:00+00:00,704.54,704.54,704.31,704.31,2567,pre-market,False
2026-08-04T08:34:00+00:00,704.37,704.38,704.1,704.38,6801,pre-market,False
2026-08-04T08:35:00+00:00,704.38,704.38,704.38,704.38,0,pre-market,False
2026-08-04T08:36:00+00:00,704.22,704.22,704.05,704.05,410,pre-market,False
2026-08-04T08:37:00+00:00,704.09,704.2,704.01,704.17,2626,pre-market,False
2026-08-04T08:38:00+00:00,704.22,704.24,704.1,704.18,1464,pre-market,False
2026-08-04T08:39:00+00:00,704.18,704.35,704.18,704.35,559,pre-market,False
2026-08-04T08:40:00+00:00,704.28,704.28,704.17,704.18,2317,pre-market,False
2026-08-04T08:41:00+00:00,704.1,704.1,704.06,704.08,457,pre-market,False
2026-08-04T08:42:00+00:00,704.08,704.08,704.05,704.05,168,pre-market,False
2026-08-04T08:43:00+00:00,704.14,704.14,704.02,704.02,262,pre-market,False
2026-08-04T08:44:00+00:00,704.02,704.21,704.01,704.21,419,pre-market,False
2026-08-04T08:45:00+00:00,704.09,704.09,703.85,703.86,1211,pre-market,False
2026-08-04T08:46:00+00:00,703.83,703.83,703.45,703.45,3866,pre-market,False
2026-08-04T08:47:00+00:00,703.77,703.92,703.77,703.92,3704,pre-market,False
2026-08-04T08:48:00+00:00,703.91,704.08,703.91,704.08,1483,pre-market,False
2026-08-04T08:49:00+00:00,704.01,704.07,704.01,704.04,171,pre-market,False
2026-08-04T08:50:00+00:00,703.97,704.06,703.97,704.06,3288,pre-market,False
2026-08-04T08:51:00+00:00,704.04,704.05,704.01,704.05,2179,pre-market,False
2026-08-04T08:52:00+00:00,704.07,704.07,704.06,704.06,260,pre-market,False
2026-08-04T08:53:00+00:00,704.08,704.09,704.08,704.08,75,pre-market,False
2026-08-04T08:54:00+00:00,704.05,704.05,704.05,704.05,269,pre-market,False
2026-08-04T08:55:00+00:00,704.21,704.32,704.18,704.22,14707,pre-market,False
2026-08-04T08:56:00+00:00,704.24,704.36,704.24,704.32,369,pre-market,False
2026-08-04T08:57:00+00:00,704.34,704.37,704.32,704.32,1575,pre-market,False
2026-08-04T08:58:00+00:00,704.37,704.37,704.37,704.37,134,pre-market,False
2026-08-04T08:59:00+00:00,704.17,704.17,704.0,704.16,1110,pre-market,False
2026-08-04T09:00:00+00:00,704.02,704.07,703.95,704.07,1250,pre-market,False
2026-08-04T09:01:00+00:00,703.94,703.94,703.77,703.93,1159,pre-market,False
2026-08-04T09:02:00+00:00,704.11,704.13,703.7,703.7,351,pre-market,False
2026-08-04T09:03:00+00:00,703.74,703.76,703.71,703.76,1170,pre-market,False
2026-08-04T09:04:00+00:00,703.71,703.71,703.71,703.71,40,pre-market,False
2026-08-04T09:05:00+00:00,703.7,703.71,703.64,703.65,1295,pre-market,False
2026-08-04T09:06:00+00:00,703.5,703.5,703.37,703.39,3599,pre-market,False
2026-08-04T09:07:00+00:00,703.33,703.33,703.09,703.19,5824,pre-market,False
2026-08-04T09:08:00+00:00,703.19,703.19,703.1,703.1,1285,pre-market,False
2026-08-04T09:09:00+00:00,703.03,703.05,702.95,703.05,8664,pre-market,False
2026-08-04T09:10:00+00:00,703.1,703.1,703.05,703.07,1200,pre-market,False
2026-08-04T09:11:00+00:00,703.03,703.2,703.02,703.15,4220,pre-market,False
2026-08-04T09:12:00+00:00,702.94,703.24,702.94,703.24,498,pre-market,False
2026-08-04T09:13:00+00:00,703.02,703.12,702.92,702.97,914,pre-market,False
2026-08-04T09:14:00+00:00,703.03,703.41,703.02,703.32,1359,pre-market,False
2026-08-04T09:15:00+00:00,703.37,703.38,703.23,703.24,949,pre-market,False
2026-08-04T09:16:00+00:00,703.24,703.24,702.89,702.98,1163,pre-market,False
2026-08-04T09:17:00+00:00,702.86,702.91,702.72,702.91,420,pre-market,False
2026-08-04T09:18:00+00:00,702.89,702.96,702.89,702.92,1231,pre-market,False
2026-08-04T09:19:00+00:00,702.91,703.03,702.9,703.02,1542,pre-market,False
2026-08-04T09:20:00+00:00,702.99,703.11,702.97,703.09,4942,pre-market,False
2026-08-04T09:21:00+00:00,702.97,702.97,702.93,702.93,2050,pre-market,False
2026-08-04T09:22:00+00:00,702.9,702.96,702.9,702.96,140,pre-market,False
2026-08-04T09:23:00+00:00,703.14,703.14,703.12,703.12,1170,pre-market,False
2026-08-04T09:24:00+00:00,703.2,703.24,703.18,703.18,385,pre-market,False
2026-08-04T09:25:00+00:00,703.22,703.22,703.13,703.16,160,pre-market,False
2026-08-04T09:26:00+00:00,703.21,703.21,703.18,703.18,300,pre-market,False
2026-08-04T09:27:00+00:00,703.41,703.47,703.33,703.34,1131,pre-market,False
2026-08-04T09:28:00+00:00,703.25,703.48,703.23,703.48,1542,pre-market,False
2026-08-04T09:29:00+00:00,703.44,703.57,703.42,703.57,735,pre-market,False
2026-08-04T09:30:00+00:00,703.6,703.69,703.6,703.68,3022,pre-market,False
2026-08-04T09:31:00+00:00,703.74,703.8,703.65,703.67,2373,pre-market,False
2026-08-04T09:32:00+00:00,703.74,703.8,703.74,703.79,551,pre-market,False
2026-08-04T09:33:00+00:00,703.75,703.86,703.7,703.86,1075,pre-market,False
2026-08-04T09:34:00+00:00,703.83,703.83,703.83,703.83,40,pre-market,False
2026-08-04T09:35:00+00:00,703.91,703.91,703.8,703.8,344,pre-market,False
2026-08-04T09:36:00+00:00,703.82,703.9,703.82,703.9,200,pre-market,False
2026-08-04T09:37:00+00:00,703.9,703.9,703.9,703.9,119,pre-market,False
2026-08-04T09:38:00+00:00,703.79,704.0,703.78,704.0,794,pre-market,False
2026-08-04T09:39:00+00:00,704.05,704.05,704.01,704.01,670,pre-market,False
2026-08-04T09:40:00+00:00,704.23,704.4,704.23,704.4,3556,pre-market,False
2026-08-04T09:41:00+00:00,704.31,704.47,704.29,704.47,2926,pre-market,False
2026-08-04T09:42:00+00:00,704.47,704.47,704.4,704.4,1164,pre-market,False
2026-08-04T09:43:00+00:00,704.43,704.46,704.39,704.4,545,pre-market,False
2026-08-04T09:44:00+00:00,704.35,704.35,704.35,704.35,104,pre-market,False
2026-08-04T09:45:00+00:00,704.36,704.58,704.18,704.54,6548,pre-market,False
2026-08-04T09:46:00+00:00,704.36,704.36,704.36,704.36,160,pre-market,False
2026-08-04T09:47:00+00:00,704.06,704.38,704.04,704.35,1396,pre-market,False
2026-08-04T09:48:00+00:00,704.4,704.41,704.37,704.37,200,pre-market,False
2026-08-04T09:49:00+00:00,704.55,704.55,704.53,704.53,640,pre-market,False
2026-08-04T09:50:00+00:00,704.44,704.44,704.26,704.27,247,pre-market,False
2026-08-04T09:51:00+00:00,704.05,704.05,704.05,704.05,100,pre-market,False
2026-08-04T09:52:00+00:00,704.1,704.1,704.1,704.1,340,pre-market,False
2026-08-04T09:53:00+00:00,704.1,704.1,704.1,704.1,0,pre-market,False
2026-08-04T09:54:00+00:00,704.1,704.1,704.1,704.1,0,pre-market,False
2026-08-04T09:55:00+00:00,704.01,704.07,704.01,704.07,454,pre-market,False
2026-08-04T09:56:00+00:00,704.12,704.12,704.12,704.12,200,pre-market,False
2026-08-04T09:57:00+00:00,704.02,704.05,704.02,704.04,300,pre-market,False
2026-08-04T09:58:00+00:00,704.27,704.29,704.27,704.29,500,pre-market,False
2026-08-04T09:59:00+00:00,704.28,704.35,704.28,704.35,311,pre-market,False
2026-08-04T10:00:00+00:00,704.21,704.28,704.21,704.28,251,pre-market,False
2026-08-04T10:01:00+00:00,704.42,704.48,704.42,704.43,440,pre-market,False
2026-08-04T10:02:00+00:00,704.52,704.52,704.52,704.52,100,pre-market,False
2026-08-04T10:03:00+00:00,704.6,704.6,704.48,704.48,373,pre-market,False
2026-08-04T10:04:00+00:00,704.42,704.42,704.36,704.36,97,pre-market,False
2026-08-04T10:05:00+00:00,704.36,704.36,704.36,704.36,0,pre-market,False
2026-08-04T10:06:00+00:00,704.57,704.59,704.52,704.59,301,pre-market,False
2026-08-04T10:07:00+00:00,704.74,704.8,704.74,704.79,218,pre-market,False
2026-08-04T10:08:00+00:00,704.73,704.73,704.7,704.7,100,pre-market,False
2026-08-04T10:09:00+00:00,704.79,704.81,704.78,704.79,763,pre-market,False
2026-08-04T10:10:00+00:00,704.84,704.84,704.78,704.79,1481,pre-market,False
2026-08-04T10:11:00+00:00,704.84,705.09,704.84,705.09,1505,pre-market,False
2026-08-04T10:12:00+00:00,705.09,705.17,705.09,705.15,2471,pre-market,False
2026-08-04T10:13:00+00:00,705.07,705.1,705.01,705.01,190,pre-market,False
2026-08-04T10:14:00+00:00,705.1,705.2,705.1,705.18,2461,pre-market,False
2026-08-04T10:15:00+00:00,705.0,705.0,704.94,704.94,622,pre-market,False
2026-08-04T10:16:00+00:00,704.86,704.98,704.76,704.83,3478,pre-market,False
2026-08-04T10:17:00+00:00,704.82,704.89,704.66,704.89,1498,pre-market,False
2026-08-04T10:18:00+00:00,704.87,704.93,704.87,704.89,2323,pre-market,False
2026-08-04T10:19:00+00:00,704.94,704.94,704.86,704.86,2572,pre-market,False
2026-08-04T10:20:00+00:00,704.86,705.02,704.78,704.99,4797,pre-market,False
2026-08-04T10:21:00+00:00,704.94,705.0,704.88,705.0,790,pre-market,False
2026-08-04T10:22:00+00:00,705.13,705.18,705.13,705.16,1323,pre-market,False
2026-08-04T10:23:00+00:00,705.12,705.12,705.12,705.12,198,pre-market,False
2026-08-04T10:24:00+00:00,705.17,705.31,705.16,705.21,3435,pre-market,False
2026-08-04T10:25:00+00:00,705.25,705.26,705.12,705.16,2991,pre-market,False
2026-08-04T10:26:00+00:00,705.16,705.16,705.1,705.1,5370,pre-market,False
2026-08-04T10:27:00+00:00,705.14,705.18,705.06,705.06,1240,pre-market,False
2026-08-04T10:28:00+00:00,705.0,705.04,704.85,704.85,4362,pre-market,False
2026-08-04T10:29:00+00:00,704.78,704.92,704.78,704.89,3827,pre-market,False
2026-08-04T10:30:00+00:00,704.82,705.09,704.79,704.92,5552,pre-market,False
2026-08-04T10:31:00+00:00,705.12,705.12,704.92,704.92,1190,pre-market,False
2026-08-04T10:32:00+00:00,704.94,704.99,704.8,704.94,2160,pre-market,False
2026-08-04T10:33:00+00:00,705.01,705.02,704.9,704.91,1004,pre-market,False
2026-08-04T10:34:00+00:00,705.01,705.07,704.89,704.89,1998,pre-market,False
2026-08-04T10:35:00+00:00,704.77,704.78,704.73,704.73,140,pre-market,False
2026-08-04T10:36:00+00:00,704.82,704.82,704.35,704.41,1338,pre-market,False
2026-08-04T10:37:00+00:00,704.52,704.57,704.52,704.57,565,pre-market,False
2026-08-04T10:38:00+00:00,704.5,704.52,704.34,704.35,945,pre-market,False
2026-08-04T10:39:00+00:00,704.42,704.55,704.42,704.54,646,pre-market,False
2026-08-04T10:40:00+00:00,704.57,704.74,704.57,704.74,84,pre-market,False
2026-08-04T10:41:00+00:00,704.6,704.63,704.6,704.62,600,pre-market,False
2026-08-04T10:42:00+00:00,704.6,704.62,704.56,704.56,627,pre-market,False
2026-08-04T10:43:00+00:00,704.63,704.81,704.63,704.78,2826,pre-market,False
2026-08-04T10:44:00+00:00,704.6,705.63,704.59,705.53,4309,pre-market,False
2026-08-04T10:45:00+00:00,705.32,705.85,705.3,705.72,12239,pre-market,False
2026-08-04T10:46:00+00:00,705.86,705.91,705.62,705.71,16397,pre-market,False
2026-08-04T10:47:00+00:00,705.85,705.98,705.72,705.78,22873,pre-market,False
2026-08-04T10:48:00+00:00,705.76,705.89,705.76,705.78,1358,pre-market,False
2026-08-04T10:49:00+00:00,705.67,706.01,705.67,705.95,4893,pre-market,False
2026-08-04T10:50:00+00:00,705.65,705.65,705.39,705.39,450,pre-market,False
2026-08-04T10:51:00+00:00,705.29,705.39,705.29,705.39,1858,pre-market,False
2026-08-04T10:52:00+00:00,705.3,705.55,705.28,705.52,1329,pre-market,False
2026-08-04T10:53:00+00:00,705.66,705.68,705.33,705.33,1364,pre-market,False
2026-08-04T10:54:00+00:00,705.33,705.39,705.23,705.39,2400,pre-market,False
2026-08-04T10:55:00+00:00,705.4,705.54,705.39,705.54,4286,pre-market,False
2026-08-04T10:56:00+00:00,705.36,705.36,705.22,705.22,100,pre-market,False
2026-08-04T10:57:00+00:00,705.21,705.28,705.11,705.28,4596,pre-market,False
2026-08-04T10:58:00+00:00,705.32,705.42,705.28,705.41,2481,pre-market,False
2026-08-04T10:59:00+00:00,705.35,705.4,705.28,705.28,1982,pre-market,False
2026-08-04T11:00:00+00:00,705.3,705.73,705.28,705.67,12097,pre-market,False
2026-08-04T11:01:00+00:00,705.73,705.81,705.53,705.76,2002,pre-market,False
2026-08-04T11:02:00+00:00,705.8,705.85,705.71,705.85,7221,pre-market,False
2026-08-04T11:03:00+00:00,705.78,706.01,705.78,706.0,5262,pre-market,False
2026-08-04T11:04:00+00:00,706.01,706.01,705.84,705.99,10111,pre-market,False
2026-08-04T11:05:00+00:00,705.95,706.04,705.85,706.01,6157,pre-market,False
2026-08-04T11:06:00+00:00,705.98,705.98,705.82,705.87,1425,pre-market,False
2026-08-04T11:07:00+00:00,705.87,705.94,705.76,705.8,2320,pre-market,False
2026-08-04T11:08:00+00:00,705.76,705.94,705.7,705.7,3009,pre-market,False
2026-08-04T11:09:00+00:00,705.76,705.76,705.58,705.67,2643,pre-market,False
2026-08-04T11:10:00+00:00,705.65,705.73,705.53,705.62,8565,pre-market,False
2026-08-04T11:11:00+00:00,705.63,705.63,705.42,705.43,732,pre-market,False
2026-08-04T11:12:00+00:00,705.57,705.61,705.46,705.57,1095,pre-market,False
2026-08-04T11:13:00+00:00,705.61,705.9,705.61,705.89,2486,pre-market,False
2026-08-04T11:14:00+00:00,705.95,706.14,705.89,706.03,4935,pre-market,False
2026-08-04T11:15:00+00:00,706.01,706.1,705.97,706.04,7173,pre-market,False
2026-08-04T11:16:00+00:00,706.06,706.06,705.94,705.94,970,pre-market,False
2026-08-04T11:17:00+00:00,705.95,706.1,705.92,706.03,6831,pre-market,False
2026-08-04T11:18:00+00:00,706.01,706.1,706.0,706.01,1172,pre-market,False
2026-08-04T11:19:00+00:00,706.11,706.2,706.1,706.19,15377,pre-market,False
2026-08-04T11:20:00+00:00,706.24,706.32,706.2,706.24,1638,pre-market,False
2026-08-04T11:21:00+00:00,706.26,706.55,706.2,706.51,4916,pre-market,False
2026-08-04T11:22:00+00:00,706.47,706.56,706.44,706.5,3029,pre-market,False
2026-08-04T11:23:00+00:00,706.53,706.53,706.34,706.34,1235,pre-market,False
2026-08-04T11:24:00+00:00,706.32,706.32,706.19,706.19,549,pre-market,False
2026-08-04T11:25:00+00:00,706.17,706.37,706.14,706.37,456,pre-market,False
2026-08-04T11:26:00+00:00,706.26,706.34,706.25,706.29,520,pre-market,False
2026-08-04T11:27:00+00:00,706.26,706.35,706.25,706.35,1836,pre-market,False
2026-08-04T11:28:00+00:00,706.34,706.66,706.34,706.64,4009,pre-market,False
2026-08-04T11:29:00+00:00,706.6,706.66,706.58,706.6,4672,pre-market,False
2026-08-04T11:30:00+00:00,706.64,706.65,706.48,706.49,3007,pre-market,False
2026-08-04T11:31:00+00:00,706.46,706.58,706.46,706.57,889,pre-market,False
2026-08-04T11:32:00+00:00,706.62,706.71,706.52,706.6,6756,pre-market,False
2026-08-04T11:33:00+00:00,706.66,706.67,706.5,706.53,2382,pre-market,False
2026-08-04T11:34:00+00:00,706.55,706.67,706.55,706.67,10301,pre-market,False
2026-08-04T11:35:00+00:00,706.57,706.6,706.49,706.6,3569,pre-market,False
2026-08-04T11:36:00+00:00,706.66,706.68,706.49,706.49,2256,pre-market,False
2026-08-04T11:37:00+00:00,706.5,706.5,706.4,706.47,2180,pre-market,False
2026-08-04T11:38:00+00:00,706.5,706.51,706.37,706.41,9058,pre-market,False
2026-08-04T11:39:00+00:00,706.47,706.7,706.41,706.59,2677,pre-market,False
2026-08-04T11:40:00+00:00,706.58,706.58,706.26,706.27,3820,pre-market,False
2026-08-04T11:41:00+00:00,706.26,706.29,706.2,706.22,5966,pre-market,False
2026-08-04T11:42:00+00:00,706.24,706.38,706.24,706.38,1791,pre-market,False
2026-08-04T11:43:00+00:00,706.4,707.4,706.4,707.2,12548,pre-market,False
2026-08-04T11:44:00+00:00,707.1,707.62,706.7,707.44,7889,pre-market,False
2026-08-04T11:45:00+00:00,707.42,707.44,707.14,707.3,7046,pre-market,False
2026-08-04T11:46:00+00:00,707.34,707.38,707.25,707.26,3139,pre-market,False
2026-08-04T11:47:00+00:00,707.32,707.48,707.32,707.37,3071,pre-market,False
2026-08-04T11:48:00+00:00,707.29,707.51,707.28,707.45,4049,pre-market,False
2026-08-04T11:49:00+00:00,707.49,707.78,707.43,707.78,15894,pre-market,False
2026-08-04T11:50:00+00:00,707.76,708.0,707.75,707.75,9630,pre-market,False
2026-08-04T11:51:00+00:00,707.73,708.2,707.73,708.2,11138,pre-market,False
2026-08-04T11:52:00+00:00,708.23,708.39,708.2,708.28,7624,pre-market,False
2026-08-04T11:53:00+00:00,708.28,708.39,708.2,708.38,5555,pre-market,False
2026-08-04T11:54:00+00:00,708.3,708.36,708.14,708.27,2681,pre-market,False
2026-08-04T11:55:00+00:00,708.3,708.39,708.17,708.35,4305,pre-market,False
2026-08-04T11:56:00+00:00,708.31,708.37,708.18,708.22,10058,pre-market,False
2026-08-04T11:57:00+00:00,708.26,708.27,707.91,708.01,15476,pre-market,False
2026-08-04T11:58:00+00:00,708.06,708.19,708.01,708.16,5542,pre-market,False
2026-08-04T11:59:00+00:00,708.14,708.28,708.03,708.24,3516,pre-market,False
2026-08-04T12:00:00+00:00,708.21,708.22,707.91,707.91,14323,pre-market,False
2026-08-04T12:01:00+00:00,707.86,707.95,707.71,707.71,24493,pre-market,False
2026-08-04T12:02:00+00:00,707.75,707.84,707.71,707.8,13810,pre-market,False
2026-08-04T12:03:00+00:00,707.81,707.91,707.73,707.81,3764,pre-market,False
2026-08-04T12:04:00+00:00,707.8,707.94,707.8,707.93,5164,pre-market,False
2026-08-04T12:05:00+00:00,707.9,707.95,707.7,707.74,27339,pre-market,False
2026-08-04T12:06:00+00:00,707.72,707.73,707.67,707.67,1950,pre-market,False
2026-08-04T12:07:00+00:00,707.71,707.78,707.47,707.72,5952,pre-market,False
2026-08-04T12:08:00+00:00,707.76,707.83,707.7,707.78,8140,pre-market,False
2026-08-04T12:09:00+00:00,707.76,707.76,707.57,707.7,2397,pre-market,False
2026-08-04T12:10:00+00:00,707.75,707.76,707.65,707.71,580,pre-market,False
2026-08-04T12:11:00+00:00,707.73,707.75,707.56,707.66,1793,pre-market,False
2026-08-04T12:12:00+00:00,707.64,707.7,707.55,707.55,2481,pre-market,False
2026-08-04T12:13:00+00:00,707.65,707.8,707.65,707.71,1068,pre-market,False
2026-08-04T12:14:00+00:00,707.7,707.73,699.54,707.54,4909,pre-market,False
2026-08-04T12:15:00+00:00,707.51,707.59,707.5,707.54,3028,pre-market,False
2026-08-04T12:16:00+00:00,707.56,707.62,707.52,707.53,4806,pre-market,False
2026-08-04T12:17:00+00:00,707.58,707.72,707.55,707.55,6662,pre-market,False
2026-08-04T12:18:00+00:00,707.62,707.7,707.55,707.7,4800,pre-market,False
2026-08-04T12:19:00+00:00,707.8,707.97,707.74,707.96,7604,pre-market,False
2026-08-04T12:20:00+00:00,707.96,708.05,707.86,707.88,3516,pre-market,False
2026-08-04T12:21:00+00:00,707.9,708.13,707.85,708.12,6290,pre-market,False
2026-08-04T12:22:00+00:00,708.15,708.15,707.95,708.08,2746,pre-market,False
2026-08-04T12:23:00+00:00,707.97,708.06,707.87,707.87,3421,pre-market,False
2026-08-04T12:24:00+00:00,707.88,707.91,707.84,707.84,2019,pre-market,False
2026-08-04T12:25:00+00:00,707.89,707.9,707.79,707.84,17268,pre-market,False
2026-08-04T12:26:00+00:00,707.86,707.9,707.8,707.9,971,pre-market,False
2026-08-04T12:27:00+00:00,707.9,707.95,707.81,707.84,3642,pre-market,False
2026-08-04T12:28:00+00:00,707.8,707.84,707.77,707.84,9322,pre-market,False
2026-08-04T12:29:00+00:00,707.89,707.92,707.83,707.92,5985,pre-market,False
2026-08-04T12:30:00+00:00,707.96,707.99,707.8,707.85,1588,pre-market,False
2026-08-04T12:31:00+00:00,707.89,707.97,707.37,707.37,13935,pre-market,False
2026-08-04T12:32:00+00:00,707.42,707.51,707.35,707.47,2320,pre-market,False
2026-08-04T12:33:00+00:00,707.44,707.65,707.42,707.52,4705,pre-market,False
2026-08-04T12:34:00+00:00,707.58,707.64,707.47,707.61,5658,pre-market,False
2026-08-04T12:35:00+00:00,707.65,707.66,707.56,707.56,957,pre-market,False
2026-08-04T12:36:00+00:00,707.65,707.75,707.52,707.52,2402,pre-market,False
2026-08-04T12:37:00+00:00,707.56,707.64,707.54,707.57,482,pre-market,False
2026-08-04T12:38:00+00:00,707.7,707.7,707.53,707.67,3310,pre-market,False
2026-08-04T12:39:00+00:00,707.77,707.87,707.76,707.76,2665,pre-market,False
2026-08-04T12:40:00+00:00,707.72,707.82,707.72,707.82,942,pre-market,False
2026-08-04T12:41:00+00:00,707.85,707.85,707.73,707.79,9742,pre-market,False
2026-08-04T12:42:00+00:00,707.74,707.74,707.67,707.68,3706,pre-market,False
2026-08-04T12:43:00+00:00,707.74,707.81,707.73,707.73,2219,pre-market,False
2026-08-04T12:44:00+00:00,707.74,707.89,707.74,707.89,28079,pre-market,False
2026-08-04T12:45:00+00:00,707.84,707.88,707.8,707.8,1356,pre-market,False
2026-08-04T12:46:00+00:00,707.81,707.82,707.57,707.57,1878,pre-market,False
2026-08-04T12:47:00+00:00,707.55,707.61,707.35,707.41,8204,pre-market,False
2026-08-04T12:48:00+00:00,707.41,707.45,707.3,707.35,7522,pre-market,False
2026-08-04T12:49:00+00:00,707.35,707.41,707.28,707.33,2514,pre-market,False
2026-08-04T12:50:00+00:00,707.32,707.38,707.28,707.36,1540,pre-market,False
2026-08-04T12:51:00+00:00,707.36,707.49,707.36,707.48,3653,pre-market,False
2026-08-04T12:52:00+00:00,707.37,707.41,707.29,707.3,2891,pre-market,False
2026-08-04T12:53:00+00:00,707.25,707.36,701.99,707.36,12374,pre-market,False
2026-08-04T12:54:00+00:00,707.29,707.3,707.17,707.24,8534,pre-market,False
2026-08-04T12:55:00+00:00,707.12,707.38,707.05,707.38,33772,pre-market,False
2026-08-04T12:56:00+00:00,707.38,707.44,707.33,707.4,34269,pre-market,False
2026-08-04T12:57:00+00:00,707.39,707.56,707.37,707.56,36075,pre-market,False
2026-08-04T12:58:00+00:00,707.56,707.7,707.42,707.65,32815,pre-market,False
2026-08-04T12:59:00+00:00,707.6,707.6,707.43,707.49,16391,pre-market,False
2026-08-04T13:00:00+00:00,707.49,707.64,707.16,707.35,29294,pre-market,False
2026-08-04T13:01:00+00:00,707.39,707.53,707.32,707.52,5692,pre-market,False
2026-08-04T13:02:00+00:00,707.5,707.9,707.5,707.8,4298,pre-market,False
2026-08-04T13:03:00+00:00,707.85,708.0,707.81,707.94,4838,pre-market,False
2026-08-04T13:04:00+00:00,707.93,707.93,707.67,707.85,1690,pre-market,False
2026-08-04T13:05:00+00:00,707.88,707.9,707.85,707.86,486,pre-market,False
2026-08-04T13:06:00+00:00,707.86,708.0,707.85,707.86,2013,pre-market,False
2026-08-04T13:07:00+00:00,707.86,707.97,707.84,707.9,2832,pre-market,False
2026-08-04T13:08:00+00:00,707.94,708.08,707.91,708.04,3521,pre-market,False
2026-08-04T13:09:00+00:00,708.05,708.12,707.96,707.96,2950,pre-market,False
2026-08-04T13:10:00+00:00,708.05,708.1,707.98,708.06,1744,pre-market,False
2026-08-04T13:11:00+00:00,708.07,708.16,708.04,708.07,2259,pre-market,False
2026-08-04T13:12:00+00:00,708.11,708.19,708.07,708.19,4524,pre-market,False
2026-08-04T13:13:00+00:00,708.15,708.16,708.0,708.03,10207,pre-market,False
2026-08-04T13:14:00+00:00,708.0,708.09,708.0,708.09,2060,pre-market,False
2026-08-04T13:15:00+00:00,708.09,708.23,708.09,708.18,5971,pre-market,False
2026-08-04T13:16:00+00:00,708.2,708.22,708.02,708.13,3593,pre-market,False
2026-08-04T13:17:00+00:00,708.13,708.23,708.09,708.13,3796,pre-market,False
2026-08-04T13:18:00+00:00,708.1,708.1,707.93,707.98,3954,pre-market,False
2026-08-04T13:19:00+00:00,708.0,708.0,707.93,708.0,5987,pre-market,False
2026-08-04T13:20:00+00:00,707.95,709.28,707.9,709.07,117563,pre-market,False
2026-08-04T13:21:00+00:00,709.05,709.25,708.56,708.81,9528,pre-market,False
2026-08-04T13:22:00+00:00,708.62,708.81,708.43,708.68,5985,pre-market,False
2026-08-04T13:23:00+00:00,708.72,708.74,708.38,708.6,6978,pre-market,False
2026-08-04T13:24:00+00:00,708.56,708.57,708.12,708.31,4415,pre-market,False
2026-08-04T13:25:00+00:00,708.39,708.61,708.17,708.19,54012,pre-market,False
2026-08-04T13:26:00+00:00,708.19,708.42,708.15,708.29,17866,pre-market,False
2026-08-04T13:27:00+00:00,708.35,708.4,708.03,708.18,16801,pre-market,False
2026-08-04T13:28:00+00:00,708.23,708.36,707.92,707.92,16010,pre-market,False
2026-08-04T13:29:00+00:00,707.92,708.18,707.81,708.18,24903,pre-market,False
2026-08-04T13:30:00+00:00,708.21,709.89,707.53,709.88,545375,regular,False
2026-08-04T13:31:00+00:00,709.84,710.14,709.64,710.13,273568,regular,False
2026-08-04T13:32:00+00:00,710.14,710.72,710.14,710.69,197085,regular,False
2026-08-04T13:33:00+00:00,710.67,711.48,710.5,711.45,270661,regular,False
2026-08-04T13:34:00+00:00,711.45,711.8,711.07,711.76,264650,regular,False
2026-08-04T13:35:00+00:00,711.77,712.47,711.76,712.32,232037,regular,False
2026-08-04T13:36:00+00:00,712.27,712.55,711.89,711.91,167990,regular,False
2026-08-04T13:37:00+00:00,711.9,711.96,711.22,711.62,199582,regular,False
2026-08-04T13:38:00+00:00,711.71,712.44,711.23,711.3,107686,regular,False
2026-08-04T13:39:00+00:00,711.33,712.04,711.15,712.04,84346,regular,False
2026-08-04T13:40:00+00:00,712.07,712.63,711.85,712.18,111063,regular,False
2026-08-04T13:41:00+00:00,712.24,712.97,712.24,712.9,165352,regular,False
2026-08-04T13:42:00+00:00,712.89,713.48,712.67,713.37,171172,regular,False
2026-08-04T13:43:00+00:00,713.37,713.48,712.7,712.73,231486,regular,False
2026-08-04T13:44:00+00:00,712.76,712.87,712.1,712.52,163188,regular,False
2026-08-04T13:45:00+00:00,712.49,713.57,712.49,713.49,166277,regular,False
2026-08-04T13:46:00+00:00,713.47,713.65,713.05,713.25,110748,regular,False
2026-08-04T13:47:00+00:00,713.26,713.35,712.88,713.06,110745,regular,False
2026-08-04T13:48:00+00:00,713.06,713.67,712.97,713.37,117587,regular,False
2026-08-04T13:49:00+00:00,713.36,713.61,713.11,713.61,120178,regular,False
2026-08-04T13:50:00+00:00,713.65,714.57,713.53,714.24,278190,regular,False
2026-08-04T13:51:00+00:00,714.22,714.65,714.21,714.26,131499,regular,False
2026-08-04T13:52:00+00:00,714.28,714.5,714.1,714.39,81592,regular,False
2026-08-04T13:53:00+00:00,714.38,714.52,713.99,714.39,126675,regular,False
2026-08-04T13:54:00+00:00,714.37,714.66,714.2,714.62,101725,regular,False
2026-08-04T13:55:00+00:00,714.62,714.65,713.66,713.73,135543,regular,False
2026-08-04T13:56:00+00:00,713.7,713.8,712.8,713.06,218473,regular,False
2026-08-04T13:57:00+00:00,713.04,713.62,712.9,713.22,97595,regular,False
2026-08-04T13:58:00+00:00,713.28,713.72,713.21,713.59,57271,regular,False
2026-08-04T13:59:00+00:00,713.6,713.72,713.04,713.65,82776,regular,False
2026-08-04T14:00:00+00:00,713.64,713.82,712.98,713.55,123043,regular,False
2026-08-04T14:01:00+00:00,713.52,713.82,713.04,713.81,184136,regular,False
2026-08-04T14:02:00+00:00,713.83,714.5,713.83,714.18,128369,regular,False
2026-08-04T14:03:00+00:00,714.18,714.52,713.85,714.29,90710,regular,False
2026-08-04T14:04:00+00:00,714.3,714.52,714.25,714.26,98156,regular,False
2026-08-04T14:05:00+00:00,714.26,715.06,714.23,714.95,127614,regular,False
2026-08-04T14:06:00+00:00,714.97,715.15,714.82,714.94,147413,regular,False
2026-08-04T14:07:00+00:00,714.96,715.3,714.87,715.14,120816,regular,False
2026-08-04T14:08:00+00:00,715.14,715.4,715.07,715.35,85196,regular,False
2026-08-04T14:09:00+00:00,715.35,715.36,714.7,715.04,94299,regular,False
2026-08-04T14:10:00+00:00,715.03,715.16,714.77,715.11,79876,regular,False
2026-08-04T14:11:00+00:00,715.11,715.44,714.99,715.38,170666,regular,False
2026-08-04T14:12:00+00:00,715.37,715.52,715.31,715.47,116554,regular,False
2026-08-04T14:13:00+00:00,715.48,715.67,715.23,715.28,111177,regular,False
2026-08-04T14:14:00+00:00,715.31,715.6,715.29,715.6,121112,regular,False
2026-08-04T14:15:00+00:00,715.6,715.74,715.39,715.49,106371,regular,False
2026-08-04T14:16:00+00:00,715.51,715.62,715.04,715.19,125052,regular,False
2026-08-04T14:17:00+00:00,715.18,715.41,714.94,715.38,108348,regular,False
2026-08-04T14:18:00+00:00,715.4,715.49,714.88,715.09,148298,regular,False
2026-08-04T14:19:00+00:00,715.08,715.38,714.68,715.2,99062,regular,False
2026-08-04T14:20:00+00:00,715.2,715.22,714.41,714.71,114707,regular,False
2026-08-04T14:21:00+00:00,714.69,714.78,714.35,714.78,104866,regular,False
2026-08-04T14:22:00+00:00,714.81,715.02,714.54,714.8,116307,regular,False
2026-08-04T14:23:00+00:00,714.76,714.96,714.25,714.96,141787,regular,False
2026-08-04T14:25:00+00:00,714.78,715.54,714.74,715.47,92235,regular,False
2026-08-04T14:26:00+00:00,715.55,715.64,715.38,715.48,154332,regular,False
2026-08-04T14:27:00+00:00,715.51,715.8,715.48,715.76,195767,regular,False
2026-08-04T14:28:00+00:00,715.8,716.05,715.79,715.9,125908,regular,False
2026-08-04T14:29:00+00:00,715.93,716.22,715.67,716.01,98063,regular,False
2026-08-04T14:30:00+00:00,716.05,716.08,715.22,715.29,72816,regular,False
2026-08-04T14:31:00+00:00,715.32,715.9,715.3,715.55,132665,regular,False
2026-08-04T14:32:00+00:00,715.52,715.99,715.33,715.98,139792,regular,False
2026-08-04T14:33:00+00:00,715.98,716.2,715.73,715.98,79821,regular,False
2026-08-04T14:34:00+00:00,715.94,715.99,715.62,715.64,52409,regular,False
2026-08-04T14:35:00+00:00,715.66,715.96,715.65,715.84,58089,regular,False
2026-08-04T14:36:00+00:00,715.82,715.87,715.37,715.42,73724,regular,False
2026-08-04T14:37:00+00:00,715.4,715.85,715.11,715.75,74466,regular,False
2026-08-04T14:38:00+00:00,715.72,716.4,715.26,715.32,185611,regular,False
2026-08-04T14:39:00+00:00,715.32,715.46,715.07,715.25,77088,regular,False
2026-08-04T14:40:00+00:00,715.28,715.64,715.15,715.48,83696,regular,False
2026-08-04T14:41:00+00:00,715.48,715.5,715.22,715.38,48491,regular,False
2026-08-04T14:42:00+00:00,715.42,715.87,715.33,715.72,50729,regular,False
2026-08-04T14:43:00+00:00,715.7,715.8,715.46,715.76,78194,regular,False
2026-08-04T14:44:00+00:00,715.73,716.08,715.64,716.0,73055,regular,False
2026-08-04T14:45:00+00:00,716.02,716.02,715.67,715.75,49718,regular,False
2026-08-04T14:46:00+00:00,715.76,716.1,715.66,715.89,42192,regular,False
2026-08-04T14:47:00+00:00,715.87,716.02,715.76,716.01,37833,regular,False
2026-08-04T14:48:00+00:00,716.01,716.04,715.72,715.87,53555,regular,False
2026-08-04T14:49:00+00:00,715.88,715.98,715.67,715.75,55337,regular,False
2026-08-04T14:50:00+00:00,715.75,715.98,715.53,715.6,56841,regular,False
2026-08-04T14:51:00+00:00,715.6,715.7,715.33,715.45,69257,regular,False
2026-08-04T14:52:00+00:00,715.47,715.84,715.38,715.74,59223,regular,False
2026-08-04T14:53:00+00:00,715.75,715.79,715.6,715.62,64583,regular,False
2026-08-04T14:54:00+00:00,715.61,715.85,715.49,715.7,59819,regular,False
2026-08-04T14:55:00+00:00,715.72,715.73,715.28,715.43,85469,regular,False
2026-08-04T14:56:00+00:00,715.43,715.68,715.3,715.34,109959,regular,False
2026-08-04T14:57:00+00:00,715.32,715.64,715.26,715.26,49979,regular,False
2026-08-04T14:58:00+00:00,715.24,715.55,715.24,715.42,45494,regular,False
2026-08-04T14:59:00+00:00,715.41,715.89,715.39,715.8,42276,regular,False
2026-08-04T15:00:00+00:00,715.85,716.0,715.74,715.81,76463,regular,False
2026-08-04T15:01:00+00:00,715.81,716.33,715.77,716.2,111996,regular,False
2026-08-04T15:02:00+00:00,716.21,716.56,716.2,716.53,99817,regular,False
2026-08-04T15:03:00+00:00,716.52,716.79,716.46,716.61,74683,regular,False
2026-08-04T15:04:00+00:00,716.62,716.78,716.61,716.68,52668,regular,False
2026-08-04T15:05:00+00:00,716.71,716.74,716.36,716.43,79397,regular,False
2026-08-04T15:06:00+00:00,716.42,716.58,716.25,716.52,85853,regular,False
2026-08-04T15:07:00+00:00,716.54,716.66,716.38,716.61,83905,regular,False
2026-08-04T15:08:00+00:00,716.61,716.65,716.4,716.62,143530,regular,False
2026-08-04T15:09:00+00:00,716.62,716.95,716.62,716.92,72546,regular,False
2026-08-04T15:10:00+00:00,716.93,716.97,716.77,716.91,79024,regular,False
2026-08-04T15:11:00+00:00,716.92,717.04,716.83,717.04,100231,regular,False
2026-08-04T15:12:00+00:00,717.05,717.4,717.03,717.35,104931,regular,False
2026-08-04T15:13:00+00:00,717.37,717.65,717.37,717.6,164345,regular,False
2026-08-04T15:14:00+00:00,717.6,717.63,717.42,717.53,132044,regular,False
2026-08-04T15:15:00+00:00,717.53,717.65,717.4,717.63,75025,regular,False
2026-08-04T15:16:00+00:00,717.63,717.76,717.56,717.61,85570,regular,False
2026-08-04T15:17:00+00:00,717.61,717.69,717.5,717.57,145151,regular,False
2026-08-04T15:18:00+00:00,717.56,717.68,717.49,717.67,145543,regular,False
2026-08-04T15:19:00+00:00,717.68,717.89,717.63,717.83,95618,regular,False
2026-08-04T15:20:00+00:00,717.84,718.08,717.8,718.06,130359,regular,False
2026-08-04T15:21:00+00:00,718.06,718.26,718.0,718.25,125314,regular,False
2026-08-04T15:22:00+00:00,718.24,718.48,718.18,718.21,121939,regular,False
2026-08-04T15:23:00+00:00,718.2,718.53,718.17,718.46,96372,regular,False
2026-08-04T15:24:00+00:00,718.45,718.49,718.35,718.47,145524,regular,False
2026-08-04T15:25:00+00:00,718.46,718.57,718.35,718.38,189630,regular,False
2026-08-04T15:26:00+00:00,718.39,718.42,718.18,718.35,97815,regular,False
2026-08-04T15:27:00+00:00,718.35,718.4,717.94,717.97,184423,regular,False
2026-08-04T15:28:00+00:00,717.98,718.12,717.88,718.06,97722,regular,False
2026-08-04T15:29:00+00:00,718.06,718.11,717.88,717.99,62407,regular,False
2026-08-04T15:30:00+00:00,717.98,718.14,717.88,717.94,103123,regular,False
2026-08-04T15:31:00+00:00,717.94,718.12,717.8,718.11,106089,regular,False
2026-08-04T15:32:00+00:00,718.11,718.12,717.88,717.96,157726,regular,False
2026-08-04T15:33:00+00:00,717.96,718.01,717.74,717.74,81804,regular,False
2026-08-04T15:34:00+00:00,717.75,717.84,717.58,717.74,131457,regular,False
2026-08-04T15:35:00+00:00,717.74,718.17,717.73,718.07,107222,regular,False
2026-08-04T15:36:00+00:00,718.05,718.13,717.96,718.03,53917,regular,False
2026-08-04T15:37:00+00:00,718.04,718.21,718.02,718.15,83656,regular,False
2026-08-04T15:38:00+00:00,718.15,718.89,717.9,718.8,141337,regular,False
2026-08-04T15:39:00+00:00,718.79,719.02,718.58,718.7,109849,regular,False
2026-08-04T15:40:00+00:00,718.65,718.91,718.57,718.63,78930,regular,False
2026-08-04T15:41:00+00:00,718.63,718.8,718.54,718.66,72377,regular,False
2026-08-04T15:42:00+00:00,718.66,718.77,718.42,718.74,71224,regular,False
2026-08-04T15:43:00+00:00,718.74,718.82,718.69,718.8,70374,regular,False
2026-08-04T15:44:00+00:00,718.8,718.98,718.74,718.93,78354,regular,False
2026-08-04T15:45:00+00:00,718.94,719.12,718.93,719.1,84844,regular,False
2026-08-04T15:46:00+00:00,719.11,719.16,719.05,719.13,76921,regular,False
2026-08-04T15:47:00+00:00,719.13,719.22,718.94,719.16,148966,regular,False
2026-08-04T15:48:00+00:00,719.18,719.25,719.07,719.18,55212,regular,False
2026-08-04T15:49:00+00:00,719.18,719.19,719.01,719.08,59358,regular,False
2026-08-04T15:50:00+00:00,719.08,719.25,719.04,719.18,80047,regular,False
2026-08-04T15:51:00+00:00,719.18,719.33,719.16,719.2,137362,regular,False
2026-08-04T15:52:00+00:00,719.19,719.4,719.18,719.35,102363,regular,False
2026-08-04T15:53:00+00:00,719.34,719.37,718.98,719.02,101635,regular,False
2026-08-04T15:54:00+00:00,719.0,719.02,718.84,718.88,116163,regular,False
2026-08-04T15:55:00+00:00,718.89,719.11,718.78,719.08,86887,regular,False
2026-08-04T15:56:00+00:00,719.09,719.12,718.88,718.91,53399,regular,False
2026-08-04T15:57:00+00:00,718.94,719.0,718.87,718.95,55011,regular,False
2026-08-04T15:58:00+00:00,718.95,718.99,718.88,718.94,48441,regular,False
2026-08-04T15:59:00+00:00,718.93,718.93,718.71,718.8,67662,regular,False
2026-08-04T16:00:00+00:00,718.79,719.35,718.76,719.35,67608,regular,False
2026-08-04T16:01:00+00:00,719.34,719.46,719.2,719.32,49124,regular,False
2026-08-04T16:02:00+00:00,719.32,719.35,719.17,719.23,69029,regular,False
2026-08-04T16:03:00+00:00,719.23,719.28,719.18,719.18,60512,regular,False
2026-08-04T16:04:00+00:00,719.2,719.27,719.12,719.21,52627,regular,False
2026-08-04T16:05:00+00:00,719.22,719.44,719.19,719.33,59496,regular,False
2026-08-04T16:06:00+00:00,719.32,719.34,719.02,719.07,76761,regular,False
2026-08-04T16:07:00+00:00,719.07,719.17,719.03,719.09,55031,regular,False
2026-08-04T16:08:00+00:00,719.09,719.19,718.97,719.03,65707,regular,False
2026-08-04T16:09:00+00:00,719.02,719.06,718.91,718.93,49369,regular,False
2026-08-04T16:10:00+00:00,718.93,719.0,718.82,718.91,55874,regular,False
2026-08-04T16:11:00+00:00,718.9,718.91,718.66,718.66,80052,regular,False
2026-08-04T16:12:00+00:00,718.65,718.9,718.56,718.87,61180,regular,False
2026-08-04T16:13:00+00:00,718.87,719.14,718.83,719.05,72325,regular,False
2026-08-04T16:14:00+00:00,719.05,719.06,718.87,718.9,58736,regular,False
2026-08-04T16:15:00+00:00,718.91,719.09,718.88,719.09,48680,regular,False
2026-08-04T16:16:00+00:00,719.09,719.24,719.04,719.17,49425,regular,False
2026-08-04T16:17:00+00:00,719.16,719.27,719.1,719.24,65799,regular,False
2026-08-04T16:18:00+00:00,719.23,719.43,719.2,719.4,87037,regular,False
2026-08-04T16:19:00+00:00,719.4,719.69,719.37,719.63,103801,regular,False
2026-08-04T16:20:00+00:00,719.64,719.78,719.57,719.74,79426,regular,False
2026-08-04T16:21:00+00:00,719.75,719.92,719.71,719.84,80403,regular,False
2026-08-04T16:22:00+00:00,719.85,719.9,719.79,719.82,78420,regular,False
2026-08-04T16:23:00+00:00,719.83,719.86,719.72,719.82,60518,regular,False
2026-08-04T16:24:00+00:00,719.84,719.97,719.8,719.88,62698,regular,False
2026-08-04T16:25:00+00:00,719.88,719.89,719.65,719.8,69825,regular,False
2026-08-04T16:26:00+00:00,719.82,719.9,719.72,719.84,31868,regular,False
2026-08-04T16:27:00+00:00,719.84,719.86,719.77,719.82,49481,regular,False
2026-08-04T16:28:00+00:00,719.83,719.85,719.74,719.77,48785,regular,False
2026-08-04T16:29:00+00:00,719.77,719.78,719.61,719.65,108749,regular,False
2026-08-04T16:30:00+00:00,719.67,719.75,719.4,719.73,88165,regular,False
2026-08-04T16:31:00+00:00,719.73,719.91,719.65,719.88,78895,regular,False
2026-08-04T16:32:00+00:00,719.89,720.0,719.88,719.9,93761,regular,False
2026-08-04T16:33:00+00:00,719.91,720.07,719.9,720.06,68678,regular,False
2026-08-04T16:34:00+00:00,720.07,720.13,720.0,720.01,75826,regular,False
2026-08-04T16:35:00+00:00,720.02,720.13,719.93,720.09,113228,regular,False
2026-08-04T16:36:00+00:00,720.09,720.24,720.07,720.2,109837,regular,False
2026-08-04T16:37:00+00:00,720.19,720.27,720.12,720.14,150543,regular,False
2026-08-04T16:38:00+00:00,720.14,720.14,719.7,719.87,115896,regular,False
2026-08-04T16:39:00+00:00,719.87,719.98,719.83,719.87,89607,regular,False
2026-08-04T16:40:00+00:00,719.88,719.91,719.71,719.73,88905,regular,False
2026-08-04T16:41:00+00:00,719.74,719.8,719.65,719.66,73879,regular,False
2026-08-04T16:42:00+00:00,719.67,719.83,719.65,719.81,73428,regular,False
2026-08-04T16:43:00+00:00,719.81,719.94,719.76,719.88,55490,regular,False
2026-08-04T16:44:00+00:00,719.89,720.24,719.88,720.14,88661,regular,False
2026-08-04T16:45:00+00:00,720.14,720.35,720.13,720.3,75669,regular,False
2026-08-04T16:46:00+00:00,720.31,720.42,720.31,720.34,137401,regular,False
2026-08-04T16:47:00+00:00,720.35,720.44,720.25,720.43,84231,regular,False
2026-08-04T16:48:00+00:00,720.44,720.55,720.37,720.37,108597,regular,False
2026-08-04T16:49:00+00:00,720.37,720.57,720.31,720.56,119966,regular,False
2026-08-04T16:50:00+00:00,720.57,720.57,720.37,720.42,88781,regular,False
2026-08-04T16:51:00+00:00,720.43,720.59,720.43,720.52,82704,regular,False
2026-08-04T16:52:00+00:00,720.51,720.6,720.39,720.5,71517,regular,False
2026-08-04T16:53:00+00:00,720.5,720.59,720.41,720.56,71149,regular,False
2026-08-04T16:54:00+00:00,720.55,720.6,720.38,720.41,97375,regular,False
2026-08-04T16:55:00+00:00,720.41,720.5,720.34,720.34,85502,regular,False
2026-08-04T16:56:00+00:00,720.35,720.49,720.28,720.49,83437,regular,False
2026-08-04T16:57:00+00:00,720.5,720.59,720.41,720.51,86945,regular,False
2026-08-04T16:58:00+00:00,720.52,720.54,720.43,720.47,62151,regular,False
2026-08-04T16:59:00+00:00,720.47,720.57,720.41,720.57,52609,regular,False
2026-08-04T17:00:00+00:00,720.57,721.03,720.48,720.99,111337,regular,False
2026-08-04T17:01:00+00:00,721.0,721.27,720.98,721.12,146094,regular,False
2026-08-04T17:02:00+00:00,721.12,721.15,720.96,721.01,68437,regular,False
2026-08-04T17:03:00+00:00,721.02,721.24,720.98,721.24,63389,regular,False
2026-08-04T17:04:00+00:00,721.24,721.5,721.23,721.45,146276,regular,False
2026-08-04T17:05:00+00:00,721.46,721.77,721.32,721.33,103938,regular,False
2026-08-04T17:06:00+00:00,721.31,721.46,721.22,721.44,81393,regular,False
2026-08-04T17:07:00+00:00,721.45,721.76,721.44,721.76,54206,regular,False
2026-08-04T17:08:00+00:00,721.76,721.8,721.57,721.73,36508,regular,False
2026-08-04T17:09:00+00:00,721.73,721.73,721.49,721.58,43570,regular,False
2026-08-04T17:10:00+00:00,721.58,721.73,721.54,721.6,58876,regular,False
2026-08-04T17:11:00+00:00,721.59,721.83,721.49,721.75,59425,regular,False
2026-08-04T17:12:00+00:00,721.77,721.9,721.73,721.84,60879,regular,False
2026-08-04T17:13:00+00:00,721.84,721.87,721.56,721.7,93080,regular,False
2026-08-04T17:14:00+00:00,721.7,721.85,721.67,721.83,40580,regular,False
2026-08-04T17:15:00+00:00,721.84,721.95,721.74,721.9,108590,regular,False
2026-08-04T17:16:00+00:00,721.89,721.89,721.51,721.63,140091,regular,False
2026-08-04T17:17:00+00:00,721.64,722.0,721.56,721.83,109019,regular,False
2026-08-04T17:18:00+00:00,721.85,721.88,721.62,721.73,40002,regular,False
2026-08-04T17:19:00+00:00,721.71,721.78,721.62,721.67,48564,regular,False
2026-08-04T17:20:00+00:00,721.68,721.8,721.5,721.52,81131,regular,False
2026-08-04T17:21:00+00:00,721.49,721.71,721.44,721.61,77763,regular,False
2026-08-04T17:22:00+00:00,721.6,721.7,721.53,721.64,38288,regular,False
2026-08-04T17:23:00+00:00,721.62,721.95,721.57,721.93,50376,regular,False
2026-08-04T17:24:00+00:00,721.92,722.03,721.85,721.98,96863,regular,False
2026-08-04T17:25:00+00:00,721.98,722.08,721.95,722.07,134175,regular,False
2026-08-04T17:26:00+00:00,722.08,722.43,722.07,722.32,148398,regular,False
2026-08-04T17:27:00+00:00,722.32,722.49,722.23,722.44,49965,regular,False
2026-08-04T17:28:00+00:00,722.44,722.5,722.31,722.32,66512,regular,False
2026-08-04T17:29:00+00:00,722.32,722.37,722.24,722.35,37093,regular,False
2026-08-04T17:30:00+00:00,722.35,722.35,722.0,722.22,66913,regular,False
2026-08-04T17:31:00+00:00,722.25,722.26,721.98,722.11,45941,regular,False
2026-08-04T17:32:00+00:00,722.12,722.39,722.11,722.39,44477,regular,False
2026-08-04T17:33:00+00:00,722.39,722.44,722.17,722.24,41684,regular,False
2026-08-04T17:34:00+00:00,722.24,722.35,722.11,722.35,32218,regular,False
2026-08-04T17:35:00+00:00,722.33,722.47,722.29,722.39,61592,regular,False
2026-08-04T17:36:00+00:00,722.38,722.62,722.35,722.62,67303,regular,False
2026-08-04T17:37:00+00:00,722.65,722.82,722.6,722.79,76358,regular,False
2026-08-04T17:38:00+00:00,722.79,723.04,722.78,722.98,68961,regular,False
2026-08-04T17:39:00+00:00,722.98,723.05,722.89,723.03,56078,regular,False
2026-08-04T17:40:00+00:00,723.02,723.24,722.99,723.23,70607,regular,False
2026-08-04T17:41:00+00:00,723.24,723.33,723.12,723.24,62353,regular,False
2026-08-04T17:42:00+00:00,723.23,723.36,723.2,723.35,55229,regular,False
2026-08-04T17:43:00+00:00,723.33,723.35,723.13,723.32,52359,regular,False
2026-08-04T17:44:00+00:00,723.3,723.48,723.29,723.48,59171,regular,False
2026-08-04T17:45:00+00:00,723.49,723.88,723.48,723.84,89888,regular,False
2026-08-04T17:46:00+00:00,723.85,724.0,723.74,723.96,119197,regular,False
2026-08-04T17:47:00+00:00,723.95,724.09,723.91,723.99,129185,regular,False
2026-08-04T17:48:00+00:00,723.96,724.2,723.93,724.2,117258,regular,False
2026-08-04T17:49:00+00:00,724.2,724.28,723.76,723.86,128143,regular,False
2026-08-04T17:50:00+00:00,723.85,723.86,723.23,723.3,180394,regular,False
2026-08-04T17:51:00+00:00,723.28,723.35,722.91,723.0,106839,regular,False
2026-08-04T17:52:00+00:00,723.04,723.28,722.9,723.09,101721,regular,False
2026-08-04T17:53:00+00:00,723.12,723.33,723.05,723.28,54769,regular,False
2026-08-04T17:54:00+00:00,723.28,723.32,723.02,723.02,40996,regular,False
2026-08-04T17:55:00+00:00,723.03,723.18,722.71,723.11,137078,regular,False
2026-08-04T17:56:00+00:00,723.12,723.36,722.97,723.14,91431,regular,False
2026-08-04T17:57:00+00:00,723.18,723.39,723.15,723.33,71806,regular,False
2026-08-04T17:58:00+00:00,723.35,723.46,723.18,723.18,53568,regular,False
2026-08-04T17:59:00+00:00,723.19,723.19,722.73,722.73,104790,regular,False
2026-08-04T18:00:00+00:00,722.73,722.87,722.12,722.36,150804,regular,False
2026-08-04T18:01:00+00:00,722.36,722.88,722.33,722.82,54876,regular,False
2026-08-04T18:02:00+00:00,722.94,723.19,722.81,722.97,61807,regular,False
2026-08-04T18:03:00+00:00,723.03,723.09,722.76,723.04,42609,regular,False
2026-08-04T18:04:00+00:00,723.03,723.03,722.24,722.31,55620,regular,False
2026-08-04T18:05:00+00:00,722.33,722.63,722.15,722.61,63469,regular,False
2026-08-04T18:06:00+00:00,722.6,722.7,722.16,722.54,56388,regular,False
2026-08-04T18:07:00+00:00,722.54,722.97,722.54,722.7,38457,regular,False
2026-08-04T18:08:00+00:00,722.69,722.75,722.51,722.69,31873,regular,False
2026-08-04T18:09:00+00:00,722.69,723.04,722.61,722.83,53439,regular,False
2026-08-04T18:10:00+00:00,722.86,722.97,722.62,722.75,26195,regular,False
2026-08-04T18:11:00+00:00,722.72,722.83,722.48,722.6,30349,regular,False
2026-08-04T18:12:00+00:00,722.6,722.79,722.5,722.76,37021,regular,False
2026-08-04T18:13:00+00:00,722.77,723.14,722.64,723.03,53678,regular,False
2026-08-04T18:14:00+00:00,723.01,723.34,722.89,723.34,79575,regular,False
2026-08-04T18:15:00+00:00,723.34,723.53,723.29,723.41,47394,regular,False
2026-08-04T18:16:00+00:00,723.39,723.44,723.24,723.36,37733,regular,False
2026-08-04T18:17:00+00:00,723.34,723.46,723.27,723.3,29558,regular,False
2026-08-04T18:18:00+00:00,723.29,723.56,723.25,723.56,44020,regular,False
2026-08-04T18:19:00+00:00,723.56,723.7,723.46,723.57,33514,regular,False
2026-08-04T18:20:00+00:00,723.56,723.69,723.45,723.65,73847,regular,False
2026-08-04T18:21:00+00:00,723.69,723.7,723.36,723.45,74294,regular,False
2026-08-04T18:22:00+00:00,723.48,723.9,723.46,723.63,47232,regular,False
2026-08-04T18:23:00+00:00,723.66,723.82,723.65,723.69,47726,regular,False
2026-08-04T18:24:00+00:00,723.73,723.73,723.54,723.59,56293,regular,False
2026-08-04T18:25:00+00:00,723.59,723.79,723.58,723.58,27465,regular,False
2026-08-04T18:26:00+00:00,723.55,723.65,723.43,723.55,48046,regular,False
2026-08-04T18:27:00+00:00,723.54,723.62,723.36,723.42,23109,regular,False
2026-08-04T18:28:00+00:00,723.45,723.64,723.41,723.64,13025,regular,False
2026-08-04T18:29:00+00:00,723.64,723.83,723.61,723.82,19900,regular,False
2026-08-04T18:30:00+00:00,723.84,724.14,723.81,724.13,37538,regular,False
2026-08-04T18:31:00+00:00,724.13,724.16,723.86,723.9,48663,regular,False
2026-08-04T18:32:00+00:00,723.9,724.07,723.88,724.0,22370,regular,False
2026-08-04T18:33:00+00:00,724.0,724.0,723.74,723.84,36883,regular,False
2026-08-04T18:34:00+00:00,723.82,723.95,723.59,723.67,84853,regular,False
2026-08-04T18:35:00+00:00,723.66,723.79,723.58,723.64,19311,regular,False
2026-08-04T18:36:00+00:00,723.66,723.75,723.61,723.71,18367,regular,False
2026-08-04T18:37:00+00:00,723.71,723.71,723.24,723.37,52764,regular,False
2026-08-04T18:38:00+00:00,723.36,723.45,723.21,723.29,28966,regular,False
2026-08-04T18:39:00+00:00,723.32,723.35,723.22,723.35,31271,regular,False
2026-08-04T18:40:00+00:00,723.32,723.32,722.9,723.05,46396,regular,False
2026-08-04T18:41:00+00:00,723.04,723.41,723.02,723.36,34336,regular,False
2026-08-04T18:42:00+00:00,723.36,723.36,722.95,722.98,31958,regular,False
2026-08-04T18:43:00+00:00,723.0,723.13,722.87,723.11,27639,regular,False
2026-08-04T18:44:00+00:00,723.11,723.33,723.1,723.18,25202,regular,False
2026-08-04T18:45:00+00:00,723.2,723.68,723.2,723.56,38616,regular,False
2026-08-04T18:46:00+00:00,723.57,723.87,723.57,723.83,45330,regular,False
2026-08-04T18:47:00+00:00,723.85,723.98,723.72,723.96,36669,regular,False
2026-08-04T18:48:00+00:00,723.98,724.1,723.91,724.05,47592,regular,False
2026-08-04T18:49:00+00:00,724.07,724.2,723.87,723.91,70769,regular,False
2026-08-04T18:50:00+00:00,723.89,724.15,723.85,724.13,28836,regular,False
2026-08-04T18:51:00+00:00,724.11,724.2,723.96,724.04,39107,regular,False
2026-08-04T18:52:00+00:00,724.04,724.07,723.89,723.94,57880,regular,False
2026-08-04T18:53:00+00:00,723.95,723.95,723.73,723.89,45447,regular,False
2026-08-04T18:54:00+00:00,723.89,724.0,723.73,723.84,19005,regular,False
2026-08-04T18:55:00+00:00,723.85,723.97,723.74,723.83,25853,regular,False
2026-08-04T18:56:00+00:00,723.85,723.94,723.76,723.83,35948,regular,False
2026-08-04T18:57:00+00:00,723.82,723.88,723.71,723.78,29560,regular,False
2026-08-04T18:58:00+00:00,723.77,723.94,723.77,723.89,22558,regular,False
2026-08-04T18:59:00+00:00,723.89,723.89,723.78,723.85,25840,regular,False
2026-08-04T19:00:00+00:00,723.86,724.35,723.8,724.34,92389,regular,False
2026-08-04T19:01:00+00:00,724.34,724.81,724.33,724.67,166554,regular,False
2026-08-04T19:02:00+00:00,724.66,724.84,724.59,724.84,43312,regular,False
2026-08-04T19:03:00+00:00,724.81,724.95,724.78,724.9,80296,regular,False
2026-08-04T19:04:00+00:00,724.9,724.9,724.58,724.63,47365,regular,False
2026-08-04T19:05:00+00:00,724.63,724.85,724.39,724.46,74034,regular,False
2026-08-04T19:06:00+00:00,724.44,724.75,724.39,724.71,70648,regular,False
2026-08-04T19:07:00+00:00,724.71,724.76,724.59,724.75,68462,regular,False
2026-08-04T19:08:00+00:00,724.76,724.84,724.59,724.84,43067,regular,False
2026-08-04T19:09:00+00:00,724.85,725.06,724.78,725.03,67944,regular,False
2026-08-04T19:10:00+00:00,725.02,725.09,724.89,724.97,36836,regular,False
2026-08-04T19:11:00+00:00,724.95,725.2,724.93,725.12,78358,regular,False
2026-08-04T19:12:00+00:00,725.11,725.14,724.9,724.95,83858,regular,False
2026-08-04T19:13:00+00:00,724.94,725.08,724.85,725.04,54088,regular,False
2026-08-04T19:14:00+00:00,725.03,725.1,724.92,724.96,24540,regular,False
2026-08-04T19:15:00+00:00,724.95,725.15,724.93,724.97,30733,regular,False
2026-08-04T19:16:00+00:00,724.96,725.37,724.86,725.32,72104,regular,False
2026-08-04T19:17:00+00:00,725.32,725.39,725.19,725.28,32851,regular,False
2026-08-04T19:18:00+00:00,725.28,725.32,725.1,725.15,49766,regular,False
2026-08-04T19:19:00+00:00,725.11,725.28,725.04,725.27,35037,regular,False
2026-08-04T19:20:00+00:00,725.26,725.33,725.22,725.24,27229,regular,False
2026-08-04T19:21:00+00:00,725.25,725.29,725.04,725.05,37701,regular,False
2026-08-04T19:22:00+00:00,725.04,725.1,724.89,724.91,50601,regular,False
2026-08-04T19:23:00+00:00,724.92,725.04,724.72,724.91,64545,regular,False
2026-08-04T19:24:00+00:00,724.88,725.02,724.82,724.82,34502,regular,False
2026-08-04T19:25:00+00:00,724.84,724.95,724.45,724.57,70351,regular,False
2026-08-04T19:26:00+00:00,724.56,724.57,724.34,724.42,109303,regular,False
2026-08-04T19:27:00+00:00,724.42,724.58,724.35,724.41,67949,regular,False
2026-08-04T19:28:00+00:00,724.41,724.42,724.12,724.13,72386,regular,False
2026-08-04T19:29:00+00:00,724.15,724.3,724.01,724.29,67622,regular,False
2026-08-04T19:30:00+00:00,724.29,724.37,724.02,724.3,37480,regular,False
2026-08-04T19:31:00+00:00,724.28,724.61,724.13,724.61,75239,regular,False
2026-08-04T19:32:00+00:00,724.59,724.62,724.4,724.53,69447,regular,False
2026-08-04T19:33:00+00:00,724.53,724.66,724.45,724.49,54094,regular,False
2026-08-04T19:34:00+00:00,724.5,724.6,724.33,724.58,37409,regular,False
2026-08-04T19:35:00+00:00,724.58,724.68,724.38,724.59,50143,regular,False
2026-08-04T19:36:00+00:00,724.57,724.66,724.38,724.65,36944,regular,False
2026-08-04T19:37:00+00:00,724.7,725.02,724.67,724.95,50103,regular,False
2026-08-04T19:38:00+00:00,724.96,725.05,724.9,724.91,42068,regular,False
2026-08-04T19:39:00+00:00,724.9,725.01,724.74,724.83,39652,regular,False
2026-08-04T19:40:00+00:00,724.81,724.99,724.78,724.99,36009,regular,False
2026-08-04T19:41:00+00:00,724.99,725.14,724.98,725.06,64321,regular,False
2026-08-04T19:42:00+00:00,725.06,725.32,725.06,725.29,67013,regular,False
2026-08-04T19:43:00+00:00,725.29,725.35,725.01,725.35,99261,regular,False
2026-08-04T19:44:00+00:00,725.35,725.53,725.31,725.49,87163,regular,False
2026-08-04T19:45:00+00:00,725.49,725.52,725.26,725.48,70545,regular,False
2026-08-04T19:46:00+00:00,725.49,725.66,725.24,725.31,119964,regular,False
2026-08-04T19:47:00+00:00,725.29,725.31,724.96,725.0,115199,regular,False
2026-08-04T19:48:00+00:00,725.01,725.02,724.76,724.99,88980,regular,False
2026-08-04T19:49:00+00:00,724.99,724.99,724.77,724.81,90098,regular,False
2026-08-04T19:50:00+00:00,724.82,725.0,724.22,724.47,192110,regular,False
2026-08-04T19:51:00+00:00,724.49,724.6,724.2,724.21,144887,regular,False
2026-08-04T19:52:00+00:00,724.21,724.39,723.95,724.31,198871,regular,False
2026-08-04T19:53:00+00:00,724.3,724.47,724.04,724.12,120005,regular,False
2026-08-04T19:54:00+00:00,724.11,724.13,723.6,723.6,202689,regular,False
2026-08-04T19:55:00+00:00,723.61,724.0,723.43,723.59,253217,regular,False
2026-08-04T19:56:00+00:00,723.6,723.63,723.2,723.27,236275,regular,False
2026-08-04T19:57:00+00:00,723.27,723.43,723.14,723.32,210839,regular,False
2026-08-04T19:58:00+00:00,723.32,723.77,723.23,723.74,238861,regular,False
2026-08-04T19:59:00+00:00,723.74,724.22,723.05,723.71,1158739,regular,False
2026-08-04T20:00:00+00:00,723.69,724.37,723.22,723.5,1092817,after-market,False
2026-08-04T20:01:00+00:00,723.4,723.93,723.4,723.74,29530,after-market,False
2026-08-04T20:02:00+00:00,723.8,724.09,723.7,724.05,37169,after-market,False
2026-08-04T20:03:00+00:00,724.12,724.17,723.78,723.84,17638,after-market,False
2026-08-04T20:04:00+00:00,723.81,724.04,723.79,723.87,11927,after-market,False
2026-08-04T20:05:00+00:00,723.9,725.09,723.81,724.99,31156,after-market,False
2026-08-04T20:06:00+00:00,725.07,725.5,724.91,725.2,39418,after-market,False
2026-08-04T20:07:00+00:00,725.15,725.2,724.87,724.87,25340,after-market,False
2026-08-04T20:08:00+00:00,724.81,724.89,724.53,724.57,12815,after-market,False
2026-08-04T20:09:00+00:00,724.55,724.72,724.5,724.63,7310,after-market,False
2026-08-04T20:10:00+00:00,724.61,724.89,724.51,724.8,11096,after-market,False
2026-08-04T20:11:00+00:00,724.5,724.5,724.16,724.17,21439,after-market,False
2026-08-04T20:12:00+00:00,724.18,724.59,724.18,724.35,36016,after-market,False
2026-08-04T20:13:00+00:00,724.32,724.72,724.31,724.5,26169,after-market,False
2026-08-04T20:14:00+00:00,724.45,724.81,724.4,724.62,81865,after-market,False
2026-08-04T20:15:00+00:00,724.46,724.55,722.01,722.39,132713,after-market,False
2026-08-04T20:16:00+00:00,722.49,722.56,721.1,721.33,132315,after-market,False
2026-08-04T20:17:00+00:00,721.2,721.95,721.0,721.82,108862,after-market,False
2026-08-04T20:18:00+00:00,721.84,722.55,721.55,721.57,63491,after-market,False
2026-08-04T20:19:00+00:00,721.45,721.58,720.95,721.34,162346,after-market,False
2026-08-04T20:20:00+00:00,721.41,721.81,721.3,721.68,38745,after-market,False
2026-08-04T20:21:00+00:00,721.6,722.1,721.4,722.1,33881,after-market,False
2026-08-04T20:22:00+00:00,722.04,722.6,721.96,722.13,35035,after-market,False
2026-08-04T20:23:00+00:00,722.2,722.68,722.05,722.52,13671,after-market,False
2026-08-04T20:24:00+00:00,722.47,722.47,721.74,721.75,45265,after-market,False
2026-08-04T20:25:00+00:00,721.88,722.44,721.85,722.38,9562,after-market,False
2026-08-04T20:26:00+00:00,722.38,722.5,722.06,722.27,15296,after-market,False
2026-08-04T20:27:00+00:00,722.37,722.38,712.84,721.86,72970,after-market,False
2026-08-04T20:28:00+00:00,721.86,721.92,721.58,721.75,69911,after-market,False
2026-08-04T20:29:00+00:00,721.64,721.8,721.61,721.7,6733,after-market,False
2026-08-04T20:30:00+00:00,721.61,722.14,721.6,721.66,10336,after-market,False
2026-08-04T20:31:00+00:00,721.68,721.94,721.63,721.78,17405,after-market,False
2026-08-04T20:32:00+00:00,721.82,721.88,721.49,721.6,12342,after-market,False
2026-08-04T20:33:00+00:00,721.66,721.89,721.5,721.74,21075,after-market,False
2026-08-04T20:34:00+00:00,721.72,721.72,721.26,721.35,85218,after-market,False
2026-08-04T20:35:00+00:00,721.32,721.36,721.08,721.19,46427,after-market,False
2026-08-04T20:36:00+00:00,721.12,721.52,721.05,721.47,32262,after-market,False
2026-08-04T20:37:00+00:00,721.54,721.6,721.12,721.2,21917,after-market,False
2026-08-04T20:38:00+00:00,721.14,721.37,721.05,721.26,29797,after-market,False
2026-08-04T20:39:00+00:00,721.23,721.57,721.23,721.52,14769,after-market,False
2026-08-04T20:40:00+00:00,721.52,722.0,721.38,721.94,16447,after-market,False
2026-08-04T20:41:00+00:00,721.86,722.08,721.7,722.08,25125,after-market,False
2026-08-04T20:42:00+00:00,722.0,722.04,721.8,721.8,3098,after-market,False
2026-08-04T20:43:00+00:00,721.89,722.28,721.84,721.84,4148,after-market,False
2026-08-04T20:44:00+00:00,721.8,721.88,721.75,721.85,15122,after-market,False
2026-08-04T20:45:00+00:00,721.85,721.95,721.8,721.89,7189,after-market,False
2026-08-04T20:46:00+00:00,721.93,722.0,721.69,721.99,63451,after-market,False
2026-08-04T20:47:00+00:00,721.96,722.45,721.96,722.45,17830,after-market,False
2026-08-04T20:48:00+00:00,722.29,722.36,722.25,722.31,6396,after-market,False
2026-08-04T20:49:00+00:00,722.31,722.34,722.19,722.28,23098,after-market,False
2026-08-04T20:50:00+00:00,722.28,722.29,721.8,721.91,9800,after-market,False
2026-08-04T20:51:00+00:00,721.88,721.88,721.55,721.55,54703,after-market,False
2026-08-04T20:52:00+00:00,721.68,721.7,721.55,721.68,9787,after-market,False
2026-08-04T20:53:00+00:00,721.61,721.8,721.6,721.8,2793,after-market,False
2026-08-04T20:54:00+00:00,721.8,721.88,721.77,721.77,2414,after-market,False
2026-08-04T20:55:00+00:00,721.76,721.89,721.67,721.84,7817,after-market,False
2026-08-04T20:56:00+00:00,721.9,722.0,721.9,722.0,935,after-market,False
2026-08-04T20:57:00+00:00,722.01,722.26,721.99,722.26,13034,after-market,False
2026-08-04T20:58:00+00:00,722.12,722.3,722.12,722.3,6511,after-market,False
2026-08-04T20:59:00+00:00,722.28,722.42,722.26,722.35,3564,after-market,False
2026-08-04T21:00:00+00:00,722.25,722.32,722.1,722.1,2413,after-market,False
2026-08-04T21:01:00+00:00,722.0,722.28,722.0,722.28,35972,after-market,False
2026-08-04T21:02:00+00:00,722.28,722.54,722.25,722.54,3479,after-market,False
2026-08-04T21:03:00+00:00,722.51,723.0,722.5,722.55,11716,after-market,False
2026-08-04T21:04:00+00:00,722.66,722.8,722.66,722.75,3255,after-market,False
2026-08-04T21:05:00+00:00,722.35,722.35,722.27,722.28,10020,after-market,False
2026-08-04T21:06:00+00:00,722.28,722.28,722.27,722.28,444,after-market,False
2026-08-04T21:07:00+00:00,722.26,722.26,721.97,721.97,2905,after-market,False
2026-08-04T21:08:00+00:00,721.9,721.9,721.58,721.6,6293,after-market,False
2026-08-04T21:09:00+00:00,721.67,722.05,721.63,722.04,2227,after-market,False
2026-08-04T21:10:00+00:00,722.0,722.1,721.7,722.0,2125,after-market,False
2026-08-04T21:11:00+00:00,722.0,722.04,721.99,722.04,619,after-market,False
2026-08-04T21:12:00+00:00,722.03,722.04,721.9,721.91,1974,after-market,False
2026-08-04T21:13:00+00:00,721.9,722.04,721.9,722.03,993,after-market,False
2026-08-04T21:14:00+00:00,722.01,722.04,721.9,721.91,1727,after-market,False
2026-08-04T21:15:00+00:00,721.99,722.04,721.91,721.91,1211,after-market,False
2026-08-04T21:16:00+00:00,721.94,722.0,721.9,721.92,2835,after-market,False
2026-08-04T21:17:00+00:00,721.92,722.02,721.6,721.94,6088,after-market,False
2026-08-04T21:18:00+00:00,721.99,722.3,721.99,722.3,7196,after-market,False
2026-08-04T21:19:00+00:00,722.13,722.25,721.99,722.01,2930,after-market,False
2026-08-04T21:20:00+00:00,722.28,722.28,722.1,722.1,3445,after-market,False
2026-08-04T21:21:00+00:00,722.09,722.1,722.05,722.1,3528,after-market,False
2026-08-04T21:22:00+00:00,722.1,722.1,721.96,721.96,1223,after-market,False
2026-08-04T21:23:00+00:00,722.1,722.1,722.0,722.05,215,after-market,False
2026-08-04T21:24:00+00:00,722.0,722.06,721.97,722.05,1446,after-market,False
2026-08-04T21:25:00+00:00,722.02,722.02,721.82,721.82,592,after-market,False
2026-08-04T21:26:00+00:00,721.91,722.0,721.83,722.0,1751,after-market,False
2026-08-04T21:27:00+00:00,721.89,721.9,721.77,721.9,444,after-market,False
2026-08-04T21:28:00+00:00,721.7,721.76,721.67,721.76,4292,after-market,False
2026-08-04T21:29:00+00:00,721.82,721.82,721.75,721.8,340,after-market,False
2026-08-04T21:30:00+00:00,721.83,721.84,721.75,721.84,560,after-market,False
2026-08-04T21:31:00+00:00,721.75,721.75,721.75,721.75,335,after-market,False
2026-08-04T21:32:00+00:00,721.8,722.0,721.8,722.0,1508,after-market,False
2026-08-04T21:33:00+00:00,721.98,722.06,721.84,721.84,182,after-market,False
2026-08-04T21:34:00+00:00,721.98,722.0,721.98,721.99,346,after-market,False
2026-08-04T21:35:00+00:00,721.85,721.98,721.78,721.82,1667,after-market,False
2026-08-04T21:36:00+00:00,721.81,721.82,721.81,721.81,89,after-market,False
2026-08-04T21:37:00+00:00,721.81,721.81,721.81,721.81,0,after-market,False
2026-08-04T21:38:00+00:00,721.89,721.89,721.82,721.82,105,after-market,False
2026-08-04T21:39:00+00:00,721.96,722.0,721.81,722.0,5291,after-market,False
2026-08-04T21:40:00+00:00,721.99,722.01,721.99,722.01,444,after-market,False
2026-08-04T21:41:00+00:00,722.13,722.13,722.0,722.0,3078,after-market,False
2026-08-04T21:42:00+00:00,721.87,721.88,721.87,721.87,100,after-market,False
2026-08-04T21:43:00+00:00,721.9,721.96,721.9,721.91,1157,after-market,False
2026-08-04T21:44:00+00:00,721.96,721.96,721.96,721.96,77,after-market,False
2026-08-04T21:45:00+00:00,722.0,722.0,721.99,722.0,2568,after-market,False
2026-08-04T21:46:00+00:00,722.0,722.0,721.94,721.99,1017,after-market,False
2026-08-04T21:47:00+00:00,721.99,722.0,721.91,721.99,997,after-market,False
2026-08-04T21:48:00+00:00,721.91,721.91,721.91,721.91,42,after-market,False
2026-08-04T21:49:00+00:00,721.85,721.96,721.82,721.82,2410,after-market,False
2026-08-04T21:50:00+00:00,721.8,721.8,721.6,721.68,5099,after-market,False
2026-08-04T21:51:00+00:00,721.62,721.68,721.57,721.58,2495,after-market,False
2026-08-04T21:52:00+00:00,721.57,721.57,721.47,721.47,4894,after-market,False
2026-08-04T21:53:00+00:00,721.47,721.48,721.36,721.36,2962,after-market,False
2026-08-04T21:54:00+00:00,721.29,721.3,721.22,721.28,769,after-market,False
2026-08-04T21:55:00+00:00,721.32,721.32,721.22,721.22,640,after-market,False
2026-08-04T21:56:00+00:00,721.39,721.63,721.39,721.39,680,after-market,False
2026-08-04T21:57:00+00:00,721.42,721.42,721.42,721.42,880,after-market,False
2026-08-04T21:58:00+00:00,721.42,721.42,721.39,721.42,1273,after-market,False
2026-08-04T21:59:00+00:00,721.39,721.42,721.39,721.42,292,after-market,False
2026-08-04T22:00:00+00:00,721.42,722.07,721.42,721.96,9193,after-market,False
2026-08-04T22:01:00+00:00,721.7,721.77,721.44,721.66,4466,after-market,False
2026-08-04T22:02:00+00:00,721.54,721.8,721.39,721.39,7026,after-market,False
2026-08-04T22:03:00+00:00,721.46,721.64,721.46,721.64,641,after-market,False
2026-08-04T22:04:00+00:00,721.65,721.83,721.65,721.83,7673,after-market,False
2026-08-04T22:05:00+00:00,722.05,722.17,722.03,722.16,8991,after-market,False
2026-08-04T22:06:00+00:00,722.15,722.28,722.11,722.2,3207,after-market,False
2026-08-04T22:07:00+00:00,722.36,722.7,722.36,722.6,12118,after-market,False
2026-08-04T22:08:00+00:00,722.61,722.64,722.53,722.53,1663,after-market,False
2026-08-04T22:09:00+00:00,722.41,722.52,722.37,722.51,1053,after-market,False
2026-08-04T22:10:00+00:00,722.54,722.68,722.5,722.5,2055,after-market,False
2026-08-04T22:11:00+00:00,722.54,722.63,722.53,722.53,1682,after-market,False
2026-08-04T22:12:00+00:00,722.55,722.58,722.54,722.58,659,after-market,False
2026-08-04T22:13:00+00:00,722.62,722.67,722.61,722.67,1800,after-market,False
2026-08-04T22:14:00+00:00,722.63,722.7,722.63,722.7,382,after-market,False
2026-08-04T22:15:00+00:00,722.7,722.75,722.7,722.75,3762,after-market,False
2026-08-04T22:16:00+00:00,722.72,722.74,722.6,722.69,2037,after-market,False
2026-08-04T22:17:00+00:00,722.6,722.6,722.53,722.56,479,after-market,False
2026-08-04T22:18:00+00:00,722.5,722.52,722.5,722.5,3666,after-market,False
2026-08-04T22:19:00+00:00,722.48,722.67,722.48,722.62,6570,after-market,False
2026-08-04T22:20:00+00:00,722.69,722.85,722.69,722.76,1139,after-market,False
2026-08-04T22:21:00+00:00,722.8,722.83,722.75,722.76,9005,after-market,False
2026-08-04T22:22:00+00:00,722.56,722.56,722.56,722.56,211,after-market,False
2026-08-04T22:23:00+00:00,722.57,722.57,722.47,722.47,1918,after-market,False
2026-08-04T22:24:00+00:00,722.44,722.44,722.43,722.44,46,after-market,False
2026-08-04T22:25:00+00:00,722.31,722.31,722.27,722.27,580,after-market,False
2026-08-04T22:26:00+00:00,722.31,722.37,722.2,722.33,626,after-market,False
2026-08-04T22:27:00+00:00,722.33,722.33,722.33,722.33,0,after-market,False
2026-08-04T22:28:00+00:00,722.65,722.66,722.65,722.65,100,after-market,False
2026-08-04T22:29:00+00:00,722.65,722.65,722.65,722.65,0,after-market,False
2026-08-04T22:30:00+00:00,722.6,722.6,722.59,722.59,267,after-market,False
2026-08-04T22:31:00+00:00,722.7,722.7,722.66,722.66,160,after-market,False
2026-08-04T22:32:00+00:00,722.66,722.78,722.65,722.75,1621,after-market,False
2026-08-04T22:33:00+00:00,722.78,722.78,722.73,722.76,510,after-market,False
2026-08-04T22:34:00+00:00,722.73,722.81,722.73,722.8,270,after-market,False
2026-08-04T22:35:00+00:00,722.8,722.8,722.8,722.8,200,after-market,False
2026-08-04T22:36:00+00:00,722.79,722.79,722.78,722.79,133,after-market,False
2026-08-04T22:37:00+00:00,722.67,722.67,722.58,722.58,2579,after-market,False
2026-08-04T22:38:00+00:00,722.42,722.52,722.41,722.5,463,after-market,False
2026-08-04T22:39:00+00:00,722.41,722.41,722.41,722.41,40,after-market,False
2026-08-04T22:40:00+00:00,722.41,722.44,722.34,722.34,1408,after-market,False
2026-08-04T22:41:00+00:00,722.39,722.45,722.32,722.32,957,after-market,False
2026-08-04T22:42:00+00:00,722.18,722.25,722.18,722.25,1100,after-market,False
2026-08-04T22:43:00+00:00,722.26,722.26,721.75,721.75,2732,after-market,False
2026-08-04T22:44:00+00:00,721.83,721.83,721.78,721.78,1580,after-market,False
2026-08-04T22:45:00+00:00,721.9,721.99,721.83,721.98,2470,after-market,False
2026-08-04T22:46:00+00:00,721.98,722.0,721.89,722.0,980,after-market,False
2026-08-04T22:47:00+00:00,722.03,722.03,721.72,721.8,2916,after-market,False
2026-08-04T22:48:00+00:00,721.97,721.97,721.96,721.97,100,after-market,False
2026-08-04T22:49:00+00:00,721.97,721.97,721.97,721.97,0,after-market,False
2026-08-04T22:50:00+00:00,721.89,722.04,721.89,722.04,255,after-market,False
2026-08-04T22:51:00+00:00,721.99,722.1,721.99,722.09,1317,after-market,False
2026-08-04T22:52:00+00:00,722.04,722.05,721.96,721.96,518,after-market,False
2026-08-04T22:53:00+00:00,721.91,721.92,721.86,721.86,605,after-market,False
2026-08-04T22:54:00+00:00,721.91,722.04,721.91,722.04,402,after-market,False
2026-08-04T22:55:00+00:00,721.99,721.99,721.9,721.9,345,after-market,False
2026-08-04T22:56:00+00:00,721.9,721.9,721.9,721.9,0,after-market,False
2026-08-04T22:57:00+00:00,722.0,722.08,722.0,722.08,690,after-market,False
2026-08-04T22:58:00+00:00,722.38,722.43,722.38,722.43,5273,after-market,False
2026-08-04T22:59:00+00:00,722.36,722.5,722.36,722.43,713,after-market,False
2026-08-04T23:00:00+00:00,722.48,722.5,722.11,722.18,1079,after-market,False
2026-08-04T23:01:00+00:00,722.26,722.31,722.25,722.25,491,after-market,False
2026-08-04T23:02:00+00:00,722.26,722.26,722.26,722.26,160,after-market,False
2026-08-04T23:03:00+00:00,722.39,722.5,722.39,722.46,745,after-market,False
2026-08-04T23:04:00+00:00,722.49,722.89,722.47,722.89,3610,after-market,False
2026-08-04T23:05:00+00:00,722.74,722.75,722.74,722.74,45,after-market,False
2026-08-04T23:06:00+00:00,722.71,722.85,722.71,722.82,10540,after-market,False
2026-08-04T23:07:00+00:00,722.84,722.9,722.83,722.88,570,after-market,False
2026-08-04T23:08:00+00:00,722.88,722.88,722.88,722.88,0,after-market,False
2026-08-04T23:09:00+00:00,722.85,722.85,722.85,722.85,40,after-market,False
2026-08-04T23:10:00+00:00,722.81,722.81,722.69,722.76,1942,after-market,False
2026-08-04T23:11:00+00:00,722.74,722.83,722.74,722.83,1082,after-market,False
2026-08-04T23:12:00+00:00,722.67,722.75,722.67,722.75,502,after-market,False
2026-08-04T23:13:00+00:00,722.74,722.74,722.74,722.74,800,after-market,False
2026-08-04T23:14:00+00:00,722.74,722.8,722.74,722.8,395,after-market,False
2026-08-04T23:15:00+00:00,722.77,722.85,722.76,722.85,1940,after-market,False
2026-08-04T23:16:00+00:00,722.91,722.92,722.86,722.87,624,after-market,False
2026-08-04T23:17:00+00:00,722.87,722.89,722.86,722.89,730,after-market,False
2026-08-04T23:18:00+00:00,722.83,722.9,722.83,722.9,680,after-market,False
2026-08-04T23:19:00+00:00,722.93,722.95,722.87,722.87,2403,after-market,False
2026-08-04T23:20:00+00:00,722.89,722.89,722.83,722.83,1527,after-market,False
2026-08-04T23:21:00+00:00,722.81,722.81,722.72,722.72,1775,after-market,False
2026-08-04T23:22:00+00:00,722.73,722.73,722.68,722.72,1447,after-market,False
2026-08-04T23:23:00+00:00,722.72,722.72,722.72,722.72,49,after-market,False
2026-08-04T23:24:00+00:00,722.67,722.67,722.53,722.53,670,after-market,False
2026-08-04T23:25:00+00:00,722.54,722.55,722.41,722.41,2042,after-market,False
2026-08-04T23:26:00+00:00,722.41,722.42,722.28,722.29,340,after-market,False
2026-08-04T23:27:00+00:00,722.32,722.46,722.31,722.46,1003,after-market,False
2026-08-04T23:28:00+00:00,722.51,722.53,722.45,722.46,1158,after-market,False
2026-08-04T23:29:00+00:00,722.48,722.48,722.44,722.44,318,after-market,False
2026-08-04T23:30:00+00:00,722.44,722.44,722.44,722.44,0,after-market,False
2026-08-04T23:31:00+00:00,722.44,722.44,722.44,722.44,0,after-market,False
2026-08-04T23:32:00+00:00,722.44,722.64,722.43,722.63,1769,after-market,False
2026-08-04T23:33:00+00:00,722.39,722.39,722.19,722.2,731,after-market,False
2026-08-04T23:34:00+00:00,722.2,722.23,722.0,722.0,3946,after-market,False
2026-08-04T23:35:00+00:00,722.03,722.1,721.98,722.1,2159,after-market,False
2026-08-04T23:36:00+00:00,722.13,722.13,722.0,722.1,4303,after-market,False
2026-08-04T23:37:00+00:00,722.14,722.25,722.13,722.16,2564,after-market,False
2026-08-04T23:38:00+00:00,722.09,722.09,722.09,722.09,240,after-market,False
2026-08-04T23:39:00+00:00,722.08,722.3,722.08,722.19,2834,after-market,False
2026-08-04T23:40:00+00:00,722.23,722.71,722.19,722.71,4682,after-market,False
2026-08-04T23:41:00+00:00,722.75,722.8,722.62,722.75,968,after-market,False
2026-08-04T23:42:00+00:00,722.77,722.85,722.77,722.85,512,after-market,False
2026-08-04T23:43:00+00:00,722.76,722.76,722.71,722.75,1138,after-market,False
2026-08-04T23:44:00+00:00,722.77,722.82,722.77,722.8,1095,after-market,False
2026-08-04T23:45:00+00:00,722.87,723.0,722.8,722.93,4113,after-market,False
2026-08-04T23:46:00+00:00,723.02,723.15,723.02,723.15,576,after-market,False
2026-08-04T23:47:00+00:00,722.95,722.95,722.84,722.84,1300,after-market,False
2026-08-04T23:48:00+00:00,722.69,722.69,722.53,722.6,2209,after-market,False
2026-08-04T23:49:00+00:00,722.58,722.8,722.58,722.8,1030,after-market,False
2026-08-04T23:50:00+00:00,722.86,722.86,722.7,722.85,877,after-market,False
2026-08-04T23:51:00+00:00,722.93,722.95,722.91,722.95,1708,after-market,False
2026-08-04T23:52:00+00:00,723.0,723.0,722.99,722.99,250,after-market,False
2026-08-04T23:53:00+00:00,722.99,722.99,722.85,722.85,1138,after-market,False
2026-08-04T23:54:00+00:00,722.67,722.75,722.67,722.75,250,after-market,False
2026-08-04T23:55:00+00:00,722.79,723.02,722.77,723.01,1139,after-market,False
2026-08-04T23:56:00+00:00,722.97,723.02,722.92,722.95,2948,after-market,False
2026-08-04T23:57:00+00:00,722.8,723.0,722.8,723.0,330,after-market,False
2026-08-04T23:58:00+00:00,723.03,723.13,723.03,723.13,2053,after-market,False
2026-08-04T23:59:00+00:00,723.15,723.18,722.77,722.77,6203,after-market,False
2026-08-05T08:00:00+00:00,723.84,726.4,723.42,724.08,16780,pre-market,False
2026-08-05T08:01:00+00:00,724.05,726.55,723.54,725.5,75088,pre-market,False
2026-08-05T08:02:00+00:00,726.08,726.4,724.07,724.79,35652,pre-market,False
2026-08-05T08:03:00+00:00,724.68,724.95,724.68,724.8,2459,pre-market,False
2026-08-05T08:04:00+00:00,724.96,724.96,724.88,724.9,377,pre-market,False
2026-08-05T08:05:00+00:00,724.9,724.93,724.86,724.89,2992,pre-market,False
2026-08-05T08:06:00+00:00,724.91,725.57,724.24,724.81,903,pre-market,False
2026-08-05T08:07:00+00:00,724.66,724.87,724.55,724.77,2923,pre-market,False
2026-08-05T08:08:00+00:00,724.59,724.72,724.44,724.44,2310,pre-market,False
2026-08-05T08:09:00+00:00,724.37,724.37,724.11,724.12,3572,pre-market,False
2026-08-05T08:10:00+00:00,724.09,724.09,723.85,723.85,2559,pre-market,False
2026-08-05T08:11:00+00:00,723.84,723.92,723.84,723.89,837,pre-market,False
2026-08-05T08:12:00+00:00,723.86,723.88,723.47,723.53,4889,pre-market,False
2026-08-05T08:13:00+00:00,723.55,723.77,723.5,723.71,2390,pre-market,False
2026-08-05T08:14:00+00:00,723.61,723.62,723.33,723.5,386,pre-market,False
2026-08-05T08:15:00+00:00,723.48,723.48,723.29,723.47,6023,pre-market,False
2026-08-05T08:16:00+00:00,723.51,723.51,723.43,723.43,243,pre-market,False
2026-08-05T08:17:00+00:00,723.58,723.69,723.58,723.69,217,pre-market,False
2026-08-05T08:18:00+00:00,723.54,723.54,723.19,723.27,3508,pre-market,False
2026-08-05T08:19:00+00:00,723.27,723.36,723.26,723.29,3116,pre-market,False
2026-08-05T08:20:00+00:00,723.33,723.33,723.25,723.29,1245,pre-market,False
2026-08-05T08:21:00+00:00,723.21,723.3,722.94,723.0,6512,pre-market,False
2026-08-05T08:22:00+00:00,722.96,723.0,722.75,722.75,3559,pre-market,False
2026-08-05T08:23:00+00:00,722.95,723.03,722.77,722.78,382,pre-market,False
2026-08-05T08:24:00+00:00,722.77,722.78,722.55,722.55,3412,pre-market,False
2026-08-05T08:25:00+00:00,722.58,722.58,722.46,722.46,3870,pre-market,False
2026-08-05T08:26:00+00:00,722.48,722.62,722.48,722.62,786,pre-market,False
2026-08-05T08:27:00+00:00,722.57,722.59,722.47,722.58,2430,pre-market,False
2026-08-05T08:28:00+00:00,722.65,722.94,722.55,722.93,3304,pre-market,False
2026-08-05T08:29:00+00:00,722.84,722.88,722.77,722.8,6899,pre-market,False
2026-08-05T08:30:00+00:00,722.85,722.85,722.12,722.26,3426,pre-market,False
2026-08-05T08:31:00+00:00,722.23,722.37,722.19,722.28,10904,pre-market,False
2026-08-05T08:32:00+00:00,722.4,722.42,722.38,722.42,889,pre-market,False
2026-08-05T08:33:00+00:00,722.51,722.59,722.49,722.59,1688,pre-market,False
2026-08-05T08:34:00+00:00,722.69,722.69,722.39,722.39,1838,pre-market,False
2026-08-05T08:35:00+00:00,722.5,722.8,722.3,722.8,3730,pre-market,False
2026-08-05T08:36:00+00:00,722.96,723.0,722.83,722.91,2720,pre-market,False
2026-08-05T08:37:00+00:00,722.95,722.96,722.48,722.48,3058,pre-market,False
2026-08-05T08:38:00+00:00,722.48,722.49,722.18,722.18,1808,pre-market,False
2026-08-05T08:39:00+00:00,722.17,722.17,722.08,722.08,4758,pre-market,False
2026-08-05T08:40:00+00:00,722.11,722.26,722.05,722.26,3732,pre-market,False
2026-08-05T08:41:00+00:00,722.12,722.23,721.97,722.23,3219,pre-market,False
2026-08-05T08:42:00+00:00,722.31,722.31,722.2,722.24,3664,pre-market,False
2026-08-05T08:43:00+00:00,722.19,722.24,722.0,722.21,2936,pre-market,False
2026-08-05T08:44:00+00:00,722.04,722.29,721.95,722.24,2302,pre-market,False
2026-08-05T08:45:00+00:00,722.25,722.28,721.92,722.24,3632,pre-market,False
2026-08-05T08:46:00+00:00,722.15,722.5,722.14,722.44,1268,pre-market,False
2026-08-05T08:47:00+00:00,722.42,722.64,722.42,722.58,1309,pre-market,False
2026-08-05T08:48:00+00:00,722.6,722.64,722.55,722.64,1164,pre-market,False
2026-08-05T08:49:00+00:00,722.64,722.66,722.61,722.66,2770,pre-market,False
2026-08-05T08:50:00+00:00,722.63,722.77,722.63,722.67,5246,pre-market,False
2026-08-05T08:51:00+00:00,722.69,722.75,722.59,722.7,4427,pre-market,False
2026-08-05T08:52:00+00:00,722.84,722.85,722.67,722.67,329,pre-market,False
2026-08-05T08:53:00+00:00,722.68,722.68,722.61,722.66,900,pre-market,False
2026-08-05T08:54:00+00:00,722.6,722.62,722.6,722.62,100,pre-market,False
2026-08-05T08:55:00+00:00,722.62,722.62,722.62,722.62,0,pre-market,False
2026-08-05T08:56:00+00:00,722.9,722.93,722.85,722.91,677,pre-market,False
2026-08-05T08:57:00+00:00,722.92,722.92,722.78,722.78,5239,pre-market,False
2026-08-05T08:58:00+00:00,722.77,722.77,722.77,722.77,40,pre-market,False
2026-08-05T08:59:00+00:00,722.6,722.87,722.6,722.81,4177,pre-market,False
2026-08-05T09:00:00+00:00,722.9,722.95,722.8,722.93,7463,pre-market,False
2026-08-05T09:01:00+00:00,722.94,723.0,722.6,722.6,2762,pre-market,False
2026-08-05T09:02:00+00:00,722.64,722.98,722.54,722.93,1700,pre-market,False
2026-08-05T09:03:00+00:00,722.92,723.02,722.91,723.02,1150,pre-market,False
2026-08-05T09:04:00+00:00,723.07,723.07,723.07,723.07,200,pre-market,False
2026-08-05T09:05:00+00:00,723.05,723.05,722.98,722.99,300,pre-market,False
2026-08-05T09:06:00+00:00,723.02,723.07,722.96,723.07,800,pre-market,False
2026-08-05T09:07:00+00:00,722.99,723.2,722.99,723.13,1488,pre-market,False
2026-08-05T09:08:00+00:00,723.06,723.06,722.98,723.01,1992,pre-market,False
2026-08-05T09:09:00+00:00,723.03,723.1,723.02,723.1,808,pre-market,False
2026-08-05T09:10:00+00:00,723.0,723.09,723.0,723.08,960,pre-market,False
2026-08-05T09:11:00+00:00,723.03,723.03,723.02,723.03,100,pre-market,False
2026-08-05T09:12:00+00:00,722.88,723.0,722.88,723.0,1259,pre-market,False
2026-08-05T09:13:00+00:00,723.06,723.06,722.9,722.96,2400,pre-market,False
2026-08-05T09:14:00+00:00,722.88,722.89,722.72,722.74,1590,pre-market,False
2026-08-05T09:15:00+00:00,722.81,722.81,722.5,722.5,1729,pre-market,False
2026-08-05T09:16:00+00:00,722.6,722.6,722.44,722.44,940,pre-market,False
2026-08-05T09:17:00+00:00,722.44,722.7,722.43,722.7,531,pre-market,False
2026-08-05T09:18:00+00:00,722.42,722.45,722.3,722.45,1757,pre-market,False
2026-08-05T09:19:00+00:00,722.33,722.64,722.33,722.63,3070,pre-market,False
2026-08-05T09:20:00+00:00,722.81,722.81,722.81,722.81,2573,pre-market,False
2026-08-05T09:21:00+00:00,722.94,722.97,722.88,722.97,2649,pre-market,False
2026-08-05T09:22:00+00:00,722.98,723.03,722.98,723.03,335,pre-market,False
2026-08-05T09:23:00+00:00,723.15,723.22,723.09,723.2,1185,pre-market,False
2026-08-05T09:24:00+00:00,723.23,723.23,723.16,723.16,3340,pre-market,False
2026-08-05T09:25:00+00:00,723.15,723.45,723.13,723.41,3708,pre-market,False
2026-08-05T09:26:00+00:00,723.15,723.15,723.07,723.14,450,pre-market,False
2026-08-05T09:27:00+00:00,723.27,723.27,723.18,723.18,350,pre-market,False
2026-08-05T09:28:00+00:00,723.12,723.47,723.12,723.47,1780,pre-market,False
2026-08-05T09:29:00+00:00,723.45,723.45,723.35,723.35,1006,pre-market,False
2026-08-05T09:30:00+00:00,723.39,723.68,723.39,723.63,1205,pre-market,False
2026-08-05T09:31:00+00:00,723.61,723.61,723.61,723.61,100,pre-market,False
2026-08-05T09:32:00+00:00,723.61,723.63,723.55,723.55,620,pre-market,False
2026-08-05T09:33:00+00:00,723.55,723.55,723.55,723.55,0,pre-market,False
2026-08-05T09:34:00+00:00,723.54,723.64,723.53,723.64,942,pre-market,False
2026-08-05T09:35:00+00:00,723.71,723.8,723.7,723.8,1510,pre-market,False
2026-08-05T09:36:00+00:00,723.8,723.85,723.76,723.85,7395,pre-market,False
2026-08-05T09:37:00+00:00,723.82,723.95,723.8,723.95,560,pre-market,False
2026-08-05T09:38:00+00:00,724.0,724.01,724.0,724.0,681,pre-market,False
2026-08-05T09:39:00+00:00,723.96,723.97,723.89,723.89,925,pre-market,False
2026-08-05T09:40:00+00:00,723.97,723.97,723.8,723.8,468,pre-market,False
2026-08-05T09:41:00+00:00,723.82,723.85,723.7,723.7,2327,pre-market,False
2026-08-05T09:42:00+00:00,723.79,723.8,723.76,723.76,103,pre-market,False
2026-08-05T09:43:00+00:00,723.75,723.75,723.75,723.75,40,pre-market,False
2026-08-05T09:44:00+00:00,723.78,724.0,723.77,724.0,686,pre-market,False
2026-08-05T09:45:00+00:00,723.89,724.1,723.76,723.99,1679,pre-market,False
2026-08-05T09:46:00+00:00,723.93,723.96,723.81,723.81,2539,pre-market,False
2026-08-05T09:47:00+00:00,723.8,723.82,723.57,723.69,640,pre-market,False
2026-08-05T09:48:00+00:00,723.62,723.65,723.61,723.65,790,pre-market,False
2026-08-05T09:49:00+00:00,723.41,723.41,723.32,723.32,538,pre-market,False
2026-08-05T09:50:00+00:00,723.32,723.48,723.32,723.46,140,pre-market,False
2026-08-05T09:51:00+00:00,723.46,723.46,723.46,723.46,0,pre-market,False
2026-08-05T09:52:00+00:00,723.45,723.5,723.38,723.38,1575,pre-market,False
2026-08-05T09:53:00+00:00,723.29,723.29,723.29,723.29,48,pre-market,False
2026-08-05T09:54:00+00:00,723.29,723.29,723.29,723.29,0,pre-market,False
2026-08-05T09:55:00+00:00,723.52,723.52,723.51,723.51,380,pre-market,False
2026-08-05T09:56:00+00:00,723.56,723.63,723.55,723.63,1534,pre-market,False
2026-08-05T09:57:00+00:00,723.62,723.64,723.57,723.57,2330,pre-market,False
2026-08-05T09:58:00+00:00,723.56,723.64,723.38,723.48,1575,pre-market,False
2026-08-05T09:59:00+00:00,723.34,723.34,723.33,723.33,1382,pre-market,False
2026-08-05T10:00:00+00:00,723.52,723.52,723.51,723.52,300,pre-market,False
2026-08-05T10:01:00+00:00,723.52,723.52,723.52,723.52,0,pre-market,False
2026-08-05T10:02:00+00:00,723.55,723.55,723.33,723.33,125,pre-market,False
2026-08-05T10:03:00+00:00,723.57,723.58,723.47,723.47,930,pre-market,False
2026-08-05T10:04:00+00:00,723.59,723.62,723.54,723.58,4159,pre-market,False
2026-08-05T10:05:00+00:00,723.58,723.58,723.58,723.58,0,pre-market,False
2026-08-05T10:06:00+00:00,723.48,723.49,723.48,723.49,103,pre-market,False
2026-08-05T10:07:00+00:00,723.52,723.52,723.35,723.35,580,pre-market,False
2026-08-05T10:08:00+00:00,723.4,723.4,723.35,723.35,1940,pre-market,False
2026-08-05T10:09:00+00:00,723.3,723.3,723.19,723.19,814,pre-market,False
2026-08-05T10:10:00+00:00,723.2,723.2,722.93,723.0,2219,pre-market,False
2026-08-05T10:11:00+00:00,722.93,723.0,722.9,722.9,582,pre-market,False
2026-08-05T10:12:00+00:00,722.89,722.89,722.79,722.79,885,pre-market,False
2026-08-05T10:13:00+00:00,722.8,722.84,722.8,722.84,1058,pre-market,False
2026-08-05T10:14:00+00:00,722.87,723.0,722.87,722.95,181,pre-market,False
2026-08-05T10:15:00+00:00,722.9,722.91,722.9,722.91,1580,pre-market,False
2026-08-05T10:16:00+00:00,723.06,723.07,722.92,722.92,350,pre-market,False
2026-08-05T10:17:00+00:00,723.0,723.37,723.0,723.19,923,pre-market,False
2026-08-05T10:18:00+00:00,723.14,723.19,723.13,723.18,2352,pre-market,False
2026-08-05T10:19:00+00:00,723.19,723.19,723.1,723.19,1029,pre-market,False
2026-08-05T10:20:00+00:00,723.15,723.21,723.14,723.21,151,pre-market,False
2026-08-05T10:21:00+00:00,723.09,723.14,723.08,723.09,1357,pre-market,False
2026-08-05T10:22:00+00:00,723.03,723.1,723.03,723.03,1909,pre-market,False
2026-08-05T10:23:00+00:00,723.18,723.18,723.18,723.18,320,pre-market,False
2026-08-05T10:24:00+00:00,723.14,723.17,723.14,723.17,109,pre-market,False
2026-08-05T10:25:00+00:00,723.34,723.36,723.29,723.36,499,pre-market,False
2026-08-05T10:26:00+00:00,723.37,723.42,723.36,723.42,510,pre-market,False
2026-08-05T10:27:00+00:00,723.47,723.51,723.4,723.4,240,pre-market,False
2026-08-05T10:28:00+00:00,723.36,723.36,723.28,723.32,1729,pre-market,False
2026-08-05T10:29:00+00:00,723.32,723.32,723.32,723.32,97,pre-market,False
2026-08-05T10:30:00+00:00,723.35,723.39,723.31,723.32,2397,pre-market,False
2026-08-05T10:31:00+00:00,723.23,723.23,723.23,723.23,40,pre-market,False
2026-08-05T10:32:00+00:00,723.57,723.62,723.55,723.57,1832,pre-market,False
2026-08-05T10:33:00+00:00,723.54,723.58,723.54,723.56,930,pre-market,False
2026-08-05T10:34:00+00:00,723.42,723.63,723.36,723.63,790,pre-market,False
2026-08-05T10:35:00+00:00,723.6,723.69,723.6,723.69,656,pre-market,False
2026-08-05T10:36:00+00:00,723.6,723.6,723.42,723.42,1494,pre-market,False
2026-08-05T10:37:00+00:00,723.46,723.53,723.44,723.53,684,pre-market,False
2026-08-05T10:38:00+00:00,723.52,723.53,723.5,723.51,741,pre-market,False
2026-08-05T10:39:00+00:00,723.45,723.47,723.41,723.44,652,pre-market,False
2026-08-05T10:40:00+00:00,723.41,723.42,723.41,723.41,50,pre-market,False
2026-08-05T10:41:00+00:00,723.47,723.47,723.44,723.44,108,pre-market,False
2026-08-05T10:42:00+00:00,723.44,723.44,723.24,723.28,1828,pre-market,False
2026-08-05T10:43:00+00:00,723.24,723.24,723.19,723.23,654,pre-market,False
2026-08-05T10:44:00+00:00,723.23,723.23,723.23,723.23,0,pre-market,False
2026-08-05T10:45:00+00:00,723.36,723.61,723.0,723.0,5980,pre-market,False
2026-08-05T10:46:00+00:00,722.87,723.0,722.82,722.97,1802,pre-market,False
2026-08-05T10:47:00+00:00,722.97,722.97,722.97,722.97,0,pre-market,False
2026-08-05T10:48:00+00:00,722.89,722.94,722.87,722.94,754,pre-market,False
2026-08-05T10:49:00+00:00,722.93,722.97,722.93,722.97,540,pre-market,False
2026-08-05T10:50:00+00:00,723.05,723.05,722.98,723.0,862,pre-market,False
2026-08-05T10:51:00+00:00,722.94,722.94,722.94,722.94,59,pre-market,False
2026-08-05T10:52:00+00:00,722.95,723.14,722.91,723.14,654,pre-market,False
2026-08-05T10:53:00+00:00,723.4,723.54,723.4,723.54,1794,pre-market,False
2026-08-05T10:54:00+00:00,723.55,723.59,723.42,723.42,1772,pre-market,False
2026-08-05T10:55:00+00:00,723.64,723.66,723.63,723.66,1381,pre-market,False
2026-08-05T10:56:00+00:00,723.64,723.65,723.53,723.53,321,pre-market,False
2026-08-05T10:57:00+00:00,723.56,723.56,723.45,723.5,1663,pre-market,False
2026-08-05T10:58:00+00:00,723.59,723.61,723.49,723.49,2049,pre-market,False
2026-08-05T10:59:00+00:00,723.54,723.54,723.54,723.54,100,pre-market,False
2026-08-05T11:00:00+00:00,723.53,724.01,723.51,724.0,16164,pre-market,False
2026-08-05T11:01:00+00:00,723.96,724.17,723.96,724.17,3937,pre-market,False
2026-08-05T11:02:00+00:00,724.16,724.49,724.14,724.49,4857,pre-market,False
2026-08-05T11:03:00+00:00,724.45,724.48,724.24,724.47,7136,pre-market,False
2026-08-05T11:04:00+00:00,724.41,724.45,724.33,724.33,3000,pre-market,False
2026-08-05T11:05:00+00:00,724.38,724.49,724.38,724.44,7122,pre-market,False
2026-08-05T11:06:00+00:00,724.42,724.44,724.07,724.07,1917,pre-market,False
2026-08-05T11:07:00+00:00,724.1,724.22,724.09,724.15,3394,pre-market,False
2026-08-05T11:08:00+00:00,724.16,724.48,724.0,724.48,9027,pre-market,False
2026-08-05T11:09:00+00:00,724.5,724.81,724.5,724.79,6887,pre-market,False
2026-08-05T11:10:00+00:00,724.76,724.9,724.31,724.31,8152,pre-market,False
2026-08-05T11:11:00+00:00,724.39,724.59,724.39,724.5,10603,pre-market,False
2026-08-05T11:12:00+00:00,724.5,724.72,724.41,724.66,14776,pre-market,False
2026-08-05T11:13:00+00:00,724.62,724.62,724.5,724.5,1772,pre-market,False
2026-08-05T11:14:00+00:00,724.54,724.54,724.4,724.44,1245,pre-market,False
2026-08-05T11:15:00+00:00,724.57,724.6,724.54,724.55,1232,pre-market,False
2026-08-05T11:16:00+00:00,724.56,724.56,724.47,724.47,1330,pre-market,False
2026-08-05T11:17:00+00:00,724.4,724.45,724.37,724.44,8423,pre-market,False
2026-08-05T11:18:00+00:00,724.39,724.57,724.34,724.51,7180,pre-market,False
2026-08-05T11:19:00+00:00,724.59,724.66,724.55,724.66,4280,pre-market,False
2026-08-05T11:20:00+00:00,724.62,724.63,724.48,724.48,1191,pre-market,False
2026-08-05T11:21:00+00:00,724.4,724.62,724.4,724.61,1708,pre-market,False
2026-08-05T11:22:00+00:00,724.62,724.66,724.48,724.66,2748,pre-market,False
2026-08-05T11:23:00+00:00,724.63,724.69,724.58,724.69,7792,pre-market,False
2026-08-05T11:24:00+00:00,724.68,724.76,724.65,724.76,4786,pre-market,False
2026-08-05T11:25:00+00:00,724.75,724.77,724.58,724.64,10539,pre-market,False
2026-08-05T11:26:00+00:00,724.57,724.85,724.55,724.85,9625,pre-market,False
2026-08-05T11:27:00+00:00,724.85,724.89,724.84,724.84,1591,pre-market,False
2026-08-05T11:28:00+00:00,724.76,724.85,724.76,724.78,2078,pre-market,False
2026-08-05T11:29:00+00:00,724.74,724.77,724.52,724.55,1968,pre-market,False
2026-08-05T11:30:00+00:00,724.36,724.36,724.11,724.34,3697,pre-market,False
2026-08-05T11:31:00+00:00,724.35,724.67,724.35,724.6,5776,pre-market,False
2026-08-05T11:32:00+00:00,724.6,724.71,724.59,724.7,9851,pre-market,False
2026-08-05T11:33:00+00:00,724.7,724.98,724.68,724.97,4997,pre-market,False
2026-08-05T11:34:00+00:00,724.97,725.03,724.93,725.0,6792,pre-market,False
2026-08-05T11:35:00+00:00,725.01,725.12,724.98,725.0,2351,pre-market,False
2026-08-05T11:36:00+00:00,725.01,725.04,724.93,725.0,2332,pre-market,False
2026-08-05T11:37:00+00:00,725.05,725.05,724.9,724.99,1700,pre-market,False
2026-08-05T11:38:00+00:00,724.92,725.0,724.89,724.93,926,pre-market,False
2026-08-05T11:39:00+00:00,725.0,725.0,724.87,724.89,6312,pre-market,False
2026-08-05T11:40:00+00:00,724.96,725.1,724.96,725.0,8334,pre-market,False
2026-08-05T11:41:00+00:00,725.09,725.09,724.84,724.85,1223,pre-market,False
2026-08-05T11:42:00+00:00,724.87,724.99,724.87,724.99,1180,pre-market,False
2026-08-05T11:43:00+00:00,725.04,725.04,724.92,724.93,1594,pre-market,False
2026-08-05T11:44:00+00:00,724.93,725.0,724.88,724.88,1492,pre-market,False
2026-08-05T11:45:00+00:00,724.75,724.83,724.5,724.63,7640,pre-market,False
2026-08-05T11:46:00+00:00,724.6,724.94,724.59,724.88,7222,pre-market,False
2026-08-05T11:47:00+00:00,724.98,725.05,724.86,724.92,1223,pre-market,False
2026-08-05T11:48:00+00:00,724.98,725.13,724.98,725.0,2705,pre-market,False
2026-08-05T11:49:00+00:00,725.09,725.35,725.01,725.35,4910,pre-market,False
2026-08-05T11:50:00+00:00,725.3,725.37,725.25,725.3,3688,pre-market,False
2026-08-05T11:51:00+00:00,725.3,725.38,725.3,725.35,2727,pre-market,False
2026-08-05T11:52:00+00:00,725.32,725.4,724.88,724.88,5758,pre-market,False
2026-08-05T11:53:00+00:00,724.8,724.8,724.65,724.65,1160,pre-market,False
2026-08-05T11:54:00+00:00,724.62,724.72,724.59,724.65,5388,pre-market,False
2026-08-05T11:55:00+00:00,724.8,724.9,724.79,724.82,11301,pre-market,False
2026-08-05T11:56:00+00:00,724.65,724.69,724.6,724.65,2466,pre-market,False
2026-08-05T11:57:00+00:00,724.67,724.83,724.67,724.76,2269,pre-market,False
2026-08-05T11:58:00+00:00,724.85,724.85,724.75,724.8,1524,pre-market,False
2026-08-05T11:59:00+00:00,724.76,724.87,724.75,724.87,2171,pre-market,False
2026-08-05T12:00:00+00:00,724.8,724.86,724.71,724.72,2959,pre-market,False
2026-08-05T12:01:00+00:00,724.64,724.77,724.6,724.73,4171,pre-market,False
2026-08-05T12:02:00+00:00,724.75,724.76,724.6,724.7,2365,pre-market,False
2026-08-05T12:03:00+00:00,724.72,724.9,724.72,724.9,543,pre-market,False
2026-08-05T12:04:00+00:00,724.97,724.97,724.48,724.48,13667,pre-market,False
2026-08-05T12:05:00+00:00,724.3,724.47,724.23,724.35,6364,pre-market,False
2026-08-05T12:06:00+00:00,724.27,724.36,724.18,724.3,3394,pre-market,False
2026-08-05T12:07:00+00:00,724.37,724.37,724.28,724.31,5945,pre-market,False
2026-08-05T12:08:00+00:00,724.31,724.52,724.31,724.35,672,pre-market,False
2026-08-05T12:09:00+00:00,724.43,724.55,724.37,724.42,3725,pre-market,False
2026-08-05T12:10:00+00:00,724.45,724.73,724.44,724.64,1778,pre-market,False
2026-08-05T12:11:00+00:00,724.6,724.64,724.45,724.45,814,pre-market,False
2026-08-05T12:12:00+00:00,724.4,724.5,724.4,724.5,140,pre-market,False
2026-08-05T12:13:00+00:00,724.57,724.92,724.54,724.81,2829,pre-market,False
2026-08-05T12:14:00+00:00,724.86,724.95,724.76,724.95,4055,pre-market,False
2026-08-05T12:15:00+00:00,724.95,724.97,724.44,724.65,11126,pre-market,False
2026-08-05T12:16:00+00:00,724.56,724.84,724.5,724.76,3617,pre-market,False
2026-08-05T12:17:00+00:00,724.8,724.9,724.72,724.72,1626,pre-market,False
2026-08-05T12:18:00+00:00,724.51,724.63,724.4,724.6,2151,pre-market,False
2026-08-05T12:19:00+00:00,724.57,724.69,724.57,724.69,670,pre-market,False
2026-08-05T12:20:00+00:00,724.64,724.86,724.64,724.86,1630,pre-market,False
2026-08-05T12:21:00+00:00,724.9,724.92,724.76,724.85,3631,pre-market,False
2026-08-05T12:22:00+00:00,724.84,725.17,724.6,724.61,6203,pre-market,False
2026-08-05T12:23:00+00:00,724.68,725.08,724.68,725.08,1830,pre-market,False
2026-08-05T12:24:00+00:00,725.0,725.01,724.95,725.0,2371,pre-market,False
2026-08-05T12:25:00+00:00,725.0,725.0,724.86,724.94,3038,pre-market,False
2026-08-05T12:26:00+00:00,724.97,725.0,724.68,724.74,2879,pre-market,False
2026-08-05T12:27:00+00:00,724.88,725.29,724.87,725.27,5889,pre-market,False
2026-08-05T12:28:00+00:00,725.22,725.22,725.11,725.15,1820,pre-market,False
2026-08-05T12:29:00+00:00,725.12,725.25,725.1,725.21,1120,pre-market,False
2026-08-05T12:30:00+00:00,725.21,725.32,725.13,725.24,3324,pre-market,False
2026-08-05T12:31:00+00:00,725.08,725.08,724.49,724.5,4139,pre-market,False
2026-08-05T12:32:00+00:00,724.37,724.5,724.22,724.25,4637,pre-market,False
2026-08-05T12:33:00+00:00,724.28,724.45,724.28,724.39,1130,pre-market,False
2026-08-05T12:34:00+00:00,724.42,724.83,724.42,724.82,2180,pre-market,False
2026-08-05T12:35:00+00:00,725.0,725.54,724.98,725.4,6585,pre-market,False
2026-08-05T12:36:00+00:00,725.32,725.38,725.24,725.35,6335,pre-market,False
2026-08-05T12:37:00+00:00,725.27,725.42,725.27,725.4,1749,pre-market,False
2026-08-05T12:38:00+00:00,725.47,725.51,725.33,725.33,4612,pre-market,False
2026-08-05T12:39:00+00:00,725.27,725.27,725.2,725.25,540,pre-market,False
2026-08-05T12:40:00+00:00,725.24,725.27,725.18,725.27,2285,pre-market,False
2026-08-05T12:41:00+00:00,725.27,725.34,725.22,725.24,13572,pre-market,False
2026-08-05T12:42:00+00:00,725.31,725.32,725.25,725.25,185,pre-market,False
2026-08-05T12:43:00+00:00,725.22,725.24,725.21,725.22,2563,pre-market,False
2026-08-05T12:44:00+00:00,725.33,725.35,725.29,725.35,863,pre-market,False
2026-08-05T12:45:00+00:00,725.41,725.41,725.15,725.4,3110,pre-market,False
2026-08-05T12:46:00+00:00,725.37,725.38,725.15,725.2,2633,pre-market,False
2026-08-05T12:47:00+00:00,725.2,725.44,725.17,725.42,4642,pre-market,False
2026-08-05T12:48:00+00:00,725.38,725.38,725.27,725.27,1496,pre-market,False
2026-08-05T12:49:00+00:00,725.35,725.41,725.3,725.31,3733,pre-market,False
2026-08-05T12:50:00+00:00,725.33,725.36,725.27,725.35,2910,pre-market,False
2026-08-05T12:51:00+00:00,725.29,725.29,725.19,725.19,1274,pre-market,False
2026-08-05T12:52:00+00:00,725.2,725.2,724.92,724.98,6573,pre-market,False
2026-08-05T12:53:00+00:00,725.0,725.03,724.77,724.88,9049,pre-market,False
2026-08-05T12:54:00+00:00,724.87,724.88,724.79,724.87,2821,pre-market,False
2026-08-05T12:55:00+00:00,724.86,724.89,724.62,724.62,4844,pre-market,False
2026-08-05T12:56:00+00:00,724.69,724.76,724.64,724.76,4806,pre-market,False
2026-08-05T12:57:00+00:00,724.7,724.83,724.66,724.72,3625,pre-market,False
2026-08-05T12:58:00+00:00,724.68,724.9,724.63,724.9,2179,pre-market,False
2026-08-05T12:59:00+00:00,724.9,725.07,724.75,724.78,6911,pre-market,False
2026-08-05T13:00:00+00:00,724.8,725.13,724.79,725.02,4353,pre-market,False
2026-08-05T13:01:00+00:00,725.01,725.2,725.01,725.17,2874,pre-market,False
2026-08-05T13:02:00+00:00,725.24,725.4,725.17,725.35,4805,pre-market,False
2026-08-05T13:03:00+00:00,725.41,725.43,725.24,725.32,1291,pre-market,False
2026-08-05T13:04:00+00:00,725.34,725.35,725.31,725.32,295,pre-market,False
2026-08-05T13:05:00+00:00,725.32,725.52,725.32,725.52,17281,pre-market,False
2026-08-05T13:06:00+00:00,725.56,725.57,725.45,725.52,8341,pre-market,False
2026-08-05T13:07:00+00:00,725.56,725.56,725.31,725.31,3932,pre-market,False
2026-08-05T13:08:00+00:00,725.37,725.55,725.29,725.4,2984,pre-market,False
2026-08-05T13:09:00+00:00,725.44,725.44,725.3,725.31,636,pre-market,False
2026-08-05T13:10:00+00:00,725.31,725.36,725.2,725.31,4808,pre-market,False
2026-08-05T13:11:00+00:00,725.32,725.43,725.32,725.36,4116,pre-market,False
2026-08-05T13:12:00+00:00,725.43,725.47,725.3,725.3,1542,pre-market,False
2026-08-05T13:13:00+00:00,725.32,725.32,725.18,725.23,1537,pre-market,False
2026-08-05T13:14:00+00:00,725.17,725.17,725.0,725.05,1975,pre-market,False
2026-08-05T13:15:00+00:00,725.05,725.11,724.94,725.01,2924,pre-market,False
2026-08-05T13:16:00+00:00,724.97,724.98,724.65,724.75,6008,pre-market,False
2026-08-05T13:17:00+00:00,724.72,724.9,724.64,724.9,7489,pre-market,False
2026-08-05T13:18:00+00:00,724.89,724.89,724.7,724.79,5053,pre-market,False
2026-08-05T13:19:00+00:00,724.84,724.93,724.8,724.83,4172,pre-market,False
2026-08-05T13:20:00+00:00,724.8,724.86,724.78,724.78,8842,pre-market,False
2026-08-05T13:21:00+00:00,724.78,724.8,724.37,724.62,20647,pre-market,False
2026-08-05T13:22:00+00:00,724.6,724.71,724.55,724.68,10087,pre-market,False
2026-08-05T13:23:00+00:00,724.68,724.75,724.5,724.5,2724,pre-market,False
2026-08-05T13:24:00+00:00,724.51,724.55,724.34,724.55,3192,pre-market,False
2026-08-05T13:25:00+00:00,724.69,725.0,724.65,724.95,6879,pre-market,False
2026-08-05T13:26:00+00:00,725.01,725.04,724.93,724.93,5346,pre-market,False
2026-08-05T13:27:00+00:00,725.03,725.48,724.98,725.4,25282,pre-market,False
2026-08-05T13:28:00+00:00,725.51,725.97,725.49,725.91,36703,pre-market,False
2026-08-05T13:29:00+00:00,725.84,726.2,725.78,726.2,32517,pre-market,False
2026-08-05T13:30:00+00:00,726.23,726.68,725.53,725.92,498202,regular,False
2026-08-05T13:31:00+00:00,725.94,726.6,725.92,726.39,135010,regular,False
2026-08-05T13:32:00+00:00,726.37,726.46,725.22,725.74,124691,regular,False
2026-08-05T13:33:00+00:00,725.79,726.87,725.78,726.7,106536,regular,False
2026-08-05T13:34:00+00:00,726.74,727.09,726.3,727.08,122435,regular,False
2026-08-05T13:35:00+00:00,727.06,727.35,726.59,726.98,122702,regular,False
2026-08-05T13:36:00+00:00,727.02,727.06,724.72,725.11,155197,regular,False
2026-08-05T13:37:00+00:00,725.08,725.48,724.63,725.28,137163,regular,False
2026-08-05T13:38:00+00:00,725.3,726.74,725.26,726.15,167353,regular,False
2026-08-05T13:39:00+00:00,726.19,727.54,725.54,726.87,168744,regular,False
2026-08-05T13:40:00+00:00,726.87,727.69,726.36,726.9,139779,regular,False
2026-08-05T13:41:00+00:00,726.82,727.19,726.4,727.16,97223,regular,False
2026-08-05T13:42:00+00:00,727.2,727.68,727.0,727.58,148585,regular,False
2026-08-05T13:43:00+00:00,727.64,728.09,727.48,728.09,138559,regular,False
2026-08-05T13:44:00+00:00,728.05,728.19,727.4,728.05,86012,regular,False
2026-08-05T13:45:00+00:00,728.1,728.54,727.21,727.43,161118,regular,False
2026-08-05T13:46:00+00:00,727.46,728.06,727.25,727.54,94543,regular,False
2026-08-05T13:47:00+00:00,727.53,728.03,727.43,727.84,72165,regular,False
2026-08-05T13:48:00+00:00,727.84,728.48,727.72,728.22,104254,regular,False
2026-08-05T13:49:00+00:00,728.17,728.28,727.94,728.14,76767,regular,False
2026-08-05T13:50:00+00:00,728.19,728.4,726.8,727.12,227530,regular,False
2026-08-05T13:51:00+00:00,727.09,727.62,726.67,727.01,117356,regular,False
2026-08-05T13:52:00+00:00,727.04,727.32,726.46,726.77,105494,regular,False
2026-08-05T13:53:00+00:00,726.71,727.73,726.55,727.19,169002,regular,False
2026-08-05T13:54:00+00:00,727.18,727.49,726.08,727.42,74812,regular,False
2026-08-05T13:55:00+00:00,727.43,727.57,726.66,726.73,104875,regular,False
2026-08-05T13:56:00+00:00,726.74,727.02,726.29,726.66,104952,regular,False
2026-08-05T13:57:00+00:00,726.67,727.34,726.65,727.33,41522,regular,False
2026-08-05T13:58:00+00:00,727.26,728.13,727.24,728.09,66577,regular,False
2026-08-05T13:59:00+00:00,728.09,728.19,727.47,727.99,60782,regular,False
2026-08-05T14:00:00+00:00,727.9,727.93,726.38,727.0,123736,regular,False
2026-08-05T14:01:00+00:00,726.97,727.08,725.75,725.87,87628,regular,False
2026-08-05T14:02:00+00:00,725.89,725.93,724.81,725.22,143779,regular,False
2026-08-05T14:03:00+00:00,725.19,725.96,725.0,725.76,120355,regular,False
2026-08-05T14:04:00+00:00,725.77,726.09,725.07,725.92,118294,regular,False
2026-08-05T14:05:00+00:00,725.93,727.13,725.93,726.22,229413,regular,False
2026-08-05T14:06:00+00:00,726.22,726.64,725.85,726.54,102306,regular,False
2026-08-05T14:07:00+00:00,726.52,726.91,726.45,726.76,147252,regular,False
2026-08-05T14:08:00+00:00,726.69,727.16,726.65,726.77,88572,regular,False
2026-08-05T14:09:00+00:00,726.73,727.49,726.53,726.88,59267,regular,False
2026-08-05T14:10:00+00:00,726.85,727.2,726.05,727.18,39181,regular,False
2026-08-05T14:11:00+00:00,727.18,727.26,726.41,726.55,133269,regular,False
2026-08-05T14:12:00+00:00,726.58,727.05,726.34,726.5,48936,regular,False
2026-08-05T14:13:00+00:00,726.52,727.04,726.44,726.84,31011,regular,False
2026-08-05T14:14:00+00:00,726.9,727.22,726.62,726.71,37860,regular,False
2026-08-05T14:15:00+00:00,726.74,727.42,726.58,727.1,40545,regular,False
2026-08-05T14:16:00+00:00,727.08,727.27,726.36,726.46,43217,regular,False
2026-08-05T14:17:00+00:00,726.46,726.82,726.41,726.73,22462,regular,False
2026-08-05T14:18:00+00:00,726.72,727.09,726.56,727.09,23171,regular,False
2026-08-05T14:19:00+00:00,727.07,727.08,726.12,726.17,35160,regular,False
2026-08-05T14:20:00+00:00,726.17,726.19,725.42,725.87,89221,regular,False
2026-08-05T14:21:00+00:00,725.85,726.22,725.24,725.47,53535,regular,False
2026-08-05T14:22:00+00:00,725.49,725.67,724.95,725.14,75859,regular,False
2026-08-05T14:23:00+00:00,725.19,725.24,724.4,724.86,97163,regular,False
2026-08-05T14:24:00+00:00,724.94,725.99,724.8,725.8,90076,regular,False
2026-08-05T14:25:00+00:00,725.79,726.49,725.61,725.67,108778,regular,False
2026-08-05T14:26:00+00:00,725.7,726.17,725.1,725.57,90432,regular,False
2026-08-05T14:27:00+00:00,725.54,725.77,725.23,725.71,55066,regular,False
2026-08-05T14:28:00+00:00,725.72,725.74,724.96,724.99,55169,regular,False
2026-08-05T14:29:00+00:00,725.0,725.27,724.63,724.72,63999,regular,False
2026-08-05T14:30:00+00:00,724.67,724.8,723.66,724.23,179793,regular,False
2026-08-05T14:31:00+00:00,724.18,724.39,723.33,723.39,88784,regular,False
2026-08-05T14:32:00+00:00,723.32,723.93,723.19,723.82,88694,regular,False
2026-08-05T14:33:00+00:00,723.8,724.44,723.58,724.31,105708,regular,False
2026-08-05T14:34:00+00:00,724.31,724.57,723.69,723.95,71960,regular,False
2026-08-05T14:35:00+00:00,723.95,724.67,723.85,724.19,68744,regular,False
2026-08-05T14:36:00+00:00,724.11,724.16,723.51,723.98,57225,regular,False
2026-08-05T14:37:00+00:00,723.95,724.38,723.04,723.07,95354,regular,False
2026-08-05T14:38:00+00:00,723.07,723.59,722.86,723.38,142906,regular,False
2026-08-05T14:39:00+00:00,723.41,723.75,722.85,722.87,101774,regular,False
2026-08-05T14:40:00+00:00,722.86,723.3,722.55,722.61,166594,regular,False
2026-08-05T14:41:00+00:00,722.6,723.2,722.47,723.14,120925,regular,False
2026-08-05T14:42:00+00:00,723.15,723.6,722.64,723.43,104892,regular,False
2026-08-05T14:43:00+00:00,723.36,723.53,722.96,723.43,66652,regular,False
2026-08-05T14:44:00+00:00,723.45,723.6,722.83,723.38,85304,regular,False
2026-08-05T14:45:00+00:00,723.38,723.5,722.81,722.98,38150,regular,False
2026-08-05T14:46:00+00:00,722.99,723.94,722.95,723.69,59804,regular,False
2026-08-05T14:47:00+00:00,723.64,723.85,723.51,723.64,64005,regular,False
2026-08-05T14:48:00+00:00,723.69,723.98,723.52,723.84,49980,regular,False
2026-08-05T14:49:00+00:00,723.79,724.43,723.78,724.09,61892,regular,False
2026-08-05T14:50:00+00:00,724.12,724.45,723.62,723.7,80799,regular,False
2026-08-05T14:51:00+00:00,723.67,723.82,722.9,723.17,77359,regular,False
2026-08-05T14:52:00+00:00,723.13,723.3,722.43,722.82,78708,regular,False
2026-08-05T14:53:00+00:00,722.79,722.91,721.6,721.82,167121,regular,False
2026-08-05T14:54:00+00:00,721.8,722.5,721.68,722.45,113870,regular,False
2026-08-05T14:55:00+00:00,722.44,722.57,721.93,722.37,73425,regular,False
2026-08-05T14:56:00+00:00,722.35,722.69,722.0,722.61,83833,regular,False
2026-08-05T14:57:00+00:00,722.64,723.4,722.55,723.04,145893,regular,False
2026-08-05T14:58:00+00:00,723.03,723.39,722.66,722.69,56638,regular,False
2026-08-05T14:59:00+00:00,722.67,723.4,722.62,723.04,67719,regular,False
2026-08-05T15:00:00+00:00,723.07,723.82,723.04,723.65,96197,regular,False
2026-08-05T15:01:00+00:00,723.65,723.68,722.92,723.15,77013,regular,False
2026-08-05T15:04:00+00:00,722.79,722.99,722.5,722.98,93288,regular,False
2026-08-05T15:05:00+00:00,723.0,723.29,722.75,722.75,131293,regular,False
2026-08-05T15:06:00+00:00,722.71,723.4,722.57,723.23,107242,regular,False
2026-08-05T15:07:00+00:00,723.24,723.59,723.22,723.43,32507,regular,False
2026-08-05T15:08:00+00:00,723.44,723.5,723.1,723.22,32580,regular,False
2026-08-05T15:09:00+00:00,723.19,723.99,723.16,723.63,85846,regular,False
2026-08-05T15:10:00+00:00,723.61,723.88,723.5,723.86,36239,regular,False
2026-08-05T15:11:00+00:00,723.87,724.12,723.24,723.36,44002,regular,False
2026-08-05T15:12:00+00:00,723.34,723.92,723.3,723.43,37755,regular,False
2026-08-05T15:13:00+00:00,723.43,723.5,722.81,722.82,37920,regular,False
2026-08-05T15:14:00+00:00,722.82,723.01,722.71,722.84,68038,regular,False
2026-08-05T15:15:00+00:00,722.84,723.07,722.32,722.36,96437,regular,False
2026-08-05T15:16:00+00:00,722.37,722.48,721.9,722.45,103941,regular,False
2026-08-05T15:17:00+00:00,722.47,722.48,721.99,722.09,78505,regular,False
2026-08-05T15:18:00+00:00,722.11,722.11,721.01,721.83,191974,regular,False
2026-08-05T15:19:00+00:00,721.81,722.72,721.67,722.67,71073,regular,False
2026-08-05T15:20:00+00:00,722.63,722.75,722.35,722.7,64912,regular,False
2026-08-05T15:21:00+00:00,722.68,722.95,722.4,722.91,62096,regular,False
2026-08-05T15:22:00+00:00,722.87,722.97,722.73,722.73,23335,regular,False
2026-08-05T15:23:00+00:00,722.76,723.07,722.46,722.49,36116,regular,False
2026-08-05T15:24:00+00:00,722.47,723.01,722.21,722.35,58330,regular,False
2026-08-05T15:25:00+00:00,722.32,722.58,722.04,722.2,63472,regular,False
2026-08-05T15:26:00+00:00,722.14,722.34,722.08,722.16,55003,regular,False
2026-08-05T15:27:00+00:00,722.15,722.66,722.09,722.39,32243,regular,False
2026-08-05T15:28:00+00:00,722.33,722.35,721.77,721.91,53910,regular,False
2026-08-05T15:29:00+00:00,721.94,722.28,721.76,722.09,55375,regular,False
2026-08-05T15:30:00+00:00,722.08,722.62,722.03,722.62,46648,regular,False
2026-08-05T15:31:00+00:00,722.62,723.33,722.61,723.05,69886,regular,False
2026-08-05T15:32:00+00:00,723.03,723.26,723.03,723.14,25750,regular,False
2026-08-05T15:33:00+00:00,723.14,723.19,722.7,722.86,34902,regular,False
2026-08-05T15:34:00+00:00,722.91,723.01,722.2,722.36,24735,regular,False
2026-08-05T15:35:00+00:00,722.35,722.74,722.33,722.74,37813,regular,False
2026-08-05T15:36:00+00:00,722.69,722.72,722.38,722.66,37196,regular,False
2026-08-05T15:37:00+00:00,722.63,723.19,722.55,722.95,35823,regular,False
2026-08-05T15:38:00+00:00,723.01,723.06,722.7,722.75,13933,regular,False
2026-08-05T15:39:00+00:00,722.76,723.21,722.65,722.93,19302,regular,False
2026-08-05T15:40:00+00:00,722.94,723.14,722.65,722.79,24393,regular,False
2026-08-05T15:41:00+00:00,722.81,722.84,722.28,722.73,30495,regular,False
2026-08-05T15:42:00+00:00,722.74,722.87,722.47,722.86,15985,regular,False
2026-08-05T15:43:00+00:00,722.86,722.87,722.31,722.46,19539,regular,False
2026-08-05T15:44:00+00:00,722.42,722.44,722.17,722.35,27223,regular,False
2026-08-05T15:45:00+00:00,722.36,722.36,721.61,721.98,40840,regular,False
2026-08-05T15:46:00+00:00,721.98,722.07,721.65,722.07,30288,regular,False
2026-08-05T15:47:00+00:00,722.03,722.21,721.91,722.01,26279,regular,False
2026-08-05T15:48:00+00:00,722.04,722.24,721.84,722.19,30481,regular,False
2026-08-05T15:49:00+00:00,722.16,722.29,721.58,721.69,41809,regular,False
2026-08-05T15:50:00+00:00,721.7,722.03,721.62,721.88,44302,regular,False
2026-08-05T15:51:00+00:00,721.89,721.94,721.31,721.36,84496,regular,False
2026-08-05T15:52:00+00:00,721.34,721.43,721.18,721.21,71576,regular,False
2026-08-05T15:53:00+00:00,721.22,721.71,721.17,721.61,86908,regular,False
2026-08-05T15:54:00+00:00,721.58,721.74,721.22,721.3,65861,regular,False
2026-08-05T15:55:00+00:00,721.3,721.31,721.02,721.08,54340,regular,False
2026-08-05T15:56:00+00:00,721.07,721.11,720.5,720.72,91268,regular,False
2026-08-05T15:57:00+00:00,720.7,720.7,719.77,720.29,123667,regular,False
2026-08-05T15:58:00+00:00,720.32,720.9,720.15,720.71,91466,regular,False
2026-08-05T15:59:00+00:00,720.72,721.0,720.35,720.37,51020,regular,False
2026-08-05T16:00:00+00:00,720.38,720.81,720.35,720.66,65799,regular,False
2026-08-05T16:01:00+00:00,720.64,720.68,720.27,720.28,39712,regular,False
2026-08-05T16:02:00+00:00,720.26,720.36,719.72,720.05,89704,regular,False
2026-08-05T16:03:00+00:00,720.05,720.44,719.92,720.36,75572,regular,False
2026-08-05T16:04:00+00:00,720.39,721.03,720.39,720.87,96939,regular,False
2026-08-05T16:05:00+00:00,720.85,720.86,720.54,720.86,48572,regular,False
2026-08-05T16:06:00+00:00,720.86,720.96,720.2,720.49,45838,regular,False
2026-08-05T16:07:00+00:00,720.48,720.76,720.22,720.27,92114,regular,False
2026-08-05T16:08:00+00:00,720.31,720.33,719.83,719.83,60853,regular,False
2026-08-05T16:09:00+00:00,719.83,720.05,719.52,719.98,67135,regular,False
2026-08-05T16:10:00+00:00,719.98,720.17,719.74,719.83,67021,regular,False
2026-08-05T16:11:00+00:00,719.82,720.14,719.72,719.92,57758,regular,False
2026-08-05T16:12:00+00:00,719.96,720.0,719.48,719.78,49041,regular,False
2026-08-05T16:13:00+00:00,719.81,719.96,719.5,719.74,54386,regular,False
2026-08-05T16:14:00+00:00,719.74,720.22,719.58,720.18,48864,regular,False
2026-08-05T16:15:00+00:00,720.2,720.37,719.89,720.21,61463,regular,False
2026-08-05T16:16:00+00:00,720.17,720.95,720.11,720.69,113963,regular,False
2026-08-05T16:17:00+00:00,720.65,720.87,720.48,720.69,39328,regular,False
2026-08-05T16:18:00+00:00,720.68,720.71,720.5,720.59,25788,regular,False
2026-08-05T16:19:00+00:00,720.65,720.73,720.24,720.39,47267,regular,False
2026-08-05T16:20:00+00:00,720.38,721.35,720.35,721.35,59275,regular,False
2026-08-05T16:21:00+00:00,721.35,721.81,721.31,721.62,173162,regular,False
2026-08-05T16:22:00+00:00,721.62,721.75,721.35,721.66,50321,regular,False
2026-08-05T16:23:00+00:00,721.7,721.73,721.05,721.08,43234,regular,False
2026-08-05T16:24:00+00:00,721.07,721.3,720.78,721.16,77244,regular,False
2026-08-05T16:25:00+00:00,721.16,721.74,721.16,721.64,50762,regular,False
2026-08-05T16:26:00+00:00,721.7,722.11,721.59,722.11,83284,regular,False
2026-08-05T16:27:00+00:00,722.09,722.48,722.07,722.07,65259,regular,False
2026-08-05T16:28:00+00:00,722.04,722.3,721.96,722.26,33141,regular,False
2026-08-05T16:29:00+00:00,722.29,722.71,722.28,722.67,67378,regular,False
2026-08-05T16:30:00+00:00,722.66,722.88,722.07,722.1,67849,regular,False
2026-08-05T16:31:00+00:00,722.08,722.14,721.75,721.79,78099,regular,False
2026-08-05T16:32:00+00:00,721.8,722.16,721.72,722.01,17034,regular,False
2026-08-05T16:33:00+00:00,722.05,722.05,721.17,721.37,40657,regular,False
2026-08-05T16:34:00+00:00,721.31,721.84,721.31,721.82,26725,regular,False
2026-08-05T16:35:00+00:00,721.83,721.84,721.28,721.52,18889,regular,False
2026-08-05T16:36:00+00:00,721.55,721.62,721.26,721.52,14986,regular,False
2026-08-05T16:37:00+00:00,721.56,721.83,721.46,721.8,22817,regular,False
2026-08-05T16:38:00+00:00,721.79,722.03,721.67,722.0,16944,regular,False
2026-08-05T16:39:00+00:00,722.04,722.17,721.75,721.85,31338,regular,False
2026-08-05T16:40:00+00:00,721.86,722.14,721.83,722.08,21500,regular,False
2026-08-05T16:41:00+00:00,722.14,722.42,722.1,722.14,27691,regular,False
2026-08-05T16:42:00+00:00,722.14,722.16,721.56,721.64,53562,regular,False
2026-08-05T16:43:00+00:00,721.62,721.96,721.56,721.91,27910,regular,False
2026-08-05T16:44:00+00:00,721.9,722.02,721.59,721.65,21075,regular,False
2026-08-05T16:45:00+00:00,721.66,721.93,721.39,721.84,26223,regular,False
2026-08-05T16:46:00+00:00,721.87,721.91,721.59,721.67,17129,regular,False
2026-08-05T16:47:00+00:00,721.71,721.89,721.68,721.79,23296,regular,False
2026-08-05T16:48:00+00:00,721.78,721.91,721.56,721.84,23726,regular,False
2026-08-05T16:49:00+00:00,721.86,721.9,721.6,721.66,28304,regular,False
2026-08-05T16:50:00+00:00,721.62,722.18,721.57,722.18,36414,regular,False
2026-08-05T16:51:00+00:00,722.25,722.37,721.97,722.0,73639,regular,False
2026-08-05T16:52:00+00:00,722.1,722.24,722.0,722.11,21647,regular,False
2026-08-05T16:53:00+00:00,722.15,722.53,722.03,722.5,43381,regular,False
2026-08-05T16:54:00+00:00,722.49,722.49,722.22,722.3,24346,regular,False
2026-08-05T16:55:00+00:00,722.3,722.41,722.15,722.2,13986,regular,False
2026-08-05T16:56:00+00:00,722.25,722.36,722.09,722.16,17360,regular,False
2026-08-05T16:57:00+00:00,722.18,722.42,722.17,722.37,11926,regular,False
2026-08-05T16:58:00+00:00,722.37,722.47,722.0,722.13,34543,regular,False
2026-08-05T16:59:00+00:00,722.11,722.28,721.98,722.14,24155,regular,False
2026-08-05T17:00:00+00:00,722.17,722.38,721.67,722.02,32844,regular,False
2026-08-05T17:01:00+00:00,722.07,722.4,722.04,722.31,19789,regular,False
2026-08-05T17:02:00+00:00,722.3,722.32,721.64,721.68,21061,regular,False
2026-08-05T17:03:00+00:00,721.68,721.83,721.47,721.71,33595,regular,False
2026-08-05T17:04:00+00:00,721.73,721.74,721.21,721.35,37263,regular,False
2026-08-05T17:05:00+00:00,721.33,721.51,721.17,721.43,35210,regular,False
2026-08-05T17:06:00+00:00,721.47,721.56,720.77,720.97,51423,regular,False
2026-08-05T17:07:00+00:00,720.97,721.41,720.91,721.14,33680,regular,False
2026-08-05T17:08:00+00:00,721.16,721.36,721.0,721.22,19847,regular,False
2026-08-05T17:09:00+00:00,721.23,721.3,720.92,720.97,16385,regular,False
2026-08-05T17:10:00+00:00,720.97,720.98,720.55,720.64,32797,regular,False
2026-08-05T17:11:00+00:00,720.6,721.3,720.57,721.3,36719,regular,False
2026-08-05T17:12:00+00:00,721.29,721.51,721.15,721.41,31440,regular,False
2026-08-05T17:13:00+00:00,721.4,721.4,720.96,721.11,18702,regular,False
2026-08-05T17:14:00+00:00,721.05,721.22,721.0,721.12,13344,regular,False
2026-08-05T17:15:00+00:00,721.1,721.4,720.64,721.31,34168,regular,False
2026-08-05T17:16:00+00:00,721.34,721.43,721.01,721.1,37824,regular,False
2026-08-05T17:17:00+00:00,721.06,721.08,720.7,720.9,19809,regular,False
2026-08-05T17:18:00+00:00,720.94,721.06,720.77,720.99,23196,regular,False
2026-08-05T17:19:00+00:00,721.02,721.2,720.83,720.97,13158,regular,False
2026-08-05T17:20:00+00:00,720.94,721.07,720.82,721.02,23832,regular,False
2026-08-05T17:21:00+00:00,721.03,721.03,720.82,720.92,28550,regular,False
2026-08-05T17:22:00+00:00,720.95,720.98,720.46,720.48,23807,regular,False
2026-08-05T17:23:00+00:00,720.46,720.93,720.45,720.73,26566,regular,False
2026-08-05T17:24:00+00:00,720.78,721.04,720.69,721.04,21357,regular,False
2026-08-05T17:25:00+00:00,721.02,721.15,720.87,721.09,25736,regular,False
2026-08-05T17:26:00+00:00,721.13,721.38,721.08,721.36,21995,regular,False
2026-08-05T17:27:00+00:00,721.33,721.44,721.13,721.17,25962,regular,False
2026-08-05T17:28:00+00:00,721.2,721.27,721.06,721.14,11788,regular,False
2026-08-05T17:29:00+00:00,721.13,721.14,720.73,720.77,23725,regular,False
2026-08-05T17:30:00+00:00,720.8,720.81,720.48,720.63,19427,regular,False
2026-08-05T17:31:00+00:00,720.66,720.75,720.41,720.74,28039,regular,False
2026-08-05T17:32:00+00:00,720.76,720.92,720.61,720.85,17359,regular,False
2026-08-05T17:33:00+00:00,720.85,720.96,720.57,720.91,18401,regular,False
2026-08-05T17:34:00+00:00,720.99,721.19,720.71,720.81,19672,regular,False
2026-08-05T17:35:00+00:00,720.85,721.11,720.73,720.98,26499,regular,False
2026-08-05T17:36:00+00:00,721.09,721.13,720.82,720.92,12893,regular,False
2026-08-05T17:37:00+00:00,720.89,721.13,720.67,721.01,9587,regular,False
2026-08-05T17:38:00+00:00,721.01,721.05,720.86,720.97,9010,regular,False
2026-08-05T17:39:00+00:00,721.0,721.05,720.79,720.92,12511,regular,False
2026-08-05T17:40:00+00:00,720.89,721.37,720.85,721.28,16653,regular,False
2026-08-05T17:41:00+00:00,721.27,721.27,720.88,720.89,11567,regular,False
2026-08-05T17:42:00+00:00,720.87,721.06,720.78,720.92,14501,regular,False
2026-08-05T17:43:00+00:00,721.01,721.15,720.83,721.08,13093,regular,False
2026-08-05T17:44:00+00:00,721.11,721.13,720.85,720.86,15091,regular,False
2026-08-05T17:46:00+00:00,720.64,720.76,720.47,720.72,16565,regular,False
2026-08-05T17:47:00+00:00,720.64,720.99,720.53,720.97,15650,regular,False
2026-08-05T17:48:00+00:00,720.95,721.02,720.76,721.01,24552,regular,False
2026-08-05T17:49:00+00:00,721.01,721.26,721.01,721.05,14872,regular,False
2026-08-05T17:50:00+00:00,721.08,721.26,720.87,720.88,26334,regular,False
2026-08-05T17:51:00+00:00,720.89,721.27,720.89,721.2,25750,regular,False
2026-08-05T17:52:00+00:00,721.2,721.2,720.89,721.04,21179,regular,False
2026-08-05T17:53:00+00:00,721.02,721.03,720.77,720.93,16084,regular,False
2026-08-05T17:54:00+00:00,720.93,721.0,720.69,720.76,13708,regular,False
2026-08-05T17:55:00+00:00,720.75,720.79,720.57,720.79,13151,regular,False
2026-08-05T17:56:00+00:00,720.78,721.0,720.66,721.0,12840,regular,False
2026-08-05T17:57:00+00:00,720.96,721.0,720.77,720.98,11926,regular,False
2026-08-05T17:58:00+00:00,721.05,721.16,720.98,720.99,11482,regular,False
2026-08-05T17:59:00+00:00,720.97,721.0,720.77,720.86,10630,regular,False
2026-08-05T18:00:00+00:00,720.86,721.12,720.78,721.0,21112,regular,False
2026-08-05T18:01:00+00:00,720.98,721.07,720.84,720.84,16123,regular,False
2026-08-05T18:02:00+00:00,720.84,721.15,720.77,721.06,31379,regular,False
2026-08-05T18:03:00+00:00,721.07,721.31,720.98,721.24,36463,regular,False
2026-08-05T18:04:00+00:00,721.22,721.6,721.14,721.49,17016,regular,False
2026-08-05T18:05:00+00:00,721.46,721.5,721.21,721.43,33178,regular,False
2026-08-05T18:06:00+00:00,721.42,721.49,720.9,721.15,28280,regular,False
2026-08-05T18:07:00+00:00,721.15,721.16,720.88,720.92,24265,regular,False
2026-08-05T18:08:00+00:00,720.89,721.13,720.82,721.13,23186,regular,False
2026-08-05T18:09:00+00:00,721.1,721.23,720.96,721.17,19724,regular,False
2026-08-05T18:10:00+00:00,721.2,721.3,721.12,721.21,20309,regular,False
2026-08-05T18:11:00+00:00,721.18,721.51,721.14,721.45,26445,regular,False
2026-08-05T18:12:00+00:00,721.47,721.5,721.21,721.31,26690,regular,False
2026-08-05T18:13:00+00:00,721.29,721.36,721.16,721.18,13983,regular,False
2026-08-05T18:14:00+00:00,721.22,721.29,720.98,721.0,12553,regular,False
2026-08-05T18:15:00+00:00,720.94,721.46,720.81,721.41,18166,regular,False
2026-08-05T18:16:00+00:00,721.42,721.44,721.27,721.3,12008,regular,False
2026-08-05T18:17:00+00:00,721.31,721.39,720.99,721.02,20007,regular,False
2026-08-05T18:18:00+00:00,721.01,721.17,720.91,721.17,12315,regular,False
2026-08-05T18:19:00+00:00,721.15,721.37,721.14,721.25,13910,regular,False
2026-08-05T18:20:00+00:00,721.21,721.34,721.07,721.32,16334,regular,False
2026-08-05T18:21:00+00:00,721.35,721.37,721.2,721.2,15029,regular,False
2026-08-05T18:22:00+00:00,721.21,721.27,720.91,721.09,12494,regular,False
2026-08-05T18:23:00+00:00,721.04,721.14,720.94,721.14,11818,regular,False
2026-08-05T18:24:00+00:00,721.16,721.17,721.0,721.08,10412,regular,False
2026-08-05T18:25:00+00:00,721.06,721.33,721.05,721.29,23986,regular,False
2026-08-05T18:26:00+00:00,721.27,721.43,721.25,721.26,20934,regular,False
2026-08-05T18:27:00+00:00,721.3,721.36,721.2,721.21,17939,regular,False
2026-08-05T18:28:00+00:00,721.24,721.27,721.07,721.13,14644,regular,False
2026-08-05T18:29:00+00:00,721.13,721.35,721.13,721.28,15557,regular,False
2026-08-05T18:30:00+00:00,721.32,721.32,720.59,720.6,43754,regular,False
2026-08-05T18:31:00+00:00,720.65,720.65,720.26,720.27,63368,regular,False
2026-08-05T18:32:00+00:00,720.33,720.36,720.13,720.2,47771,regular,False
2026-08-05T18:33:00+00:00,720.19,720.42,720.16,720.41,27219,regular,False
2026-08-05T18:34:00+00:00,720.36,720.6,720.21,720.41,28488,regular,False
2026-08-05T18:35:00+00:00,720.42,720.68,720.33,720.65,24420,regular,False
2026-08-05T18:36:00+00:00,720.65,720.85,720.54,720.65,24255,regular,False
2026-08-05T18:37:00+00:00,720.64,720.77,720.5,720.72,19917,regular,False
2026-08-05T18:38:00+00:00,720.68,720.8,720.52,720.67,17513,regular,False
2026-08-05T18:39:00+00:00,720.71,720.79,720.46,720.47,45889,regular,False
2026-08-05T18:40:00+00:00,720.47,720.68,720.35,720.5,27796,regular,False
2026-08-05T18:41:00+00:00,720.49,720.51,720.29,720.46,39800,regular,False
2026-08-05T18:42:00+00:00,720.44,720.61,720.32,720.58,39619,regular,False
2026-08-05T18:43:00+00:00,720.56,720.56,720.42,720.46,18055,regular,False
2026-08-05T18:44:00+00:00,720.47,720.56,720.43,720.48,17423,regular,False
2026-08-05T18:45:00+00:00,720.49,720.86,720.37,720.8,50745,regular,False
2026-08-05T18:46:00+00:00,720.83,720.89,720.55,720.73,28847,regular,False
2026-08-05T18:47:00+00:00,720.76,720.88,720.72,720.78,20959,regular,False
2026-08-05T18:48:00+00:00,720.79,721.03,720.76,720.85,59106,regular,False
2026-08-05T18:49:00+00:00,720.83,720.9,720.71,720.76,36156,regular,False
2026-08-05T18:50:00+00:00,720.76,720.93,720.65,720.85,22224,regular,False
2026-08-05T18:51:00+00:00,720.84,720.84,720.57,720.66,28469,regular,False
2026-08-05T18:52:00+00:00,720.57,720.7,720.48,720.64,30941,regular,False
2026-08-05T18:53:00+00:00,720.65,720.73,720.5,720.58,19932,regular,False
2026-08-05T18:54:00+00:00,720.6,720.71,720.51,720.56,26149,regular,False
2026-08-05T18:55:00+00:00,720.56,720.59,720.25,720.28,39174,regular,False
2026-08-05T18:56:00+00:00,720.24,720.26,720.05,720.14,23419,regular,False
2026-08-05T18:57:00+00:00,720.15,720.38,720.05,720.35,16533,regular,False
2026-08-05T18:58:00+00:00,720.35,720.46,720.21,720.27,21132,regular,False
2026-08-05T18:59:00+00:00,720.23,720.33,720.08,720.09,21347,regular,False
2026-08-05T19:00:00+00:00,720.11,720.53,719.92,720.42,48485,regular,False
2026-08-05T19:01:00+00:00,720.4,720.75,720.32,720.68,44123,regular,False
2026-08-05T19:02:00+00:00,720.68,720.84,720.61,720.65,52232,regular,False
2026-08-05T19:03:00+00:00,720.69,720.87,720.64,720.84,31365,regular,False
2026-08-05T19:04:00+00:00,720.84,720.95,720.78,720.91,51664,regular,False
2026-08-05T19:05:00+00:00,720.93,721.35,720.8,721.23,43295,regular,False
2026-08-05T19:06:00+00:00,721.23,721.23,720.9,720.9,21400,regular,False
2026-08-05T19:07:00+00:00,720.89,721.28,720.79,721.21,37316,regular,False
2026-08-05T19:08:00+00:00,721.23,721.26,721.0,721.2,22669,regular,False
2026-08-05T19:09:00+00:00,721.2,721.21,721.02,721.11,22024,regular,False
2026-08-05T19:10:00+00:00,721.14,721.16,721.0,721.11,14844,regular,False
2026-08-05T19:11:00+00:00,721.11,721.18,720.98,721.1,11010,regular,False
2026-08-05T19:12:00+00:00,721.13,721.24,721.13,721.16,31531,regular,False
2026-08-05T19:13:00+00:00,721.17,721.35,721.13,721.16,26949,regular,False
2026-08-05T19:14:00+00:00,721.12,721.3,721.11,721.28,15883,regular,False
2026-08-05T19:15:00+00:00,721.27,721.38,721.14,721.27,23853,regular,False
2026-08-05T19:16:00+00:00,721.28,721.41,721.12,721.2,20679,regular,False
2026-08-05T19:17:00+00:00,721.21,721.27,721.09,721.2,24671,regular,False
2026-08-05T19:18:00+00:00,721.2,721.31,721.18,721.3,49711,regular,False
2026-08-05T19:19:00+00:00,721.27,721.33,721.05,721.1,34039,regular,False
2026-08-05T19:20:00+00:00,721.11,721.31,721.08,721.16,22722,regular,False
2026-08-05T19:21:00+00:00,721.15,721.15,720.82,721.04,33406,regular,False
2026-08-05T19:22:00+00:00,721.04,721.14,720.96,721.02,17782,regular,False
2026-08-05T19:23:00+00:00,721.03,721.3,721.0,721.2,19792,regular,False
2026-08-05T19:24:00+00:00,721.21,721.23,721.04,721.09,15298,regular,False
2026-08-05T19:25:00+00:00,721.09,721.12,720.9,720.93,13050,regular,False
2026-08-05T19:26:00+00:00,720.96,721.27,720.95,721.25,28667,regular,False
2026-08-05T19:27:00+00:00,721.26,721.34,721.17,721.19,15293,regular,False
2026-08-05T19:28:00+00:00,721.21,721.21,721.01,721.12,32195,regular,False
2026-08-05T19:29:00+00:00,721.1,721.11,720.86,720.89,27589,regular,False
2026-08-05T19:30:00+00:00,720.89,721.03,720.68,720.96,48814,regular,False
2026-08-05T19:31:00+00:00,720.92,720.92,720.52,720.57,42394,regular,False
2026-08-05T19:32:00+00:00,720.58,720.7,720.51,720.64,32958,regular,False
2026-08-05T19:33:00+00:00,720.63,720.63,720.13,720.36,55187,regular,False
2026-08-05T19:34:00+00:00,720.35,720.37,720.22,720.26,28097,regular,False
2026-08-05T19:35:00+00:00,720.24,720.24,719.81,719.92,78705,regular,False
2026-08-05T19:36:00+00:00,719.93,720.14,719.84,720.13,70707,regular,False
2026-08-05T19:37:00+00:00,720.14,720.31,720.03,720.23,60327,regular,False
2026-08-05T19:38:00+00:00,720.25,720.41,720.02,720.02,19016,regular,False
2026-08-05T19:39:00+00:00,720.01,720.1,719.87,719.91,32305,regular,False
2026-08-05T19:40:00+00:00,719.89,720.24,719.79,720.2,38604,regular,False
2026-08-05T19:41:00+00:00,720.22,720.3,720.04,720.15,45043,regular,False
2026-08-05T19:42:00+00:00,720.17,720.37,720.12,720.17,28165,regular,False
2026-08-05T19:43:00+00:00,720.15,720.17,719.9,719.95,15847,regular,False
2026-08-05T19:44:00+00:00,719.94,719.94,719.66,719.8,38232,regular,False
2026-08-05T19:45:00+00:00,719.78,719.98,719.62,719.78,84956,regular,False
2026-08-05T19:46:00+00:00,719.76,719.76,719.26,719.33,79357,regular,False
2026-08-05T19:47:00+00:00,719.34,719.74,719.34,719.74,67590,regular,False
2026-08-05T19:48:00+00:00,719.72,719.74,719.52,719.61,65832,regular,False
2026-08-05T19:49:00+00:00,719.62,719.91,719.59,719.86,97184,regular,False
2026-08-05T19:50:00+00:00,719.91,720.32,719.79,719.88,87562,regular,False
2026-08-05T19:51:00+00:00,719.89,720.09,719.84,719.94,40446,regular,False
2026-08-05T19:52:00+00:00,719.94,719.94,719.63,719.81,59570,regular,False
2026-08-05T19:53:00+00:00,719.77,719.86,719.56,719.86,47766,regular,False
2026-08-05T19:54:00+00:00,719.85,719.85,719.52,719.78,91427,regular,False
2026-08-05T19:55:00+00:00,719.78,719.88,719.34,719.34,173324,regular,False
2026-08-05T19:56:00+00:00,719.34,719.35,718.88,719.05,147355,regular,False
2026-08-05T19:57:00+00:00,719.05,719.13,718.67,718.84,112871,regular,False
2026-08-05T19:58:00+00:00,718.82,718.87,718.58,718.71,167363,regular,False
2026-08-05T19:59:00+00:00,718.72,718.72,716.92,717.24,663303,regular,False
2026-08-05T20:00:00+00:00,717.24,720.69,716.55,716.91,596592,after-market,False
2026-08-05T20:01:00+00:00,717.05,717.49,717.05,717.36,113254,after-market,False
2026-08-05T20:02:00+00:00,717.29,717.29,715.89,716.7,144360,after-market,False
2026-08-05T20:03:00+00:00,716.7,717.2,716.46,716.8,97863,after-market,False
2026-08-05T20:04:00+00:00,716.78,717.25,716.72,717.15,54514,after-market,False
2026-08-05T20:05:00+00:00,717.15,717.15,715.43,716.52,139852,after-market,False
2026-08-05T20:06:00+00:00,716.51,717.3,715.56,715.69,203088,after-market,False
2026-08-05T20:07:00+00:00,715.74,716.45,715.69,716.45,44778,after-market,False
2026-08-05T20:08:00+00:00,716.39,716.65,716.08,716.18,40914,after-market,False
2026-08-05T20:09:00+00:00,716.19,717.3,715.9,716.18,39198,after-market,False
2026-08-05T20:10:00+00:00,716.21,716.95,716.0,716.93,30576,after-market,False
2026-08-05T20:11:00+00:00,716.83,717.1,716.81,716.95,18090,after-market,False
2026-08-05T20:12:00+00:00,716.88,716.89,716.64,716.77,8493,after-market,False
2026-08-05T20:13:00+00:00,716.78,717.3,716.78,717.3,46146,after-market,False
2026-08-05T20:14:00+00:00,717.33,717.49,717.19,717.19,13990,after-market,False
2026-08-05T20:15:00+00:00,717.26,717.33,717.0,717.09,12160,after-market,False
2026-08-05T20:16:00+00:00,717.09,717.49,716.99,717.0,13358,after-market,False
2026-08-05T20:17:00+00:00,716.84,716.87,716.68,716.7,12958,after-market,False
2026-08-05T20:18:00+00:00,716.73,716.8,716.51,716.79,25948,after-market,False
2026-08-05T20:19:00+00:00,716.62,716.62,716.38,716.45,23382,after-market,False
2026-08-05T20:20:00+00:00,716.39,716.46,716.0,716.45,27381,after-market,False
2026-08-05T20:21:00+00:00,716.57,716.68,716.4,716.55,17079,after-market,False
2026-08-05T20:22:00+00:00,716.52,716.68,716.49,716.5,6913,after-market,False
2026-08-05T20:23:00+00:00,716.46,716.51,716.37,716.41,4951,after-market,False
2026-08-05T20:24:00+00:00,716.46,716.54,716.2,716.41,4784,after-market,False
2026-08-05T20:25:00+00:00,716.49,716.52,716.44,716.49,12957,after-market,False
2026-08-05T20:26:00+00:00,716.44,716.44,716.32,716.34,2348,after-market,False
2026-08-05T20:27:00+00:00,716.28,716.48,716.24,716.41,15838,after-market,False
2026-08-05T20:28:00+00:00,716.38,716.52,716.35,716.52,3097,after-market,False
2026-08-05T20:29:00+00:00,716.52,716.56,716.39,716.39,7673,after-market,False
2026-08-05T20:30:00+00:00,716.44,716.48,716.38,716.43,2842,after-market,False
2026-08-05T20:31:00+00:00,716.46,716.51,716.4,716.4,1256,after-market,False
2026-08-05T20:32:00+00:00,716.47,716.49,716.32,716.49,3316,after-market,False
2026-08-05T20:33:00+00:00,716.45,716.76,716.45,716.7,7424,after-market,False
2026-08-05T20:34:00+00:00,716.72,717.0,716.62,716.94,9667,after-market,False
2026-08-05T20:35:00+00:00,716.9,716.92,716.8,716.82,9702,after-market,False
2026-08-05T20:36:00+00:00,716.85,716.86,716.61,716.61,3599,after-market,False
2026-08-05T20:37:00+00:00,716.61,716.83,716.51,716.72,12249,after-market,False
2026-08-05T20:38:00+00:00,716.76,716.77,716.65,716.65,3424,after-market,False
2026-08-05T20:39:00+00:00,716.64,716.78,716.6,716.77,4919,after-market,False
2026-08-05T20:40:00+00:00,716.72,716.96,716.71,716.92,3407,after-market,False
2026-08-05T20:41:00+00:00,716.9,717.06,716.88,716.97,11830,after-market,False
2026-08-05T20:42:00+00:00,716.95,717.06,716.95,717.06,10558,after-market,False
2026-08-05T20:43:00+00:00,717.0,717.15,717.0,717.08,16625,after-market,False
2026-08-05T20:44:00+00:00,717.05,717.21,717.0,717.06,8350,after-market,False
2026-08-05T20:45:00+00:00,717.04,717.13,716.85,716.86,10815,after-market,False
2026-08-05T20:46:00+00:00,716.89,716.95,716.85,716.85,8934,after-market,False
2026-08-05T20:47:00+00:00,716.88,716.89,716.66,716.74,3866,after-market,False
2026-08-05T20:48:00+00:00,716.67,716.7,716.64,716.68,1527,after-market,False
2026-08-05T20:49:00+00:00,716.64,716.82,716.64,716.8,17885,after-market,False
2026-08-05T20:50:00+00:00,716.82,716.93,716.71,716.72,10610,after-market,False
2026-08-05T20:51:00+00:00,716.76,716.76,716.63,716.72,8377,after-market,False
2026-08-05T20:52:00+00:00,716.74,716.74,716.53,716.57,4638,after-market,False
2026-08-05T20:53:00+00:00,716.58,716.75,716.52,716.74,12431,after-market,False
2026-08-05T20:54:00+00:00,716.74,717.05,716.74,716.98,5203,after-market,False
2026-08-05T20:55:00+00:00,717.01,717.05,716.97,716.99,7001,after-market,False
2026-08-05T20:56:00+00:00,717.01,717.23,717.01,717.09,10309,after-market,False
2026-08-05T20:57:00+00:00,717.16,717.16,717.12,717.12,242,after-market,False
2026-08-05T20:58:00+00:00,717.17,717.25,716.95,717.2,14928,after-market,False
2026-08-05T20:59:00+00:00,716.95,717.09,716.82,716.92,1494,after-market,False
2026-08-05T21:00:00+00:00,716.85,717.24,716.85,717.09,419,after-market,False
2026-08-05T21:01:00+00:00,716.9,717.0,716.9,716.92,1324,after-market,False
2026-08-05T21:02:00+00:00,717.01,717.1,717.01,717.08,2218,after-market,False
2026-08-05T21:03:00+00:00,717.08,717.09,717.07,717.09,202,after-market,False
2026-08-05T21:04:00+00:00,717.09,717.19,717.07,717.09,1511,after-market,False
2026-08-05T21:05:00+00:00,717.19,717.2,717.18,717.2,460,after-market,False
2026-08-05T21:06:00+00:00,717.2,717.27,717.05,717.05,1486,after-market,False
2026-08-05T21:07:00+00:00,717.19,717.3,717.02,717.04,1996,after-market,False
2026-08-05T21:08:00+00:00,717.14,717.15,717.02,717.02,2036,after-market,False
2026-08-05T21:09:00+00:00,717.03,717.03,717.03,717.03,150,after-market,False
2026-08-05T21:10:00+00:00,717.15,717.15,717.1,717.1,150,after-market,False
2026-08-05T21:11:00+00:00,717.2,717.27,717.18,717.27,1239,after-market,False
2026-08-05T21:12:00+00:00,717.17,717.26,717.11,717.16,1793,after-market,False
2026-08-05T21:13:00+00:00,717.24,717.26,717.16,717.16,679,after-market,False
2026-08-05T21:14:00+00:00,717.12,717.17,717.03,717.03,1866,after-market,False
2026-08-05T21:15:00+00:00,717.05,717.05,716.96,716.96,1226,after-market,False
2026-08-05T21:16:00+00:00,716.96,717.34,716.92,716.95,283302,after-market,False
2026-08-05T21:17:00+00:00,716.95,716.99,716.95,716.99,1312,after-market,False
2026-08-05T21:18:00+00:00,716.95,717.06,716.93,716.99,1181,after-market,False
2026-08-05T21:19:00+00:00,716.99,716.99,716.99,716.99,0,after-market,False
2026-08-05T21:20:00+00:00,716.9,716.98,716.9,716.9,2233,after-market,False
2026-08-05T21:21:00+00:00,716.9,717.06,716.89,717.06,9043,after-market,False
2026-08-05T21:22:00+00:00,716.99,717.09,716.99,717.04,6955,after-market,False
2026-08-05T21:23:00+00:00,717.05,717.17,717.05,717.17,4829,after-market,False
2026-08-05T21:24:00+00:00,717.09,717.1,717.05,717.05,3539,after-market,False
2026-08-05T21:25:00+00:00,717.0,717.01,717.0,717.01,150,after-market,False
2026-08-05T21:26:00+00:00,716.93,716.93,716.93,716.93,100,after-market,False
2026-08-05T21:27:00+00:00,716.92,717.18,716.68,716.87,4065,after-market,False
2026-08-05T21:28:00+00:00,716.8,716.87,716.64,716.83,2868,after-market,False
2026-08-05T21:29:00+00:00,716.84,716.84,716.66,716.66,1466,after-market,False
2026-08-05T21:30:00+00:00,716.67,716.77,716.66,716.77,3436,after-market,False
2026-08-05T21:31:00+00:00,716.68,716.8,716.68,716.8,416,after-market,False
2026-08-05T21:32:00+00:00,716.8,716.86,716.78,716.78,711,after-market,False
2026-08-05T21:33:00+00:00,716.7,716.73,716.68,716.7,2845,after-market,False
2026-08-05T21:34:00+00:00,716.67,716.7,716.5,716.5,7562,after-market,False
2026-08-05T21:35:00+00:00,716.56,716.56,716.5,716.56,762,after-market,False
2026-08-05T21:36:00+00:00,716.5,716.5,716.3,716.48,1972,after-market,False
2026-08-05T21:37:00+00:00,716.25,716.48,716.18,716.48,733,after-market,False
2026-08-05T21:38:00+00:00,716.22,716.25,716.15,716.25,551,after-market,False
2026-08-05T21:39:00+00:00,716.2,716.35,716.2,716.35,240,after-market,False
2026-08-05T21:40:00+00:00,716.27,716.3,716.27,716.3,500,after-market,False
2026-08-05T21:41:00+00:00,716.19,716.2,716.18,716.2,1488,after-market,False
2026-08-05T21:42:00+00:00,716.2,716.3,716.1,716.1,3240,after-market,False
2026-08-05T21:43:00+00:00,716.09,716.1,715.8,715.8,3156,after-market,False
2026-08-05T21:44:00+00:00,715.9,715.9,715.75,715.75,1744,after-market,False
2026-08-05T21:45:00+00:00,715.68,715.68,715.56,715.58,4059,after-market,False
2026-08-05T21:46:00+00:00,715.58,715.59,715.56,715.57,1890,after-market,False
2026-08-05T21:47:00+00:00,715.57,715.58,715.56,715.58,728,after-market,False
2026-08-05T21:48:00+00:00,715.58,715.7,715.56,715.62,2720,after-market,False
2026-08-05T21:49:00+00:00,715.71,715.75,715.65,715.71,964,after-market,False
2026-08-05T21:50:00+00:00,715.83,715.88,715.8,715.88,381,after-market,False
2026-08-05T21:51:00+00:00,715.95,716.01,715.93,715.93,2807,after-market,False
2026-08-05T21:52:00+00:00,716.0,716.01,715.94,715.94,3343,after-market,False
2026-08-05T21:53:00+00:00,716.0,716.09,715.88,715.91,4026,after-market,False
2026-08-05T21:54:00+00:00,715.9,715.92,715.75,715.85,1319,after-market,False
2026-08-05T21:55:00+00:00,715.8,716.02,715.8,715.84,2369,after-market,False
2026-08-05T21:56:00+00:00,715.84,715.84,715.84,715.84,0,after-market,False
2026-08-05T21:57:00+00:00,715.87,715.96,715.86,715.96,229,after-market,False
2026-08-05T21:58:00+00:00,715.77,716.03,715.76,716.03,530,after-market,False
2026-08-05T21:59:00+00:00,715.73,716.03,715.73,715.95,253,after-market,False
2026-08-05T22:00:00+00:00,716.11,716.85,716.11,716.7,34089,after-market,False
2026-08-05T22:01:00+00:00,716.75,716.84,716.6,716.7,12720,after-market,False
2026-08-05T22:02:00+00:00,716.8,716.86,716.8,716.8,3542,after-market,False
2026-08-05T22:03:00+00:00,716.83,716.83,716.56,716.61,6055,after-market,False
2026-08-05T22:04:00+00:00,716.61,716.61,716.43,716.53,8936,after-market,False
2026-08-05T22:05:00+00:00,716.54,716.61,716.46,716.46,935,after-market,False
2026-08-05T22:06:00+00:00,716.45,716.47,716.35,716.36,4585,after-market,False
2026-08-05T22:07:00+00:00,716.36,716.87,716.36,716.86,5325,after-market,False
2026-08-05T22:08:00+00:00,716.86,716.87,716.67,716.67,569,after-market,False
2026-08-05T22:09:00+00:00,716.65,716.67,716.59,716.59,416,after-market,False
2026-08-05T22:10:00+00:00,716.4,716.4,716.39,716.4,300,after-market,False
2026-08-05T22:11:00+00:00,716.56,716.56,716.38,716.41,4887,after-market,False
2026-08-05T22:12:00+00:00,716.5,716.5,716.43,716.44,480,after-market,False
2026-08-05T22:13:00+00:00,716.32,716.36,716.32,716.36,1790,after-market,False
2026-08-05T22:14:00+00:00,716.33,716.33,716.33,716.33,95,after-market,False
2026-08-05T22:15:00+00:00,716.42,716.42,716.42,716.42,120,after-market,False
2026-08-05T22:16:00+00:00,716.54,716.66,716.54,716.65,516,after-market,False
2026-08-05T22:17:00+00:00,716.64,716.84,716.64,716.72,4836,after-market,False
2026-08-05T22:18:00+00:00,716.66,716.89,716.66,716.89,536,after-market,False
2026-08-05T22:19:00+00:00,716.96,716.99,716.92,716.96,440,after-market,False
2026-08-05T22:20:00+00:00,716.96,717.14,716.96,717.12,1684,after-market,False
2026-08-05T22:21:00+00:00,717.09,717.3,717.09,717.3,4009,after-market,False
2026-08-05T22:22:00+00:00,717.35,717.77,717.34,717.77,2508,after-market,False
2026-08-05T22:23:00+00:00,717.75,717.94,717.7,717.83,5976,after-market,False
2026-08-05T22:24:00+00:00,717.86,717.93,717.82,717.88,11446,after-market,False
2026-08-05T22:25:00+00:00,717.98,717.98,717.79,717.79,1454,after-market,False
2026-08-05T22:26:00+00:00,717.7,717.73,717.7,717.7,932,after-market,False
2026-08-05T22:27:00+00:00,717.62,717.74,717.62,717.68,298,after-market,False
2026-08-05T22:28:00+00:00,717.69,717.97,717.69,717.74,26209,after-market,False
2026-08-05T22:29:00+00:00,717.74,717.78,717.72,717.78,1295,after-market,False
2026-08-05T22:30:00+00:00,717.72,717.79,717.7,717.79,1868,after-market,False
2026-08-05T22:31:00+00:00,717.78,717.8,717.78,717.8,945,after-market,False
2026-08-05T22:32:00+00:00,717.73,718.46,717.73,718.38,19492,after-market,False
2026-08-05T22:33:00+00:00,718.38,718.74,718.38,718.74,8421,after-market,False
2026-08-05T22:34:00+00:00,718.72,718.72,718.66,718.72,15762,after-market,False
2026-08-05T22:35:00+00:00,718.74,718.77,718.64,718.64,5694,after-market,False
2026-08-05T22:36:00+00:00,718.59,718.6,718.57,718.58,1307,after-market,False
2026-08-05T22:37:00+00:00,718.59,718.64,718.59,718.6,2344,after-market,False
2026-08-05T22:38:00+00:00,718.53,718.58,718.53,718.57,699,after-market,False
2026-08-05T22:39:00+00:00,718.55,718.6,718.55,718.6,613,after-market,False
2026-08-05T22:40:00+00:00,718.6,718.62,718.55,718.6,3294,after-market,False
2026-08-05T22:41:00+00:00,718.62,718.62,718.57,718.57,505,after-market,False
2026-08-05T22:42:00+00:00,718.55,718.64,718.55,718.64,1343,after-market,False
2026-08-05T22:43:00+00:00,718.5,718.5,718.38,718.41,2291,after-market,False
2026-08-05T22:44:00+00:00,718.43,718.49,718.35,718.45,688,after-market,False
2026-08-05T22:45:00+00:00,718.42,718.51,718.42,718.5,5063,after-market,False
2026-08-05T22:46:00+00:00,718.58,718.77,718.58,718.7,5630,after-market,False
2026-08-05T22:47:00+00:00,718.72,718.95,718.72,718.95,13462,after-market,False
2026-08-05T22:48:00+00:00,718.73,718.73,718.39,718.39,1500,after-market,False
2026-08-05T22:49:00+00:00,718.42,718.42,718.17,718.17,1205,after-market,False
2026-08-05T22:50:00+00:00,718.17,718.25,718.0,718.05,3194,after-market,False
2026-08-05T22:51:00+00:00,718.07,718.07,717.98,717.99,5608,after-market,False
2026-08-05T22:52:00+00:00,717.86,717.94,717.68,717.94,6710,after-market,False
2026-08-05T22:53:00+00:00,717.7,717.7,717.63,717.63,90,after-market,False
2026-08-05T22:54:00+00:00,717.62,717.88,717.62,717.88,1440,after-market,False
2026-08-05T22:55:00+00:00,717.71,717.79,717.71,717.72,700,after-market,False
2026-08-05T22:56:00+00:00,717.72,717.83,717.72,717.78,460,after-market,False
2026-08-05T22:57:00+00:00,717.71,717.73,717.71,717.72,1160,after-market,False
2026-08-05T22:58:00+00:00,717.68,717.72,717.58,717.58,3560,after-market,False
2026-08-05T22:59:00+00:00,717.6,717.66,717.56,717.66,2659,after-market,False
2026-08-05T23:00:00+00:00,717.66,717.66,717.41,717.42,1436,after-market,False
2026-08-05T23:01:00+00:00,717.45,717.55,717.39,717.39,1004,after-market,False
2026-08-05T23:02:00+00:00,717.48,717.51,717.48,717.51,450,after-market,False
2026-08-05T23:03:00+00:00,717.54,717.57,717.49,717.49,372,after-market,False
2026-08-05T23:04:00+00:00,717.43,717.53,717.43,717.53,380,after-market,False
2026-08-05T23:05:00+00:00,717.46,717.5,717.46,717.5,176,after-market,False
2026-08-05T23:06:00+00:00,717.47,717.56,717.47,717.56,1174,after-market,False
2026-08-05T23:07:00+00:00,717.59,717.59,717.48,717.49,1383,after-market,False
2026-08-05T23:08:00+00:00,717.63,717.67,717.63,717.66,258,after-market,False
2026-08-05T23:09:00+00:00,717.64,717.64,717.61,717.61,269,after-market,False
2026-08-05T23:10:00+00:00,717.6,717.65,717.59,717.65,618,after-market,False
2026-08-05T23:11:00+00:00,717.64,717.68,717.63,717.68,274,after-market,False
2026-08-05T23:12:00+00:00,717.66,717.69,717.62,717.64,1095,after-market,False
2026-08-05T23:13:00+00:00,717.67,717.67,717.65,717.65,471,after-market,False
2026-08-05T23:14:00+00:00,717.66,717.87,717.65,717.87,1806,after-market,False
2026-08-05T23:15:00+00:00,717.62,717.62,717.52,717.52,810,after-market,False
2026-08-05T23:16:00+00:00,717.67,717.67,717.67,717.67,139,after-market,False
2026-08-05T23:17:00+00:00,717.68,717.69,717.68,717.68,300,after-market,False
2026-08-05T23:18:00+00:00,717.68,717.68,717.59,717.59,130,after-market,False
2026-08-05T23:19:00+00:00,717.6,717.7,717.6,717.7,1132,after-market,False
2026-08-05T23:20:00+00:00,717.72,717.73,717.72,717.72,100,after-market,False
2026-08-05T23:21:00+00:00,717.78,717.78,717.78,717.78,50,after-market,False
2026-08-05T23:22:00+00:00,717.96,718.0,717.9,717.99,549,after-market,False
2026-08-05T23:23:00+00:00,718.0,718.02,717.95,717.95,2494,after-market,False
2026-08-05T23:24:00+00:00,717.96,717.97,717.85,717.95,5136,after-market,False
2026-08-05T23:25:00+00:00,718.01,718.03,717.89,717.9,1458,after-market,False
2026-08-05T23:26:00+00:00,717.91,718.18,717.91,718.09,3645,after-market,False
2026-08-05T23:27:00+00:00,718.09,718.2,718.08,718.1,4632,after-market,False
2026-08-05T23:28:00+00:00,718.12,718.18,718.12,718.12,2592,after-market,False
2026-08-05T23:29:00+00:00,718.01,718.01,717.75,717.75,6167,after-market,False
2026-08-05T23:30:00+00:00,717.78,717.78,717.62,717.67,839,after-market,False
2026-08-05T23:31:00+00:00,717.82,717.84,717.7,717.7,350,after-market,False
2026-08-05T23:32:00+00:00,717.66,717.66,717.0,717.0,5690,after-market,False
2026-08-05T23:33:00+00:00,717.09,717.12,716.92,716.92,2466,after-market,False
2026-08-05T23:34:00+00:00,716.92,716.97,716.92,716.97,135,after-market,False
2026-08-05T23:35:00+00:00,716.83,717.05,716.75,717.05,3100,after-market,False
2026-08-05T23:36:00+00:00,717.15,717.25,717.13,717.13,469,after-market,False
2026-08-05T23:37:00+00:00,717.04,717.04,716.56,716.73,10158,after-market,False
2026-08-05T23:38:00+00:00,716.94,716.96,716.78,716.96,1048,after-market,False
2026-08-05T23:39:00+00:00,716.96,716.96,716.85,716.85,300,after-market,False
2026-08-05T23:40:00+00:00,716.97,716.98,716.97,716.98,1100,after-market,False
2026-08-05T23:41:00+00:00,716.99,717.18,716.99,717.18,1877,after-market,False
2026-08-05T23:42:00+00:00,717.15,717.18,717.06,717.18,1231,after-market,False
2026-08-05T23:43:00+00:00,717.08,717.08,717.02,717.02,425,after-market,False
2026-08-05T23:44:00+00:00,717.0,717.0,716.68,716.75,530,after-market,False
2026-08-05T23:45:00+00:00,716.75,716.78,716.5,716.59,3407,after-market,False
2026-08-05T23:46:00+00:00,716.45,716.57,716.45,716.57,280,after-market,False
2026-08-05T23:47:00+00:00,716.58,716.58,716.41,716.45,1181,after-market,False
2026-08-05T23:48:00+00:00,716.48,716.49,716.3,716.33,1320,after-market,False
2026-08-05T23:49:00+00:00,716.38,716.5,716.3,716.39,2681,after-market,False
2026-08-05T23:50:00+00:00,716.48,716.5,716.46,716.46,712,after-market,False
2026-08-05T23:51:00+00:00,716.58,716.62,716.49,716.62,2822,after-market,False
2026-08-05T23:52:00+00:00,716.65,716.73,716.63,716.63,1725,after-market,False
2026-08-05T23:53:00+00:00,716.69,716.69,716.6,716.64,360,after-market,False
2026-08-05T23:54:00+00:00,716.55,716.58,716.46,716.51,1445,after-market,False
2026-08-05T23:55:00+00:00,716.49,716.54,716.4,716.4,2169,after-market,False
2026-08-05T23:56:00+00:00,716.4,716.44,716.36,716.43,1218,after-market,False
2026-08-05T23:57:00+00:00,716.49,716.62,716.49,716.61,669,after-market,False
2026-08-05T23:58:00+00:00,716.57,716.59,716.48,716.48,2518,after-market,False
2026-08-05T23:59:00+00:00,716.46,716.55,716.46,716.51,4233,after-market,False
