timestamp,open,high,low,close,volume,session,incomplete
2026-07-23T08:00:00+00:00,744.92,747.12,743.61,743.97,9168,pre-market,False
2026-07-23T08:01:00+00:00,744.12,747.33,743.66,746.35,16054,pre-market,False
2026-07-23T08:02:00+00:00,747.03,747.03,743.49,744.14,20793,pre-market,False
2026-07-23T08:03:00+00:00,743.83,744.05,743.83,744.05,1190,pre-market,False
2026-07-23T08:04:00+00:00,743.95,743.96,743.95,743.96,120,pre-market,False
2026-07-23T08:05:00+00:00,744.22,744.22,744.19,744.19,592,pre-market,False
2026-07-23T08:06:00+00:00,746.37,746.37,744.36,744.48,1609,pre-market,False
2026-07-23T08:07:00+00:00,744.51,744.65,744.4,744.65,244,pre-market,False
2026-07-23T08:08:00+00:00,744.71,744.81,744.65,744.78,1452,pre-market,False
2026-07-23T08:09:00+00:00,744.78,744.94,744.78,744.94,3211,pre-market,False
2026-07-23T08:10:00+00:00,745.02,745.04,744.91,744.91,4376,pre-market,False
2026-07-23T08:11:00+00:00,744.8,744.95,744.73,744.86,518,pre-market,False
2026-07-23T08:12:00+00:00,744.93,745.13,744.93,745.1,873,pre-market,False
2026-07-23T08:13:00+00:00,745.08,745.1,745.03,745.03,1215,pre-market,False
2026-07-23T08:14:00+00:00,745.01,745.01,744.92,744.92,200,pre-market,False
2026-07-23T08:15:00+00:00,744.98,745.03,744.93,744.93,258,pre-market,False
2026-07-23T08:16:00+00:00,744.95,745.03,744.95,745.01,212,pre-market,False
2026-07-23T08:17:00+00:00,745.16,745.36,745.16,745.36,261,pre-market,False
2026-07-23T08:18:00+00:00,745.23,745.3,745.22,745.3,433,pre-market,False
2026-07-23T08:19:00+00:00,745.35,745.35,745.31,745.31,148,pre-market,False
2026-07-23T08:20:00+00:00,745.23,745.28,745.23,745.28,130,pre-market,False
2026-07-23T08:21:00+00:00,745.16,745.2,745.13,745.13,1783,pre-market,False
2026-07-23T08:22:00+00:00,744.98,745.08,744.98,745.08,123,pre-market,False
2026-07-23T08:23:00+00:00,744.93,744.93,744.75,744.75,858,pre-market,False
2026-07-23T08:24:00+00:00,744.85,744.85,744.85,744.85,40,pre-market,False
2026-07-23T08:25:00+00:00,744.82,744.87,744.82,744.87,200,pre-market,False
2026-07-23T08:26:00+00:00,745.09,745.09,745.09,745.09,40,pre-market,False
2026-07-23T08:27:00+00:00,745.14,745.14,745.08,745.08,300,pre-market,False
2026-07-23T08:28:00+00:00,745.22,745.22,745.22,745.22,40,pre-market,False
2026-07-23T08:29:00+00:00,745.01,745.01,745.01,745.01,40,pre-market,False
2026-07-23T08:30:00+00:00,745.13,745.24,745.13,745.24,267,pre-market,False
2026-07-23T08:31:00+00:00,745.24,745.24,745.24,745.24,0,pre-market,False
2026-07-23T08:32:00+00:00,745.16,745.16,745.02,745.02,187,pre-market,False
2026-07-23T08:33:00+00:00,744.88,744.88,744.88,744.88,134,pre-market,False
2026-07-23T08:34:00+00:00,745.13,745.13,745.13,745.13,70,pre-market,False
2026-07-23T08:35:00+00:00,745.13,745.13,745.13,745.13,0,pre-market,False
2026-07-23T08:36:00+00:00,745.13,745.13,745.13,745.13,0,pre-market,False
2026-07-23T08:37:00+00:00,745.13,745.13,745.13,745.13,0,pre-market,False
2026-07-23T08:38:00+00:00,745.13,745.13,745.13,745.13,0,pre-market,False
2026-07-23T08:39:00+00:00,745.13,745.13,745.13,745.13,0,pre-market,False
2026-07-23T08:40:00+00:00,744.78,744.78,744.75,744.75,140,pre-market,False
2026-07-23T08:41:00+00:00,744.77,744.77,744.77,744.77,55,pre-market,False
2026-07-23T08:42:00+00:00,744.7,744.78,744.7,744.78,600,pre-market,False
2026-07-23T08:43:00+00:00,744.95,744.96,744.95,744.96,91,pre-market,False
2026-07-23T08:44:00+00:00,744.96,744.96,744.96,744.96,0,pre-market,False
2026-07-23T08:45:00+00:00,744.67,744.67,744.67,744.67,40,pre-market,False
2026-07-23T08:46:00+00:00,744.67,744.67,744.67,744.67,0,pre-market,False
2026-07-23T08:47:00+00:00,744.67,744.67,744.67,744.67,0,pre-market,False
2026-07-23T08:48:00+00:00,744.67,744.67,744.67,744.67,0,pre-market,False
2026-07-23T08:49:00+00:00,744.67,744.67,744.67,744.67,0,pre-market,False
2026-07-23T08:50:00+00:00,744.87,745.03,744.83,745.03,234,pre-market,False
2026-07-23T08:51:00+00:00,744.95,744.95,744.95,744.95,76,pre-market,False
2026-07-23T08:52:00+00:00,745.03,745.03,745.03,745.03,200,pre-market,False
2026-07-23T08:53:00+00:00,745.03,745.03,745.03,745.03,0,pre-market,False
2026-07-23T08:54:00+00:00,745.3,745.3,745.27,745.29,230,pre-market,False
2026-07-23T08:55:00+00:00,745.32,745.33,745.32,745.33,80,pre-market,False
2026-07-23T08:56:00+00:00,745.45,745.57,745.45,745.57,176,pre-market,False
2026-07-23T08:57:00+00:00,745.58,745.59,745.52,745.59,428,pre-market,False
2026-07-23T08:58:00+00:00,745.59,745.6,745.57,745.6,168,pre-market,False
2026-07-23T08:59:00+00:00,745.67,745.67,745.67,745.67,297,pre-market,False
2026-07-23T09:00:00+00:00,745.61,745.61,745.53,745.54,246,pre-market,False
2026-07-23T09:01:00+00:00,745.57,745.69,745.57,745.69,281,pre-market,False
2026-07-23T09:02:00+00:00,745.81,745.81,745.81,745.81,40,pre-market,False
2026-07-23T09:03:00+00:00,745.81,746.41,745.81,746.06,3318,pre-market,False
2026-07-23T09:04:00+00:00,745.96,746.1,745.96,746.1,280,pre-market,False
2026-07-23T09:05:00+00:00,746.11,746.11,745.93,745.93,145,pre-market,False
2026-07-23T09:06:00+00:00,746.03,746.03,746.03,746.03,1480,pre-market,False
2026-07-23T09:07:00+00:00,745.88,745.88,745.74,745.74,625,pre-market,False
2026-07-23T09:08:00+00:00,745.78,745.79,745.74,745.78,2330,pre-market,False
2026-07-23T09:09:00+00:00,745.78,745.78,745.63,745.63,514,pre-market,False
2026-07-23T09:10:00+00:00,745.59,745.64,745.58,745.64,780,pre-market,False
2026-07-23T09:11:00+00:00,745.6,745.68,745.59,745.68,406,pre-market,False
2026-07-23T09:12:00+00:00,745.62,745.65,745.61,745.62,390,pre-market,False
2026-07-23T09:13:00+00:00,745.55,745.55,745.52,745.55,579,pre-market,False
2026-07-23T09:14:00+00:00,745.53,745.53,745.35,745.35,199,pre-market,False
2026-07-23T09:15:00+00:00,745.3,745.37,745.27,745.37,289,pre-market,False
2026-07-23T09:16:00+00:00,745.35,745.35,745.35,745.35,67,pre-market,False
2026-07-23T09:17:00+00:00,745.35,745.35,745.35,745.35,0,pre-market,False
2026-07-23T09:18:00+00:00,745.35,745.35,745.35,745.35,0,pre-market,False
2026-07-23T09:19:00+00:00,745.35,745.35,745.35,745.35,0,pre-market,False
2026-07-23T09:20:00+00:00,745.3,745.3,745.3,745.3,40,pre-market,False
2026-07-23T09:21:00+00:00,745.28,745.28,745.28,745.28,48,pre-market,False
2026-07-23T09:22:00+00:00,745.24,745.24,745.24,745.24,62,pre-market,False
2026-07-23T09:23:00+00:00,745.19,745.19,745.19,745.19,200,pre-market,False
2026-07-23T09:24:00+00:00,745.19,745.19,745.19,745.19,0,pre-market,False
2026-07-23T09:25:00+00:00,745.22,745.25,745.21,745.23,1404,pre-market,False
2026-07-23T09:26:00+00:00,745.19,745.19,745.19,745.19,1276,pre-market,False
2026-07-23T09:27:00+00:00,745.24,745.24,745.24,745.24,200,pre-market,False
2026-07-23T09:28:00+00:00,745.26,745.26,745.26,745.26,160,pre-market,False
2026-07-23T09:29:00+00:00,745.19,745.19,745.16,745.16,130,pre-market,False
2026-07-23T09:30:00+00:00,745.06,745.06,745.06,745.06,100,pre-market,False
2026-07-23T09:31:00+00:00,745.07,745.07,745.07,745.07,100,pre-market,False
2026-07-23T09:32:00+00:00,745.11,745.11,745.09,745.09,150,pre-market,False
2026-07-23T09:33:00+00:00,745.02,745.07,745.02,745.07,320,pre-market,False
2026-07-23T09:34:00+00:00,745.0,745.0,744.88,744.9,744,pre-market,False
2026-07-23T09:35:00+00:00,744.92,744.92,744.91,744.91,309,pre-market,False
2026-07-23T09:36:00+00:00,744.92,744.97,744.92,744.97,182,pre-market,False
2026-07-23T09:37:00+00:00,745.0,745.0,745.0,745.0,200,pre-market,False
2026-07-23T09:38:00+00:00,745.01,745.01,745.01,745.01,100,pre-market,False
2026-07-23T09:39:00+00:00,744.96,744.97,744.96,744.97,175,pre-market,False
2026-07-23T09:40:00+00:00,744.95,745.04,744.95,745.04,1700,pre-market,False
2026-07-23T09:41:00+00:00,745.05,745.05,745.05,745.05,140,pre-market,False
2026-07-23T09:42:00+00:00,745.05,745.05,745.05,745.05,0,pre-market,False
2026-07-23T09:43:00+00:00,745.05,745.05,745.05,745.05,0,pre-market,False
2026-07-23T09:44:00+00:00,745.05,745.05,745.05,745.05,0,pre-market,False
2026-07-23T09:45:00+00:00,745.29,745.29,745.29,745.29,180,pre-market,False
2026-07-23T09:46:00+00:00,745.27,745.27,745.22,745.22,129,pre-market,False
2026-07-23T09:47:00+00:00,745.26,745.26,745.25,745.25,100,pre-market,False
2026-07-23T09:48:00+00:00,745.25,745.25,745.25,745.25,0,pre-market,False
2026-07-23T09:49:00+00:00,745.16,745.22,745.16,745.22,140,pre-market,False
2026-07-23T09:50:00+00:00,745.11,745.15,745.11,745.11,1240,pre-market,False
2026-07-23T09:51:00+00:00,744.86,744.86,744.86,744.86,40,pre-market,False
2026-07-23T09:52:00+00:00,744.91,744.95,744.9,744.95,151,pre-market,False
2026-07-23T09:53:00+00:00,744.95,744.95,744.95,744.95,0,pre-market,False
2026-07-23T09:54:00+00:00,745.05,745.07,745.0,745.01,9977,pre-market,False
2026-07-23T09:55:00+00:00,745.07,745.17,745.05,745.08,12798,pre-market,False
2026-07-23T09:56:00+00:00,745.02,745.02,744.98,744.98,129,pre-market,False
2026-07-23T09:57:00+00:00,744.92,744.95,744.92,744.94,744,pre-market,False
2026-07-23T09:58:00+00:00,744.97,744.98,744.97,744.98,95,pre-market,False
2026-07-23T09:59:00+00:00,744.8,744.86,744.8,744.86,156,pre-market,False
2026-07-23T10:00:00+00:00,744.96,745.06,744.84,744.84,327,pre-market,False
2026-07-23T10:01:00+00:00,744.82,744.91,744.82,744.91,300,pre-market,False
2026-07-23T10:02:00+00:00,744.91,744.91,744.91,744.91,0,pre-market,False
2026-07-23T10:03:00+00:00,745.03,745.03,745.03,745.03,40,pre-market,False
2026-07-23T10:04:00+00:00,745.15,745.16,745.08,745.08,180,pre-market,False
2026-07-23T10:05:00+00:00,745.08,745.08,745.08,745.08,0,pre-market,False
2026-07-23T10:06:00+00:00,745.03,745.19,745.0,745.0,2891,pre-market,False
2026-07-23T10:07:00+00:00,744.97,745.06,744.96,745.06,5498,pre-market,False
2026-07-23T10:08:00+00:00,745.09,745.09,744.94,744.94,196,pre-market,False
2026-07-23T10:09:00+00:00,744.94,744.94,744.94,744.94,69,pre-market,False
2026-07-23T10:10:00+00:00,744.86,744.86,744.7,744.7,90,pre-market,False
2026-07-23T10:11:00+00:00,744.82,744.82,744.69,744.7,146,pre-market,False
2026-07-23T10:12:00+00:00,744.73,744.75,744.73,744.75,80,pre-market,False
2026-07-23T10:13:00+00:00,744.74,744.76,744.73,744.74,500,pre-market,False
2026-07-23T10:14:00+00:00,744.78,744.78,744.69,744.69,1140,pre-market,False
2026-07-23T10:15:00+00:00,744.77,744.83,744.77,744.83,489,pre-market,False
2026-07-23T10:16:00+00:00,744.71,744.99,744.71,744.9,1032,pre-market,False
2026-07-23T10:17:00+00:00,744.87,744.87,744.81,744.82,320,pre-market,False
2026-07-23T10:18:00+00:00,744.78,744.97,744.78,744.97,152,pre-market,False
2026-07-23T10:19:00+00:00,744.86,744.88,744.85,744.88,140,pre-market,False
2026-07-23T10:20:00+00:00,744.84,744.84,744.84,744.84,67,pre-market,False
2026-07-23T10:21:00+00:00,744.84,744.84,744.84,744.84,0,pre-market,False
2026-07-23T10:22:00+00:00,745.04,745.07,745.04,745.07,94,pre-market,False
2026-07-23T10:23:00+00:00,744.98,745.02,744.96,745.02,404,pre-market,False
2026-07-23T10:24:00+00:00,744.98,744.98,744.94,744.97,161,pre-market,False
2026-07-23T10:25:00+00:00,745.2,745.2,745.2,745.2,200,pre-market,False
2026-07-23T10:26:00+00:00,745.19,745.22,745.19,745.22,80,pre-market,False
2026-07-23T10:27:00+00:00,745.18,745.23,745.17,745.17,309,pre-market,False
2026-07-23T10:28:00+00:00,745.15,745.15,745.15,745.15,50,pre-market,False
2026-07-23T10:29:00+00:00,745.15,745.15,745.15,745.15,0,pre-market,False
2026-07-23T10:30:00+00:00,745.1,745.55,745.06,745.4,15327,pre-market,False
2026-07-23T10:31:00+00:00,745.49,745.61,745.49,745.56,3778,pre-market,False
2026-07-23T10:32:00+00:00,745.5,745.65,745.49,745.65,1209,pre-market,False
2026-07-23T10:33:00+00:00,745.65,745.73,745.65,745.73,362,pre-market,False
2026-07-23T10:34:00+00:00,745.63,745.63,745.63,745.63,200,pre-market,False
2026-07-23T10:35:00+00:00,745.68,745.8,745.68,745.8,771,pre-market,False
2026-07-23T10:36:00+00:00,745.84,746.0,745.84,746.0,2055,pre-market,False
2026-07-23T10:37:00+00:00,745.88,745.9,745.88,745.9,120,pre-market,False
2026-07-23T10:38:00+00:00,745.96,745.96,745.96,745.96,140,pre-market,False
2026-07-23T10:39:00+00:00,745.88,745.89,745.88,745.89,160,pre-market,False
2026-07-23T10:40:00+00:00,745.97,745.97,745.9,745.92,130,pre-market,False
2026-07-23T10:41:00+00:00,746.05,746.21,746.05,746.09,1460,pre-market,False
2026-07-23T10:42:00+00:00,746.09,746.12,746.09,746.1,330,pre-market,False
2026-07-23T10:43:00+00:00,746.1,746.1,746.1,746.1,0,pre-market,False
2026-07-23T10:44:00+00:00,745.82,745.85,745.79,745.85,760,pre-market,False
2026-07-23T10:45:00+00:00,745.91,745.91,745.91,745.91,100,pre-market,False
2026-07-23T10:46:00+00:00,745.89,745.9,745.83,745.83,2658,pre-market,False
2026-07-23T10:47:00+00:00,745.85,745.87,745.85,745.87,160,pre-market,False
2026-07-23T10:48:00+00:00,745.92,746.04,745.92,745.99,624,pre-market,False
2026-07-23T10:49:00+00:00,745.98,745.98,745.98,745.98,60,pre-market,False
2026-07-23T10:50:00+00:00,745.93,745.93,745.83,745.86,6167,pre-market,False
2026-07-23T10:51:00+00:00,745.83,745.85,745.83,745.85,157,pre-market,False
2026-07-23T10:52:00+00:00,745.86,745.94,745.84,745.85,804,pre-market,False
2026-07-23T10:53:00+00:00,745.88,745.88,745.88,745.88,46,pre-market,False
2026-07-23T10:54:00+00:00,745.8,745.8,745.8,745.8,90,pre-market,False
2026-07-23T10:55:00+00:00,745.97,745.97,745.9,745.9,243,pre-market,False
2026-07-23T10:56:00+00:00,745.87,745.88,745.85,745.88,260,pre-market,False
2026-07-23T10:57:00+00:00,745.91,745.91,745.81,745.81,712,pre-market,False
2026-07-23T10:58:00+00:00,745.78,745.78,745.75,745.75,144,pre-market,False
2026-07-23T10:59:00+00:00,745.75,745.75,745.75,745.75,0,pre-market,False
2026-07-23T11:00:00+00:00,745.79,745.92,745.7,745.75,865,pre-market,False
2026-07-23T11:01:00+00:00,745.66,745.66,745.52,745.55,739,pre-market,False
2026-07-23T11:02:00+00:00,745.4,745.4,745.24,745.31,1186,pre-market,False
2026-07-23T11:03:00+00:00,745.26,745.39,745.25,745.38,357,pre-market,False
2026-07-23T11:04:00+00:00,745.38,745.38,745.35,745.35,140,pre-market,False
2026-07-23T11:05:00+00:00,745.28,745.28,745.1,745.1,675,pre-market,False
2026-07-23T11:06:00+00:00,745.09,745.09,745.01,745.07,881,pre-market,False
2026-07-23T11:07:00+00:00,745.1,745.1,745.08,745.08,222,pre-market,False
2026-07-23T11:08:00+00:00,745.02,745.03,745.0,745.03,615,pre-market,False
2026-07-23T11:09:00+00:00,744.92,744.94,744.91,744.92,3225,pre-market,False
2026-07-23T11:10:00+00:00,744.91,744.94,744.91,744.94,280,pre-market,False
2026-07-23T11:11:00+00:00,744.91,745.05,744.86,745.05,924,pre-market,False
2026-07-23T11:12:00+00:00,745.06,745.14,745.06,745.14,279,pre-market,False
2026-07-23T11:13:00+00:00,745.14,745.16,745.13,745.16,6886,pre-market,False
2026-07-23T11:14:00+00:00,745.12,745.12,745.12,745.12,267,pre-market,False
2026-07-23T11:15:00+00:00,745.2,745.33,745.2,745.27,333,pre-market,False
2026-07-23T11:16:00+00:00,745.27,745.27,745.27,745.27,0,pre-market,False
2026-07-23T11:17:00+00:00,745.12,745.12,745.12,745.12,80,pre-market,False
2026-07-23T11:18:00+00:00,745.01,745.04,745.01,745.04,129,pre-market,False
2026-07-23T11:19:00+00:00,745.1,745.1,745.1,745.1,69,pre-market,False
2026-07-23T11:20:00+00:00,745.07,745.07,744.79,744.79,4356,pre-market,False
2026-07-23T11:21:00+00:00,744.77,744.8,744.77,744.78,639,pre-market,False
2026-07-23T11:22:00+00:00,744.75,744.75,744.5,744.5,2787,pre-market,False
2026-07-23T11:23:00+00:00,744.47,744.51,744.38,744.38,3848,pre-market,False
2026-07-23T11:24:00+00:00,744.35,744.5,744.35,744.4,2695,pre-market,False
2026-07-23T11:25:00+00:00,744.4,744.49,744.39,744.43,840,pre-market,False
2026-07-23T11:26:00+00:00,744.5,744.6,744.46,744.6,880,pre-market,False
2026-07-23T11:27:00+00:00,744.52,744.52,744.39,744.39,487,pre-market,False
2026-07-23T11:28:00+00:00,744.43,744.5,744.41,744.45,1799,pre-market,False
2026-07-23T11:29:00+00:00,744.38,744.38,744.17,744.29,8833,pre-market,False
2026-07-23T11:30:00+00:00,744.25,744.35,744.11,744.22,7219,pre-market,False
2026-07-23T11:31:00+00:00,744.25,744.3,744.25,744.3,338,pre-market,False
2026-07-23T11:32:00+00:00,744.3,744.38,744.08,744.09,3694,pre-market,False
2026-07-23T11:33:00+00:00,744.1,744.11,743.81,743.81,8895,pre-market,False
2026-07-23T11:34:00+00:00,743.83,744.0,743.8,743.96,4169,pre-market,False
2026-07-23T11:35:00+00:00,743.9,743.9,743.13,743.13,19600,pre-market,False
2026-07-23T11:36:00+00:00,743.21,743.27,743.1,743.24,10422,pre-market,False
2026-07-23T11:37:00+00:00,743.17,743.2,743.0,743.2,12998,pre-market,False
2026-07-23T11:38:00+00:00,743.15,743.21,742.98,743.0,12746,pre-market,False
2026-07-23T11:39:00+00:00,743.0,743.21,742.95,743.19,9243,pre-market,False
2026-07-23T11:40:00+00:00,743.16,743.16,742.97,743.07,2863,pre-market,False
2026-07-23T11:41:00+00:00,743.0,743.0,742.88,742.94,985,pre-market,False
2026-07-23T11:42:00+00:00,743.01,743.4,743.0,743.32,11207,pre-market,False
2026-07-23T11:43:00+00:00,743.32,743.32,743.04,743.06,11947,pre-market,False
2026-07-23T11:44:00+00:00,743.09,743.14,742.98,743.07,10925,pre-market,False
2026-07-23T11:45:00+00:00,743.17,743.27,743.16,743.26,666,pre-market,False
2026-07-23T11:46:00+00:00,743.12,743.12,743.0,743.02,3261,pre-market,False
2026-07-23T11:47:00+00:00,743.02,743.12,742.94,743.06,2237,pre-market,False
2026-07-23T11:48:00+00:00,743.15,743.34,743.15,743.19,4141,pre-market,False
2026-07-23T11:49:00+00:00,743.24,743.33,743.18,743.31,1923,pre-market,False
2026-07-23T11:50:00+00:00,743.32,743.56,743.32,743.37,32628,pre-market,False
2026-07-23T11:51:00+00:00,743.46,743.53,743.34,743.47,9682,pre-market,False
2026-07-23T11:52:00+00:00,743.44,744.23,743.41,743.66,16904,pre-market,False
2026-07-23T11:53:00+00:00,743.66,743.81,743.59,743.59,23595,pre-market,False
2026-07-23T11:54:00+00:00,743.58,743.75,743.56,743.7,1235,pre-market,False
2026-07-23T11:55:00+00:00,743.72,743.72,743.64,743.68,1743,pre-market,False
2026-07-23T11:56:00+00:00,743.67,744.0,743.55,743.6,13560,pre-market,False
2026-07-23T11:57:00+00:00,743.68,743.69,743.57,743.58,1390,pre-market,False
2026-07-23T11:58:00+00:00,743.73,743.78,743.68,743.68,901,pre-market,False
2026-07-23T11:59:00+00:00,743.75,743.93,743.75,743.93,869,pre-market,False
2026-07-23T12:00:00+00:00,743.88,743.88,743.56,743.65,10179,pre-market,False
2026-07-23T12:01:00+00:00,743.6,743.63,743.59,743.6,2995,pre-market,False
2026-07-23T12:02:00+00:00,743.64,743.78,743.64,743.75,2086,pre-market,False
2026-07-23T12:03:00+00:00,743.73,743.81,743.73,743.77,883,pre-market,False
2026-07-23T12:04:00+00:00,743.82,743.98,743.7,743.7,2528,pre-market,False
2026-07-23T12:05:00+00:00,743.7,743.84,743.37,743.37,23052,pre-market,False
2026-07-23T12:06:00+00:00,743.36,743.49,743.36,743.49,280,pre-market,False
2026-07-23T12:07:00+00:00,743.38,743.46,743.38,743.45,723,pre-market,False
2026-07-23T12:08:00+00:00,743.42,743.42,743.21,743.25,2815,pre-market,False
2026-07-23T12:09:00+00:00,743.27,743.34,743.24,743.34,1632,pre-market,False
2026-07-23T12:10:00+00:00,743.27,743.36,743.21,743.36,6341,pre-market,False
2026-07-23T12:11:00+00:00,743.44,743.45,743.23,743.28,8828,pre-market,False
2026-07-23T12:12:00+00:00,743.3,743.3,743.11,743.16,2463,pre-market,False
2026-07-23T12:13:00+00:00,743.13,743.34,743.13,743.23,860,pre-market,False
2026-07-23T12:14:00+00:00,743.31,743.31,743.15,743.21,979,pre-market,False
2026-07-23T12:15:00+00:00,743.11,743.51,743.1,743.47,11196,pre-market,False
2026-07-23T12:16:00+00:00,743.37,743.45,742.61,742.89,48790,pre-market,False
2026-07-23T12:17:00+00:00,742.86,743.12,742.86,743.01,4520,pre-market,False
2026-07-23T12:18:00+00:00,742.96,743.03,742.94,742.99,1276,pre-market,False
2026-07-23T12:19:00+00:00,742.99,742.99,742.8,742.86,3023,pre-market,False
2026-07-23T12:20:00+00:00,742.59,742.65,742.42,742.45,17091,pre-market,False
2026-07-23T12:21:00+00:00,742.41,742.75,742.38,742.69,1946,pre-market,False
2026-07-23T12:22:00+00:00,742.67,742.68,742.5,742.57,17280,pre-market,False
2026-07-23T12:23:00+00:00,742.57,742.58,742.33,742.37,2388,pre-market,False
2026-07-23T12:24:00+00:00,742.26,742.27,742.07,742.13,13151,pre-market,False
2026-07-23T12:25:00+00:00,742.19,742.19,742.0,742.07,14013,pre-market,False
2026-07-23T12:26:00+00:00,742.16,742.23,742.0,742.03,30201,pre-market,False
2026-07-23T12:27:00+00:00,742.01,742.29,742.0,742.21,15236,pre-market,False
2026-07-23T12:28:00+00:00,742.23,742.23,741.78,741.95,11497,pre-market,False
2026-07-23T12:29:00+00:00,741.91,742.13,741.91,742.06,5231,pre-market,False
2026-07-23T12:30:00+00:00,742.0,742.16,741.8,742.01,9905,pre-market,False
2026-07-23T12:31:00+00:00,742.0,742.02,741.71,741.72,2376,pre-market,False
2026-07-23T12:32:00+00:00,741.71,741.8,741.54,741.8,4319,pre-market,False
2026-07-23T12:33:00+00:00,741.76,741.76,741.51,741.53,27936,pre-market,False
2026-07-23T12:34:00+00:00,741.5,741.65,741.45,741.65,5035,pre-market,False
2026-07-23T12:35:00+00:00,741.65,741.71,741.53,741.7,31197,pre-market,False
2026-07-23T12:36:00+00:00,741.65,741.66,741.2,741.21,11909,pre-market,False
2026-07-23T12:37:00+00:00,741.23,741.24,741.05,741.18,6018,pre-market,False
2026-07-23T12:38:00+00:00,741.13,741.46,741.13,741.4,33215,pre-market,False
2026-07-23T12:39:00+00:00,741.38,741.42,741.15,741.27,21235,pre-market,False
2026-07-23T12:40:00+00:00,741.24,741.24,740.94,741.07,28701,pre-market,False
2026-07-23T12:41:00+00:00,741.01,741.23,740.97,741.21,15032,pre-market,False
2026-07-23T12:42:00+00:00,741.16,741.16,740.66,740.7,30317,pre-market,False
2026-07-23T12:43:00+00:00,740.73,740.8,740.61,740.77,6853,pre-market,False
2026-07-23T12:44:00+00:00,740.88,741.05,740.86,740.98,3030,pre-market,False
2026-07-23T12:45:00+00:00,741.04,741.04,740.74,740.97,10462,pre-market,False
2026-07-23T12:46:00+00:00,740.97,741.1,740.82,741.1,9262,pre-market,False
2026-07-23T12:47:00+00:00,741.05,741.11,740.5,740.5,4387,pre-market,False
2026-07-23T12:48:00+00:00,740.55,740.63,740.15,740.17,26626,pre-market,False
2026-07-23T12:49:00+00:00,740.24,740.74,740.21,740.74,14634,pre-market,False
2026-07-23T12:50:00+00:00,740.74,740.89,740.7,740.89,3901,pre-market,False
2026-07-23T12:51:00+00:00,740.8,740.92,740.75,740.84,9652,pre-market,False
2026-07-23T12:52:00+00:00,740.87,740.87,740.45,740.67,5051,pre-market,False
2026-07-23T12:53:00+00:00,740.7,741.02,740.7,740.91,18449,pre-market,False
2026-07-23T12:54:00+00:00,740.88,740.88,740.48,740.7,10768,pre-market,False
2026-07-23T12:55:00+00:00,740.66,740.78,740.54,740.57,25937,pre-market,False
2026-07-23T12:56:00+00:00,740.56,740.79,740.56,740.79,1583,pre-market,False
2026-07-23T12:57:00+00:00,740.71,740.84,740.64,740.8,3877,pre-market,False
2026-07-23T12:58:00+00:00,740.84,740.88,740.33,740.35,4811,pre-market,False
2026-07-23T12:59:00+00:00,740.39,740.57,740.39,740.49,3008,pre-market,False
2026-07-23T13:00:00+00:00,740.43,740.63,740.33,740.5,2262,pre-market,False
2026-07-23T13:01:00+00:00,740.57,740.72,740.49,740.72,11624,pre-market,False
2026-07-23T13:02:00+00:00,740.75,740.76,740.39,740.39,2817,pre-market,False
2026-07-23T13:03:00+00:00,740.45,740.46,740.25,740.33,10099,pre-market,False
2026-07-23T13:04:00+00:00,740.42,740.48,740.12,740.26,9562,pre-market,False
2026-07-23T13:05:00+00:00,740.2,740.31,739.93,740.02,46750,pre-market,False
2026-07-23T13:06:00+00:00,740.0,740.0,739.7,739.72,15535,pre-market,False
2026-07-23T13:07:00+00:00,739.72,740.17,739.67,740.15,12285,pre-market,False
2026-07-23T13:08:00+00:00,740.16,740.34,740.02,740.05,20650,pre-market,False
2026-07-23T13:09:00+00:00,740.0,740.09,739.75,739.78,41558,pre-market,False
2026-07-23T13:10:00+00:00,739.78,739.79,739.57,739.73,8073,pre-market,False
2026-07-23T13:11:00+00:00,739.7,739.84,739.44,739.53,11656,pre-market,False
2026-07-23T13:12:00+00:00,739.47,739.89,739.4,739.89,13824,pre-market,False
2026-07-23T13:13:00+00:00,739.82,739.94,739.66,739.75,7734,pre-market,False
2026-07-23T13:14:00+00:00,739.67,739.82,739.65,739.82,17476,pre-market,False
2026-07-23T13:31:00+00:00,739.02,739.77,738.84,739.77,488089,regular,False
2026-07-23T13:32:00+00:00,739.78,740.45,739.77,740.37,436169,regular,False
2026-07-23T13:33:00+00:00,740.38,740.79,740.17,740.74,281441,regular,False
2026-07-23T13:34:00+00:00,740.75,741.37,740.75,741.32,223407,regular,False
2026-07-23T13:35:00+00:00,741.3,741.61,741.1,741.25,154685,regular,False
2026-07-23T13:36:00+00:00,741.24,741.33,740.85,741.33,208258,regular,False
2026-07-23T13:37:00+00:00,741.33,741.71,741.22,741.63,101512,regular,False
2026-07-23T13:38:00+00:00,741.63,741.87,741.2,741.43,133246,regular,False
2026-07-23T13:39:00+00:00,741.44,741.65,741.18,741.45,129222,regular,False
2026-07-23T13:43:00+00:00,742.25,742.56,742.21,742.38,131434,regular,False
2026-07-23T13:44:00+00:00,742.38,742.4,741.82,741.82,123854,regular,False
2026-07-23T13:45:00+00:00,741.85,742.0,741.28,741.81,170077,regular,False
2026-07-23T13:46:00+00:00,741.8,741.8,741.26,741.58,115894,regular,False
2026-07-23T13:47:00+00:00,741.58,741.6,741.21,741.25,100043,regular,False
2026-07-23T13:48:00+00:00,741.25,741.32,740.5,740.87,238392,regular,False
2026-07-23T13:49:00+00:00,740.86,740.98,740.17,740.4,108813,regular,False
2026-07-23T13:50:00+00:00,740.37,740.52,740.14,740.39,213097,regular,False
2026-07-23T13:51:00+00:00,740.4,740.41,739.83,739.89,181933,regular,False
2026-07-23T13:52:00+00:00,739.89,740.12,739.72,740.1,139128,regular,False
2026-07-23T13:53:00+00:00,740.09,740.35,739.92,740.25,136529,regular,False
2026-07-23T13:54:00+00:00,740.25,740.95,740.19,740.93,137294,regular,False
2026-07-23T13:55:00+00:00,740.95,741.28,740.73,740.75,116569,regular,False
2026-07-23T13:56:00+00:00,740.74,740.78,740.09,740.09,159656,regular,False
2026-07-23T13:57:00+00:00,740.07,740.1,739.6,739.84,120089,regular,False
2026-07-23T13:58:00+00:00,739.75,739.84,739.3,739.8,97909,regular,False
2026-07-23T13:59:00+00:00,739.81,739.93,739.56,739.58,112204,regular,False
2026-07-23T14:00:00+00:00,739.58,740.63,739.58,740.28,150164,regular,False
2026-07-23T14:01:00+00:00,740.28,740.33,739.74,739.76,74362,regular,False
2026-07-23T14:02:00+00:00,739.75,740.15,739.73,739.91,71378,regular,False
2026-07-23T14:03:00+00:00,739.91,740.19,739.87,740.02,84807,regular,False
2026-07-23T14:04:00+00:00,740.0,740.52,739.97,740.35,72847,regular,False
2026-07-23T14:05:00+00:00,740.36,740.71,740.08,740.7,62195,regular,False
2026-07-23T14:06:00+00:00,740.72,740.93,740.56,740.61,55676,regular,False
2026-07-23T14:07:00+00:00,740.61,740.78,740.37,740.53,54497,regular,False
2026-07-23T14:08:00+00:00,740.51,740.76,739.32,739.39,86611,regular,False
2026-07-23T14:09:00+00:00,739.42,739.52,738.87,739.36,126992,regular,False
2026-07-23T14:10:00+00:00,739.35,740.05,739.34,739.58,69234,regular,False
2026-07-23T14:11:00+00:00,739.62,739.99,739.21,739.95,63012,regular,False
2026-07-23T14:12:00+00:00,739.93,740.32,739.76,740.32,89540,regular,False
2026-07-23T14:13:00+00:00,740.32,740.54,740.06,740.08,68002,regular,False
2026-07-23T14:14:00+00:00,740.09,740.26,739.48,739.69,105637,regular,False
2026-07-23T14:15:00+00:00,739.66,739.99,739.46,739.62,75759,regular,False
2026-07-23T14:16:00+00:00,739.62,740.07,739.52,740.03,66697,regular,False
2026-07-23T14:17:00+00:00,740.0,740.23,739.77,740.17,71075,regular,False
2026-07-23T14:18:00+00:00,740.16,740.36,739.99,740.0,58778,regular,False
2026-07-23T14:19:00+00:00,740.0,740.0,739.41,739.51,132400,regular,False
2026-07-23T14:20:00+00:00,739.52,739.83,739.38,739.52,64564,regular,False
2026-07-23T14:21:00+00:00,739.52,740.17,739.47,740.12,82126,regular,False
2026-07-23T14:22:00+00:00,740.1,740.44,739.91,740.23,125298,regular,False
2026-07-23T14:23:00+00:00,740.21,740.32,739.78,739.83,192981,regular,False
2026-07-23T14:24:00+00:00,739.81,739.88,739.17,739.44,69465,regular,False
2026-07-23T14:25:00+00:00,739.4,739.77,739.25,739.67,60022,regular,False
2026-07-23T14:26:00+00:00,739.67,739.67,739.01,739.27,75146,regular,False
2026-07-23T14:27:00+00:00,739.32,739.36,738.99,739.2,106805,regular,False
2026-07-23T14:28:00+00:00,739.19,739.64,739.18,739.24,92952,regular,False
2026-07-23T14:29:00+00:00,739.21,739.91,739.21,739.8,44075,regular,False
2026-07-23T14:30:00+00:00,739.74,740.04,739.38,739.57,51104,regular,False
2026-07-23T14:31:00+00:00,739.57,739.98,739.36,739.41,34935,regular,False
2026-07-23T14:32:00+00:00,739.42,739.5,738.96,739.06,52274,regular,False
2026-07-23T14:33:00+00:00,739.07,739.16,738.66,738.79,81009,regular,False
2026-07-23T14:34:00+00:00,738.78,739.13,738.69,738.97,57398,regular,False
2026-07-23T14:35:00+00:00,738.98,739.07,738.61,738.65,117657,regular,False
2026-07-23T14:36:00+00:00,738.66,738.92,738.59,738.88,52875,regular,False
2026-07-23T14:37:00+00:00,738.9,740.3,738.89,740.27,128898,regular,False
2026-07-23T14:38:00+00:00,740.28,740.28,739.66,739.93,87159,regular,False
2026-07-23T14:39:00+00:00,739.96,740.51,739.91,740.38,90131,regular,False
2026-07-23T14:40:00+00:00,740.38,740.64,740.0,740.0,77240,regular,False
2026-07-23T14:41:00+00:00,740.01,740.07,739.32,739.47,73831,regular,False
2026-07-23T14:42:00+00:00,739.44,739.65,738.94,739.18,61005,regular,False
2026-07-23T14:43:00+00:00,739.18,739.3,738.67,738.86,91907,regular,False
2026-07-23T14:44:00+00:00,738.85,739.07,738.67,738.87,91436,regular,False
2026-07-23T14:45:00+00:00,738.86,739.12,738.71,738.72,79538,regular,False
2026-07-23T14:46:00+00:00,738.73,739.19,738.67,739.08,63550,regular,False
2026-07-23T14:47:00+00:00,739.09,739.47,739.09,739.18,82231,regular,False
2026-07-23T14:48:00+00:00,739.17,739.18,738.85,738.95,77733,regular,False
2026-07-23T14:49:00+00:00,738.94,739.05,738.67,738.83,85085,regular,False
2026-07-23T14:50:00+00:00,738.84,739.07,738.44,738.52,106868,regular,False
2026-07-23T14:51:00+00:00,738.52,738.54,738.03,738.06,154503,regular,False
2026-07-23T14:52:00+00:00,738.06,738.45,738.01,738.36,94857,regular,False
2026-07-23T14:53:00+00:00,738.35,738.35,738.01,738.16,51621,regular,False
2026-07-23T14:54:00+00:00,738.14,738.28,738.01,738.14,64707,regular,False
2026-07-23T14:55:00+00:00,738.16,738.35,738.07,738.09,60943,regular,False
2026-07-23T14:56:00+00:00,738.1,738.43,738.09,738.43,62083,regular,False
2026-07-23T14:57:00+00:00,738.4,738.58,738.35,738.5,59393,regular,False
2026-07-23T14:58:00+00:00,738.5,738.51,738.15,738.2,65364,regular,False
2026-07-23T14:59:00+00:00,738.21,738.53,738.14,738.31,69342,regular,False
2026-07-23T15:00:00+00:00,738.32,738.48,738.18,738.26,75604,regular,False
2026-07-23T15:01:00+00:00,738.23,738.28,737.75,737.93,96497,regular,False
2026-07-23T15:02:00+00:00,737.92,738.03,737.74,737.74,84966,regular,False
2026-07-23T15:03:00+00:00,737.74,737.98,737.64,737.75,73694,regular,False
2026-07-23T15:04:00+00:00,737.74,737.75,737.5,737.66,76983,regular,False
2026-07-23T15:05:00+00:00,737.67,737.7,737.31,737.31,90466,regular,False
2026-07-23T15:06:00+00:00,737.3,737.32,736.94,737.01,187797,regular,False
2026-07-23T15:07:00+00:00,737.01,737.5,736.97,737.34,135642,regular,False
2026-07-23T15:08:00+00:00,737.33,737.42,737.2,737.33,115381,regular,False
2026-07-23T15:09:00+00:00,737.31,737.52,737.12,737.16,218678,regular,False
2026-07-23T15:10:00+00:00,737.16,737.41,736.97,737.21,112831,regular,False
2026-07-23T15:11:00+00:00,737.23,737.23,736.83,736.83,87425,regular,False
2026-07-23T15:12:00+00:00,736.83,736.89,736.51,736.63,128089,regular,False
2026-07-23T15:13:00+00:00,736.61,736.85,736.55,736.82,113652,regular,False
2026-07-23T15:14:00+00:00,736.79,736.86,736.45,736.65,109525,regular,False
2026-07-23T15:15:00+00:00,736.62,737.07,736.58,736.89,100300,regular,False
2026-07-23T15:16:00+00:00,736.86,736.95,736.62,736.85,113327,regular,False
2026-07-23T15:17:00+00:00,736.86,737.19,736.83,737.09,82747,regular,False
2026-07-23T15:18:00+00:00,737.08,737.2,736.94,737.0,51867,regular,False
2026-07-23T15:19:00+00:00,737.0,737.28,736.93,737.18,105048,regular,False
2026-07-23T15:20:00+00:00,737.2,737.69,737.2,737.48,128329,regular,False
2026-07-23T15:21:00+00:00,737.48,737.57,736.89,736.95,72584,regular,False
2026-07-23T15:22:00+00:00,736.92,737.17,735.98,736.3,275920,regular,False
2026-07-23T15:23:00+00:00,736.31,736.75,736.31,736.49,149228,regular,False
2026-07-23T15:24:00+00:00,736.49,736.77,736.45,736.67,61776,regular,False
2026-07-23T15:25:00+00:00,736.67,736.73,736.19,736.3,97339,regular,False
2026-07-23T15:26:00+00:00,736.29,736.31,736.03,736.2,78808,regular,False
2026-07-23T15:27:00+00:00,736.17,736.22,736.01,736.05,75651,regular,False
2026-07-23T15:28:00+00:00,736.06,736.33,735.82,735.84,174525,regular,False
2026-07-23T15:29:00+00:00,735.83,736.04,735.81,735.93,115322,regular,False
2026-07-23T15:30:00+00:00,735.91,736.01,735.41,735.47,157561,regular,False
2026-07-23T15:31:00+00:00,735.44,735.84,735.21,735.68,146434,regular,False
2026-07-23T15:32:00+00:00,735.69,736.05,735.68,736.04,107492,regular,False
2026-07-23T15:33:00+00:00,736.05,736.33,735.86,736.16,160628,regular,False
2026-07-23T15:34:00+00:00,736.17,736.42,736.06,736.41,159053,regular,False
2026-07-23T15:35:00+00:00,736.41,736.81,736.4,736.58,144348,regular,False
2026-07-23T15:36:00+00:00,736.6,736.76,736.38,736.75,59837,regular,False
2026-07-23T15:37:00+00:00,736.75,737.21,736.51,736.86,241101,regular,False
2026-07-23T15:38:00+00:00,736.89,737.38,736.86,737.35,83409,regular,False
2026-07-23T15:39:00+00:00,737.36,737.44,737.05,737.35,71870,regular,False
2026-07-23T15:40:00+00:00,737.34,737.66,737.33,737.36,63505,regular,False
2026-07-23T15:41:00+00:00,737.31,737.47,737.05,737.45,60062,regular,False
2026-07-23T15:42:00+00:00,737.45,737.58,736.88,736.94,132229,regular,False
2026-07-23T15:43:00+00:00,736.94,737.04,736.72,736.74,55305,regular,False
2026-07-23T15:44:00+00:00,736.74,736.92,736.64,736.64,63676,regular,False
2026-07-23T15:45:00+00:00,736.64,736.9,736.36,736.75,104933,regular,False
2026-07-23T15:46:00+00:00,736.76,736.87,736.45,736.57,80652,regular,False
2026-07-23T15:47:00+00:00,736.57,736.74,736.48,736.55,61151,regular,False
2026-07-23T15:48:00+00:00,736.56,736.79,736.52,736.64,40400,regular,False
2026-07-23T15:49:00+00:00,736.62,736.97,736.55,736.9,30005,regular,False
2026-07-23T15:50:00+00:00,736.89,737.02,736.59,736.93,72131,regular,False
2026-07-23T15:51:00+00:00,736.95,736.99,736.65,736.74,49931,regular,False
2026-07-23T15:52:00+00:00,736.75,737.05,736.74,736.88,45678,regular,False
2026-07-23T15:53:00+00:00,736.89,736.98,736.8,736.9,39646,regular,False
2026-07-23T15:54:00+00:00,736.91,737.33,736.91,737.32,81164,regular,False
2026-07-23T15:55:00+00:00,737.33,737.45,737.28,737.36,47315,regular,False
2026-07-23T15:56:00+00:00,737.36,737.59,737.21,737.4,85318,regular,False
2026-07-23T15:57:00+00:00,737.41,737.45,737.12,737.42,30214,regular,False
2026-07-23T15:58:00+00:00,737.44,737.77,737.4,737.72,62619,regular,False
2026-07-23T15:59:00+00:00,737.72,737.9,737.71,737.85,71551,regular,False
2026-07-23T16:00:00+00:00,737.85,737.93,737.62,737.93,109637,regular,False
2026-07-23T16:01:00+00:00,737.93,737.96,737.53,737.85,69541,regular,False
2026-07-23T16:02:00+00:00,737.86,738.2,737.76,738.2,86174,regular,False
2026-07-23T16:03:00+00:00,738.19,738.31,738.01,738.18,48431,regular,False
2026-07-23T16:04:00+00:00,738.12,738.16,737.92,738.04,73284,regular,False
2026-07-23T16:05:00+00:00,738.04,738.13,737.56,737.61,74559,regular,False
2026-07-23T16:06:00+00:00,737.6,737.99,737.55,737.75,50759,regular,False
2026-07-23T16:07:00+00:00,737.75,737.9,737.71,737.83,28287,regular,False
2026-07-23T16:08:00+00:00,737.82,738.38,737.82,738.33,84659,regular,False
2026-07-23T16:09:00+00:00,738.32,738.47,738.21,738.47,53061,regular,False
2026-07-23T16:10:00+00:00,738.47,738.6,738.44,738.59,98028,regular,False
2026-07-23T16:11:00+00:00,738.59,738.72,738.42,738.64,81209,regular,False
2026-07-23T16:12:00+00:00,738.65,738.84,738.47,738.48,72848,regular,False
2026-07-23T16:13:00+00:00,738.49,738.75,738.47,738.47,43011,regular,False
2026-07-23T16:14:00+00:00,738.46,738.76,738.45,738.62,61831,regular,False
2026-07-23T16:15:00+00:00,738.62,738.76,738.52,738.72,95078,regular,False
2026-07-23T16:16:00+00:00,738.71,738.74,738.48,738.62,48098,regular,False
2026-07-23T16:17:00+00:00,738.62,738.83,738.62,738.8,38402,regular,False
2026-07-23T16:18:00+00:00,738.79,738.81,738.61,738.66,23473,regular,False
2026-07-23T16:19:00+00:00,738.66,738.66,738.22,738.57,53616,regular,False
2026-07-23T16:20:00+00:00,738.58,738.94,738.57,738.93,41314,regular,False
2026-07-23T16:21:00+00:00,738.94,739.13,738.86,739.03,55019,regular,False
2026-07-23T16:22:00+00:00,739.03,739.28,738.91,739.25,70655,regular,False
2026-07-23T16:23:00+00:00,739.25,739.66,739.18,739.53,92050,regular,False
2026-07-23T16:24:00+00:00,739.53,739.65,739.41,739.46,116987,regular,False
2026-07-23T16:25:00+00:00,739.45,739.55,739.34,739.43,73496,regular,False
2026-07-23T16:26:00+00:00,739.43,739.46,739.16,739.17,59585,regular,False
2026-07-23T16:27:00+00:00,739.18,739.49,739.15,739.43,44918,regular,False
2026-07-23T16:28:00+00:00,739.44,739.47,739.31,739.43,38008,regular,False
2026-07-23T16:29:00+00:00,739.42,739.62,739.31,739.45,111721,regular,False
2026-07-23T16:30:00+00:00,739.45,739.47,739.18,739.37,104280,regular,False
2026-07-23T16:31:00+00:00,739.38,739.49,739.29,739.36,31652,regular,False
2026-07-23T16:32:00+00:00,739.36,739.37,739.18,739.29,46047,regular,False
2026-07-23T16:33:00+00:00,739.28,739.44,739.21,739.25,61518,regular,False
2026-07-23T16:34:00+00:00,739.27,739.36,739.06,739.12,58348,regular,False
2026-07-23T16:35:00+00:00,739.1,739.39,738.94,739.31,90980,regular,False
2026-07-23T16:36:00+00:00,739.33,739.4,739.15,739.35,50100,regular,False
2026-07-23T16:37:00+00:00,739.34,739.35,739.12,739.26,79763,regular,False
2026-07-23T16:38:00+00:00,739.26,739.57,739.12,739.56,41484,regular,False
2026-07-23T16:39:00+00:00,739.57,739.72,739.52,739.7,48600,regular,False
2026-07-23T16:40:00+00:00,739.7,739.71,739.3,739.38,32427,regular,False
2026-07-23T16:41:00+00:00,739.4,739.4,739.14,739.2,47467,regular,False
2026-07-23T16:42:00+00:00,739.19,739.19,738.98,739.09,41900,regular,False
2026-07-23T16:43:00+00:00,739.08,739.21,739.03,739.13,35297,regular,False
2026-07-23T16:44:00+00:00,739.14,739.16,738.97,738.97,42588,regular,False
2026-07-23T16:45:00+00:00,738.96,738.96,738.38,738.39,82152,regular,False
2026-07-23T16:46:00+00:00,738.4,738.51,738.34,738.4,54164,regular,False
2026-07-23T16:47:00+00:00,738.39,738.52,738.27,738.36,76512,regular,False
2026-07-23T16:48:00+00:00,738.41,738.45,738.09,738.18,37697,regular,False
2026-07-23T16:49:00+00:00,738.18,738.3,738.01,738.03,62609,regular,False
2026-07-23T16:50:00+00:00,738.02,738.09,737.81,737.94,43196,regular,False
2026-07-23T16:51:00+00:00,737.93,738.13,737.86,737.92,43888,regular,False
2026-07-23T16:52:00+00:00,737.94,738.34,737.91,738.01,63088,regular,False
2026-07-23T16:53:00+00:00,737.99,738.0,737.75,737.87,67431,regular,False
2026-07-23T16:54:00+00:00,737.86,738.04,737.84,737.98,53953,regular,False
2026-07-23T16:55:00+00:00,737.98,738.41,737.98,738.25,44837,regular,False
2026-07-23T16:56:00+00:00,738.26,738.35,738.1,738.35,83201,regular,False
2026-07-23T16:57:00+00:00,738.38,738.4,738.15,738.21,36404,regular,False
2026-07-23T16:58:00+00:00,738.2,738.3,738.11,738.15,21953,regular,False
2026-07-23T16:59:00+00:00,738.18,738.71,738.18,738.66,51064,regular,False
2026-07-23T17:00:00+00:00,738.67,738.94,738.32,738.87,55186,regular,False
2026-07-23T17:01:00+00:00,738.86,738.88,738.64,738.78,21891,regular,False
2026-07-23T17:02:00+00:00,738.8,738.8,738.43,738.8,24491,regular,False
2026-07-23T17:03:00+00:00,738.78,738.83,738.61,738.72,24054,regular,False
2026-07-23T17:04:00+00:00,738.73,738.74,738.2,738.21,29362,regular,False
2026-07-23T17:05:00+00:00,738.22,738.22,737.79,738.0,41038,regular,False
2026-07-23T17:06:00+00:00,737.97,738.19,737.83,737.93,33817,regular,False
2026-07-23T17:07:00+00:00,737.9,738.22,737.87,738.02,16566,regular,False
2026-07-23T17:08:00+00:00,738.02,738.42,737.92,738.11,29338,regular,False
2026-07-23T17:09:00+00:00,738.13,738.49,737.93,738.49,27963,regular,False
2026-07-23T17:10:00+00:00,738.46,738.83,738.43,738.65,122825,regular,False
2026-07-23T17:11:00+00:00,738.6,738.63,738.43,738.59,45174,regular,False
2026-07-23T17:12:00+00:00,738.58,738.84,738.57,738.76,119070,regular,False
2026-07-23T17:13:00+00:00,738.79,738.83,738.53,738.58,34724,regular,False
2026-07-23T17:14:00+00:00,738.6,738.68,738.44,738.61,55204,regular,False
2026-07-23T17:15:00+00:00,738.56,738.67,738.45,738.6,41268,regular,False
2026-07-23T17:16:00+00:00,738.62,738.9,738.61,738.73,28407,regular,False
2026-07-23T17:17:00+00:00,738.76,738.87,738.28,738.28,106587,regular,False
2026-07-23T17:18:00+00:00,738.28,738.53,738.16,738.34,108123,regular,False
2026-07-23T17:19:00+00:00,738.37,738.53,738.26,738.53,206138,regular,False
2026-07-23T17:20:00+00:00,738.57,738.96,738.56,738.73,73761,regular,False
2026-07-23T17:21:00+00:00,738.78,738.88,738.58,738.58,64972,regular,False
2026-07-23T17:22:00+00:00,738.59,738.69,738.4,738.51,72275,regular,False
2026-07-23T17:23:00+00:00,738.51,738.9,738.45,738.89,42790,regular,False
2026-07-23T17:24:00+00:00,738.91,739.03,738.76,738.99,68307,regular,False
2026-07-23T17:25:00+00:00,738.98,739.12,738.9,739.09,70324,regular,False
2026-07-23T17:26:00+00:00,739.07,739.2,738.94,739.09,56559,regular,False
2026-07-23T17:27:00+00:00,739.08,739.15,738.78,738.87,59130,regular,False
2026-07-23T17:28:00+00:00,738.9,738.97,738.83,738.96,44428,regular,False
2026-07-23T17:29:00+00:00,738.94,738.96,738.74,738.75,117662,regular,False
2026-07-23T17:30:00+00:00,738.74,738.8,738.49,738.68,56945,regular,False
2026-07-23T17:31:00+00:00,738.68,738.7,738.17,738.26,88212,regular,False
2026-07-23T17:32:00+00:00,738.25,738.27,738.06,738.12,52519,regular,False
2026-07-23T17:33:00+00:00,738.13,738.31,738.05,738.15,29569,regular,False
2026-07-23T17:34:00+00:00,738.14,738.25,738.06,738.09,17597,regular,False
2026-07-23T17:35:00+00:00,738.06,738.12,737.62,737.65,30584,regular,False
2026-07-23T17:36:00+00:00,737.61,737.74,737.48,737.57,33454,regular,False
2026-07-23T17:37:00+00:00,737.57,737.64,737.46,737.62,28652,regular,False
2026-07-23T17:38:00+00:00,737.64,737.86,737.59,737.65,24280,regular,False
2026-07-23T17:39:00+00:00,737.63,737.84,737.6,737.62,13395,regular,False
2026-07-23T17:40:00+00:00,737.62,737.76,737.28,737.37,34081,regular,False
2026-07-23T17:41:00+00:00,737.35,737.56,737.27,737.54,34105,regular,False
2026-07-23T17:42:00+00:00,737.51,737.62,737.43,737.56,29352,regular,False
2026-07-23T17:43:00+00:00,737.55,737.78,737.52,737.75,40226,regular,False
2026-07-23T17:44:00+00:00,737.71,737.86,737.59,737.71,30820,regular,False
2026-07-23T17:45:00+00:00,737.7,738.2,737.5,738.1,47734,regular,False
2026-07-23T17:46:00+00:00,738.1,738.25,737.91,738.13,30157,regular,False
2026-07-23T17:47:00+00:00,738.16,738.27,738.06,738.14,23371,regular,False
2026-07-23T17:48:00+00:00,738.14,738.24,737.98,738.16,36808,regular,False
2026-07-23T17:49:00+00:00,738.15,738.29,738.15,738.16,19589,regular,False
2026-07-23T17:50:00+00:00,738.17,738.22,737.94,738.14,34405,regular,False
2026-07-23T17:51:00+00:00,738.14,738.19,737.9,737.94,12795,regular,False
2026-07-23T17:52:00+00:00,737.96,738.24,737.93,738.11,18255,regular,False
2026-07-23T17:53:00+00:00,738.09,738.12,737.84,737.92,23741,regular,False
2026-07-23T17:54:00+00:00,737.91,737.94,737.7,737.71,34763,regular,False
2026-07-23T17:55:00+00:00,737.65,737.71,737.45,737.58,37158,regular,False
2026-07-23T17:56:00+00:00,737.56,737.59,737.28,737.39,27714,regular,False
2026-07-23T17:57:00+00:00,737.38,737.42,737.18,737.21,23353,regular,False
2026-07-23T18:00:00+00:00,737.16,737.31,737.03,737.18,74865,regular,False
2026-07-23T18:01:00+00:00,737.17,737.19,736.9,737.07,28448,regular,False
2026-07-23T18:02:00+00:00,737.07,737.1,736.97,737.1,16056,regular,False
2026-07-23T18:03:00+00:00,737.13,737.28,737.1,737.24,27059,regular,False
2026-07-23T18:04:00+00:00,737.24,737.3,736.95,736.98,39840,regular,False
2026-07-23T18:05:00+00:00,736.97,737.04,736.87,737.0,37244,regular,False
2026-07-23T18:06:00+00:00,736.97,737.16,736.91,737.1,42731,regular,False
2026-07-23T18:07:00+00:00,737.1,737.1,736.8,736.84,30536,regular,False
2026-07-23T18:08:00+00:00,736.82,737.06,736.81,736.98,46530,regular,False
2026-07-23T18:09:00+00:00,736.97,737.03,736.86,736.86,22089,regular,False
2026-07-23T18:10:00+00:00,736.89,737.09,736.87,737.02,29638,regular,False
2026-07-23T18:11:00+00:00,737.03,737.13,736.91,737.09,45458,regular,False
2026-07-23T18:12:00+00:00,737.09,737.37,737.06,737.3,62886,regular,False
2026-07-23T18:13:00+00:00,737.3,737.32,737.15,737.24,38332,regular,False
2026-07-23T18:14:00+00:00,737.23,737.31,736.97,737.03,27602,regular,False
2026-07-23T18:15:00+00:00,736.97,737.23,736.94,737.22,56787,regular,False
2026-07-23T18:16:00+00:00,737.22,737.36,737.1,737.19,62138,regular,False
2026-07-23T18:17:00+00:00,737.22,737.26,736.88,736.92,40027,regular,False
2026-07-23T18:18:00+00:00,736.91,737.13,736.88,736.93,28928,regular,False
2026-07-23T18:19:00+00:00,736.92,737.03,736.82,737.0,26268,regular,False
2026-07-23T18:20:00+00:00,737.02,737.13,736.97,737.02,44171,regular,False
2026-07-23T18:21:00+00:00,737.0,737.28,736.94,737.27,35127,regular,False
2026-07-23T18:22:00+00:00,737.25,737.28,737.11,737.12,16503,regular,False
2026-07-23T18:23:00+00:00,737.11,737.28,737.05,737.28,18313,regular,False
2026-07-23T18:24:00+00:00,737.26,737.44,737.25,737.41,36124,regular,False
2026-07-23T18:25:00+00:00,737.42,737.49,737.15,737.25,45881,regular,False
2026-07-23T18:26:00+00:00,737.27,737.32,737.1,737.11,36369,regular,False
2026-07-23T18:27:00+00:00,737.11,737.27,737.03,737.04,36862,regular,False
2026-07-23T18:28:00+00:00,737.06,737.35,737.06,737.24,32396,regular,False
2026-07-23T18:29:00+00:00,737.28,737.45,737.26,737.42,34534,regular,False
2026-07-23T18:30:00+00:00,737.42,737.61,737.32,737.49,52963,regular,False
2026-07-23T18:31:00+00:00,737.48,737.62,737.46,737.56,71470,regular,False
2026-07-23T18:32:00+00:00,737.55,737.61,737.37,737.42,48734,regular,False
2026-07-23T18:33:00+00:00,737.41,737.49,737.35,737.49,29971,regular,False
2026-07-23T18:34:00+00:00,737.5,737.66,737.49,737.6,38786,regular,False
2026-07-23T18:35:00+00:00,737.58,737.69,737.29,737.29,62625,regular,False
2026-07-23T18:36:00+00:00,737.29,737.39,737.04,737.06,36306,regular,False
2026-07-23T18:37:00+00:00,737.06,737.11,736.83,737.01,55661,regular,False
2026-07-23T18:38:00+00:00,737.01,737.05,736.84,736.91,36403,regular,False
2026-07-23T18:39:00+00:00,736.91,737.03,736.84,736.93,44783,regular,False
2026-07-23T18:40:00+00:00,736.93,737.02,736.83,737.02,61883,regular,False
2026-07-23T18:41:00+00:00,737.02,737.02,736.68,736.74,53514,regular,False
2026-07-23T18:42:00+00:00,736.73,736.86,736.61,736.81,58020,regular,False
2026-07-23T18:43:00+00:00,736.83,736.87,736.7,736.81,55673,regular,False
2026-07-23T18:44:00+00:00,736.82,736.9,736.74,736.84,33846,regular,False
2026-07-23T18:45:00+00:00,736.83,737.16,736.83,737.08,69167,regular,False
2026-07-23T18:46:00+00:00,737.1,737.23,737.1,737.18,43684,regular,False
2026-07-23T18:47:00+00:00,737.18,737.39,737.18,737.38,54695,regular,False
2026-07-23T18:48:00+00:00,737.41,737.45,737.26,737.4,47705,regular,False
2026-07-23T18:49:00+00:00,737.42,737.45,737.2,737.3,91641,regular,False
2026-07-23T18:50:00+00:00,737.3,737.37,737.12,737.2,94460,regular,False
2026-07-23T18:51:00+00:00,737.2,737.33,737.12,737.19,33670,regular,False
2026-07-23T18:52:00+00:00,737.21,737.29,737.08,737.19,43833,regular,False
2026-07-23T18:53:00+00:00,737.17,737.25,737.06,737.11,36131,regular,False
2026-07-23T18:54:00+00:00,737.12,737.14,736.68,736.72,55078,regular,False
2026-07-23T18:55:00+00:00,736.71,736.82,736.64,736.79,52783,regular,False
2026-07-23T18:56:00+00:00,736.83,736.85,736.65,736.81,47339,regular,False
2026-07-23T18:57:00+00:00,736.82,736.83,736.71,736.75,62870,regular,False
2026-07-23T18:58:00+00:00,736.75,736.83,736.63,736.83,38140,regular,False
2026-07-23T18:59:00+00:00,736.83,737.06,736.79,737.05,44592,regular,False
2026-07-23T19:00:00+00:00,737.08,737.39,737.04,737.27,89203,regular,False
2026-07-23T19:01:00+00:00,737.25,737.27,737.09,737.14,58395,regular,False
2026-07-23T19:02:00+00:00,737.13,737.26,737.1,737.23,40672,regular,False
2026-07-23T19:03:00+00:00,737.22,737.22,736.83,736.84,65281,regular,False
2026-07-23T19:04:00+00:00,736.82,736.91,736.78,736.8,47622,regular,False
2026-07-23T19:05:00+00:00,736.8,736.9,736.7,736.89,59044,regular,False
2026-07-23T19:06:00+00:00,736.89,736.92,736.8,736.88,31057,regular,False
2026-07-23T19:07:00+00:00,736.89,736.91,736.77,736.78,36361,regular,False
2026-07-23T19:08:00+00:00,736.78,736.96,736.76,736.96,62882,regular,False
2026-07-23T19:09:00+00:00,736.96,736.96,736.72,736.73,36545,regular,False
2026-07-23T19:10:00+00:00,736.72,736.72,736.5,736.54,72687,regular,False
2026-07-23T19:11:00+00:00,736.53,736.7,736.47,736.67,61973,regular,False
2026-07-23T19:12:00+00:00,736.67,736.88,736.67,736.72,62498,regular,False
2026-07-23T19:13:00+00:00,736.73,736.78,736.62,736.67,42683,regular,False
2026-07-23T19:14:00+00:00,736.67,736.72,736.6,736.6,34302,regular,False
2026-07-23T19:15:00+00:00,736.6,736.89,736.59,736.76,50433,regular,False
2026-07-23T19:16:00+00:00,736.77,736.95,736.73,736.87,49321,regular,False
2026-07-23T19:17:00+00:00,736.88,737.16,736.86,737.01,103907,regular,False
2026-07-23T19:18:00+00:00,737.01,737.03,736.79,736.92,49266,regular,False
2026-07-23T19:19:00+00:00,736.91,737.0,736.88,736.95,48868,regular,False
2026-07-23T19:20:00+00:00,736.97,737.31,736.95,737.27,157647,regular,False
2026-07-23T19:21:00+00:00,737.28,737.53,737.26,737.42,92908,regular,False
2026-07-23T19:22:00+00:00,737.43,737.56,737.26,737.34,65407,regular,False
2026-07-23T19:23:00+00:00,737.31,737.49,737.3,737.45,50561,regular,False
2026-07-23T19:24:00+00:00,737.47,737.63,737.42,737.62,33789,regular,False
2026-07-23T19:25:00+00:00,737.62,737.9,737.61,737.76,91230,regular,False
2026-07-23T19:26:00+00:00,737.75,737.83,737.65,737.71,60525,regular,False
2026-07-23T19:27:00+00:00,737.72,737.87,737.62,737.73,73575,regular,False
2026-07-23T19:28:00+00:00,737.73,737.83,737.4,737.43,54947,regular,False
2026-07-23T19:29:00+00:00,737.44,737.5,737.32,737.48,38634,regular,False
2026-07-23T19:30:00+00:00,737.49,737.74,737.39,737.61,85390,regular,False
2026-07-23T19:31:00+00:00,737.61,737.61,736.99,737.01,86249,regular,False
2026-07-23T19:32:00+00:00,737.01,737.17,736.93,736.96,108983,regular,False
2026-07-23T19:33:00+00:00,736.95,737.08,736.68,736.93,108209,regular,False
2026-07-23T19:34:00+00:00,736.94,737.28,736.93,737.15,139452,regular,False
2026-07-23T19:35:00+00:00,737.14,737.22,736.99,737.01,94366,regular,False
2026-07-23T19:36:00+00:00,737.0,737.05,736.83,737.03,95199,regular,False
2026-07-23T19:37:00+00:00,737.02,737.17,736.96,737.05,86168,regular,False
2026-07-23T19:38:00+00:00,737.04,737.14,736.83,736.86,98420,regular,False
2026-07-23T19:39:00+00:00,736.85,737.04,736.85,736.89,103019,regular,False
2026-07-23T19:40:00+00:00,736.87,736.98,736.79,736.83,91746,regular,False
2026-07-23T19:41:00+00:00,736.82,736.82,736.64,736.78,79705,regular,False
2026-07-23T19:42:00+00:00,736.77,736.8,736.39,736.41,169254,regular,False
2026-07-23T19:43:00+00:00,736.4,736.48,736.27,736.45,189643,regular,False
2026-07-23T19:44:00+00:00,736.45,736.46,736.25,736.25,145864,regular,False
2026-07-23T19:45:00+00:00,736.26,736.4,736.18,736.23,181761,regular,False
2026-07-23T19:46:00+00:00,736.24,736.28,735.98,736.0,100888,regular,False
2026-07-23T19:47:00+00:00,736.01,736.29,735.87,736.15,125608,regular,False
2026-07-23T19:48:00+00:00,736.15,736.21,735.96,735.98,204866,regular,False
2026-07-23T19:49:00+00:00,735.98,736.03,735.72,735.93,276308,regular,False
2026-07-23T19:50:00+00:00,735.93,736.98,735.93,736.78,733452,regular,False
2026-07-23T19:51:00+00:00,736.79,736.84,736.44,736.81,279775,regular,False
2026-07-23T19:52:00+00:00,736.81,736.89,736.44,736.6,142068,regular,False
2026-07-23T19:53:00+00:00,736.6,736.61,736.22,736.34,185203,regular,False
2026-07-23T19:54:00+00:00,736.34,736.73,736.2,736.71,482090,regular,False
2026-07-23T19:55:00+00:00,736.73,737.55,736.73,737.54,505989,regular,False
2026-07-23T19:56:00+00:00,737.53,737.66,737.42,737.62,366254,regular,False
2026-07-23T19:57:00+00:00,737.62,738.09,737.59,738.06,447182,regular,False
2026-07-23T19:58:00+00:00,738.06,738.53,738.05,738.44,750130,regular,False
2026-07-23T20:00:00+00:00,738.24,738.98,738.18,738.87,1643823,after-market,False
2026-07-23T20:01:00+00:00,738.85,739.04,738.66,738.99,118414,after-market,False
2026-07-23T20:02:00+00:00,738.94,739.18,738.8,739.17,25722,after-market,False
2026-07-23T20:03:00+00:00,739.13,739.42,738.39,739.32,171764,after-market,False
2026-07-23T20:04:00+00:00,739.33,739.4,739.11,739.13,21419,after-market,False
2026-07-23T20:05:00+00:00,739.13,739.16,738.96,739.0,13845,after-market,False
2026-07-23T20:06:00+00:00,739.0,739.09,738.4,739.06,37113,after-market,False
2026-07-23T20:07:00+00:00,739.08,739.09,738.66,738.96,22862,after-market,False
2026-07-23T20:08:00+00:00,738.99,739.05,738.7,738.97,65398,after-market,False
2026-07-23T20:09:00+00:00,738.93,739.03,738.82,738.94,8537,after-market,False
2026-07-23T20:10:00+00:00,739.0,739.16,738.92,738.93,19995,after-market,False
2026-07-23T20:11:00+00:00,738.96,739.17,738.96,739.15,3253,after-market,False
2026-07-23T20:12:00+00:00,739.2,739.31,739.12,739.12,22190,after-market,False
2026-07-23T20:13:00+00:00,739.07,739.39,739.06,739.38,12709,after-market,False
2026-07-23T20:14:00+00:00,739.32,739.36,739.17,739.19,23388,after-market,False
2026-07-23T20:15:00+00:00,739.21,739.34,739.14,739.34,2822,after-market,False
2026-07-23T20:16:00+00:00,739.33,739.52,739.3,739.39,9179,after-market,False
2026-07-23T20:17:00+00:00,739.35,739.5,739.34,739.39,22766,after-market,False
2026-07-23T20:18:00+00:00,739.39,739.45,739.35,739.42,4473,after-market,False
2026-07-23T20:19:00+00:00,739.34,739.39,739.28,739.39,8924,after-market,False
2026-07-23T20:20:00+00:00,739.4,739.48,739.29,739.29,7209,after-market,False
2026-07-23T20:21:00+00:00,739.28,739.36,739.27,739.3,1348,after-market,False
2026-07-23T20:22:00+00:00,739.34,739.45,739.32,739.45,19484,after-market,False
2026-07-23T20:23:00+00:00,739.41,739.42,739.34,739.38,2677,after-market,False
2026-07-23T20:24:00+00:00,739.5,739.57,739.5,739.57,1654,after-market,False
2026-07-23T20:25:00+00:00,739.61,739.66,739.5,739.59,24346,after-market,False
2026-07-23T20:26:00+00:00,739.53,739.56,739.38,739.38,21242,after-market,False
2026-07-23T20:27:00+00:00,739.38,739.43,739.32,739.41,19575,after-market,False
2026-07-23T20:28:00+00:00,739.45,739.48,739.37,739.43,18236,after-market,False
2026-07-23T20:29:00+00:00,739.34,739.4,739.32,739.37,2702,after-market,False
2026-07-23T20:30:00+00:00,739.38,739.38,739.29,739.29,6425,after-market,False
2026-07-23T20:31:00+00:00,739.3,739.43,739.3,739.43,7738,after-market,False
2026-07-23T20:32:00+00:00,739.5,739.65,739.5,739.65,28198,after-market,False
2026-07-23T20:33:00+00:00,739.66,739.67,739.44,739.5,14016,after-market,False
2026-07-23T20:34:00+00:00,739.5,739.55,739.48,739.48,8021,after-market,False
2026-07-23T20:35:00+00:00,739.54,739.61,739.51,739.51,1266,after-market,False
2026-07-23T20:36:00+00:00,739.46,739.52,739.45,739.47,5897,after-market,False
2026-07-23T20:37:00+00:00,739.45,739.66,739.45,739.62,8355,after-market,False
2026-07-23T20:38:00+00:00,739.64,739.65,739.54,739.54,2535,after-market,False
2026-07-23T20:39:00+00:00,739.56,739.58,739.52,739.52,14277,after-market,False
2026-07-23T20:40:00+00:00,739.51,739.51,739.34,739.36,1026,after-market,False
2026-07-23T20:41:00+00:00,739.34,739.36,739.3,739.31,1617,after-market,False
2026-07-23T20:42:00+00:00,739.3,739.3,739.18,739.18,24730,after-market,False
2026-07-23T20:43:00+00:00,739.22,739.24,739.16,739.2,1215,after-market,False
2026-07-23T20:44:00+00:00,739.18,739.19,739.12,739.18,2038,after-market,False
2026-07-23T20:45:00+00:00,739.22,739.22,739.2,739.22,1045,after-market,False
2026-07-23T20:46:00+00:00,739.16,739.16,739.1,739.1,5865,after-market,False
2026-07-23T20:47:00+00:00,739.15,739.15,739.08,739.13,919,after-market,False
2026-07-23T20:48:00+00:00,739.12,739.12,739.09,739.09,2130,after-market,False
2026-07-23T20:49:00+00:00,739.11,739.17,739.1,739.17,3721,after-market,False
2026-07-23T20:50:00+00:00,739.11,739.16,739.11,739.16,2126,after-market,False
2026-07-23T20:51:00+00:00,739.13,739.16,739.13,739.16,122,after-market,False
2026-07-23T20:52:00+00:00,739.15,739.15,739.12,739.12,111,after-market,False
2026-07-23T20:53:00+00:00,739.17,739.21,739.17,739.21,285,after-market,False
2026-07-23T20:54:00+00:00,739.22,739.27,739.19,739.25,1099,after-market,False
2026-07-23T20:55:00+00:00,739.3,739.3,739.26,739.27,1405,after-market,False
2026-07-23T20:56:00+00:00,739.27,739.27,739.23,739.25,1160,after-market,False
2026-07-23T20:57:00+00:00,739.28,739.31,739.23,739.26,2203,after-market,False
2026-07-23T20:58:00+00:00,739.35,739.4,739.35,739.4,681,after-market,False
2026-07-23T20:59:00+00:00,739.3,739.37,739.3,739.37,184,after-market,False
2026-07-23T21:00:00+00:00,739.37,739.37,739.37,739.37,0,after-market,False
2026-07-23T21:01:00+00:00,739.31,739.37,739.3,739.37,170,after-market,False
2026-07-23T21:02:00+00:00,739.37,739.5,739.37,739.49,4305,after-market,False
2026-07-23T21:03:00+00:00,739.49,739.5,739.49,739.49,4548,after-market,False
2026-07-23T21:04:00+00:00,739.5,739.5,739.31,739.31,7364,after-market,False
2026-07-23T21:05:00+00:00,739.33,739.44,739.32,739.41,9083,after-market,False
2026-07-23T21:06:00+00:00,739.41,739.41,739.41,739.41,0,after-market,False
2026-07-23T21:07:00+00:00,739.41,739.42,739.17,739.17,2757,after-market,False
2026-07-23T21:08:00+00:00,739.14,739.16,739.14,739.15,321,after-market,False
2026-07-23T21:09:00+00:00,739.25,739.39,739.14,739.14,2303,after-market,False
2026-07-23T21:10:00+00:00,739.16,739.18,739.16,739.18,112,after-market,False
2026-07-23T21:11:00+00:00,739.34,739.34,739.25,739.25,983,after-market,False
2026-07-23T21:12:00+00:00,739.19,739.29,739.1,739.1,1077,after-market,False
2026-07-23T21:13:00+00:00,739.1,739.23,739.02,739.23,2005,after-market,False
2026-07-23T21:14:00+00:00,739.18,739.21,739.14,739.2,655,after-market,False
2026-07-23T21:15:00+00:00,739.2,739.2,739.02,739.02,2995,after-market,False
2026-07-23T21:16:00+00:00,739.02,739.14,739.02,739.14,210,after-market,False
2026-07-23T21:17:00+00:00,739.02,739.14,739.02,739.14,97,after-market,False
2026-07-23T21:18:00+00:00,739.05,739.1,738.92,739.09,2366,after-market,False
2026-07-23T21:19:00+00:00,739.01,739.17,738.95,738.97,3919,after-market,False
2026-07-23T21:20:00+00:00,739.0,739.0,739.0,739.0,1085,after-market,False
2026-07-23T21:21:00+00:00,739.0,739.15,739.0,739.01,856,after-market,False
2026-07-23T21:22:00+00:00,739.0,739.01,738.75,738.95,5759,after-market,False
2026-07-23T21:23:00+00:00,738.95,739.01,738.86,738.95,10401,after-market,False
2026-07-23T21:24:00+00:00,738.95,739.0,738.95,739.0,1331,after-market,False
2026-07-23T21:25:00+00:00,739.0,739.01,738.85,738.85,1333,after-market,False
2026-07-23T21:26:00+00:00,738.86,738.9,738.8,738.87,1840,after-market,False
2026-07-23T21:27:00+00:00,738.82,738.82,738.82,738.82,78,after-market,False
2026-07-23T21:28:00+00:00,738.85,738.86,738.85,738.85,659,after-market,False
2026-07-23T21:29:00+00:00,738.85,738.85,738.85,738.85,584,after-market,False
2026-07-23T21:30:00+00:00,738.88,738.95,738.85,738.95,659,after-market,False
2026-07-23T21:31:00+00:00,738.93,738.93,738.79,738.8,2471,after-market,False
2026-07-23T21:32:00+00:00,738.79,738.8,738.79,738.8,900,after-market,False
2026-07-23T21:33:00+00:00,738.76,738.76,738.69,738.7,1740,after-market,False
2026-07-23T21:34:00+00:00,738.71,738.75,738.71,738.75,500,after-market,False
2026-07-23T21:35:00+00:00,738.72,738.73,738.72,738.72,193,after-market,False
2026-07-23T21:36:00+00:00,738.72,738.72,738.72,738.72,0,after-market,False
2026-07-23T21:37:00+00:00,738.83,738.83,738.75,738.76,367,after-market,False
2026-07-23T21:38:00+00:00,738.72,738.76,738.7,738.76,584,after-market,False
2026-07-23T21:39:00+00:00,738.7,738.72,738.64,738.64,3030,after-market,False
2026-07-23T21:40:00+00:00,738.63,738.72,738.62,738.72,100,after-market,False
2026-07-23T21:41:00+00:00,738.62,738.66,738.62,738.65,626,after-market,False
2026-07-23T21:42:00+00:00,738.65,738.65,738.65,738.65,0,after-market,False
2026-07-23T21:43:00+00:00,738.72,738.72,738.72,738.72,43,after-market,False
2026-07-23T21:44:00+00:00,738.74,738.8,738.74,738.79,211,after-market,False
2026-07-23T21:45:00+00:00,738.74,738.81,738.74,738.81,3273,after-market,False
2026-07-23T21:46:00+00:00,738.89,738.95,738.89,738.95,740,after-market,False
2026-07-23T21:47:00+00:00,738.95,738.95,738.95,738.95,100,after-market,False
2026-07-23T21:48:00+00:00,738.95,738.95,738.95,738.95,0,after-market,False
2026-07-23T21:49:00+00:00,738.84,738.84,738.83,738.84,200,after-market,False
2026-07-23T21:50:00+00:00,738.83,738.83,738.83,738.83,50,after-market,False
2026-07-23T21:51:00+00:00,738.82,738.83,738.81,738.82,1498,after-market,False
2026-07-23T21:52:00+00:00,738.78,738.81,738.76,738.76,508,after-market,False
2026-07-23T21:53:00+00:00,738.75,738.83,738.75,738.75,3562,after-market,False
2026-07-23T21:54:00+00:00,738.76,738.78,738.76,738.78,815,after-market,False
2026-07-23T21:55:00+00:00,738.77,738.87,738.75,738.75,738,after-market,False
2026-07-23T21:56:00+00:00,738.75,738.86,738.75,738.86,794,after-market,False
2026-07-23T21:57:00+00:00,738.81,738.89,738.76,738.88,879,after-market,False
2026-07-23T21:58:00+00:00,738.96,738.96,738.93,738.96,952,after-market,False
2026-07-23T21:59:00+00:00,738.87,738.87,738.69,738.69,3440,after-market,False
2026-07-23T22:00:00+00:00,738.7,739.1,738.7,738.71,9679,after-market,False
2026-07-23T22:01:00+00:00,738.71,738.71,738.5,738.51,16781,after-market,False
2026-07-23T22:02:00+00:00,738.55,738.6,738.51,738.6,6864,after-market,False
2026-07-23T22:03:00+00:00,738.68,738.71,738.61,738.61,6776,after-market,False
2026-07-23T22:04:00+00:00,738.61,738.63,738.51,738.56,2062,after-market,False
2026-07-23T22:05:00+00:00,738.52,738.57,738.51,738.57,6640,after-market,False
2026-07-23T22:06:00+00:00,738.6,738.6,738.6,738.6,80,after-market,False
2026-07-23T22:07:00+00:00,738.63,738.63,738.59,738.63,278,after-market,False
2026-07-23T22:08:00+00:00,738.6,738.6,738.51,738.51,14972,after-market,False
2026-07-23T22:09:00+00:00,738.51,738.55,738.51,738.55,1332,after-market,False
2026-07-23T22:10:00+00:00,738.51,738.51,738.35,738.35,750,after-market,False
2026-07-23T22:11:00+00:00,738.33,738.37,738.28,738.34,7178,after-market,False
2026-07-23T22:12:00+00:00,738.32,738.37,738.28,738.28,965,after-market,False
2026-07-23T22:13:00+00:00,738.28,738.31,738.22,738.22,10836,after-market,False
2026-07-23T22:14:00+00:00,738.23,738.33,738.23,738.33,584,after-market,False
2026-07-23T22:15:00+00:00,738.42,738.42,738.42,738.42,55,after-market,False
2026-07-23T22:16:00+00:00,738.42,738.42,738.42,738.42,0,after-market,False
2026-07-23T22:17:00+00:00,738.39,738.39,738.36,738.36,2103,after-market,False
2026-07-23T22:18:00+00:00,738.36,738.37,738.35,738.35,4082,after-market,False
2026-07-23T22:19:00+00:00,738.28,738.29,738.28,738.29,3330,after-market,False
2026-07-23T22:20:00+00:00,738.33,738.37,738.32,738.32,2698,after-market,False
2026-07-23T22:21:00+00:00,738.4,738.49,738.4,738.48,459,after-market,False
2026-07-23T22:22:00+00:00,738.54,738.55,738.53,738.54,400,after-market,False
2026-07-23T22:23:00+00:00,738.6,738.75,738.6,738.75,2383,after-market,False
2026-07-23T22:24:00+00:00,738.81,738.89,738.81,738.88,6119,after-market,False
2026-07-23T22:25:00+00:00,738.78,738.78,738.73,738.74,1029,after-market,False
2026-07-23T22:26:00+00:00,738.7,738.71,738.69,738.71,860,after-market,False
2026-07-23T22:27:00+00:00,738.6,738.79,738.6,738.78,674,after-market,False
2026-07-23T22:28:00+00:00,738.7,738.78,738.69,738.75,2173,after-market,False
2026-07-23T22:29:00+00:00,738.7,738.71,738.6,738.6,777,after-market,False
2026-07-23T22:30:00+00:00,738.67,738.8,738.67,738.79,1156,after-market,False
2026-07-23T22:31:00+00:00,738.87,738.92,738.83,738.92,723,after-market,False
2026-07-23T22:32:00+00:00,738.87,738.9,738.8,738.81,1152,after-market,False
2026-07-23T22:33:00+00:00,738.82,738.83,738.76,738.76,310,after-market,False
2026-07-23T22:34:00+00:00,738.74,738.74,738.71,738.71,1099,after-market,False
2026-07-23T22:35:00+00:00,738.69,738.72,738.69,738.72,260,after-market,False
2026-07-23T22:36:00+00:00,738.72,738.72,738.72,738.72,0,after-market,False
2026-07-23T22:37:00+00:00,738.61,738.62,738.58,738.62,306,after-market,False
2026-07-23T22:38:00+00:00,738.62,738.62,738.62,738.62,0,after-market,False
2026-07-23T22:39:00+00:00,738.7,738.7,738.7,738.7,65,after-market,False
2026-07-23T22:40:00+00:00,738.66,738.67,738.66,738.66,100,after-market,False
2026-07-23T22:41:00+00:00,738.58,738.58,738.58,738.58,126,after-market,False
2026-07-23T22:42:00+00:00,738.61,738.61,738.6,738.6,151,after-market,False
2026-07-23T22:43:00+00:00,738.7,738.7,738.7,738.7,500,after-market,False
2026-07-23T22:44:00+00:00,738.75,738.75,738.75,738.75,609,after-market,False
2026-07-23T22:45:00+00:00,738.76,738.77,738.74,738.74,230,after-market,False
2026-07-23T22:46:00+00:00,738.79,738.97,738.79,738.9,334,after-market,False
2026-07-23T22:47:00+00:00,738.8,738.87,738.8,738.87,255,after-market,False
2026-07-23T22:48:00+00:00,738.88,738.94,738.88,738.93,150,after-market,False
2026-07-23T22:49:00+00:00,738.92,738.92,738.9,738.9,500,after-market,False
2026-07-23T22:50:00+00:00,738.85,738.85,738.85,738.85,100,after-market,False
2026-07-23T22:51:00+00:00,738.95,738.95,738.95,738.95,100,after-market,False
2026-07-23T22:52:00+00:00,738.95,738.95,738.95,738.95,0,after-market,False
2026-07-23T22:53:00+00:00,738.95,738.95,738.95,738.95,0,after-market,False
2026-07-23T22:54:00+00:00,738.97,738.97,738.97,738.97,72,after-market,False
2026-07-23T22:55:00+00:00,739.0,739.09,739.0,739.09,760,after-market,False
2026-07-23T22:56:00+00:00,739.09,739.09,739.09,739.09,40,after-market,False
2026-07-23T22:57:00+00:00,739.09,739.09,739.09,739.09,0,after-market,False
2026-07-23T22:58:00+00:00,739.11,739.19,739.11,739.19,1682,after-market,False
2026-07-23T22:59:00+00:00,739.19,739.27,739.19,739.26,466,after-market,False
2026-07-23T23:00:00+00:00,739.19,739.25,739.19,739.25,399,after-market,False
2026-07-23T23:01:00+00:00,739.23,739.23,739.19,739.19,308,after-market,False
2026-07-23T23:02:00+00:00,739.2,739.2,739.2,739.2,80,after-market,False
2026-07-23T23:03:00+00:00,739.1,739.1,738.94,738.94,675,after-market,False
2026-07-23T23:04:00+00:00,738.96,738.96,738.84,738.84,856,after-market,False
2026-07-23T23:05:00+00:00,738.87,738.93,738.85,738.93,1149,after-market,False
2026-07-23T23:06:00+00:00,738.91,738.91,738.85,738.85,550,after-market,False
2026-07-23T23:07:00+00:00,738.79,738.8,738.79,738.79,49,after-market,False
2026-07-23T23:08:00+00:00,738.78,738.78,738.78,738.78,52,after-market,False
2026-07-23T23:09:00+00:00,738.78,738.78,738.78,738.78,0,after-market,False
2026-07-23T23:10:00+00:00,738.78,738.78,738.78,738.78,0,after-market,False
2026-07-23T23:11:00+00:00,738.84,738.84,738.84,738.84,80,after-market,False
2026-07-23T23:12:00+00:00,738.71,738.77,738.71,738.77,565,after-market,False
2026-07-23T23:13:00+00:00,738.77,738.77,738.77,738.77,100,after-market,False
2026-07-23T23:14:00+00:00,738.75,738.75,738.75,738.75,70,after-market,False
2026-07-23T23:15:00+00:00,738.75,738.75,738.75,738.75,0,after-market,False
2026-07-23T23:16:00+00:00,738.84,738.9,738.84,738.9,600,after-market,False
2026-07-23T23:17:00+00:00,738.9,738.9,738.9,738.9,0,after-market,False
2026-07-23T23:18:00+00:00,738.9,738.9,738.9,738.9,0,after-market,False
2026-07-23T23:19:00+00:00,738.75,738.77,738.75,738.77,210,after-market,False
2026-07-23T23:20:00+00:00,738.77,738.77,738.77,738.77,0,after-market,False
2026-07-23T23:21:00+00:00,738.77,738.77,738.77,738.77,0,after-market,False
2026-07-23T23:22:00+00:00,738.82,738.82,738.82,738.82,80,after-market,False
2026-07-23T23:23:00+00:00,738.78,738.78,738.78,738.78,200,after-market,False
2026-07-23T23:24:00+00:00,738.89,738.89,738.88,738.88,100,after-market,False
2026-07-23T23:25:00+00:00,738.87,738.87,738.87,738.87,80,after-market,False
2026-07-23T23:26:00+00:00,738.86,738.86,738.85,738.85,406,after-market,False
2026-07-23T23:27:00+00:00,738.8,738.84,738.8,738.84,1438,after-market,False
2026-07-23T23:28:00+00:00,738.81,738.88,738.81,738.87,191,after-market,False
2026-07-23T23:29:00+00:00,738.9,738.97,738.83,738.88,782,after-market,False
2026-07-23T23:30:00+00:00,738.82,738.88,738.82,738.88,194,after-market,False
2026-07-23T23:31:00+00:00,738.8,738.8,738.68,738.7,294,after-market,False
2026-07-23T23:32:00+00:00,738.7,738.73,738.7,738.72,104,after-market,False
2026-07-23T23:33:00+00:00,738.73,738.77,738.73,738.77,104,after-market,False
2026-07-23T23:34:00+00:00,738.85,738.86,738.85,738.85,40,after-market,False
2026-07-23T23:35:00+00:00,738.88,738.92,738.88,738.92,530,after-market,False
2026-07-23T23:36:00+00:00,738.92,738.92,738.92,738.92,0,after-market,False
2026-07-23T23:37:00+00:00,738.76,738.76,738.73,738.73,396,after-market,False
2026-07-23T23:38:00+00:00,738.73,738.73,738.71,738.71,207,after-market,False
2026-07-23T23:39:00+00:00,738.68,738.68,738.61,738.66,680,after-market,False
2026-07-23T23:40:00+00:00,738.57,738.57,738.35,738.44,2913,after-market,False
2026-07-23T23:41:00+00:00,738.45,738.74,738.45,738.64,340,after-market,False
2026-07-23T23:42:00+00:00,738.79,738.8,738.79,738.79,632,after-market,False
2026-07-23T23:43:00+00:00,738.77,738.77,738.62,738.73,486,after-market,False
2026-07-23T23:44:00+00:00,738.7,738.7,738.7,738.7,50,after-market,False
2026-07-23T23:45:00+00:00,738.75,739.08,738.74,738.99,1157,after-market,False
2026-07-23T23:46:00+00:00,738.99,738.99,738.99,738.99,0,after-market,False
2026-07-23T23:47:00+00:00,738.99,738.99,738.99,738.99,0,after-market,False
2026-07-23T23:48:00+00:00,738.7,738.8,738.7,738.8,206,after-market,False
2026-07-23T23:49:00+00:00,738.8,738.8,738.8,738.8,0,after-market,False
2026-07-23T23:50:00+00:00,738.74,738.78,738.74,738.77,408,after-market,False
2026-07-23T23:51:00+00:00,738.77,738.77,738.77,738.77,0,after-market,False
2026-07-23T23:52:00+00:00,738.61,738.61,738.61,738.61,120,after-market,False
2026-07-23T23:53:00+00:00,738.61,738.61,738.52,738.52,560,after-market,False
2026-07-23T23:54:00+00:00,738.52,738.58,738.44,738.44,1834,after-market,False
2026-07-23T23:55:00+00:00,738.49,738.49,738.49,738.49,50,after-market,False
2026-07-23T23:56:00+00:00,738.65,738.65,738.55,738.55,330,after-market,False
2026-07-23T23:57:00+00:00,738.59,738.69,738.59,738.69,230,after-market,False
2026-07-23T23:58:00+00:00,738.85,738.92,738.85,738.92,518,after-market,False
2026-07-23T23:59:00+00:00,738.85,738.85,738.75,738.79,1198,after-market,False
2026-07-24T08:00:00+00:00,739.84,740.12,737.72,739.65,5052,pre-market,False
2026-07-24T08:01:00+00:00,737.82,740.19,737.68,738.72,15085,pre-market,False
2026-07-24T08:02:00+00:00,739.36,740.47,739.36,739.81,5479,pre-market,False
2026-07-24T08:03:00+00:00,739.51,739.55,739.41,739.55,1154,pre-market,False
2026-07-24T08:04:00+00:00,739.57,739.6,739.49,739.49,2898,pre-market,False
2026-07-24T08:05:00+00:00,739.46,739.46,739.16,739.28,1492,pre-market,False
2026-07-24T08:06:00+00:00,739.22,739.3,737.81,739.3,724,pre-market,False
2026-07-24T08:07:00+00:00,739.23,739.27,739.2,739.2,1881,pre-market,False
2026-07-24T08:08:00+00:00,739.26,739.35,739.26,739.33,1124,pre-market,False
2026-07-24T08:09:00+00:00,739.31,739.41,739.31,739.41,160,pre-market,False
2026-07-24T08:10:00+00:00,739.45,739.45,739.45,739.45,65,pre-market,False
2026-07-24T08:11:00+00:00,739.24,739.24,739.18,739.22,2232,pre-market,False
2026-07-24T08:12:00+00:00,739.13,739.15,739.08,739.15,1191,pre-market,False
2026-07-24T08:13:00+00:00,739.14,739.24,739.14,739.19,1876,pre-market,False
2026-07-24T08:14:00+00:00,739.21,739.43,739.21,739.33,721,pre-market,False
2026-07-24T08:15:00+00:00,739.32,739.33,739.27,739.3,270,pre-market,False
2026-07-24T08:16:00+00:00,739.39,739.55,739.39,739.55,2035,pre-market,False
2026-07-24T08:17:00+00:00,739.63,739.65,739.52,739.52,247,pre-market,False
2026-07-24T08:18:00+00:00,739.39,739.39,739.39,739.39,46,pre-market,False
2026-07-24T08:19:00+00:00,739.39,739.39,739.39,739.39,0,pre-market,False
2026-07-24T08:20:00+00:00,739.52,739.52,739.52,739.52,110,pre-market,False
2026-07-24T08:21:00+00:00,739.65,739.65,739.39,739.39,391,pre-market,False
2026-07-24T08:22:00+00:00,739.54,739.58,739.54,739.55,540,pre-market,False
2026-07-24T08:23:00+00:00,739.55,739.55,739.55,739.55,0,pre-market,False
2026-07-24T08:24:00+00:00,739.43,739.43,739.43,739.43,90,pre-market,False
2026-07-24T08:25:00+00:00,739.42,739.42,739.42,739.42,40,pre-market,False
2026-07-24T08:26:00+00:00,739.55,739.55,739.55,739.55,79,pre-market,False
2026-07-24T08:27:00+00:00,739.61,739.61,739.61,739.61,55,pre-market,False
2026-07-24T08:28:00+00:00,739.69,739.69,739.69,739.69,226,pre-market,False
2026-07-24T08:29:00+00:00,739.73,740.01,739.73,740.01,520,pre-market,False
2026-07-24T08:30:00+00:00,739.98,740.08,739.95,740.06,3186,pre-market,False
2026-07-24T08:31:00+00:00,739.94,740.2,739.94,740.15,586,pre-market,False
2026-07-24T08:32:00+00:00,740.11,740.26,740.11,740.26,302,pre-market,False
2026-07-24T08:33:00+00:00,740.24,740.29,740.22,740.25,567,pre-market,False
2026-07-24T08:34:00+00:00,740.24,740.25,740.2,740.2,270,pre-market,False
2026-07-24T08:35:00+00:00,740.15,740.15,740.15,740.15,57,pre-market,False
2026-07-24T08:36:00+00:00,740.03,740.03,740.03,740.03,80,pre-market,False
2026-07-24T08:37:00+00:00,740.31,740.33,740.28,740.28,299,pre-market,False
2026-07-24T08:38:00+00:00,740.16,740.19,740.16,740.19,107,pre-market,False
2026-07-24T08:39:00+00:00,740.18,740.23,740.18,740.21,120,pre-market,False
2026-07-24T08:40:00+00:00,740.15,740.15,740.07,740.07,840,pre-market,False
2026-07-24T08:41:00+00:00,740.04,740.09,740.02,740.07,364,pre-market,False
2026-07-24T08:42:00+00:00,740.05,740.05,740.01,740.02,250,pre-market,False
2026-07-24T08:43:00+00:00,739.95,739.95,739.95,739.95,97,pre-market,False
2026-07-24T08:44:00+00:00,739.99,739.99,739.99,739.99,61,pre-market,False
2026-07-24T08:45:00+00:00,740.03,740.06,740.03,740.05,180,pre-market,False
2026-07-24T08:46:00+00:00,740.05,740.05,740.04,740.04,80,pre-market,False
2026-07-24T08:47:00+00:00,739.93,739.93,739.92,739.92,140,pre-market,False
2026-07-24T08:48:00+00:00,739.77,739.77,739.77,739.77,80,pre-market,False
2026-07-24T08:49:00+00:00,739.77,739.77,739.77,739.77,0,pre-market,False
2026-07-24T08:50:00+00:00,739.93,739.98,739.93,739.96,265,pre-market,False
2026-07-24T08:51:00+00:00,739.87,739.92,739.87,739.92,489,pre-market,False
2026-07-24T08:52:00+00:00,739.88,739.88,739.85,739.85,149,pre-market,False
2026-07-24T08:53:00+00:00,739.9,739.92,739.9,739.92,287,pre-market,False
2026-07-24T08:54:00+00:00,739.92,739.92,739.92,739.92,0,pre-market,False
2026-07-24T08:55:00+00:00,739.99,739.99,739.95,739.96,456,pre-market,False
2026-07-24T08:56:00+00:00,739.94,739.94,739.86,739.86,187,pre-market,False
2026-07-24T08:57:00+00:00,739.87,739.87,739.84,739.86,174,pre-market,False
2026-07-24T08:58:00+00:00,739.86,739.86,739.86,739.86,0,pre-market,False
2026-07-24T08:59:00+00:00,739.92,739.92,739.9,739.9,160,pre-market,False
2026-07-24T09:00:00+00:00,739.9,739.9,739.82,739.82,90,pre-market,False
2026-07-24T09:01:00+00:00,739.82,739.82,739.82,739.82,300,pre-market,False
2026-07-24T09:02:00+00:00,739.97,740.05,739.97,740.05,220,pre-market,False
2026-07-24T09:03:00+00:00,740.05,740.05,739.95,739.95,225,pre-market,False
2026-07-24T09:04:00+00:00,739.9,739.9,739.85,739.87,309,pre-market,False
2026-07-24T09:05:00+00:00,739.87,739.87,739.87,739.87,42,pre-market,False
2026-07-24T09:06:00+00:00,739.87,739.87,739.87,739.87,0,pre-market,False
2026-07-24T09:07:00+00:00,740.21,740.25,740.2,740.25,385,pre-market,False
2026-07-24T09:08:00+00:00,740.25,740.26,740.23,740.25,196,pre-market,False
2026-07-24T09:09:00+00:00,740.35,740.64,740.35,740.64,758,pre-market,False
2026-07-24T09:10:00+00:00,740.62,740.62,740.59,740.59,140,pre-market,False
2026-07-24T09:11:00+00:00,740.55,740.55,740.45,740.45,173,pre-market,False
2026-07-24T09:12:00+00:00,740.4,740.4,740.15,740.16,895,pre-market,False
2026-07-24T09:13:00+00:00,740.2,740.2,740.19,740.19,240,pre-market,False
2026-07-24T09:14:00+00:00,740.1,740.1,740.08,740.08,109,pre-market,False
2026-07-24T09:15:00+00:00,740.05,740.05,740.0,740.0,127,pre-market,False
2026-07-24T09:16:00+00:00,740.0,740.0,740.0,740.0,300,pre-market,False
2026-07-24T09:17:00+00:00,740.22,740.22,740.22,740.22,769,pre-market,False
2026-07-24T09:18:00+00:00,740.11,740.11,740.11,740.11,100,pre-market,False
2026-07-24T09:19:00+00:00,740.05,740.26,740.05,740.25,840,pre-market,False
2026-07-24T09:20:00+00:00,740.26,740.26,740.16,740.25,321,pre-market,False
2026-07-24T09:21:00+00:00,740.43,740.43,740.43,740.43,106,pre-market,False
2026-07-24T09:22:00+00:00,740.41,740.41,740.34,740.34,382,pre-market,False
2026-07-24T09:23:00+00:00,740.34,740.34,740.34,740.34,0,pre-market,False
2026-07-24T09:24:00+00:00,740.49,740.5,740.49,740.5,390,pre-market,False
2026-07-24T09:25:00+00:00,740.56,740.56,740.56,740.56,40,pre-market,False
2026-07-24T09:26:00+00:00,740.63,740.63,740.63,740.63,191,pre-market,False
2026-07-24T09:27:00+00:00,740.48,740.48,740.43,740.45,799,pre-market,False
2026-07-24T09:28:00+00:00,740.45,740.45,740.45,740.45,0,pre-market,False
2026-07-24T09:29:00+00:00,740.54,740.62,740.48,740.5,200,pre-market,False
2026-07-24T09:30:00+00:00,740.54,740.55,740.37,740.37,249,pre-market,False
2026-07-24T09:31:00+00:00,740.37,740.37,740.37,740.37,0,pre-market,False
2026-07-24T09:32:00+00:00,740.37,740.37,740.37,740.37,0,pre-market,False
2026-07-24T09:33:00+00:00,740.64,740.7,740.6,740.6,285,pre-market,False
2026-07-24T09:34:00+00:00,740.63,740.67,740.63,740.67,120,pre-market,False
2026-07-24T09:35:00+00:00,740.71,740.71,740.61,740.61,334,pre-market,False
2026-07-24T09:36:00+00:00,740.71,740.71,740.66,740.71,179,pre-market,False
2026-07-24T09:37:00+00:00,740.71,740.71,740.71,740.71,0,pre-market,False
2026-07-24T09:38:00+00:00,740.73,740.75,740.64,740.64,477,pre-market,False
2026-07-24T09:39:00+00:00,740.6,740.75,740.6,740.72,2296,pre-market,False
2026-07-24T09:40:00+00:00,740.74,740.77,740.69,740.69,1791,pre-market,False
2026-07-24T09:41:00+00:00,740.73,740.74,740.71,740.72,476,pre-market,False
2026-07-24T09:42:00+00:00,740.74,740.76,740.74,740.76,80,pre-market,False
2026-07-24T09:43:00+00:00,740.79,740.82,740.79,740.82,134,pre-market,False
2026-07-24T09:44:00+00:00,740.82,740.84,740.78,740.8,1130,pre-market,False
2026-07-24T09:45:00+00:00,740.76,740.79,740.75,740.75,310,pre-market,False
2026-07-24T09:46:00+00:00,740.74,740.74,740.74,740.74,372,pre-market,False
2026-07-24T09:47:00+00:00,740.78,740.8,740.78,740.8,524,pre-market,False
2026-07-24T09:48:00+00:00,740.72,740.72,740.72,740.72,80,pre-market,False
2026-07-24T09:49:00+00:00,740.67,740.67,740.63,740.63,320,pre-market,False
2026-07-24T09:50:00+00:00,740.63,740.63,740.63,740.63,0,pre-market,False
2026-07-24T09:51:00+00:00,740.64,740.64,740.64,740.64,50,pre-market,False
2026-07-24T09:52:00+00:00,740.59,740.59,740.59,740.59,40,pre-market,False
2026-07-24T09:53:00+00:00,740.58,740.58,740.55,740.57,519,pre-market,False
2026-07-24T09:54:00+00:00,740.59,740.6,740.59,740.6,285,pre-market,False
2026-07-24T09:55:00+00:00,740.55,740.56,740.55,740.56,246,pre-market,False
2026-07-24T09:56:00+00:00,740.66,740.66,740.66,740.66,40,pre-market,False
2026-07-24T09:57:00+00:00,740.69,740.72,740.69,740.72,278,pre-market,False
2026-07-24T09:58:00+00:00,740.74,740.74,740.74,740.74,61,pre-market,False
2026-07-24T09:59:00+00:00,740.74,740.8,740.63,740.8,912,pre-market,False
2026-07-24T10:00:00+00:00,740.69,740.69,740.69,740.69,49,pre-market,False
2026-07-24T10:01:00+00:00,740.79,740.79,740.67,740.67,624,pre-market,False
2026-07-24T10:02:00+00:00,740.71,740.72,740.71,740.72,972,pre-market,False
2026-07-24T10:03:00+00:00,740.7,740.7,740.57,740.57,180,pre-market,False
2026-07-24T10:04:00+00:00,740.57,740.57,740.57,740.57,0,pre-market,False
2026-07-24T10:05:00+00:00,740.44,740.47,740.44,740.47,354,pre-market,False
2026-07-24T10:06:00+00:00,740.59,740.59,740.59,740.59,51,pre-market,False
2026-07-24T10:07:00+00:00,740.49,740.49,740.4,740.4,145,pre-market,False
2026-07-24T10:08:00+00:00,740.28,740.33,740.23,740.23,1060,pre-market,False
2026-07-24T10:09:00+00:00,740.29,740.3,740.29,740.3,392,pre-market,False
2026-07-24T10:10:00+00:00,740.3,740.3,740.3,740.3,0,pre-market,False
2026-07-24T10:11:00+00:00,740.3,740.3,740.3,740.3,499,pre-market,False
2026-07-24T10:12:00+00:00,740.22,740.23,740.22,740.23,600,pre-market,False
2026-07-24T10:13:00+00:00,740.29,740.3,740.29,740.3,166,pre-market,False
2026-07-24T10:14:00+00:00,740.2,740.32,740.2,740.29,185,pre-market,False
2026-07-24T10:15:00+00:00,740.31,740.31,740.29,740.3,240,pre-market,False
2026-07-24T10:16:00+00:00,740.2,740.22,740.18,740.22,485,pre-market,False
2026-07-24T10:17:00+00:00,740.28,740.28,740.27,740.27,107,pre-market,False
2026-07-24T10:18:00+00:00,740.27,740.27,740.27,740.27,0,pre-market,False
2026-07-24T10:19:00+00:00,740.29,740.3,740.29,740.3,700,pre-market,False
2026-07-24T10:20:00+00:00,740.29,740.29,740.25,740.25,206,pre-market,False
2026-07-24T10:21:00+00:00,740.29,740.29,740.27,740.29,467,pre-market,False
2026-07-24T10:22:00+00:00,740.32,740.32,740.32,740.32,100,pre-market,False
2026-07-24T10:23:00+00:00,740.29,740.29,740.29,740.29,60,pre-market,False
2026-07-24T10:24:00+00:00,740.29,740.39,740.26,740.39,1210,pre-market,False
2026-07-24T10:25:00+00:00,740.31,740.32,740.18,740.18,10555,pre-market,False
2026-07-24T10:26:00+00:00,740.12,740.21,740.12,740.17,2202,pre-market,False
2026-07-24T10:27:00+00:00,740.32,740.37,740.3,740.37,5201,pre-market,False
2026-07-24T10:28:00+00:00,740.4,740.4,740.4,740.4,591,pre-market,False
2026-07-24T10:29:00+00:00,740.41,740.41,740.37,740.37,598,pre-market,False
2026-07-24T10:30:00+00:00,740.37,740.37,740.37,740.37,0,pre-market,False
2026-07-24T10:31:00+00:00,740.37,740.37,740.37,740.37,0,pre-market,False
2026-07-24T10:32:00+00:00,740.37,740.37,740.37,740.37,0,pre-market,False
2026-07-24T10:33:00+00:00,740.49,740.58,740.49,740.53,180,pre-market,False
2026-07-24T10:34:00+00:00,740.44,740.44,740.44,740.44,160,pre-market,False
2026-07-24T10:35:00+00:00,740.12,740.16,740.11,740.16,506,pre-market,False
2026-07-24T10:36:00+00:00,740.19,740.2,740.19,740.19,100,pre-market,False
2026-07-24T10:37:00+00:00,740.16,740.16,740.16,740.16,100,pre-market,False
2026-07-24T10:38:00+00:00,740.14,740.14,740.05,740.05,2727,pre-market,False
2026-07-24T10:39:00+00:00,740.07,740.11,740.07,740.11,192,pre-market,False
2026-07-24T10:40:00+00:00,740.06,740.06,740.06,740.06,67,pre-market,False
2026-07-24T10:41:00+00:00,740.07,740.21,740.07,740.17,985,pre-market,False
2026-07-24T10:42:00+00:00,740.17,740.17,740.17,740.17,0,pre-market,False
2026-07-24T10:43:00+00:00,740.14,740.15,740.13,740.13,1226,pre-market,False
2026-07-24T10:44:00+00:00,740.16,740.16,740.14,740.14,107,pre-market,False
2026-07-24T10:45:00+00:00,740.23,740.23,740.2,740.2,354,pre-market,False
2026-07-24T10:46:00+00:00,740.18,740.2,740.15,740.16,342,pre-market,False
2026-07-24T10:47:00+00:00,740.14,740.17,740.14,740.17,119,pre-market,False
2026-07-24T10:48:00+00:00,740.15,740.27,740.15,740.27,599,pre-market,False
2026-07-24T10:49:00+00:00,740.28,740.28,740.22,740.22,147,pre-market,False
2026-07-24T10:50:00+00:00,740.22,740.22,740.22,740.22,0,pre-market,False
2026-07-24T10:51:00+00:00,740.05,740.05,740.05,740.05,67,pre-market,False
2026-07-24T10:52:00+00:00,740.01,740.04,740.01,740.04,201,pre-market,False
2026-07-24T10:53:00+00:00,740.0,740.0,740.0,740.0,130,pre-market,False
2026-07-24T10:54:00+00:00,740.03,740.04,739.98,739.98,613,pre-market,False
2026-07-24T10:55:00+00:00,740.12,740.14,740.12,740.14,486,pre-market,False
2026-07-24T10:56:00+00:00,740.15,740.15,740.09,740.09,140,pre-market,False
2026-07-24T10:57:00+00:00,740.12,740.12,740.12,740.12,100,pre-market,False
2026-07-24T10:58:00+00:00,740.16,740.17,740.16,740.16,50,pre-market,False
2026-07-24T10:59:00+00:00,740.16,740.16,740.16,740.16,0,pre-market,False
2026-07-24T11:00:00+00:00,740.03,740.1,740.02,740.05,625,pre-market,False
2026-07-24T11:01:00+00:00,740.01,740.22,740.01,740.21,1335,pre-market,False
2026-07-24T11:02:00+00:00,740.18,740.18,740.18,740.18,375,pre-market,False
2026-07-24T11:03:00+00:00,740.23,740.35,740.23,740.34,285,pre-market,False
2026-07-24T11:04:00+00:00,740.36,740.4,740.32,740.33,587,pre-market,False
2026-07-24T11:05:00+00:00,740.27,740.35,740.27,740.29,2550,pre-market,False
2026-07-24T11:06:00+00:00,740.29,740.29,740.29,740.29,0,pre-market,False
2026-07-24T11:07:00+00:00,740.38,740.38,740.35,740.35,115,pre-market,False
2026-07-24T11:08:00+00:00,740.36,740.36,740.22,740.22,728,pre-market,False
2026-07-24T11:09:00+00:00,740.14,740.17,740.11,740.16,673,pre-market,False
2026-07-24T11:10:00+00:00,740.16,740.16,740.16,740.16,0,pre-market,False
2026-07-24T11:11:00+00:00,740.13,740.18,740.13,740.17,150,pre-market,False
2026-07-24T11:12:00+00:00,740.26,740.26,740.26,740.26,97,pre-market,False
2026-07-24T11:13:00+00:00,740.2,740.21,740.2,740.21,130,pre-market,False
2026-07-24T11:14:00+00:00,740.26,740.26,740.25,740.26,300,pre-market,False
2026-07-24T11:15:00+00:00,740.23,740.26,740.21,740.24,2302,pre-market,False
2026-07-24T11:16:00+00:00,740.19,740.27,740.19,740.27,354,pre-market,False
2026-07-24T11:17:00+00:00,740.28,740.34,740.28,740.34,250,pre-market,False
2026-07-24T11:18:00+00:00,740.31,740.32,740.24,740.24,450,pre-market,False
2026-07-24T11:19:00+00:00,740.3,740.3,740.24,740.26,518,pre-market,False
2026-07-24T11:20:00+00:00,740.24,740.32,740.23,740.32,403,pre-market,False
2026-07-24T11:21:00+00:00,740.25,740.25,740.09,740.09,690,pre-market,False
2026-07-24T11:22:00+00:00,740.04,740.04,740.04,740.04,80,pre-market,False
2026-07-24T11:23:00+00:00,740.1,740.17,740.1,740.17,400,pre-market,False
2026-07-24T11:24:00+00:00,740.22,740.28,740.22,740.24,1846,pre-market,False
2026-07-24T11:25:00+00:00,740.22,740.22,740.22,740.22,200,pre-market,False
2026-07-24T11:26:00+00:00,740.15,740.16,740.15,740.15,100,pre-market,False
2026-07-24T11:27:00+00:00,740.15,740.15,740.15,740.15,0,pre-market,False
2026-07-24T11:28:00+00:00,740.04,740.05,740.04,740.04,100,pre-market,False
2026-07-24T11:29:00+00:00,740.05,740.09,740.01,740.09,6462,pre-market,False
2026-07-24T11:30:00+00:00,740.07,740.09,740.02,740.02,333,pre-market,False
2026-07-24T11:31:00+00:00,740.0,740.01,739.95,739.95,800,pre-market,False
2026-07-24T11:32:00+00:00,739.89,739.89,739.86,739.88,10058,pre-market,False
2026-07-24T11:33:00+00:00,739.86,739.9,739.86,739.86,730,pre-market,False
2026-07-24T11:34:00+00:00,739.86,739.89,739.83,739.89,1658,pre-market,False
2026-07-24T11:35:00+00:00,739.83,739.83,739.75,739.77,11351,pre-market,False
2026-07-24T11:36:00+00:00,739.76,740.17,739.76,740.17,2877,pre-market,False
2026-07-24T11:37:00+00:00,740.12,740.12,740.01,740.04,598,pre-market,False
2026-07-24T11:38:00+00:00,740.02,740.02,739.95,739.96,2486,pre-market,False
2026-07-24T11:39:00+00:00,739.96,739.96,739.96,739.96,0,pre-market,False
2026-07-24T11:40:00+00:00,739.76,739.79,739.73,739.73,757,pre-market,False
2026-07-24T11:41:00+00:00,739.76,739.77,739.76,739.77,190,pre-market,False
2026-07-24T11:42:00+00:00,739.82,739.82,739.72,739.72,567,pre-market,False
2026-07-24T11:43:00+00:00,739.8,739.87,739.74,739.74,9821,pre-market,False
2026-07-24T11:44:00+00:00,739.76,739.83,739.7,739.7,1703,pre-market,False
2026-07-24T11:45:00+00:00,739.76,739.86,739.76,739.86,219,pre-market,False
2026-07-24T11:46:00+00:00,739.7,739.72,739.69,739.7,2000,pre-market,False
2026-07-24T11:47:00+00:00,739.68,739.68,739.6,739.6,284,pre-market,False
2026-07-24T11:48:00+00:00,739.61,739.61,739.56,739.59,942,pre-market,False
2026-07-24T11:49:00+00:00,739.54,739.76,739.52,739.76,2648,pre-market,False
2026-07-24T11:50:00+00:00,739.74,739.77,739.71,739.71,634,pre-market,False
2026-07-24T11:51:00+00:00,739.74,739.95,739.74,739.92,978,pre-market,False
2026-07-24T11:52:00+00:00,739.94,739.97,739.91,739.97,991,pre-market,False
2026-07-24T11:53:00+00:00,739.96,739.96,739.78,739.81,1695,pre-market,False
2026-07-24T11:54:00+00:00,739.75,739.85,739.74,739.85,120,pre-market,False
2026-07-24T11:55:00+00:00,739.73,739.73,739.57,739.59,662,pre-market,False
2026-07-24T11:56:00+00:00,739.59,739.6,739.5,739.5,1785,pre-market,False
2026-07-24T11:57:00+00:00,739.57,739.59,739.57,739.58,1482,pre-market,False
2026-07-24T11:58:00+00:00,739.57,740.5,739.57,740.5,12606,pre-market,False
2026-07-24T11:59:00+00:00,740.6,740.94,740.59,740.63,11451,pre-market,False
2026-07-24T12:00:00+00:00,740.7,740.7,740.34,740.43,2150,pre-market,False
2026-07-24T12:01:00+00:00,740.33,740.33,740.33,740.33,40,pre-market,False
2026-07-24T12:02:00+00:00,740.09,740.16,740.0,740.0,1420,pre-market,False
2026-07-24T12:03:00+00:00,740.1,740.16,740.1,740.15,5034,pre-market,False
2026-07-24T12:04:00+00:00,740.15,740.15,740.15,740.15,0,pre-market,False
2026-07-24T12:05:00+00:00,740.11,740.11,739.95,739.99,415,pre-market,False
2026-07-24T12:06:00+00:00,740.16,740.16,740.15,740.16,1706,pre-market,False
2026-07-24T12:07:00+00:00,740.16,740.16,740.16,740.16,0,pre-market,False
2026-07-24T12:08:00+00:00,740.3,740.3,740.25,740.25,3244,pre-market,False
2026-07-24T12:09:00+00:00,740.32,740.59,740.32,740.54,3112,pre-market,False
2026-07-24T12:10:00+00:00,740.47,740.48,740.39,740.43,387,pre-market,False
2026-07-24T12:11:00+00:00,740.49,740.57,740.49,740.57,605,pre-market,False
2026-07-24T12:12:00+00:00,740.51,740.64,740.51,740.62,2942,pre-market,False
2026-07-24T12:13:00+00:00,740.55,740.6,740.47,740.47,487,pre-market,False
2026-07-24T12:14:00+00:00,740.58,740.87,740.57,740.81,3408,pre-market,False
2026-07-24T12:15:00+00:00,740.74,740.77,740.74,740.77,861,pre-market,False
2026-07-24T12:16:00+00:00,740.77,740.83,740.77,740.79,398,pre-market,False
2026-07-24T12:17:00+00:00,740.77,740.88,740.77,740.78,566,pre-market,False
2026-07-24T12:18:00+00:00,740.81,740.87,740.72,740.86,11375,pre-market,False
2026-07-24T12:19:00+00:00,740.84,740.84,740.54,740.6,10217,pre-market,False
2026-07-24T12:20:00+00:00,740.51,740.51,740.42,740.45,1280,pre-market,False
2026-07-24T12:21:00+00:00,740.43,740.45,740.42,740.45,318,pre-market,False
2026-07-24T12:22:00+00:00,740.54,740.58,740.52,740.57,1327,pre-market,False
2026-07-24T12:23:00+00:00,740.56,740.56,740.54,740.54,2045,pre-market,False
2026-07-24T12:24:00+00:00,740.52,740.82,740.51,740.75,2640,pre-market,False
2026-07-24T12:25:00+00:00,740.72,740.73,740.2,740.57,9518,pre-market,False
2026-07-24T12:26:00+00:00,740.65,740.79,740.65,740.7,869,pre-market,False
2026-07-24T12:27:00+00:00,740.61,740.74,740.61,740.72,1015,pre-market,False
2026-07-24T12:28:00+00:00,740.64,740.76,740.63,740.76,400,pre-market,False
2026-07-24T12:29:00+00:00,740.69,740.72,740.69,740.72,450,pre-market,False
2026-07-24T12:30:00+00:00,740.58,740.58,740.45,740.57,1049,pre-market,False
2026-07-24T12:31:00+00:00,740.58,740.58,740.51,740.51,240,pre-market,False
2026-07-24T12:32:00+00:00,740.56,741.02,740.47,740.6,22168,pre-market,False
2026-07-24T12:33:00+00:00,740.58,740.58,740.47,740.47,140,pre-market,False
2026-07-24T12:34:00+00:00,740.46,740.46,740.1,740.1,1291,pre-market,False
2026-07-24T12:35:00+00:00,740.12,740.15,740.07,740.08,515,pre-market,False
2026-07-24T12:36:00+00:00,740.13,740.13,740.05,740.05,1606,pre-market,False
2026-07-24T12:37:00+00:00,740.11,740.11,740.11,740.11,217,pre-market,False
2026-07-24T12:38:00+00:00,740.28,740.28,740.23,740.23,735,pre-market,False
2026-07-24T12:39:00+00:00,740.26,740.26,740.24,740.24,170,pre-market,False
2026-07-24T12:40:00+00:00,740.07,740.1,740.05,740.09,485,pre-market,False
2026-07-24T12:41:00+00:00,740.05,740.05,739.87,739.9,4122,pre-market,False
2026-07-24T12:42:00+00:00,739.89,739.9,739.85,739.86,808,pre-market,False
2026-07-24T12:43:00+00:00,739.81,739.82,739.74,739.81,1975,pre-market,False
2026-07-24T12:44:00+00:00,739.75,739.79,739.64,739.74,3381,pre-market,False
2026-07-24T12:45:00+00:00,739.71,739.77,739.65,739.72,1347,pre-market,False
2026-07-24T12:46:00+00:00,739.7,739.73,739.64,739.64,7828,pre-market,False
2026-07-24T12:47:00+00:00,739.66,739.66,739.5,739.61,1368,pre-market,False
2026-07-24T12:48:00+00:00,739.64,739.64,739.56,739.61,1893,pre-market,False
2026-07-24T12:49:00+00:00,739.65,739.74,739.64,739.64,8058,pre-market,False
2026-07-24T12:50:00+00:00,739.67,739.67,739.57,739.57,765,pre-market,False
2026-07-24T12:51:00+00:00,739.61,739.68,739.58,739.58,439,pre-market,False
2026-07-24T12:52:00+00:00,739.62,739.62,739.5,739.5,1252,pre-market,False
2026-07-24T12:53:00+00:00,739.5,739.57,739.37,739.47,24571,pre-market,False
2026-07-24T12:54:00+00:00,739.41,739.44,739.38,739.44,641,pre-market,False
2026-07-24T12:55:00+00:00,739.42,739.42,739.28,739.32,5156,pre-market,False
2026-07-24T12:56:00+00:00,739.3,739.31,739.14,739.14,3607,pre-market,False
2026-07-24T12:57:00+00:00,739.12,739.16,739.08,739.16,11644,pre-market,False
2026-07-24T12:58:00+00:00,739.18,739.25,739.12,739.15,4284,pre-market,False
2026-07-24T12:59:00+00:00,739.13,739.2,739.12,739.15,1166,pre-market,False
2026-07-24T13:00:00+00:00,739.27,739.27,739.08,739.08,1400,pre-market,False
2026-07-24T13:01:00+00:00,739.09,739.13,739.01,739.03,4642,pre-market,False
2026-07-24T13:02:00+00:00,739.07,739.19,739.0,739.19,4544,pre-market,False
2026-07-24T13:03:00+00:00,739.24,739.26,739.1,739.15,2741,pre-market,False
2026-07-24T13:04:00+00:00,739.21,739.25,739.18,739.2,11414,pre-market,False
2026-07-24T13:05:00+00:00,739.21,739.24,739.11,739.11,1277,pre-market,False
2026-07-24T13:06:00+00:00,739.11,739.11,738.97,739.03,7336,pre-market,False
2026-07-24T13:07:00+00:00,739.01,739.01,738.84,738.84,8928,pre-market,False
2026-07-24T13:08:00+00:00,738.86,738.95,738.84,738.95,6185,pre-market,False
2026-07-24T13:09:00+00:00,738.98,739.08,738.98,739.07,7064,pre-market,False
2026-07-24T13:10:00+00:00,739.07,739.15,739.05,739.15,4387,pre-market,False
2026-07-24T13:11:00+00:00,739.12,739.19,739.05,739.19,2395,pre-market,False
2026-07-24T13:12:00+00:00,739.23,739.27,739.17,739.23,15309,pre-market,False
2026-07-24T13:13:00+00:00,739.21,739.22,739.13,739.13,830,pre-market,False
2026-07-24T13:14:00+00:00,739.16,739.18,739.11,739.16,471,pre-market,False
2026-07-24T13:31:00+00:00,738.79,738.9,738.42,738.8,166816,regular,False
2026-07-24T13:32:00+00:00,738.81,739.4,738.79,739.18,90077,regular,False
2026-07-24T13:33:00+00:00,739.15,739.5,738.98,739.07,98322,regular,False
2026-07-24T13:34:00+00:00,739.12,739.35,739.09,739.28,45028,regular,False
2026-07-24T13:35:00+00:00,739.29,739.65,739.24,739.37,86236,regular,False
2026-07-24T13:36:00+00:00,739.32,739.32,738.88,738.97,101123,regular,False
2026-07-24T13:37:00+00:00,738.98,739.6,738.98,739.53,59046,regular,False
2026-07-24T13:38:00+00:00,739.55,739.66,739.28,739.29,62990,regular,False
2026-07-24T13:39:00+00:00,739.27,739.27,739.01,739.11,46396,regular,False
2026-07-24T13:40:00+00:00,739.1,739.14,738.79,738.92,123883,regular,False
2026-07-24T13:41:00+00:00,738.96,739.15,738.86,738.98,51842,regular,False
2026-07-24T13:42:00+00:00,739.0,739.06,738.67,738.85,73703,regular,False
2026-07-24T13:43:00+00:00,738.85,738.93,738.72,738.78,49173,regular,False
2026-07-24T13:44:00+00:00,738.77,738.91,738.66,738.81,60951,regular,False
2026-07-24T13:45:00+00:00,738.81,739.08,738.57,738.97,65765,regular,False
2026-07-24T13:46:00+00:00,738.99,739.32,738.82,739.32,87254,regular,False
2026-07-24T13:47:00+00:00,739.31,739.58,739.22,739.44,123893,regular,False
2026-07-24T13:48:00+00:00,739.45,739.69,739.33,739.51,74295,regular,False
2026-07-24T13:49:00+00:00,739.5,739.88,739.5,739.82,80338,regular,False
2026-07-24T13:50:00+00:00,739.81,739.81,738.55,738.96,179406,regular,False
2026-07-24T13:51:00+00:00,738.98,739.04,738.2,738.3,151738,regular,False
2026-07-24T13:52:00+00:00,738.29,738.32,737.9,738.03,144175,regular,False
2026-07-24T13:53:00+00:00,738.02,738.11,737.85,737.86,92040,regular,False
2026-07-24T13:54:00+00:00,737.86,737.99,737.69,737.84,116728,regular,False
2026-07-24T13:55:00+00:00,737.83,737.87,737.43,737.54,91075,regular,False
2026-07-24T13:56:00+00:00,737.55,737.92,737.45,737.65,113022,regular,False
2026-07-24T13:57:00+00:00,737.67,737.95,737.58,737.77,100047,regular,False
2026-07-24T13:58:00+00:00,737.82,738.2,737.76,737.96,76674,regular,False
2026-07-24T13:59:00+00:00,737.94,737.99,737.5,737.53,52783,regular,False
2026-07-24T14:00:00+00:00,737.5,738.2,737.33,738.2,155188,regular,False
2026-07-24T14:01:00+00:00,738.2,738.37,737.89,738.14,264449,regular,False
2026-07-24T14:02:00+00:00,738.14,738.68,738.14,738.26,141187,regular,False
2026-07-24T14:03:00+00:00,738.28,738.46,737.87,738.43,86069,regular,False
2026-07-24T14:04:00+00:00,738.43,738.53,737.68,737.74,70263,regular,False
2026-07-24T14:05:00+00:00,737.79,738.23,737.68,738.13,78940,regular,False
2026-07-24T14:06:00+00:00,738.11,738.23,737.57,738.02,140396,regular,False
2026-07-24T14:07:00+00:00,738.0,738.43,737.84,738.3,73841,regular,False
2026-07-24T14:08:00+00:00,738.31,739.04,738.26,739.0,76038,regular,False
2026-07-24T14:09:00+00:00,739.02,739.49,738.89,739.3,86509,regular,False
2026-07-24T14:10:00+00:00,739.27,739.44,739.09,739.41,73524,regular,False
2026-07-24T14:11:00+00:00,739.4,739.48,739.23,739.28,68558,regular,False
2026-07-24T14:12:00+00:00,739.26,739.37,738.87,738.94,72712,regular,False
2026-07-24T14:13:00+00:00,738.94,739.42,738.82,739.32,113432,regular,False
2026-07-24T14:14:00+00:00,739.34,739.91,739.31,739.54,111074,regular,False
2026-07-24T14:15:00+00:00,739.54,739.71,739.1,739.1,74963,regular,False
2026-07-24T14:16:00+00:00,739.11,739.21,738.85,739.07,134702,regular,False
2026-07-24T14:17:00+00:00,739.07,739.08,738.3,738.62,103617,regular,False
2026-07-24T14:18:00+00:00,738.59,738.84,738.22,738.25,95393,regular,False
2026-07-24T14:19:00+00:00,738.24,738.55,738.0,738.54,112619,regular,False
2026-07-24T14:20:00+00:00,738.53,738.7,738.16,738.64,57542,regular,False
2026-07-24T14:21:00+00:00,738.63,739.35,738.54,739.25,85062,regular,False
2026-07-24T14:22:00+00:00,739.23,739.55,739.21,739.36,64817,regular,False
2026-07-24T14:23:00+00:00,739.37,739.95,739.36,739.81,85617,regular,False
2026-07-24T14:24:00+00:00,739.8,739.82,739.43,739.54,71279,regular,False
2026-07-24T14:25:00+00:00,739.56,739.66,739.11,739.33,75244,regular,False
2026-07-24T14:26:00+00:00,739.35,739.63,739.21,739.46,54601,regular,False
2026-07-24T14:27:00+00:00,739.46,739.72,738.97,739.13,144999,regular,False
2026-07-24T14:28:00+00:00,739.12,739.4,739.03,739.29,49986,regular,False
2026-07-24T14:29:00+00:00,739.29,739.49,739.18,739.18,34472,regular,False
2026-07-24T14:30:00+00:00,739.19,739.23,738.58,738.77,90353,regular,False
2026-07-24T14:31:00+00:00,738.76,739.04,738.67,739.02,74666,regular,False
2026-07-24T14:32:00+00:00,739.02,739.04,738.64,738.72,60625,regular,False
2026-07-24T14:33:00+00:00,738.73,738.97,738.61,738.72,55102,regular,False
2026-07-24T14:34:00+00:00,738.71,738.82,738.33,738.34,95144,regular,False
2026-07-24T14:35:00+00:00,738.34,738.79,738.28,738.71,85372,regular,False
2026-07-24T14:36:00+00:00,738.71,738.82,738.51,738.51,38555,regular,False
2026-07-24T14:37:00+00:00,738.51,738.64,738.4,738.41,37337,regular,False
2026-07-24T14:38:00+00:00,738.42,738.62,738.38,738.39,36490,regular,False
2026-07-24T14:39:00+00:00,738.39,738.54,737.91,738.06,97984,regular,False
2026-07-24T14:40:00+00:00,738.03,738.35,737.9,738.22,93538,regular,False
2026-07-24T14:41:00+00:00,738.21,738.34,737.94,738.16,74921,regular,False
2026-07-24T14:42:00+00:00,738.16,738.27,737.84,737.98,101070,regular,False
2026-07-24T14:43:00+00:00,737.97,738.14,737.9,738.03,46991,regular,False
2026-07-24T14:44:00+00:00,738.04,738.32,737.85,737.91,58276,regular,False
2026-07-24T14:45:00+00:00,737.89,737.93,737.52,737.53,40598,regular,False
2026-07-24T14:46:00+00:00,737.53,738.07,737.43,738.07,97433,regular,False
2026-07-24T14:47:00+00:00,738.02,738.26,737.57,737.72,58636,regular,False
2026-07-24T14:48:00+00:00,737.72,737.91,737.72,737.9,37490,regular,False
2026-07-24T14:49:00+00:00,737.89,738.55,737.86,738.53,71679,regular,False
2026-07-24T14:50:00+00:00,738.54,739.09,738.53,739.08,82864,regular,False
2026-07-24T14:51:00+00:00,739.07,739.29,738.95,739.19,69957,regular,False
2026-07-24T14:52:00+00:00,739.17,739.29,738.67,738.72,96688,regular,False
2026-07-24T14:53:00+00:00,738.71,739.32,738.64,739.2,51788,regular,False
2026-07-24T14:54:00+00:00,739.19,739.25,738.68,739.01,31996,regular,False
2026-07-24T14:55:00+00:00,739.01,739.44,739.01,739.39,48836,regular,False
2026-07-24T14:56:00+00:00,739.37,739.53,739.25,739.51,52595,regular,False
2026-07-24T14:57:00+00:00,739.54,740.12,739.53,740.02,120175,regular,False
2026-07-24T14:58:00+00:00,740.04,740.42,739.84,740.42,76349,regular,False
2026-07-24T14:59:00+00:00,740.43,740.7,740.41,740.59,114755,regular,False
2026-07-24T15:00:00+00:00,740.59,740.87,740.33,740.86,132562,regular,False
2026-07-24T15:01:00+00:00,740.86,740.96,740.42,740.48,82040,regular,False
2026-07-24T15:02:00+00:00,740.46,740.54,740.25,740.49,47160,regular,False
2026-07-24T15:03:00+00:00,740.48,740.57,740.29,740.39,41583,regular,False
2026-07-24T15:04:00+00:00,740.4,740.47,740.21,740.24,50460,regular,False
2026-07-24T15:05:00+00:00,740.23,740.49,740.21,740.41,43991,regular,False
2026-07-24T15:06:00+00:00,740.39,740.54,740.09,740.1,59628,regular,False
2026-07-24T15:07:00+00:00,740.09,740.23,739.84,740.22,41034,regular,False
2026-07-24T15:08:00+00:00,740.23,740.64,740.17,740.25,83092,regular,False
2026-07-24T15:09:00+00:00,740.25,740.34,739.66,739.7,53057,regular,False
2026-07-24T15:10:00+00:00,739.69,740.91,739.58,740.73,173603,regular,False
2026-07-24T15:11:00+00:00,740.67,741.85,740.63,740.91,204207,regular,False
2026-07-24T15:12:00+00:00,740.93,741.28,740.9,740.97,78707,regular,False
2026-07-24T15:13:00+00:00,740.96,741.07,740.77,740.87,114627,regular,False
2026-07-24T15:14:00+00:00,740.85,742.17,740.83,741.88,130155,regular,False
2026-07-24T15:15:00+00:00,741.86,743.0,741.71,742.81,310332,regular,False
2026-07-24T15:16:00+00:00,742.78,743.0,742.19,742.19,139538,regular,False
2026-07-24T15:17:00+00:00,742.19,742.43,741.84,741.86,101094,regular,False
2026-07-24T15:18:00+00:00,741.9,742.22,741.63,741.83,53943,regular,False
2026-07-24T15:19:00+00:00,741.82,742.0,741.34,741.48,62322,regular,False
2026-07-24T15:20:00+00:00,741.5,742.27,741.41,742.04,119920,regular,False
2026-07-24T15:21:00+00:00,742.01,742.3,742.0,742.21,59025,regular,False
2026-07-24T15:22:00+00:00,742.2,742.41,742.11,742.22,80625,regular,False
2026-07-24T15:23:00+00:00,742.19,742.65,742.18,742.5,53671,regular,False
2026-07-24T15:24:00+00:00,742.51,742.62,742.33,742.37,103935,regular,False
2026-07-24T15:25:00+00:00,742.4,742.64,742.33,742.64,32990,regular,False
2026-07-24T15:26:00+00:00,742.67,742.79,742.55,742.55,35983,regular,False
2026-07-24T15:27:00+00:00,742.55,742.9,742.55,742.78,49330,regular,False
2026-07-24T15:28:00+00:00,742.86,743.13,742.79,742.79,76361,regular,False
2026-07-24T15:29:00+00:00,742.81,742.87,742.49,742.61,148311,regular,False
2026-07-24T15:30:00+00:00,742.6,742.66,742.35,742.59,68526,regular,False
2026-07-24T15:31:00+00:00,742.59,742.9,742.59,742.79,32949,regular,False
2026-07-24T15:32:00+00:00,742.78,742.83,742.37,742.37,37147,regular,False
2026-07-24T15:33:00+00:00,742.36,742.53,742.22,742.3,30214,regular,False
2026-07-24T15:34:00+00:00,742.3,742.46,742.05,742.08,49184,regular,False
2026-07-24T15:35:00+00:00,742.05,742.45,742.03,742.43,48869,regular,False
2026-07-24T15:36:00+00:00,742.46,742.59,742.27,742.58,43399,regular,False
2026-07-24T15:37:00+00:00,742.58,742.71,742.19,742.69,38831,regular,False
2026-07-24T15:38:00+00:00,742.68,743.03,742.65,743.0,31109,regular,False
2026-07-24T15:39:00+00:00,742.99,743.16,742.97,743.07,117775,regular,False
2026-07-24T15:40:00+00:00,743.06,743.25,743.01,743.01,46021,regular,False
2026-07-24T15:41:00+00:00,743.02,743.03,742.55,742.67,75167,regular,False
2026-07-24T15:42:00+00:00,742.64,742.76,742.41,742.52,40682,regular,False
2026-07-24T15:43:00+00:00,742.54,742.63,742.02,742.18,52750,regular,False
2026-07-24T15:44:00+00:00,742.18,742.44,742.18,742.29,25568,regular,False
2026-07-24T15:45:00+00:00,742.29,742.65,742.27,742.46,45932,regular,False
2026-07-24T15:46:00+00:00,742.5,742.62,742.41,742.42,29896,regular,False
2026-07-24T15:47:00+00:00,742.42,742.58,742.18,742.24,29059,regular,False
2026-07-24T15:48:00+00:00,742.24,742.38,742.0,742.35,57137,regular,False
2026-07-24T15:49:00+00:00,742.34,742.35,742.06,742.13,30694,regular,False
2026-07-24T15:50:00+00:00,742.14,742.69,742.13,742.66,72853,regular,False
2026-07-24T15:51:00+00:00,742.66,742.79,742.43,742.44,35109,regular,False
2026-07-24T15:52:00+00:00,742.44,742.57,742.19,742.28,59227,regular,False
2026-07-24T15:53:00+00:00,742.28,742.59,742.18,742.59,121383,regular,False
2026-07-24T15:54:00+00:00,742.6,742.73,742.48,742.56,29380,regular,False
2026-07-24T15:55:00+00:00,742.56,742.79,742.52,742.63,39076,regular,False
2026-07-24T15:56:00+00:00,742.65,742.9,742.64,742.85,37059,regular,False
2026-07-24T15:57:00+00:00,742.85,742.95,742.75,742.76,43670,regular,False
2026-07-24T15:58:00+00:00,742.74,743.0,742.65,742.94,26411,regular,False
2026-07-24T15:59:00+00:00,742.94,743.11,742.91,743.02,39105,regular,False
2026-07-24T16:00:00+00:00,743.04,743.08,742.68,742.73,79724,regular,False
2026-07-24T16:01:00+00:00,742.73,742.86,742.64,742.85,49342,regular,False
2026-07-24T16:02:00+00:00,742.81,742.89,742.74,742.85,35522,regular,False
2026-07-24T16:03:00+00:00,742.83,743.02,742.81,742.98,25408,regular,False
2026-07-24T16:04:00+00:00,742.97,743.24,742.96,743.21,35551,regular,False
2026-07-24T16:05:00+00:00,743.2,743.29,743.1,743.17,46084,regular,False
2026-07-24T16:06:00+00:00,743.19,743.24,742.99,743.0,31540,regular,False
2026-07-24T16:07:00+00:00,743.01,743.52,742.94,743.49,74216,regular,False
2026-07-24T16:08:00+00:00,743.48,743.55,743.3,743.34,37459,regular,False
2026-07-24T16:09:00+00:00,743.35,743.41,743.26,743.28,43138,regular,False
2026-07-24T16:10:00+00:00,743.3,743.72,743.27,743.69,67880,regular,False
2026-07-24T16:11:00+00:00,743.71,743.72,743.4,743.42,60331,regular,False
2026-07-24T16:12:00+00:00,743.41,743.57,743.29,743.29,57254,regular,False
2026-07-24T16:13:00+00:00,743.29,743.34,742.89,743.0,73830,regular,False
2026-07-24T16:14:00+00:00,742.99,743.09,742.85,742.97,51495,regular,False
2026-07-24T16:15:00+00:00,743.0,743.04,742.81,742.94,50186,regular,False
2026-07-24T16:16:00+00:00,742.97,743.1,742.87,742.98,34064,regular,False
2026-07-24T16:17:00+00:00,742.99,743.03,742.89,742.96,26098,regular,False
2026-07-24T16:18:00+00:00,742.96,743.23,742.92,743.13,57382,regular,False
2026-07-24T16:19:00+00:00,743.11,743.32,743.07,743.13,58526,regular,False
2026-07-24T16:20:00+00:00,743.14,743.44,743.13,743.42,56028,regular,False
2026-07-24T16:21:00+00:00,743.43,743.45,743.1,743.23,33310,regular,False
2026-07-24T16:22:00+00:00,743.25,743.5,743.19,743.47,17637,regular,False
2026-07-24T16:23:00+00:00,743.48,743.48,743.33,743.38,23235,regular,False
2026-07-24T16:24:00+00:00,743.35,743.44,743.24,743.36,24102,regular,False
2026-07-24T16:25:00+00:00,743.36,743.49,743.25,743.48,20036,regular,False
2026-07-24T16:26:00+00:00,743.49,743.52,743.4,743.5,15839,regular,False
2026-07-24T16:27:00+00:00,743.49,743.57,743.35,743.35,34291,regular,False
2026-07-24T16:28:00+00:00,743.37,743.43,743.3,743.33,38140,regular,False
2026-07-24T16:29:00+00:00,743.31,743.37,743.18,743.19,54977,regular,False
2026-07-24T16:30:00+00:00,743.17,743.19,742.49,742.68,146956,regular,False
2026-07-24T16:31:00+00:00,742.71,742.79,742.56,742.67,68956,regular,False
2026-07-24T16:32:00+00:00,742.69,742.77,742.47,742.64,55936,regular,False
2026-07-24T16:33:00+00:00,742.62,742.71,742.36,742.43,49353,regular,False
2026-07-24T16:34:00+00:00,742.43,742.66,742.39,742.5,40600,regular,False
2026-07-24T16:35:00+00:00,742.52,742.67,742.41,742.56,47845,regular,False
2026-07-24T16:36:00+00:00,742.57,742.74,742.5,742.54,46815,regular,False
2026-07-24T16:37:00+00:00,742.55,742.66,742.38,742.63,15608,regular,False
2026-07-24T16:38:00+00:00,742.62,742.69,742.26,742.26,49851,regular,False
2026-07-24T16:39:00+00:00,742.25,742.42,742.23,742.27,34739,regular,False
2026-07-24T16:40:00+00:00,742.26,742.26,742.03,742.03,28584,regular,False
2026-07-24T16:41:00+00:00,742.02,742.08,741.92,742.07,50137,regular,False
2026-07-24T16:42:00+00:00,742.05,742.09,741.82,741.98,45469,regular,False
2026-07-24T16:43:00+00:00,741.98,742.05,741.73,741.84,48525,regular,False
2026-07-24T16:44:00+00:00,741.84,741.88,741.64,741.65,38819,regular,False
2026-07-24T16:45:00+00:00,741.64,741.81,741.53,741.78,73736,regular,False
2026-07-24T16:46:00+00:00,741.75,741.78,741.54,741.54,69267,regular,False
2026-07-24T16:47:00+00:00,741.54,741.65,741.22,741.25,47671,regular,False
2026-07-24T16:48:00+00:00,741.25,741.25,741.05,741.15,92349,regular,False
2026-07-24T16:49:00+00:00,741.12,741.26,740.95,741.19,65917,regular,False
2026-07-24T16:50:00+00:00,741.19,741.25,741.04,741.12,36914,regular,False
2026-07-24T16:51:00+00:00,741.12,741.27,741.04,741.14,89744,regular,False
2026-07-24T16:52:00+00:00,741.18,741.19,740.94,740.98,49969,regular,False
2026-07-24T16:53:00+00:00,740.95,741.02,740.74,740.92,30110,regular,False
2026-07-24T16:54:00+00:00,740.93,741.26,740.89,741.07,51395,regular,False
2026-07-24T16:55:00+00:00,741.05,741.38,740.87,741.21,40995,regular,False
2026-07-24T16:56:00+00:00,741.24,741.32,741.12,741.29,32681,regular,False
2026-07-24T16:57:00+00:00,741.28,741.54,741.28,741.53,37804,regular,False
2026-07-24T16:58:00+00:00,741.56,741.76,741.48,741.63,30960,regular,False
2026-07-24T16:59:00+00:00,741.62,741.75,741.44,741.45,35714,regular,False
2026-07-24T17:00:00+00:00,741.47,741.6,741.28,741.35,28709,regular,False
2026-07-24T17:01:00+00:00,741.33,741.36,741.02,741.35,37554,regular,False
2026-07-24T17:02:00+00:00,741.37,741.37,741.14,741.19,31780,regular,False
2026-07-24T17:03:00+00:00,741.2,741.29,741.01,741.11,23269,regular,False
2026-07-24T17:04:00+00:00,741.12,741.26,741.08,741.18,31033,regular,False
2026-07-24T17:05:00+00:00,741.17,741.33,741.1,741.19,36715,regular,False
2026-07-24T17:06:00+00:00,741.21,741.25,740.49,740.89,170306,regular,False
2026-07-24T17:07:00+00:00,740.83,740.89,740.63,740.68,48327,regular,False
2026-07-24T17:08:00+00:00,740.65,740.73,740.39,740.57,62696,regular,False
2026-07-24T17:09:00+00:00,740.55,740.65,740.38,740.42,32584,regular,False
2026-07-24T17:10:00+00:00,740.4,740.64,740.23,740.49,37138,regular,False
2026-07-24T17:11:00+00:00,740.48,740.83,740.46,740.68,57480,regular,False
2026-07-24T17:12:00+00:00,740.7,740.94,740.69,740.76,32002,regular,False
2026-07-24T17:13:00+00:00,740.77,741.0,740.68,740.84,61612,regular,False
2026-07-24T17:14:00+00:00,740.83,741.06,740.83,740.93,40604,regular,False
2026-07-24T17:15:00+00:00,740.95,741.07,740.76,740.76,25256,regular,False
2026-07-24T17:16:00+00:00,740.81,740.85,740.66,740.76,32118,regular,False
2026-07-24T17:17:00+00:00,740.78,741.17,740.73,741.15,41228,regular,False
2026-07-24T17:18:00+00:00,741.17,741.41,741.05,741.28,39066,regular,False
2026-07-24T17:19:00+00:00,741.28,741.47,741.22,741.41,26082,regular,False
2026-07-24T17:20:00+00:00,741.42,741.49,741.27,741.31,24830,regular,False
2026-07-24T17:21:00+00:00,741.34,741.48,741.25,741.25,26356,regular,False
2026-07-24T17:22:00+00:00,741.27,741.37,740.9,741.01,28532,regular,False
2026-07-24T17:23:00+00:00,741.0,741.18,740.93,740.97,20654,regular,False
2026-07-24T17:24:00+00:00,740.98,741.3,740.91,741.3,199294,regular,False
2026-07-24T17:25:00+00:00,741.29,741.36,740.99,741.31,23213,regular,False
2026-07-24T17:26:00+00:00,741.35,741.55,741.31,741.52,61173,regular,False
2026-07-24T17:27:00+00:00,741.54,741.78,741.51,741.73,35179,regular,False
2026-07-24T17:28:00+00:00,741.72,741.84,741.63,741.69,31888,regular,False
2026-07-24T17:29:00+00:00,741.71,741.78,741.6,741.71,26404,regular,False
2026-07-24T17:30:00+00:00,741.75,741.84,741.53,741.71,34238,regular,False
2026-07-24T17:31:00+00:00,741.7,741.88,741.61,741.81,23394,regular,False
2026-07-24T17:32:00+00:00,741.81,741.89,741.62,741.72,17282,regular,False
2026-07-24T17:33:00+00:00,741.77,741.98,741.7,741.93,31564,regular,False
2026-07-24T17:34:00+00:00,741.91,742.17,741.88,742.11,29475,regular,False
2026-07-24T17:35:00+00:00,742.11,742.12,741.98,742.06,28309,regular,False
2026-07-24T17:36:00+00:00,742.04,742.1,741.8,741.91,28777,regular,False
2026-07-24T17:37:00+00:00,741.9,741.91,741.61,741.66,35745,regular,False
2026-07-24T17:38:00+00:00,741.66,741.79,741.6,741.7,20105,regular,False
2026-07-24T17:39:00+00:00,741.71,741.74,741.43,741.51,29887,regular,False
2026-07-24T17:40:00+00:00,741.52,741.54,741.29,741.33,45010,regular,False
2026-07-24T17:41:00+00:00,741.34,741.35,741.13,741.28,28551,regular,False
2026-07-24T17:42:00+00:00,741.3,741.34,741.16,741.25,31360,regular,False
2026-07-24T17:43:00+00:00,741.23,741.31,741.15,741.18,29581,regular,False
2026-07-24T17:44:00+00:00,741.21,741.35,741.07,741.08,34557,regular,False
2026-07-24T17:45:00+00:00,741.07,741.13,740.93,741.07,33080,regular,False
2026-07-24T17:46:00+00:00,741.04,741.33,741.04,741.28,20444,regular,False
2026-07-24T17:47:00+00:00,741.26,741.39,741.09,741.11,28654,regular,False
2026-07-24T17:48:00+00:00,741.12,741.17,740.92,741.09,35410,regular,False
2026-07-24T17:49:00+00:00,741.07,741.33,741.05,741.31,25583,regular,False
2026-07-24T17:50:00+00:00,741.31,741.45,741.2,741.44,30945,regular,False
2026-07-24T17:51:00+00:00,741.45,741.54,741.06,741.09,24886,regular,False
2026-07-24T17:52:00+00:00,741.07,741.11,740.97,741.06,18777,regular,False
2026-07-24T17:53:00+00:00,741.16,741.23,741.08,741.13,31957,regular,False
2026-07-24T17:54:00+00:00,741.14,741.3,741.08,741.27,23087,regular,False
2026-07-24T17:55:00+00:00,741.29,741.39,741.12,741.17,18693,regular,False
2026-07-24T17:56:00+00:00,741.17,741.36,741.12,741.32,102617,regular,False
2026-07-24T17:57:00+00:00,741.3,741.3,741.08,741.11,42739,regular,False
2026-07-24T17:58:00+00:00,741.1,741.27,741.08,741.15,36320,regular,False
2026-07-24T17:59:00+00:00,741.15,741.19,740.97,740.98,26783,regular,False
2026-07-24T18:00:00+00:00,740.99,741.19,740.93,741.17,41506,regular,False
2026-07-24T18:01:00+00:00,741.2,741.29,740.9,740.92,32500,regular,False
2026-07-24T18:02:00+00:00,740.91,740.96,740.79,740.91,34239,regular,False
2026-07-24T18:03:00+00:00,740.92,740.96,740.77,740.8,38637,regular,False
2026-07-24T18:04:00+00:00,740.78,740.94,740.77,740.89,22114,regular,False
2026-07-24T18:05:00+00:00,740.88,740.93,740.75,740.88,47905,regular,False
2026-07-24T18:06:00+00:00,740.89,741.0,740.81,740.89,49991,regular,False
2026-07-24T18:07:00+00:00,740.86,741.2,740.86,741.2,43556,regular,False
2026-07-24T18:08:00+00:00,741.21,741.27,741.06,741.06,21203,regular,False
2026-07-24T18:09:00+00:00,741.08,741.21,740.95,740.97,27870,regular,False
2026-07-24T18:10:00+00:00,741.02,741.08,740.81,740.86,38702,regular,False
2026-07-24T18:11:00+00:00,740.83,740.88,740.68,740.72,45915,regular,False
2026-07-24T18:12:00+00:00,740.71,740.74,740.54,740.65,60581,regular,False
2026-07-24T18:13:00+00:00,740.66,740.75,740.54,740.58,45721,regular,False
2026-07-24T18:14:00+00:00,740.55,740.69,740.48,740.59,49396,regular,False
2026-07-24T18:15:00+00:00,740.6,740.6,740.47,740.55,50636,regular,False
2026-07-24T18:16:00+00:00,740.56,740.6,740.44,740.55,38442,regular,False
2026-07-24T18:17:00+00:00,740.55,740.65,740.48,740.5,47694,regular,False
2026-07-24T18:18:00+00:00,740.49,740.55,740.28,740.49,50265,regular,False
2026-07-24T18:19:00+00:00,740.5,740.54,740.14,740.23,36308,regular,False
2026-07-24T18:20:00+00:00,740.19,740.2,739.92,739.93,46489,regular,False
2026-07-24T18:21:00+00:00,739.94,740.0,739.77,739.83,85004,regular,False
2026-07-24T18:22:00+00:00,739.8,739.95,739.77,739.86,68668,regular,False
2026-07-24T18:23:00+00:00,739.86,739.94,739.72,739.9,47066,regular,False
2026-07-24T18:24:00+00:00,739.9,739.97,739.77,739.81,35492,regular,False
2026-07-24T18:25:00+00:00,739.8,739.88,739.42,739.61,60039,regular,False
2026-07-24T18:26:00+00:00,739.61,739.63,739.37,739.43,38577,regular,False
2026-07-24T18:27:00+00:00,739.43,739.52,739.28,739.33,56143,regular,False
2026-07-24T18:28:00+00:00,739.31,739.31,739.15,739.18,86930,regular,False
2026-07-24T18:29:00+00:00,739.18,739.35,739.0,739.04,80308,regular,False
2026-07-24T18:30:00+00:00,739.05,739.16,738.97,739.0,145027,regular,False
2026-07-24T18:31:00+00:00,739.0,739.02,738.57,738.69,92367,regular,False
2026-07-24T18:32:00+00:00,738.69,738.86,738.62,738.66,79512,regular,False
2026-07-24T18:33:00+00:00,738.66,738.81,738.31,738.37,99309,regular,False
2026-07-24T18:34:00+00:00,738.37,738.44,738.07,738.17,139668,regular,False
2026-07-24T18:35:00+00:00,738.19,738.23,737.83,738.16,173459,regular,False
2026-07-24T18:36:00+00:00,738.17,738.63,738.11,738.26,156639,regular,False
2026-07-24T18:37:00+00:00,738.24,738.39,738.13,738.16,68029,regular,False
2026-07-24T18:38:00+00:00,738.15,738.5,738.07,738.43,185053,regular,False
2026-07-24T18:39:00+00:00,738.42,738.43,737.93,738.27,119593,regular,False
2026-07-24T18:40:00+00:00,738.27,738.27,737.82,737.84,58180,regular,False
2026-07-24T18:41:00+00:00,737.83,738.0,737.75,737.75,95072,regular,False
2026-07-24T18:42:00+00:00,737.74,737.93,737.64,737.87,115783,regular,False
2026-07-24T18:43:00+00:00,737.89,738.13,737.84,737.95,85635,regular,False
2026-07-24T18:44:00+00:00,737.97,738.08,737.81,737.85,39630,regular,False
2026-07-24T18:45:00+00:00,737.87,738.4,737.79,738.37,118088,regular,False
2026-07-24T18:46:00+00:00,738.39,738.69,738.38,738.43,97632,regular,False
2026-07-24T18:47:00+00:00,738.44,738.7,738.42,738.62,47457,regular,False
2026-07-24T18:48:00+00:00,738.64,738.69,738.26,738.26,42256,regular,False
2026-07-24T18:49:00+00:00,738.27,738.38,738.22,738.31,52996,regular,False
2026-07-24T18:50:00+00:00,738.29,738.46,738.03,738.19,91307,regular,False
2026-07-24T18:51:00+00:00,738.18,738.5,738.17,738.29,47896,regular,False
2026-07-24T18:52:00+00:00,738.33,738.42,738.21,738.41,41220,regular,False
2026-07-24T18:53:00+00:00,738.42,738.47,738.21,738.36,32680,regular,False
2026-07-24T18:54:00+00:00,738.36,738.38,738.05,738.21,48790,regular,False
2026-07-24T18:55:00+00:00,738.19,738.37,738.14,738.36,28657,regular,False
2026-07-24T18:56:00+00:00,738.36,738.69,738.27,738.6,51712,regular,False
2026-07-24T18:57:00+00:00,738.56,738.71,738.54,738.54,72905,regular,False
2026-07-24T18:58:00+00:00,738.53,738.61,738.38,738.4,48197,regular,False
2026-07-24T18:59:00+00:00,738.4,738.56,738.37,738.38,69423,regular,False
2026-07-24T19:00:00+00:00,738.39,738.62,738.27,738.53,59438,regular,False
2026-07-24T19:01:00+00:00,738.54,738.9,738.45,738.58,56990,regular,False
2026-07-24T19:02:00+00:00,738.59,738.65,738.29,738.32,65497,regular,False
2026-07-24T19:03:00+00:00,738.3,738.4,738.22,738.28,105702,regular,False
2026-07-24T19:04:00+00:00,738.29,738.41,738.21,738.28,56344,regular,False
2026-07-24T19:05:00+00:00,738.25,738.59,738.15,738.5,69570,regular,False
2026-07-24T19:06:00+00:00,738.51,738.65,738.25,738.27,129975,regular,False
2026-07-24T19:07:00+00:00,738.24,738.28,737.73,737.77,133934,regular,False
2026-07-24T19:08:00+00:00,737.77,737.92,737.71,737.81,81672,regular,False
2026-07-24T19:09:00+00:00,737.81,737.83,737.56,737.61,197380,regular,False
2026-07-24T19:10:00+00:00,737.61,737.74,737.47,737.58,97706,regular,False
2026-07-24T19:11:00+00:00,737.57,737.72,737.52,737.68,54551,regular,False
2026-07-24T19:12:00+00:00,737.69,738.23,737.68,737.92,139353,regular,False
2026-07-24T19:13:00+00:00,737.92,737.97,737.77,737.84,152719,regular,False
2026-07-24T19:14:00+00:00,737.84,737.85,737.57,737.6,94631,regular,False
2026-07-24T19:15:00+00:00,737.6,737.71,737.52,737.58,98113,regular,False
2026-07-24T19:16:00+00:00,737.55,737.6,737.41,737.55,301879,regular,False
2026-07-24T19:17:00+00:00,737.57,737.78,737.49,737.61,159339,regular,False
2026-07-24T19:18:00+00:00,737.61,737.75,737.55,737.65,67725,regular,False
2026-07-24T19:19:00+00:00,737.65,737.83,737.57,737.8,116403,regular,False
2026-07-24T19:20:00+00:00,737.82,737.82,737.58,737.74,88918,regular,False
2026-07-24T19:21:00+00:00,737.7,737.99,737.66,737.93,54685,regular,False
2026-07-24T19:22:00+00:00,737.92,738.02,737.82,737.9,73269,regular,False
2026-07-24T19:23:00+00:00,737.9,737.9,737.67,737.72,90643,regular,False
2026-07-24T19:24:00+00:00,737.72,737.75,737.29,737.43,174854,regular,False
2026-07-24T19:25:00+00:00,737.44,737.55,737.3,737.42,82717,regular,False
2026-07-24T19:26:00+00:00,737.41,737.54,737.36,737.51,75269,regular,False
2026-07-24T19:27:00+00:00,737.51,737.82,737.5,737.6,89094,regular,False
2026-07-24T19:28:00+00:00,737.58,737.68,737.47,737.68,68662,regular,False
2026-07-24T19:29:00+00:00,737.69,737.87,737.58,737.65,106360,regular,False
2026-07-24T19:30:00+00:00,737.72,737.92,737.66,737.79,81818,regular,False
2026-07-24T19:31:00+00:00,737.8,738.03,737.73,737.96,89218,regular,False
2026-07-24T19:32:00+00:00,737.97,738.21,737.94,738.18,177776,regular,False
2026-07-24T19:33:00+00:00,738.17,738.36,738.04,738.2,228025,regular,False
2026-07-24T19:34:00+00:00,738.17,738.38,738.08,738.09,115458,regular,False
2026-07-24T19:35:00+00:00,738.08,738.65,737.99,738.53,207138,regular,False
2026-07-24T19:36:00+00:00,738.53,738.61,738.19,738.25,161373,regular,False
2026-07-24T19:37:00+00:00,738.25,738.66,738.25,738.47,122354,regular,False
2026-07-24T19:38:00+00:00,738.46,738.56,738.37,738.47,126144,regular,False
2026-07-24T19:39:00+00:00,738.48,738.56,738.05,738.11,89412,regular,False
2026-07-24T19:40:00+00:00,738.11,738.34,738.06,738.19,124652,regular,False
2026-07-24T19:41:00+00:00,738.18,738.18,737.94,738.06,166548,regular,False
2026-07-24T19:42:00+00:00,738.04,738.09,737.92,738.04,135909,regular,False
2026-07-24T19:43:00+00:00,738.05,738.14,737.79,738.03,66174,regular,False
2026-07-24T19:44:00+00:00,738.03,738.32,737.95,738.28,130889,regular,False
2026-07-24T19:45:00+00:00,738.3,738.44,737.92,737.94,139190,regular,False
2026-07-24T19:46:00+00:00,737.92,737.99,737.82,737.9,111459,regular,False
2026-07-24T19:47:00+00:00,737.9,738.09,737.82,737.83,103127,regular,False
2026-07-24T19:48:00+00:00,737.83,738.02,737.77,737.83,110214,regular,False
2026-07-24T19:49:00+00:00,737.82,738.34,737.75,738.34,145142,regular,False
2026-07-24T19:50:00+00:00,738.34,738.51,737.82,737.85,224450,regular,False
2026-07-24T19:51:00+00:00,737.85,737.86,737.7,737.81,158084,regular,False
2026-07-24T19:52:00+00:00,737.79,737.82,737.64,737.82,133080,regular,False
2026-07-24T19:53:00+00:00,737.83,738.05,737.69,738.0,183693,regular,False
2026-07-24T19:54:00+00:00,738.0,738.58,737.95,738.47,215281,regular,False
2026-07-24T19:55:00+00:00,738.49,738.61,738.14,738.14,250878,regular,False
2026-07-24T19:56:00+00:00,738.13,738.34,738.05,738.24,299429,regular,False
2026-07-24T19:57:00+00:00,738.24,738.51,738.19,738.45,388985,regular,False
2026-07-24T19:58:00+00:00,738.44,738.56,738.34,738.47,323693,regular,False
2026-07-24T19:59:00+00:00,738.47,739.1,738.13,738.86,808886,regular,False
2026-07-24T20:01:00+00:00,738.78,738.97,738.78,738.84,103390,after-market,False
2026-07-24T20:02:00+00:00,738.84,738.92,738.5,738.59,46125,after-market,False
2026-07-24T20:03:00+00:00,738.57,738.67,738.44,738.44,36971,after-market,False
2026-07-24T20:04:00+00:00,738.45,738.53,738.33,738.5,27202,after-market,False
2026-07-24T20:05:00+00:00,738.49,738.54,738.23,738.29,56477,after-market,False
2026-07-24T20:06:00+00:00,738.29,738.53,738.28,738.44,53811,after-market,False
2026-07-24T20:07:00+00:00,738.41,738.54,738.31,738.31,53615,after-market,False
2026-07-24T20:08:00+00:00,738.35,738.42,738.27,738.27,8284,after-market,False
2026-07-24T20:09:00+00:00,738.32,738.5,738.26,738.46,53915,after-market,False
2026-07-24T20:10:00+00:00,738.43,738.44,738.26,738.26,53487,after-market,False
2026-07-24T20:11:00+00:00,738.26,738.59,738.24,738.59,31167,after-market,False
2026-07-24T20:12:00+00:00,738.6,738.66,738.52,738.66,5648,after-market,False
2026-07-24T20:13:00+00:00,738.66,738.71,738.57,738.66,34991,after-market,False
2026-07-24T20:14:00+00:00,738.68,738.71,738.54,738.59,14186,after-market,False
2026-07-24T20:15:00+00:00,738.62,738.77,738.61,738.76,8171,after-market,False
2026-07-24T20:16:00+00:00,738.76,738.8,738.76,738.8,2729,after-market,False
2026-07-24T20:17:00+00:00,738.77,738.87,738.77,738.82,20051,after-market,False
2026-07-24T20:18:00+00:00,738.81,738.9,738.8,738.89,25547,after-market,False
2026-07-24T20:19:00+00:00,738.87,738.87,738.75,738.75,2994,after-market,False
2026-07-24T20:20:00+00:00,738.75,738.88,738.75,738.88,19612,after-market,False
2026-07-24T20:21:00+00:00,738.87,738.93,738.87,738.9,5936,after-market,False
2026-07-24T20:22:00+00:00,738.91,738.97,738.91,738.97,19145,after-market,False
2026-07-24T20:23:00+00:00,738.99,739.07,738.94,738.94,8707,after-market,False
2026-07-24T20:24:00+00:00,738.81,738.81,738.78,738.79,350,after-market,False
2026-07-24T20:25:00+00:00,738.85,738.85,738.83,738.84,751,after-market,False
2026-07-24T20:26:00+00:00,738.79,738.85,738.78,738.82,4330,after-market,False
2026-07-24T20:27:00+00:00,738.83,738.85,738.7,738.7,9618,after-market,False
2026-07-24T20:28:00+00:00,738.71,738.72,738.67,738.71,6023,after-market,False
2026-07-24T20:29:00+00:00,738.7,738.7,738.47,738.47,2153,after-market,False
2026-07-24T20:30:00+00:00,738.5,738.5,738.17,738.17,2305,after-market,False
2026-07-24T20:31:00+00:00,738.21,738.21,738.01,738.08,14304,after-market,False
2026-07-24T20:32:00+00:00,738.09,738.11,738.02,738.04,15198,after-market,False
2026-07-24T20:33:00+00:00,738.07,738.2,738.07,738.16,1759,after-market,False
2026-07-24T20:34:00+00:00,738.12,738.13,738.1,738.12,4273,after-market,False
2026-07-24T20:35:00+00:00,738.26,738.32,738.23,738.31,1649,after-market,False
2026-07-24T20:36:00+00:00,738.32,738.38,738.29,738.36,4453,after-market,False
2026-07-24T20:37:00+00:00,738.38,738.43,738.25,738.25,4790,after-market,False
2026-07-24T20:38:00+00:00,738.31,738.36,738.28,738.28,4567,after-market,False
2026-07-24T20:39:00+00:00,738.28,738.31,738.21,738.26,8703,after-market,False
2026-07-24T20:40:00+00:00,738.29,738.29,738.19,738.19,3616,after-market,False
2026-07-24T20:41:00+00:00,738.2,738.23,738.2,738.23,1063,after-market,False
2026-07-24T20:42:00+00:00,738.29,738.3,738.28,738.28,7485,after-market,False
2026-07-24T20:43:00+00:00,738.29,738.31,738.24,738.29,10156,after-market,False
2026-07-24T20:44:00+00:00,738.35,738.52,738.35,738.52,5936,after-market,False
2026-07-24T20:45:00+00:00,738.55,738.63,738.52,738.52,13897,after-market,False
2026-07-24T20:46:00+00:00,738.52,738.53,738.49,738.52,13263,after-market,False
2026-07-24T20:47:00+00:00,738.48,738.48,738.44,738.44,563,after-market,False
2026-07-24T20:48:00+00:00,738.39,738.45,738.39,738.4,14178,after-market,False
2026-07-24T20:49:00+00:00,738.39,738.4,738.39,738.4,10756,after-market,False
2026-07-24T20:50:00+00:00,738.38,738.38,738.32,738.32,1044,after-market,False
2026-07-24T20:51:00+00:00,738.32,738.42,738.32,738.42,4118,after-market,False
2026-07-24T20:52:00+00:00,738.41,738.43,738.33,738.33,979,after-market,False
2026-07-24T20:53:00+00:00,738.33,738.34,738.28,738.28,440,after-market,False
2026-07-24T20:54:00+00:00,738.5,738.61,738.5,738.61,1329,after-market,False
2026-07-24T20:55:00+00:00,738.5,738.5,738.5,738.5,1006,after-market,False
2026-07-24T20:56:00+00:00,738.49,738.5,738.49,738.49,1000,after-market,False
2026-07-24T20:57:00+00:00,738.56,738.56,738.56,738.56,1546,after-market,False
2026-07-24T20:58:00+00:00,738.61,738.74,738.57,738.62,37583,after-market,False
2026-07-24T20:59:00+00:00,738.5,738.5,738.41,738.45,1690,after-market,False
2026-07-24T21:00:00+00:00,738.55,738.76,738.42,738.7,4493,after-market,False
2026-07-24T21:01:00+00:00,738.7,738.7,738.7,738.7,0,after-market,False
2026-07-24T21:02:00+00:00,738.6,738.6,738.6,738.6,50,after-market,False
2026-07-24T21:03:00+00:00,738.69,738.69,738.63,738.65,5197,after-market,False
2026-07-24T21:04:00+00:00,738.64,738.65,738.61,738.65,6300,after-market,False
2026-07-24T21:05:00+00:00,738.6,738.6,738.33,738.33,8695,after-market,False
2026-07-24T21:06:00+00:00,738.33,738.35,738.3,738.3,8160,after-market,False
2026-07-24T21:07:00+00:00,738.26,738.28,738.2,738.2,1114,after-market,False
2026-07-24T21:08:00+00:00,738.2,738.2,738.15,738.15,4134,after-market,False
2026-07-24T21:09:00+00:00,738.25,738.25,738.18,738.18,440,after-market,False
2026-07-24T21:10:00+00:00,738.24,738.25,738.18,738.23,675,after-market,False
2026-07-24T21:11:00+00:00,738.24,738.25,738.24,738.24,225,after-market,False
2026-07-24T21:12:00+00:00,738.25,738.25,737.7,737.99,16828,after-market,False
2026-07-24T21:13:00+00:00,738.15,738.23,737.99,738.0,2659,after-market,False
2026-07-24T21:14:00+00:00,738.0,738.01,738.0,738.0,8521,after-market,False
2026-07-24T21:15:00+00:00,738.03,738.03,738.0,738.0,6546,after-market,False
2026-07-24T21:16:00+00:00,737.98,738.0,737.95,738.0,18635,after-market,False
2026-07-24T21:17:00+00:00,737.99,737.99,737.95,737.95,200,after-market,False
2026-07-24T21:18:00+00:00,737.99,738.0,737.98,738.0,4159,after-market,False
2026-07-24T21:19:00+00:00,738.0,738.01,737.95,737.96,5996,after-market,False
2026-07-24T21:20:00+00:00,737.96,738.0,737.95,737.96,4139,after-market,False
2026-07-24T21:21:00+00:00,737.99,738.5,737.99,738.5,29665,after-market,False
2026-07-24T21:22:00+00:00,738.44,738.5,738.44,738.5,11850,after-market,False
2026-07-24T21:23:00+00:00,738.5,738.6,738.5,738.5,4252,after-market,False
2026-07-24T21:24:00+00:00,738.5,738.51,738.49,738.5,4626,after-market,False
2026-07-24T21:25:00+00:00,738.52,738.55,738.51,738.55,2140,after-market,False
2026-07-24T21:26:00+00:00,738.54,738.56,738.54,738.55,9579,after-market,False
2026-07-24T21:27:00+00:00,738.55,738.74,738.55,738.72,3136,after-market,False
2026-07-24T21:28:00+00:00,738.69,738.69,738.69,738.69,139,after-market,False
2026-07-24T21:29:00+00:00,738.57,738.71,738.57,738.71,163,after-market,False
2026-07-24T21:30:00+00:00,738.72,738.92,738.72,738.79,7207,after-market,False
2026-07-24T21:31:00+00:00,738.79,739.0,738.61,738.89,5458,after-market,False
2026-07-24T21:32:00+00:00,738.95,739.09,738.95,739.05,3719,after-market,False
2026-07-24T21:33:00+00:00,739.09,739.09,738.93,738.93,11509,after-market,False
2026-07-24T21:34:00+00:00,738.8,738.8,738.8,738.8,100,after-market,False
2026-07-24T21:35:00+00:00,738.92,739.08,738.92,739.08,693,after-market,False
2026-07-24T21:36:00+00:00,739.09,739.12,739.04,739.12,2935,after-market,False
2026-07-24T21:37:00+00:00,739.09,739.09,739.09,739.09,448,after-market,False
2026-07-24T21:38:00+00:00,739.1,739.1,739.09,739.1,557,after-market,False
2026-07-24T21:39:00+00:00,739.09,739.09,739.02,739.02,118,after-market,False
2026-07-24T21:40:00+00:00,739.1,739.29,739.0,739.01,5650,after-market,False
2026-07-24T21:41:00+00:00,739.03,739.03,739.02,739.03,420,after-market,False
2026-07-24T21:42:00+00:00,739.13,739.21,739.13,739.21,3960,after-market,False
2026-07-24T21:43:00+00:00,739.12,739.12,739.12,739.12,297,after-market,False
2026-07-24T21:44:00+00:00,739.12,739.12,739.12,739.12,0,after-market,False
2026-07-24T21:45:00+00:00,739.12,739.12,739.12,739.12,0,after-market,False
2026-07-24T21:46:00+00:00,739.01,739.01,738.93,738.98,2612,after-market,False
2026-07-24T21:47:00+00:00,738.9,738.9,738.9,738.9,40,after-market,False
2026-07-24T21:48:00+00:00,738.96,738.96,738.85,738.85,109,after-market,False
2026-07-24T21:49:00+00:00,738.85,738.85,738.85,738.85,0,after-market,False
2026-07-24T21:50:00+00:00,738.87,738.87,738.86,738.87,50,after-market,False
2026-07-24T21:51:00+00:00,738.93,738.93,738.86,738.87,850,after-market,False
2026-07-24T21:52:00+00:00,738.87,738.87,738.87,738.87,0,after-market,False
2026-07-24T21:53:00+00:00,738.95,738.95,738.86,738.87,116,after-market,False
2026-07-24T21:54:00+00:00,738.86,738.86,738.85,738.85,143,after-market,False
2026-07-24T21:55:00+00:00,738.92,738.92,738.92,738.92,44,after-market,False
2026-07-24T21:56:00+00:00,738.81,738.81,738.81,738.81,49,after-market,False
2026-07-24T21:57:00+00:00,738.82,738.82,738.82,738.82,56,after-market,False
2026-07-24T21:58:00+00:00,738.82,738.82,738.82,738.82,0,after-market,False
2026-07-24T21:59:00+00:00,738.82,738.82,738.82,738.82,0,after-market,False
2026-07-24T22:00:00+00:00,738.88,738.89,738.88,738.88,500,after-market,False
2026-07-24T22:01:00+00:00,738.88,738.88,738.88,738.88,0,after-market,False
2026-07-24T22:02:00+00:00,738.91,738.91,738.63,738.78,6719,after-market,False
2026-07-24T22:03:00+00:00,738.7,738.7,738.7,738.7,1039,after-market,False
2026-07-24T22:04:00+00:00,738.67,738.84,738.67,738.84,133,after-market,False
2026-07-24T22:05:00+00:00,738.84,738.84,738.84,738.84,0,after-market,False
2026-07-24T22:06:00+00:00,738.75,738.75,738.75,738.75,149,after-market,False
2026-07-24T22:07:00+00:00,738.75,738.75,738.75,738.75,0,after-market,False
2026-07-24T22:08:00+00:00,738.76,738.76,738.76,738.76,70,after-market,False
2026-07-24T22:09:00+00:00,738.76,738.76,738.76,738.76,0,after-market,False
2026-07-24T22:10:00+00:00,738.83,738.83,738.83,738.83,69,after-market,False
2026-07-24T22:11:00+00:00,738.89,738.89,738.89,738.89,300,after-market,False
2026-07-24T22:12:00+00:00,738.78,738.78,738.78,738.78,61,after-market,False
2026-07-24T22:13:00+00:00,738.78,738.78,738.78,738.78,0,after-market,False
2026-07-24T22:14:00+00:00,738.78,738.78,738.76,738.76,407,after-market,False
2026-07-24T22:15:00+00:00,738.76,738.76,738.74,738.74,357,after-market,False
2026-07-24T22:16:00+00:00,738.72,738.82,738.72,738.82,90,after-market,False
2026-07-24T22:17:00+00:00,738.83,738.83,738.83,738.83,57,after-market,False
2026-07-24T22:18:00+00:00,738.72,738.74,738.72,738.73,1447,after-market,False
2026-07-24T22:19:00+00:00,738.7,738.7,738.7,738.7,184,after-market,False
2026-07-24T22:20:00+00:00,738.69,738.69,738.69,738.69,46,after-market,False
2026-07-24T22:21:00+00:00,738.8,738.8,738.67,738.67,459,after-market,False
2026-07-24T22:22:00+00:00,738.67,738.67,738.67,738.67,0,after-market,False
2026-07-24T22:23:00+00:00,738.67,738.68,738.67,738.67,110,after-market,False
2026-07-24T22:24:00+00:00,738.69,738.7,738.69,738.7,282,after-market,False
2026-07-24T22:25:00+00:00,738.74,738.74,738.74,738.74,257,after-market,False
2026-07-24T22:26:00+00:00,738.72,738.75,738.72,738.75,200,after-market,False
2026-07-24T22:27:00+00:00,738.76,738.97,738.76,738.97,115,after-market,False
2026-07-24T22:28:00+00:00,738.76,738.97,738.76,738.97,190,after-market,False
2026-07-24T22:29:00+00:00,738.75,738.75,738.75,738.75,60,after-market,False
2026-07-24T22:30:00+00:00,738.75,738.98,738.75,738.98,9296,after-market,False
2026-07-24T22:31:00+00:00,739.0,739.01,739.0,739.0,240,after-market,False
2026-07-24T22:32:00+00:00,739.06,739.06,739.0,739.0,2058,after-market,False
2026-07-24T22:33:00+00:00,739.0,739.01,739.0,739.01,169,after-market,False
2026-07-24T22:34:00+00:00,739.01,739.01,739.01,739.01,0,after-market,False
2026-07-24T22:35:00+00:00,739.02,739.02,739.02,739.02,98,after-market,False
2026-07-24T22:36:00+00:00,739.02,739.02,739.02,739.02,0,after-market,False
2026-07-24T22:37:00+00:00,739.02,739.02,739.02,739.02,0,after-market,False
2026-07-24T22:38:00+00:00,739.02,739.02,739.02,739.02,0,after-market,False
2026-07-24T22:39:00+00:00,739.0,739.0,739.0,739.0,160,after-market,False
2026-07-24T22:40:00+00:00,739.0,739.0,738.94,738.94,1885,after-market,False
2026-07-24T22:41:00+00:00,738.94,738.94,738.94,738.94,0,after-market,False
2026-07-24T22:42:00+00:00,738.92,738.96,738.92,738.96,298,after-market,False
2026-07-24T22:43:00+00:00,738.89,738.91,738.89,738.9,80,after-market,False
2026-07-24T22:44:00+00:00,738.9,738.9,738.9,738.9,46,after-market,False
2026-07-24T22:45:00+00:00,738.93,738.93,738.93,738.93,40,after-market,False
2026-07-24T22:46:00+00:00,738.93,738.93,738.93,738.93,0,after-market,False
2026-07-24T22:47:00+00:00,738.93,738.93,738.93,738.93,0,after-market,False
2026-07-24T22:48:00+00:00,738.76,738.76,738.76,738.76,72,after-market,False
2026-07-24T22:49:00+00:00,738.9,738.9,738.9,738.9,58,after-market,False
2026-07-24T22:50:00+00:00,738.79,738.79,738.78,738.78,1520,after-market,False
2026-07-24T22:51:00+00:00,738.8,738.93,738.8,738.85,604,after-market,False
2026-07-24T22:52:00+00:00,738.85,738.85,738.85,738.85,0,after-market,False
2026-07-24T22:53:00+00:00,738.85,738.85,738.85,738.85,0,after-market,False
2026-07-24T22:54:00+00:00,738.82,738.82,738.82,738.82,100,after-market,False
2026-07-24T22:55:00+00:00,738.9,738.9,738.9,738.9,63,after-market,False
2026-07-24T22:56:00+00:00,738.82,738.82,738.82,738.82,63,after-market,False
2026-07-24T22:57:00+00:00,738.82,738.82,738.82,738.82,215,after-market,False
2026-07-24T22:58:00+00:00,738.79,738.79,738.72,738.72,2119,after-market,False
2026-07-24T22:59:00+00:00,738.67,738.67,738.59,738.6,5063,after-market,False
2026-07-24T23:00:00+00:00,738.59,738.6,738.56,738.6,653,after-market,False
2026-07-24T23:01:00+00:00,738.6,738.6,738.6,738.6,0,after-market,False
2026-07-24T23:02:00+00:00,738.6,738.6,738.6,738.6,0,after-market,False
2026-07-24T23:03:00+00:00,738.93,738.93,738.93,738.93,100,after-market,False
2026-07-24T23:04:00+00:00,738.85,738.86,738.85,738.85,178,after-market,False
2026-07-24T23:05:00+00:00,738.85,738.85,738.85,738.85,0,after-market,False
2026-07-24T23:06:00+00:00,738.85,738.85,738.85,738.85,0,after-market,False
2026-07-24T23:07:00+00:00,738.85,738.85,738.85,738.85,0,after-market,False
2026-07-24T23:08:00+00:00,738.85,738.85,738.85,738.85,0,after-market,False
2026-07-24T23:09:00+00:00,738.85,738.85,738.85,738.85,0,after-market,False
2026-07-24T23:10:00+00:00,738.75,738.76,738.75,738.76,200,after-market,False
2026-07-24T23:11:00+00:00,738.76,738.76,738.76,738.76,0,after-market,False
2026-07-24T23:12:00+00:00,738.76,738.76,738.76,738.76,0,after-market,False
2026-07-24T23:13:00+00:00,738.76,738.76,738.76,738.76,0,after-market,False
2026-07-24T23:14:00+00:00,738.76,738.76,738.76,738.76,0,after-market,False
2026-07-24T23:15:00+00:00,738.76,738.76,738.76,738.76,0,after-market,False
2026-07-24T23:16:00+00:00,738.76,738.76,738.76,738.76,0,after-market,False
2026-07-24T23:17:00+00:00,738.62,738.62,738.55,738.56,165,after-market,False
2026-07-24T23:18:00+00:00,738.61,738.62,738.55,738.55,856,after-market,False
2026-07-24T23:19:00+00:00,738.57,738.57,738.57,738.57,100,after-market,False
2026-07-24T23:20:00+00:00,738.57,738.57,738.57,738.57,0,after-market,False
2026-07-24T23:21:00+00:00,738.57,738.57,738.57,738.57,0,after-market,False
2026-07-24T23:22:00+00:00,738.57,738.57,738.57,738.57,0,after-market,False
2026-07-24T23:23:00+00:00,738.57,738.57,738.57,738.57,0,after-market,False
2026-07-24T23:24:00+00:00,738.57,738.57,738.57,738.57,0,after-market,False
2026-07-24T23:25:00+00:00,738.58,738.58,738.56,738.56,133,after-market,False
2026-07-24T23:26:00+00:00,738.55,738.55,738.55,738.55,79,after-market,False
2026-07-24T23:27:00+00:00,738.55,738.56,738.55,738.56,184,after-market,False
2026-07-24T23:28:00+00:00,738.57,738.57,738.57,738.57,50,after-market,False
2026-07-24T23:29:00+00:00,738.57,738.57,738.57,738.57,0,after-market,False
2026-07-24T23:30:00+00:00,738.56,738.56,738.5,738.5,1707,after-market,False
2026-07-24T23:31:00+00:00,738.48,738.48,738.48,738.48,468,after-market,False
2026-07-24T23:32:00+00:00,738.6,738.6,738.6,738.6,92,after-market,False
2026-07-24T23:33:00+00:00,738.51,738.51,738.51,738.51,81,after-market,False
2026-07-24T23:34:00+00:00,738.49,738.49,738.49,738.49,75,after-market,False
2026-07-24T23:35:00+00:00,738.49,738.49,738.49,738.49,0,after-market,False
2026-07-24T23:36:00+00:00,738.48,738.48,738.46,738.46,396,after-market,False
2026-07-24T23:37:00+00:00,738.45,738.45,738.36,738.36,1098,after-market,False
2026-07-24T23:38:00+00:00,738.43,738.43,738.36,738.43,1050,after-market,False
2026-07-24T23:39:00+00:00,738.44,738.44,738.44,738.44,133,after-market,False
2026-07-24T23:40:00+00:00,738.44,738.44,738.44,738.44,0,after-market,False
2026-07-24T23:41:00+00:00,738.5,738.5,738.5,738.5,43,after-market,False
2026-07-24T23:42:00+00:00,738.5,738.53,738.36,738.53,300,after-market,False
2026-07-24T23:43:00+00:00,738.53,738.53,738.53,738.53,0,after-market,False
2026-07-24T23:44:00+00:00,738.53,738.53,738.53,738.53,0,after-market,False
2026-07-24T23:45:00+00:00,738.53,738.69,738.53,738.69,346,after-market,False
2026-07-24T23:46:00+00:00,738.51,738.51,738.45,738.45,1050,after-market,False
2026-07-24T23:47:00+00:00,738.45,738.45,738.45,738.45,0,after-market,False
2026-07-24T23:48:00+00:00,738.36,738.37,738.27,738.32,1939,after-market,False
2026-07-24T23:49:00+00:00,738.32,738.32,738.27,738.27,848,after-market,False
2026-07-24T23:50:00+00:00,738.26,738.32,738.25,738.31,632,after-market,False
2026-07-24T23:51:00+00:00,738.31,738.31,738.31,738.31,0,after-market,False
2026-07-24T23:52:00+00:00,738.28,738.32,738.28,738.32,550,after-market,False
2026-07-24T23:53:00+00:00,738.32,738.32,738.31,738.32,49,after-market,False
2026-07-24T23:54:00+00:00,738.3,738.3,738.23,738.23,796,after-market,False
2026-07-24T23:55:00+00:00,738.25,738.31,738.23,738.31,464,after-market,False
2026-07-24T23:56:00+00:00,738.31,738.38,738.23,738.35,1993,after-market,False
2026-07-24T23:57:00+00:00,738.35,738.35,738.32,738.32,898,after-market,False
2026-07-24T23:58:00+00:00,738.43,738.43,738.33,738.4,1347,after-market,False
2026-07-24T23:59:00+00:00,738.33,738.66,738.22,738.66,1411,after-market,False
2026-07-27T08:00:00+00:00,744.23,745.79,744.1,744.98,7919,pre-market,False
2026-07-27T08:01:00+00:00,745.03,746.0,744.18,745.27,18530,pre-market,False
2026-07-27T08:02:00+00:00,745.67,745.76,744.75,745.09,7649,pre-market,False
2026-07-27T08:03:00+00:00,745.1,745.14,744.99,745.03,1186,pre-market,False
2026-07-27T08:04:00+00:00,744.94,745.01,744.9,744.92,1218,pre-market,False
2026-07-27T08:05:00+00:00,744.94,745.05,744.91,745.02,1134,pre-market,False
2026-07-27T08:06:00+00:00,745.01,745.06,744.99,745.04,1261,pre-market,False
2026-07-27T08:07:00+00:00,745.08,745.24,745.08,745.24,2111,pre-market,False
2026-07-27T08:08:00+00:00,745.24,745.24,745.15,745.16,301,pre-market,False
2026-07-27T08:09:00+00:00,745.12,745.21,745.11,745.2,1439,pre-market,False
2026-07-27T08:10:00+00:00,745.22,745.23,745.19,745.22,215,pre-market,False
2026-07-27T08:11:00+00:00,745.23,745.23,745.23,745.23,40,pre-market,False
2026-07-27T08:12:00+00:00,745.07,745.07,745.07,745.07,80,pre-market,False
2026-07-27T08:13:00+00:00,745.07,745.07,745.07,745.07,0,pre-market,False
2026-07-27T08:14:00+00:00,745.17,745.32,745.17,745.31,1097,pre-market,False
2026-07-27T08:15:00+00:00,745.3,745.32,745.27,745.27,221,pre-market,False
2026-07-27T08:16:00+00:00,745.12,745.26,745.12,745.24,585,pre-market,False
2026-07-27T08:17:00+00:00,745.23,745.3,745.23,745.3,80,pre-market,False
2026-07-27T08:18:00+00:00,745.27,745.32,745.27,745.32,834,pre-market,False
2026-07-27T08:19:00+00:00,745.36,745.43,745.36,745.43,140,pre-market,False
2026-07-27T08:20:00+00:00,745.45,745.47,745.45,745.45,198,pre-market,False
2026-07-27T08:21:00+00:00,745.38,745.38,745.38,745.38,73,pre-market,False
2026-07-27T08:22:00+00:00,745.36,745.36,745.36,745.36,40,pre-market,False
2026-07-27T08:23:00+00:00,745.37,745.37,745.37,745.37,50,pre-market,False
2026-07-27T08:24:00+00:00,745.35,745.35,745.35,745.35,40,pre-market,False
2026-07-27T08:25:00+00:00,745.35,745.35,745.35,745.35,0,pre-market,False
2026-07-27T08:26:00+00:00,745.39,745.39,745.39,745.39,54,pre-market,False
2026-07-27T08:27:00+00:00,745.42,745.42,745.42,745.42,240,pre-market,False
2026-07-27T08:28:00+00:00,745.44,745.51,745.42,745.49,435,pre-market,False
2026-07-27T08:29:00+00:00,745.51,745.65,745.51,745.63,275,pre-market,False
2026-07-27T08:30:00+00:00,745.67,745.67,745.59,745.59,229,pre-market,False
2026-07-27T08:31:00+00:00,745.59,745.59,745.58,745.59,200,pre-market,False
2026-07-27T08:32:00+00:00,745.69,745.71,745.69,745.71,205,pre-market,False
2026-07-27T08:33:00+00:00,745.71,745.74,745.68,745.74,450,pre-market,False
2026-07-27T08:34:00+00:00,745.72,745.72,745.72,745.72,136,pre-market,False
2026-07-27T08:35:00+00:00,745.72,745.72,745.72,745.72,0,pre-market,False
2026-07-27T08:36:00+00:00,745.64,745.65,745.64,745.64,144,pre-market,False
2026-07-27T08:37:00+00:00,745.55,745.62,745.55,745.62,86,pre-market,False
2026-07-27T08:38:00+00:00,745.57,745.57,745.57,745.57,100,pre-market,False
2026-07-27T08:39:00+00:00,745.71,745.72,745.65,745.65,200,pre-market,False
2026-07-27T08:40:00+00:00,745.72,745.72,745.69,745.69,324,pre-market,False
2026-07-27T08:41:00+00:00,745.76,745.76,745.76,745.76,50,pre-market,False
2026-07-27T08:42:00+00:00,745.95,746.07,745.95,746.03,3651,pre-market,False
2026-07-27T08:43:00+00:00,745.99,745.99,745.94,745.96,225,pre-market,False
2026-07-27T08:44:00+00:00,745.95,746.03,745.95,746.03,881,pre-market,False
2026-07-27T08:45:00+00:00,746.06,746.06,745.97,745.97,680,pre-market,False
2026-07-27T08:46:00+00:00,745.92,745.93,745.92,745.92,270,pre-market,False
2026-07-27T08:47:00+00:00,745.89,745.89,745.89,745.89,40,pre-market,False
2026-07-27T08:48:00+00:00,745.89,745.89,745.89,745.89,0,pre-market,False
2026-07-27T08:49:00+00:00,745.94,745.96,745.94,745.96,4271,pre-market,False
2026-07-27T08:50:00+00:00,745.95,745.97,745.92,745.93,5913,pre-market,False
2026-07-27T08:51:00+00:00,745.93,745.94,745.87,745.87,536,pre-market,False
2026-07-27T08:52:00+00:00,745.88,745.96,745.88,745.96,500,pre-market,False
2026-07-27T08:53:00+00:00,745.85,745.87,745.85,745.87,340,pre-market,False
2026-07-27T08:54:00+00:00,745.91,746.11,745.9,746.11,6280,pre-market,False
2026-07-27T08:55:00+00:00,746.08,746.08,746.08,746.08,280,pre-market,False
2026-07-27T08:56:00+00:00,746.06,746.06,745.91,745.91,754,pre-market,False
2026-07-27T08:57:00+00:00,746.02,746.11,746.01,746.11,381,pre-market,False
2026-07-27T08:58:00+00:00,746.04,746.04,746.04,746.04,45,pre-market,False
2026-07-27T08:59:00+00:00,746.04,746.04,746.02,746.02,255,pre-market,False
2026-07-27T09:00:00+00:00,746.04,746.04,745.78,745.78,237,pre-market,False
2026-07-27T09:01:00+00:00,745.82,745.82,745.82,745.82,80,pre-market,False
2026-07-27T09:02:00+00:00,745.86,745.89,745.86,745.88,1810,pre-market,False
2026-07-27T09:03:00+00:00,745.88,745.88,745.88,745.88,0,pre-market,False
2026-07-27T09:04:00+00:00,745.88,745.88,745.88,745.88,0,pre-market,False
2026-07-27T09:05:00+00:00,745.88,745.88,745.88,745.88,0,pre-market,False
2026-07-27T09:06:00+00:00,745.88,745.89,745.88,745.89,191,pre-market,False
2026-07-27T09:07:00+00:00,745.89,745.89,745.89,745.89,0,pre-market,False
2026-07-27T09:08:00+00:00,745.83,745.85,745.8,745.85,236,pre-market,False
2026-07-27T09:09:00+00:00,745.81,745.81,745.81,745.81,140,pre-market,False
2026-07-27T09:10:00+00:00,745.83,745.83,745.83,745.83,49,pre-market,False
2026-07-27T09:11:00+00:00,745.83,745.83,745.83,745.83,0,pre-market,False
2026-07-27T09:12:00+00:00,745.86,745.86,745.86,745.86,74,pre-market,False
2026-07-27T09:13:00+00:00,745.86,745.86,745.86,745.86,0,pre-market,False
2026-07-27T09:14:00+00:00,745.84,745.84,745.84,745.84,40,pre-market,False
2026-07-27T09:15:00+00:00,745.8,745.82,745.8,745.82,134,pre-market,False
2026-07-27T09:16:00+00:00,745.82,745.82,745.82,745.82,0,pre-market,False
2026-07-27T09:17:00+00:00,745.87,745.87,745.86,745.86,177,pre-market,False
2026-07-27T09:18:00+00:00,745.89,745.89,745.89,745.89,45,pre-market,False
2026-07-27T09:19:00+00:00,745.79,745.82,745.79,745.82,118,pre-market,False
2026-07-27T09:20:00+00:00,745.84,745.86,745.84,745.86,124,pre-market,False
2026-07-27T09:21:00+00:00,745.86,745.94,745.86,745.94,166,pre-market,False
2026-07-27T09:22:00+00:00,746.04,746.04,746.01,746.01,624,pre-market,False
2026-07-27T09:23:00+00:00,745.99,746.0,745.98,746.0,240,pre-market,False
2026-07-27T09:24:00+00:00,745.95,745.95,745.95,745.95,226,pre-market,False
2026-07-27T09:25:00+00:00,745.95,745.95,745.95,745.95,0,pre-market,False
2026-07-27T09:26:00+00:00,746.04,746.09,746.04,746.06,241,pre-market,False
2026-07-27T09:27:00+00:00,746.06,746.06,746.06,746.06,0,pre-market,False
2026-07-27T09:28:00+00:00,746.05,746.05,745.93,745.93,356,pre-market,False
2026-07-27T09:29:00+00:00,745.93,745.93,745.93,745.93,0,pre-market,False
2026-07-27T09:30:00+00:00,745.89,745.89,745.8,745.83,299,pre-market,False
2026-07-27T09:31:00+00:00,745.86,745.86,745.86,745.86,53,pre-market,False
2026-07-27T09:32:00+00:00,745.97,746.0,745.96,746.0,400,pre-market,False
2026-07-27T09:33:00+00:00,746.0,746.0,746.0,746.0,0,pre-market,False
2026-07-27T09:34:00+00:00,745.93,745.96,745.93,745.96,140,pre-market,False
2026-07-27T09:35:00+00:00,745.96,745.96,745.96,745.96,0,pre-market,False
2026-07-27T09:36:00+00:00,745.96,745.96,745.96,745.96,0,pre-market,False
2026-07-27T09:37:00+00:00,746.13,746.2,746.09,746.17,1667,pre-market,False
2026-07-27T09:38:00+00:00,746.07,746.07,746.0,746.0,1179,pre-market,False
2026-07-27T09:39:00+00:00,746.07,746.07,746.07,746.07,100,pre-market,False
2026-07-27T09:40:00+00:00,746.18,746.19,746.16,746.19,166,pre-market,False
2026-07-27T09:41:00+00:00,746.16,746.17,746.14,746.17,193,pre-market,False
2026-07-27T09:42:00+00:00,746.11,746.21,746.11,746.21,492,pre-market,False
2026-07-27T09:43:00+00:00,746.19,746.25,746.17,746.25,1690,pre-market,False
2026-07-27T09:44:00+00:00,746.29,746.35,746.25,746.32,2101,pre-market,False
2026-07-27T09:45:00+00:00,746.33,746.33,746.27,746.27,192,pre-market,False
2026-07-27T09:46:00+00:00,746.3,746.36,746.3,746.34,444,pre-market,False
2026-07-27T09:47:00+00:00,746.38,746.39,746.38,746.39,750,pre-market,False
2026-07-27T09:48:00+00:00,746.45,746.53,746.45,746.46,1432,pre-market,False
2026-07-27T09:49:00+00:00,746.45,746.51,746.45,746.5,140,pre-market,False
2026-07-27T09:50:00+00:00,746.43,746.46,746.43,746.46,740,pre-market,False
2026-07-27T09:51:00+00:00,746.43,746.49,746.43,746.48,833,pre-market,False
2026-07-27T09:52:00+00:00,746.45,746.48,746.45,746.48,200,pre-market,False
2026-07-27T09:53:00+00:00,746.47,746.48,746.44,746.48,302,pre-market,False
2026-07-27T09:54:00+00:00,746.44,746.47,746.44,746.47,129,pre-market,False
2026-07-27T09:55:00+00:00,746.43,746.43,746.43,746.43,44,pre-market,False
2026-07-27T09:56:00+00:00,746.43,746.43,746.43,746.43,0,pre-market,False
2026-07-27T09:57:00+00:00,746.42,746.44,746.35,746.35,131,pre-market,False
2026-07-27T09:58:00+00:00,746.34,746.39,746.34,746.39,648,pre-market,False
2026-07-27T09:59:00+00:00,746.39,746.39,746.39,746.39,0,pre-market,False
2026-07-27T10:00:00+00:00,746.35,746.4,746.35,746.4,342,pre-market,False
2026-07-27T10:01:00+00:00,746.36,746.43,746.33,746.38,1860,pre-market,False
2026-07-27T10:02:00+00:00,746.38,746.38,746.38,746.38,0,pre-market,False
2026-07-27T10:03:00+00:00,746.42,746.43,746.42,746.43,226,pre-market,False
2026-07-27T10:04:00+00:00,746.41,746.41,746.36,746.36,249,pre-market,False
2026-07-27T10:05:00+00:00,746.36,746.36,746.36,746.36,0,pre-market,False
2026-07-27T10:06:00+00:00,746.4,746.4,746.39,746.4,360,pre-market,False
2026-07-27T10:07:00+00:00,746.32,746.38,746.32,746.38,186,pre-market,False
2026-07-27T10:08:00+00:00,746.35,746.35,746.31,746.33,195,pre-market,False
2026-07-27T10:09:00+00:00,746.3,746.31,746.29,746.3,1664,pre-market,False
2026-07-27T10:10:00+00:00,746.21,746.21,746.08,746.08,684,pre-market,False
2026-07-27T10:11:00+00:00,746.0,746.0,746.0,746.0,77,pre-market,False
2026-07-27T10:12:00+00:00,746.03,746.03,746.0,746.0,260,pre-market,False
2026-07-27T10:13:00+00:00,746.12,746.14,746.12,746.13,108,pre-market,False
2026-07-27T10:14:00+00:00,746.18,746.18,746.18,746.18,100,pre-market,False
2026-07-27T10:15:00+00:00,746.25,746.25,746.25,746.25,73,pre-market,False
2026-07-27T10:16:00+00:00,746.2,746.29,746.2,746.29,573,pre-market,False
2026-07-27T10:17:00+00:00,746.29,746.29,746.29,746.29,0,pre-market,False
2026-07-27T10:18:00+00:00,746.12,746.12,746.11,746.11,790,pre-market,False
2026-07-27T10:19:00+00:00,746.19,746.19,746.18,746.18,134,pre-market,False
2026-07-27T10:20:00+00:00,746.27,746.28,746.21,746.21,310,pre-market,False
2026-07-27T10:21:00+00:00,746.19,746.2,746.19,746.19,50,pre-market,False
2026-07-27T10:22:00+00:00,746.23,746.27,746.2,746.2,689,pre-market,False
2026-07-27T10:23:00+00:00,746.2,746.2,746.18,746.18,194,pre-market,False
2026-07-27T10:24:00+00:00,746.18,746.18,746.18,746.18,0,pre-market,False
2026-07-27T10:25:00+00:00,746.1,746.12,746.09,746.12,1442,pre-market,False
2026-07-27T10:26:00+00:00,746.13,746.13,746.12,746.12,233,pre-market,False
2026-07-27T10:27:00+00:00,746.12,746.14,746.12,746.14,332,pre-market,False
2026-07-27T10:28:00+00:00,746.28,746.3,746.25,746.25,2848,pre-market,False
2026-07-27T10:29:00+00:00,746.25,746.25,746.25,746.25,2214,pre-market,False
2026-07-27T10:30:00+00:00,746.23,746.49,746.19,746.19,18624,pre-market,False
2026-07-27T10:31:00+00:00,746.16,746.16,746.15,746.15,1508,pre-market,False
2026-07-27T10:32:00+00:00,746.17,746.18,746.17,746.18,105,pre-market,False
2026-07-27T10:33:00+00:00,746.15,746.18,746.15,746.18,80,pre-market,False
2026-07-27T10:34:00+00:00,746.18,746.18,746.18,746.18,0,pre-market,False
2026-07-27T10:35:00+00:00,746.16,746.16,746.1,746.1,1369,pre-market,False
2026-07-27T10:36:00+00:00,746.14,746.15,746.14,746.14,330,pre-market,False
2026-07-27T10:37:00+00:00,746.15,746.15,746.15,746.15,41,pre-market,False
2026-07-27T10:38:00+00:00,746.13,746.13,746.13,746.13,47,pre-market,False
2026-07-27T10:39:00+00:00,746.17,746.2,746.17,746.2,91,pre-market,False
2026-07-27T10:40:00+00:00,746.22,746.22,746.17,746.2,228,pre-market,False
2026-07-27T10:41:00+00:00,746.23,746.23,746.19,746.2,596,pre-market,False
2026-07-27T10:42:00+00:00,746.18,746.28,746.18,746.28,2686,pre-market,False
2026-07-27T10:43:00+00:00,746.28,746.39,746.28,746.37,8336,pre-market,False
2026-07-27T10:44:00+00:00,746.38,746.4,746.35,746.36,637,pre-market,False
2026-07-27T10:45:00+00:00,746.36,746.36,746.36,746.36,0,pre-market,False
2026-07-27T10:46:00+00:00,746.36,746.36,746.36,746.36,0,pre-market,False
2026-07-27T10:47:00+00:00,746.25,746.25,746.25,746.25,1120,pre-market,False
2026-07-27T10:48:00+00:00,746.32,746.32,746.3,746.31,1221,pre-market,False
2026-07-27T10:49:00+00:00,746.37,746.5,746.37,746.46,15244,pre-market,False
2026-07-27T10:50:00+00:00,746.39,746.39,746.35,746.36,2725,pre-market,False
2026-07-27T10:51:00+00:00,746.35,746.36,746.35,746.35,5303,pre-market,False
2026-07-27T10:52:00+00:00,746.32,746.35,746.3,746.35,7852,pre-market,False
2026-07-27T10:53:00+00:00,746.34,746.4,746.34,746.4,2785,pre-market,False
2026-07-27T10:54:00+00:00,746.4,746.4,746.39,746.4,969,pre-market,False
2026-07-27T10:55:00+00:00,746.43,746.53,746.43,746.53,1144,pre-market,False
2026-07-27T10:56:00+00:00,746.43,746.48,746.43,746.48,1115,pre-market,False
2026-07-27T10:57:00+00:00,746.33,746.33,746.33,746.33,99,pre-market,False
2026-07-27T10:58:00+00:00,746.33,746.33,746.3,746.3,171,pre-market,False
2026-07-27T10:59:00+00:00,746.33,746.33,746.3,746.3,82,pre-market,False
2026-07-27T11:00:00+00:00,746.28,746.33,746.17,746.17,11051,pre-market,False
2026-07-27T11:01:00+00:00,746.2,746.24,746.17,746.24,2095,pre-market,False
2026-07-27T11:02:00+00:00,746.16,746.17,746.13,746.13,845,pre-market,False
2026-07-27T11:03:00+00:00,746.13,746.13,745.97,746.01,4256,pre-market,False
2026-07-27T11:04:00+00:00,746.07,746.11,746.04,746.08,1133,pre-market,False
2026-07-27T11:05:00+00:00,746.04,746.04,745.99,746.0,1564,pre-market,False
2026-07-27T11:06:00+00:00,746.01,746.02,745.97,746.02,5099,pre-market,False
2026-07-27T11:07:00+00:00,746.08,746.08,745.96,746.0,7671,pre-market,False
2026-07-27T11:08:00+00:00,746.0,746.06,745.98,746.02,5983,pre-market,False
2026-07-27T11:09:00+00:00,746.02,746.03,745.96,745.96,1935,pre-market,False
2026-07-27T11:10:00+00:00,745.96,745.96,745.96,745.96,67,pre-market,False
2026-07-27T11:11:00+00:00,746.0,746.05,746.0,746.01,14737,pre-market,False
2026-07-27T11:12:00+00:00,745.99,745.99,745.94,745.95,1861,pre-market,False
2026-07-27T11:13:00+00:00,745.89,745.89,745.8,745.82,7024,pre-market,False
2026-07-27T11:14:00+00:00,745.86,745.91,745.84,745.91,526,pre-market,False
2026-07-27T11:15:00+00:00,745.86,745.89,745.85,745.89,811,pre-market,False
2026-07-27T11:16:00+00:00,745.91,746.02,745.9,746.02,1065,pre-market,False
2026-07-27T11:17:00+00:00,746.02,746.02,745.94,746.0,210,pre-market,False
2026-07-27T11:18:00+00:00,745.96,745.96,745.85,745.85,910,pre-market,False
2026-07-27T11:19:00+00:00,745.83,745.85,745.8,745.8,1997,pre-market,False
2026-07-27T11:20:00+00:00,745.75,745.77,745.71,745.76,727,pre-market,False
2026-07-27T11:21:00+00:00,745.73,745.79,745.71,745.76,5458,pre-market,False
2026-07-27T11:22:00+00:00,745.76,745.81,745.76,745.81,1590,pre-market,False
2026-07-27T11:23:00+00:00,745.84,745.86,745.71,745.71,1362,pre-market,False
2026-07-27T11:24:00+00:00,745.71,745.71,745.7,745.7,526,pre-market,False
2026-07-27T11:25:00+00:00,745.73,745.8,745.73,745.8,1198,pre-market,False
2026-07-27T11:26:00+00:00,745.77,745.78,745.52,745.52,3092,pre-market,False
2026-07-27T11:27:00+00:00,745.52,745.57,745.51,745.53,710,pre-market,False
2026-07-27T11:28:00+00:00,745.52,745.52,745.5,745.5,633,pre-market,False
2026-07-27T11:29:00+00:00,745.52,745.53,744.93,744.99,3237,pre-market,False
2026-07-27T11:30:00+00:00,745.11,745.51,745.09,745.51,7515,pre-market,False
2026-07-27T11:31:00+00:00,745.52,745.58,745.52,745.58,290,pre-market,False
2026-07-27T11:32:00+00:00,745.54,745.54,745.34,745.34,1395,pre-market,False
2026-07-27T11:33:00+00:00,745.31,745.4,745.22,745.4,2339,pre-market,False
2026-07-27T11:34:00+00:00,745.3,745.33,745.29,745.33,5158,pre-market,False
2026-07-27T11:35:00+00:00,745.38,745.5,745.38,745.5,1000,pre-market,False
2026-07-27T11:36:00+00:00,745.43,745.59,745.43,745.59,1567,pre-market,False
2026-07-27T11:37:00+00:00,745.55,745.6,745.54,745.56,2046,pre-market,False
2026-07-27T11:38:00+00:00,745.56,745.59,745.51,745.54,2902,pre-market,False
2026-07-27T11:39:00+00:00,745.57,745.58,745.55,745.55,224,pre-market,False
2026-07-27T11:40:00+00:00,745.55,745.58,745.52,745.58,366,pre-market,False
2026-07-27T11:41:00+00:00,745.5,745.5,745.4,745.4,452,pre-market,False
2026-07-27T11:42:00+00:00,745.44,745.49,745.43,745.49,830,pre-market,False
2026-07-27T11:43:00+00:00,745.41,745.41,745.05,745.34,16620,pre-market,False
2026-07-27T11:44:00+00:00,745.39,745.46,745.39,745.45,4128,pre-market,False
2026-07-27T11:45:00+00:00,745.33,745.35,745.33,745.34,164,pre-market,False
2026-07-27T11:46:00+00:00,745.39,745.39,745.39,745.39,67,pre-market,False
2026-07-27T11:47:00+00:00,745.39,745.39,745.35,745.39,768,pre-market,False
2026-07-27T11:48:00+00:00,745.39,745.39,745.25,745.31,561,pre-market,False
2026-07-27T11:49:00+00:00,745.4,745.4,745.34,745.4,2653,pre-market,False
2026-07-27T11:50:00+00:00,745.4,745.5,745.38,745.47,8228,pre-market,False
2026-07-27T11:51:00+00:00,745.47,745.47,745.47,745.47,134,pre-market,False
2026-07-27T11:52:00+00:00,745.4,745.4,745.36,745.37,207,pre-market,False
2026-07-27T11:53:00+00:00,745.32,745.32,745.31,745.31,145,pre-market,False
2026-07-27T11:54:00+00:00,745.32,745.32,745.31,745.32,172,pre-market,False
2026-07-27T11:55:00+00:00,745.33,745.4,745.27,745.33,5736,pre-market,False
2026-07-27T11:56:00+00:00,745.35,745.35,745.33,745.33,347,pre-market,False
2026-07-27T11:57:00+00:00,745.35,745.36,745.35,745.36,189,pre-market,False
2026-07-27T11:58:00+00:00,745.37,745.37,745.3,745.34,732,pre-market,False
2026-07-27T11:59:00+00:00,745.32,745.36,745.27,745.36,1520,pre-market,False
2026-07-27T12:00:00+00:00,745.53,745.53,745.41,745.42,1735,pre-market,False
2026-07-27T12:01:00+00:00,745.44,745.5,745.33,745.46,712,pre-market,False
2026-07-27T12:02:00+00:00,745.44,745.5,745.44,745.5,2318,pre-market,False
2026-07-27T12:03:00+00:00,745.5,745.55,745.46,745.55,604,pre-market,False
2026-07-27T12:04:00+00:00,745.57,745.65,745.56,745.65,1119,pre-market,False
2026-07-27T12:05:00+00:00,745.54,745.54,745.43,745.48,247,pre-market,False
2026-07-27T12:06:00+00:00,745.5,745.56,745.49,745.56,167,pre-market,False
2026-07-27T12:07:00+00:00,745.59,745.61,745.5,745.5,384,pre-market,False
2026-07-27T12:08:00+00:00,745.5,745.5,745.5,745.5,50,pre-market,False
2026-07-27T12:09:00+00:00,745.48,745.52,745.42,745.42,415,pre-market,False
2026-07-27T12:10:00+00:00,745.4,745.4,745.19,745.19,583,pre-market,False
2026-07-27T12:11:00+00:00,745.11,745.15,745.0,745.0,1382,pre-market,False
2026-07-27T12:12:00+00:00,745.0,745.01,744.91,744.91,1127,pre-market,False
2026-07-27T12:13:00+00:00,744.92,744.92,744.67,744.68,2325,pre-market,False
2026-07-27T12:14:00+00:00,744.68,744.71,744.62,744.66,2371,pre-market,False
2026-07-27T12:15:00+00:00,744.72,744.79,744.7,744.7,1560,pre-market,False
2026-07-27T12:16:00+00:00,744.7,744.88,744.7,744.88,506,pre-market,False
2026-07-27T12:17:00+00:00,744.85,744.85,744.82,744.82,678,pre-market,False
2026-07-27T12:18:00+00:00,744.78,744.8,744.77,744.8,654,pre-market,False
2026-07-27T12:19:00+00:00,744.86,744.87,744.8,744.8,1040,pre-market,False
2026-07-27T12:20:00+00:00,744.79,744.79,744.75,744.75,655,pre-market,False
2026-07-27T12:21:00+00:00,744.8,744.8,744.78,744.8,438,pre-market,False
2026-07-27T12:22:00+00:00,744.73,744.74,744.64,744.74,4041,pre-market,False
2026-07-27T12:23:00+00:00,744.75,744.88,744.72,744.88,1630,pre-market,False
2026-07-27T12:24:00+00:00,744.9,744.9,744.85,744.86,1285,pre-market,False
2026-07-27T12:25:00+00:00,744.85,744.95,744.85,744.95,2315,pre-market,False
2026-07-27T12:26:00+00:00,744.94,745.0,744.84,744.84,3551,pre-market,False
2026-07-27T12:27:00+00:00,744.87,745.02,744.86,745.0,4346,pre-market,False
2026-07-27T12:28:00+00:00,745.02,745.06,745.0,745.0,3079,pre-market,False
2026-07-27T12:29:00+00:00,745.02,745.02,744.98,745.0,1274,pre-market,False
2026-07-27T12:30:00+00:00,744.96,745.01,744.84,745.0,1840,pre-market,False
2026-07-27T12:31:00+00:00,744.94,744.99,744.87,744.87,1652,pre-market,False
2026-07-27T12:32:00+00:00,744.9,744.9,744.85,744.85,1832,pre-market,False
2026-07-27T12:33:00+00:00,744.84,744.89,744.83,744.89,2442,pre-market,False
2026-07-27T12:34:00+00:00,744.92,745.06,744.92,745.06,2269,pre-market,False
2026-07-27T12:35:00+00:00,745.05,745.2,745.05,745.2,2589,pre-market,False
2026-07-27T12:36:00+00:00,745.12,745.24,745.12,745.24,1957,pre-market,False
2026-07-27T12:37:00+00:00,745.17,745.23,745.16,745.18,2407,pre-market,False
2026-07-27T12:38:00+00:00,745.18,745.25,745.17,745.24,2030,pre-market,False
2026-07-27T12:39:00+00:00,745.26,745.28,745.15,745.15,1839,pre-market,False
2026-07-27T12:40:00+00:00,745.25,745.25,745.12,745.14,1485,pre-market,False
2026-07-27T12:41:00+00:00,745.09,745.12,745.09,745.1,1162,pre-market,False
2026-07-27T12:42:00+00:00,745.13,745.18,745.11,745.17,857,pre-market,False
2026-07-27T12:43:00+00:00,745.16,745.19,745.06,745.18,2245,pre-market,False
2026-07-27T12:44:00+00:00,745.19,745.33,745.18,745.31,13366,pre-market,False
2026-07-27T12:45:00+00:00,745.25,745.37,745.25,745.34,2234,pre-market,False
2026-07-27T12:46:00+00:00,745.36,745.41,745.35,745.36,1523,pre-market,False
2026-07-27T12:47:00+00:00,745.38,745.46,745.35,745.38,3070,pre-market,False
2026-07-27T12:48:00+00:00,745.41,745.51,745.41,745.47,3071,pre-market,False
2026-07-27T12:49:00+00:00,745.47,745.51,745.4,745.44,4861,pre-market,False
2026-07-27T12:50:00+00:00,745.46,745.5,745.42,745.49,3314,pre-market,False
2026-07-27T12:51:00+00:00,745.3,745.37,745.23,745.31,2431,pre-market,False
2026-07-27T12:52:00+00:00,745.34,745.38,745.34,745.38,1756,pre-market,False
2026-07-27T12:53:00+00:00,745.43,745.48,745.43,745.47,5936,pre-market,False
2026-07-27T12:54:00+00:00,745.46,745.49,745.44,745.47,1542,pre-market,False
2026-07-27T12:55:00+00:00,745.47,745.52,745.47,745.47,3104,pre-market,False
2026-07-27T12:56:00+00:00,745.5,745.53,745.37,745.37,1740,pre-market,False
2026-07-27T12:57:00+00:00,745.33,745.36,745.27,745.3,9910,pre-market,False
2026-07-27T12:58:00+00:00,745.3,745.37,745.27,745.33,1503,pre-market,False
2026-07-27T12:59:00+00:00,745.31,745.4,745.31,745.4,713,pre-market,False
2026-07-27T13:00:00+00:00,745.46,745.57,745.35,745.42,18691,pre-market,False
2026-07-27T13:01:00+00:00,745.34,745.35,745.14,745.22,1506,pre-market,False
2026-07-27T13:02:00+00:00,745.21,745.33,745.21,745.33,2718,pre-market,False
2026-07-27T13:03:00+00:00,745.38,745.44,745.36,745.43,2763,pre-market,False
2026-07-27T13:04:00+00:00,745.36,745.41,745.36,745.38,797,pre-market,False
2026-07-27T13:05:00+00:00,745.29,745.29,745.12,745.22,1387,pre-market,False
2026-07-27T13:06:00+00:00,745.22,745.22,745.14,745.15,2474,pre-market,False
2026-07-27T13:07:00+00:00,745.17,745.21,745.15,745.16,1612,pre-market,False
2026-07-27T13:08:00+00:00,745.19,745.22,745.16,745.22,1757,pre-market,False
2026-07-27T13:09:00+00:00,745.24,745.35,745.2,745.35,4579,pre-market,False
2026-07-27T13:10:00+00:00,745.35,745.39,745.3,745.36,6994,pre-market,False
2026-07-27T13:11:00+00:00,745.39,745.53,745.39,745.52,5885,pre-market,False
2026-07-27T13:12:00+00:00,745.52,745.63,745.48,745.59,3862,pre-market,False
2026-07-27T13:13:00+00:00,745.59,745.59,745.45,745.45,1542,pre-market,False
2026-07-27T13:14:00+00:00,745.48,745.49,745.32,745.33,1023,pre-market,False
2026-07-27T13:15:00+00:00,745.34,745.47,745.33,745.4,1196,pre-market,False
2026-07-27T13:16:00+00:00,745.37,745.37,745.27,745.31,932,pre-market,False
2026-07-27T13:17:00+00:00,745.27,745.4,745.19,745.4,2389,pre-market,False
2026-07-27T13:18:00+00:00,745.29,745.3,745.15,745.15,3120,pre-market,False
2026-07-27T13:19:00+00:00,745.15,745.16,745.0,745.06,4345,pre-market,False
2026-07-27T13:20:00+00:00,745.03,745.09,745.0,745.09,47055,pre-market,False
2026-07-27T13:21:00+00:00,745.05,745.1,744.98,745.05,8482,pre-market,False
2026-07-27T13:22:00+00:00,745.08,745.15,745.01,745.15,4028,pre-market,False
2026-07-27T13:23:00+00:00,745.14,745.14,745.07,745.11,1489,pre-market,False
2026-07-27T13:24:00+00:00,745.07,745.13,745.03,745.04,2931,pre-market,False
2026-07-27T13:25:00+00:00,745.04,745.06,744.93,745.03,8384,pre-market,False
2026-07-27T13:26:00+00:00,745.01,745.21,745.0,745.21,12088,pre-market,False
2026-07-27T13:27:00+00:00,745.28,745.3,745.13,745.22,10066,pre-market,False
2026-07-27T13:28:00+00:00,745.23,745.23,745.08,745.12,17063,pre-market,False
2026-07-27T13:29:00+00:00,745.11,745.21,744.83,744.83,20758,pre-market,False
2026-07-27T13:31:00+00:00,744.65,744.88,744.43,744.58,249985,regular,False
2026-07-27T13:32:00+00:00,744.6,744.9,744.38,744.47,182441,regular,False
2026-07-27T13:33:00+00:00,744.48,744.58,743.94,744.08,90388,regular,False
2026-07-27T13:34:00+00:00,744.09,744.7,743.95,744.66,102644,regular,False
2026-07-27T13:35:00+00:00,744.66,745.46,744.57,745.46,128752,regular,False
2026-07-27T13:36:00+00:00,745.47,745.53,745.2,745.28,136226,regular,False
2026-07-27T13:37:00+00:00,745.29,745.49,745.21,745.35,191195,regular,False
2026-07-27T13:38:00+00:00,745.34,745.52,745.13,745.17,81292,regular,False
2026-07-27T13:39:00+00:00,745.19,745.22,744.91,744.97,82511,regular,False
2026-07-27T13:40:00+00:00,744.97,745.07,744.62,744.62,72394,regular,False
2026-07-27T13:41:00+00:00,744.62,744.8,744.45,744.62,102440,regular,False
2026-07-27T13:42:00+00:00,744.61,744.73,743.94,744.03,58453,regular,False
2026-07-27T13:43:00+00:00,744.01,744.09,743.45,743.68,174749,regular,False
2026-07-27T13:44:00+00:00,743.71,743.76,743.44,743.45,97728,regular,False
2026-07-27T13:45:00+00:00,743.48,743.9,743.44,743.9,186451,regular,False
2026-07-27T13:46:00+00:00,743.88,744.04,743.24,743.28,87496,regular,False
2026-07-27T13:47:00+00:00,743.29,743.72,743.2,743.34,110611,regular,False
2026-07-27T13:48:00+00:00,743.34,743.79,743.23,743.77,62742,regular,False
2026-07-27T13:49:00+00:00,743.8,744.15,743.74,743.8,98837,regular,False
2026-07-27T13:52:00+00:00,744.08,744.17,743.67,743.7,70834,regular,False
2026-07-27T13:53:00+00:00,743.69,743.74,743.4,743.74,56430,regular,False
2026-07-27T13:54:00+00:00,743.74,743.86,743.37,743.45,67251,regular,False
2026-07-27T13:55:00+00:00,743.43,743.46,743.07,743.14,93891,regular,False
2026-07-27T13:56:00+00:00,743.14,743.16,742.71,742.74,87935,regular,False
2026-07-27T13:57:00+00:00,742.74,742.96,742.39,742.42,95005,regular,False
2026-07-27T13:58:00+00:00,742.43,742.47,741.87,741.87,99739,regular,False
2026-07-27T13:59:00+00:00,741.86,742.01,741.6,741.6,156526,regular,False
2026-07-27T14:00:00+00:00,741.6,741.93,741.22,741.92,278023,regular,False
2026-07-27T14:01:00+00:00,741.93,741.98,741.26,741.43,117091,regular,False
2026-07-27T14:02:00+00:00,741.43,741.94,741.34,741.82,167165,regular,False
2026-07-27T14:03:00+00:00,741.83,742.13,741.6,741.64,156768,regular,False
2026-07-27T14:04:00+00:00,741.63,741.75,741.46,741.66,75051,regular,False
2026-07-27T14:05:00+00:00,741.65,741.99,741.57,741.64,167610,regular,False
2026-07-27T14:06:00+00:00,741.63,741.64,741.23,741.46,106721,regular,False
2026-07-27T14:07:00+00:00,741.47,741.84,741.4,741.57,115129,regular,False
2026-07-27T14:08:00+00:00,741.57,741.84,741.56,741.84,100381,regular,False
2026-07-27T14:09:00+00:00,741.84,742.04,741.74,741.75,79383,regular,False
2026-07-27T14:10:00+00:00,741.75,741.77,740.93,740.96,118066,regular,False
2026-07-27T14:11:00+00:00,740.96,740.96,740.46,740.84,194343,regular,False
2026-07-27T14:12:00+00:00,740.82,741.1,740.66,741.07,146825,regular,False
2026-07-27T14:13:00+00:00,741.09,741.29,740.61,740.79,93082,regular,False
2026-07-27T14:14:00+00:00,740.81,741.12,740.71,740.97,61409,regular,False
2026-07-27T14:15:00+00:00,740.97,741.57,740.9,741.11,305927,regular,False
2026-07-27T14:16:00+00:00,741.13,741.35,741.05,741.15,44099,regular,False
2026-07-27T14:17:00+00:00,741.19,741.19,740.72,740.89,55754,regular,False
2026-07-27T14:18:00+00:00,740.89,741.01,740.52,740.95,77159,regular,False
2026-07-27T14:19:00+00:00,740.94,741.33,740.94,740.99,89920,regular,False
2026-07-27T14:20:00+00:00,740.95,740.95,740.38,740.38,75102,regular,False
2026-07-27T14:21:00+00:00,740.37,740.85,740.31,740.84,61753,regular,False
2026-07-27T14:22:00+00:00,740.83,740.85,740.23,740.31,73236,regular,False
2026-07-27T14:23:00+00:00,740.31,740.65,739.86,739.92,146183,regular,False
2026-07-27T14:24:00+00:00,739.93,740.07,739.63,739.83,146355,regular,False
2026-07-27T14:25:00+00:00,739.83,739.84,739.43,739.7,128104,regular,False
2026-07-27T14:26:00+00:00,739.72,740.0,739.5,739.68,114255,regular,False
2026-07-27T14:27:00+00:00,739.71,739.72,739.24,739.25,117404,regular,False
2026-07-27T14:28:00+00:00,739.25,739.35,738.91,738.97,93065,regular,False
2026-07-27T14:29:00+00:00,738.94,738.96,738.2,738.32,148153,regular,False
2026-07-27T14:30:00+00:00,738.33,738.56,737.84,738.18,211059,regular,False
2026-07-27T14:31:00+00:00,738.19,738.45,738.04,738.19,142125,regular,False
2026-07-27T14:32:00+00:00,738.19,738.37,737.95,738.22,169476,regular,False
2026-07-27T14:33:00+00:00,738.28,738.41,737.96,737.98,170550,regular,False
2026-07-27T14:34:00+00:00,737.99,738.32,737.73,737.97,145876,regular,False
2026-07-27T14:35:00+00:00,737.95,738.19,737.54,738.01,139500,regular,False
2026-07-27T14:36:00+00:00,738.07,738.2,737.38,737.39,108785,regular,False
2026-07-27T14:37:00+00:00,737.41,737.61,737.14,737.53,112885,regular,False
2026-07-27T14:38:00+00:00,737.54,738.24,737.54,738.02,196177,regular,False
2026-07-27T14:39:00+00:00,738.04,738.3,737.91,738.08,95192,regular,False
2026-07-27T14:40:00+00:00,738.08,738.27,737.4,737.54,106778,regular,False
2026-07-27T14:41:00+00:00,737.56,737.66,736.63,736.95,169137,regular,False
2026-07-27T14:42:00+00:00,736.96,737.2,736.77,736.85,106135,regular,False
2026-07-27T14:43:00+00:00,736.86,737.13,736.54,737.13,90023,regular,False
2026-07-27T14:44:00+00:00,737.13,737.4,736.61,736.79,102386,regular,False
2026-07-27T14:45:00+00:00,736.79,737.52,736.79,737.23,98963,regular,False
2026-07-27T14:46:00+00:00,737.1,737.64,737.04,737.62,86056,regular,False
2026-07-27T14:47:00+00:00,737.63,738.0,737.33,737.47,110195,regular,False
2026-07-27T14:48:00+00:00,737.49,737.71,737.39,737.54,76796,regular,False
2026-07-27T14:49:00+00:00,737.57,738.16,737.52,738.0,113836,regular,False
2026-07-27T14:50:00+00:00,737.99,738.64,737.97,738.38,134180,regular,False
2026-07-27T14:51:00+00:00,738.33,738.64,738.24,738.26,100586,regular,False
2026-07-27T14:52:00+00:00,738.25,738.68,737.93,738.62,69322,regular,False
2026-07-27T14:53:00+00:00,738.61,738.72,738.39,738.47,78436,regular,False
2026-07-27T14:54:00+00:00,738.49,738.83,738.38,738.59,63899,regular,False
2026-07-27T14:55:00+00:00,738.59,739.0,738.37,738.95,72121,regular,False
2026-07-27T14:56:00+00:00,738.93,739.13,738.77,739.07,110994,regular,False
2026-07-27T14:57:00+00:00,739.05,739.3,739.04,739.12,98455,regular,False
2026-07-27T14:58:00+00:00,739.13,739.46,739.05,739.44,78803,regular,False
2026-07-27T14:59:00+00:00,739.43,739.88,739.4,739.69,123417,regular,False
2026-07-27T15:00:00+00:00,739.72,739.92,739.34,739.78,137326,regular,False
2026-07-27T15:01:00+00:00,739.8,739.82,739.59,739.69,81970,regular,False
2026-07-27T15:02:00+00:00,739.68,739.97,739.44,739.57,79015,regular,False
2026-07-27T15:03:00+00:00,739.58,739.85,739.45,739.52,49830,regular,False
2026-07-27T15:04:00+00:00,739.5,739.82,739.44,739.76,51263,regular,False
2026-07-27T15:05:00+00:00,739.74,740.29,739.67,740.25,63487,regular,False
2026-07-27T15:06:00+00:00,740.24,740.31,739.74,739.75,207555,regular,False
2026-07-27T15:07:00+00:00,739.74,740.08,739.5,739.89,48452,regular,False
2026-07-27T15:08:00+00:00,739.87,740.02,739.61,739.74,41516,regular,False
2026-07-27T15:09:00+00:00,739.71,739.71,739.19,739.22,121515,regular,False
2026-07-27T15:10:00+00:00,739.27,739.61,739.1,739.3,80770,regular,False
2026-07-27T15:11:00+00:00,739.32,739.71,739.24,739.45,50053,regular,False
2026-07-27T15:12:00+00:00,739.46,739.85,739.44,739.54,36318,regular,False
2026-07-27T15:13:00+00:00,739.52,739.77,739.36,739.62,74752,regular,False
2026-07-27T15:14:00+00:00,739.64,739.94,739.37,739.39,33281,regular,False
2026-07-27T15:15:00+00:00,739.36,739.52,738.78,738.84,62729,regular,False
2026-07-27T15:16:00+00:00,738.79,738.99,738.68,738.79,60339,regular,False
2026-07-27T15:17:00+00:00,738.8,738.83,738.44,738.48,60900,regular,False
2026-07-27T15:18:00+00:00,738.5,738.5,737.94,738.44,91806,regular,False
2026-07-27T15:19:00+00:00,738.44,738.82,738.36,738.81,58831,regular,False
2026-07-27T15:20:00+00:00,738.81,739.2,738.74,739.11,44393,regular,False
2026-07-27T15:21:00+00:00,739.12,739.3,738.77,738.79,58096,regular,False
2026-07-27T15:22:00+00:00,738.75,739.17,738.63,738.97,44774,regular,False
2026-07-27T15:23:00+00:00,738.95,738.96,738.19,738.3,49788,regular,False
2026-07-27T15:24:00+00:00,738.26,738.3,738.02,738.18,39687,regular,False
2026-07-27T15:25:00+00:00,738.17,738.32,738.03,738.18,66701,regular,False
2026-07-27T15:26:00+00:00,738.16,738.43,738.06,738.36,34348,regular,False
2026-07-27T15:27:00+00:00,738.35,738.54,738.12,738.15,56304,regular,False
2026-07-27T15:28:00+00:00,738.16,738.19,737.88,738.06,71448,regular,False
2026-07-27T15:29:00+00:00,738.05,738.38,738.03,738.29,46049,regular,False
2026-07-27T15:30:00+00:00,738.27,738.27,737.87,737.99,30714,regular,False
2026-07-27T15:31:00+00:00,737.98,738.27,737.77,737.77,76093,regular,False
2026-07-27T15:32:00+00:00,737.75,737.97,737.45,737.49,60786,regular,False
2026-07-27T15:33:00+00:00,737.47,737.61,737.3,737.48,39633,regular,False
2026-07-27T15:34:00+00:00,737.49,737.69,737.34,737.41,29769,regular,False
2026-07-27T15:35:00+00:00,737.42,737.5,737.05,737.1,46156,regular,False
2026-07-27T15:36:00+00:00,737.08,737.2,736.86,736.86,100037,regular,False
2026-07-27T15:37:00+00:00,736.84,736.89,736.44,736.5,60122,regular,False
2026-07-27T15:38:00+00:00,736.49,736.86,736.33,736.77,108461,regular,False
2026-07-27T15:39:00+00:00,736.78,737.06,736.78,736.94,59076,regular,False
2026-07-27T15:40:00+00:00,736.93,737.11,736.59,736.81,56454,regular,False
2026-07-27T15:41:00+00:00,736.84,737.09,736.74,737.01,39656,regular,False
2026-07-27T15:42:00+00:00,737.0,737.41,736.98,737.35,72683,regular,False
2026-07-27T15:43:00+00:00,737.36,737.47,736.95,737.02,44698,regular,False
2026-07-27T15:44:00+00:00,737.02,737.45,736.98,737.44,63491,regular,False
2026-07-27T15:45:00+00:00,737.43,737.55,737.01,737.01,43031,regular,False
2026-07-27T15:46:00+00:00,737.01,737.33,736.97,737.05,28842,regular,False
2026-07-27T15:47:00+00:00,737.1,737.22,736.69,736.76,51248,regular,False
2026-07-27T15:48:00+00:00,736.85,737.24,736.85,736.96,57272,regular,False
2026-07-27T15:49:00+00:00,736.91,736.97,736.72,736.89,32842,regular,False
2026-07-27T15:50:00+00:00,736.92,737.08,736.71,737.0,26719,regular,False
2026-07-27T15:51:00+00:00,737.03,737.36,737.02,737.16,41446,regular,False
2026-07-27T15:52:00+00:00,737.16,737.28,736.88,736.92,24916,regular,False
2026-07-27T15:53:00+00:00,736.9,737.02,736.72,736.99,38557,regular,False
2026-07-27T15:54:00+00:00,737.01,737.15,736.9,737.06,27457,regular,False
2026-07-27T15:55:00+00:00,737.06,737.38,736.96,737.31,24702,regular,False
2026-07-27T15:56:00+00:00,737.32,737.51,737.22,737.32,52423,regular,False
2026-07-27T15:57:00+00:00,737.34,737.61,737.23,737.5,41552,regular,False
2026-07-27T15:58:00+00:00,737.46,737.51,737.08,737.34,38814,regular,False
2026-07-27T15:59:00+00:00,737.37,737.65,737.35,737.49,19467,regular,False
2026-07-27T16:00:00+00:00,737.49,737.85,737.42,737.53,44182,regular,False
2026-07-27T16:01:00+00:00,737.54,737.7,737.41,737.55,32300,regular,False
2026-07-27T16:02:00+00:00,737.55,737.69,737.39,737.52,31007,regular,False
2026-07-27T16:03:00+00:00,737.51,737.79,737.49,737.76,40097,regular,False
2026-07-27T16:04:00+00:00,737.77,738.16,737.76,738.15,54128,regular,False
2026-07-27T16:05:00+00:00,738.15,738.35,738.14,738.14,62951,regular,False
2026-07-27T16:06:00+00:00,738.13,738.19,737.71,738.0,37523,regular,False
2026-07-27T16:07:00+00:00,738.02,738.05,737.76,737.91,24194,regular,False
2026-07-27T16:08:00+00:00,737.94,738.25,737.85,738.13,16517,regular,False
2026-07-27T16:09:00+00:00,738.12,738.37,738.02,738.3,20085,regular,False
2026-07-27T16:10:00+00:00,738.31,738.64,738.31,738.6,60746,regular,False
2026-07-27T16:11:00+00:00,738.62,738.69,738.42,738.49,40422,regular,False
2026-07-27T16:12:00+00:00,738.46,738.64,738.35,738.38,17284,regular,False
2026-07-27T16:13:00+00:00,738.42,738.43,737.75,737.77,49369,regular,False
2026-07-27T16:14:00+00:00,737.77,737.84,737.38,737.45,34605,regular,False
2026-07-27T16:15:00+00:00,737.44,737.48,737.27,737.37,99327,regular,False
2026-07-27T16:16:00+00:00,737.37,737.41,736.86,737.01,47234,regular,False
2026-07-27T16:17:00+00:00,737.03,737.27,736.96,737.22,39252,regular,False
2026-07-27T16:18:00+00:00,737.22,737.44,737.19,737.39,38319,regular,False
2026-07-27T16:19:00+00:00,737.4,737.48,737.14,737.3,40248,regular,False
2026-07-27T16:20:00+00:00,737.31,737.52,737.07,737.44,43951,regular,False
2026-07-27T16:21:00+00:00,737.45,737.81,737.29,737.33,41101,regular,False
2026-07-27T16:22:00+00:00,737.34,737.53,737.19,737.53,15484,regular,False
2026-07-27T16:23:00+00:00,737.52,737.54,737.21,737.51,13268,regular,False
2026-07-27T16:24:00+00:00,737.57,737.83,737.54,737.77,24233,regular,False
2026-07-27T16:25:00+00:00,737.77,739.61,737.71,739.51,374155,regular,False
2026-07-27T16:26:00+00:00,739.53,739.68,738.75,738.87,122809,regular,False
2026-07-27T16:27:00+00:00,738.82,739.26,738.8,739.22,46202,regular,False
2026-07-27T16:28:00+00:00,739.17,739.49,738.86,738.95,111913,regular,False
2026-07-27T16:29:00+00:00,738.94,739.04,738.57,738.72,38184,regular,False
2026-07-27T16:30:00+00:00,738.72,739.22,738.67,739.09,32340,regular,False
2026-07-27T16:31:00+00:00,739.0,739.31,738.96,739.27,37475,regular,False
2026-07-27T16:32:00+00:00,739.25,739.26,738.78,738.82,41144,regular,False
2026-07-27T16:33:00+00:00,738.85,738.9,738.4,738.63,32082,regular,False
2026-07-27T16:34:00+00:00,738.66,738.93,738.63,738.91,17944,regular,False
2026-07-27T16:35:00+00:00,738.89,739.04,738.68,738.71,32192,regular,False
2026-07-27T16:36:00+00:00,738.71,739.04,738.45,739.04,32287,regular,False
2026-07-27T16:37:00+00:00,739.02,739.35,738.84,738.84,56113,regular,False
2026-07-27T16:38:00+00:00,738.86,739.19,738.78,739.08,42092,regular,False
2026-07-27T16:39:00+00:00,739.07,739.07,738.81,738.97,34980,regular,False
2026-07-27T16:40:00+00:00,738.98,739.11,738.93,739.08,20994,regular,False
2026-07-27T16:41:00+00:00,739.1,739.1,738.66,738.67,31032,regular,False
2026-07-27T16:42:00+00:00,738.7,738.8,738.57,738.6,24635,regular,False
2026-07-27T16:43:00+00:00,738.61,738.63,738.27,738.32,32899,regular,False
2026-07-27T16:44:00+00:00,738.31,738.39,738.08,738.34,37488,regular,False
2026-07-27T16:45:00+00:00,738.35,738.51,738.31,738.39,29910,regular,False
2026-07-27T16:46:00+00:00,738.4,738.64,738.39,738.59,23298,regular,False
2026-07-27T16:47:00+00:00,738.59,738.8,738.52,738.59,26709,regular,False
2026-07-27T16:48:00+00:00,738.58,738.72,738.24,738.34,17383,regular,False
2026-07-27T16:49:00+00:00,738.33,738.43,738.1,738.1,24203,regular,False
2026-07-27T16:50:00+00:00,738.08,738.08,737.57,737.57,35519,regular,False
2026-07-27T16:51:00+00:00,737.56,737.66,737.41,737.49,37002,regular,False
2026-07-27T16:52:00+00:00,737.49,737.54,737.15,737.24,35235,regular,False
2026-07-27T16:53:00+00:00,737.23,737.23,737.0,737.1,40749,regular,False
2026-07-27T16:54:00+00:00,737.11,737.2,737.0,737.15,34307,regular,False
2026-07-27T16:55:00+00:00,737.15,737.16,736.64,736.78,39971,regular,False
2026-07-27T16:56:00+00:00,736.75,737.02,736.74,736.97,32138,regular,False
2026-07-27T16:57:00+00:00,737.01,737.1,736.82,736.94,37865,regular,False
2026-07-27T16:58:00+00:00,736.93,737.11,736.92,737.05,24756,regular,False
2026-07-27T16:59:00+00:00,737.07,737.11,736.81,737.06,29836,regular,False
2026-07-27T17:00:00+00:00,737.07,737.1,736.79,737.04,39688,regular,False
2026-07-27T17:01:00+00:00,736.98,737.1,736.61,736.68,24186,regular,False
2026-07-27T17:02:00+00:00,736.69,736.69,736.14,736.29,58293,regular,False
2026-07-27T17:03:00+00:00,736.27,736.29,736.11,736.29,92766,regular,False
2026-07-27T17:04:00+00:00,736.28,736.43,736.1,736.18,47224,regular,False
2026-07-27T17:05:00+00:00,736.18,736.38,736.07,736.25,33096,regular,False
2026-07-27T17:06:00+00:00,736.25,736.39,736.11,736.36,31666,regular,False
2026-07-27T17:07:00+00:00,736.38,736.53,736.32,736.53,33151,regular,False
2026-07-27T17:08:00+00:00,736.53,736.58,736.3,736.36,48197,regular,False
2026-07-27T17:09:00+00:00,736.37,736.52,736.28,736.37,24711,regular,False
2026-07-27T17:10:00+00:00,736.37,736.47,736.28,736.4,20279,regular,False
2026-07-27T17:11:00+00:00,736.4,736.43,736.23,736.26,23923,regular,False
2026-07-27T17:12:00+00:00,736.26,736.69,736.18,736.65,173644,regular,False
2026-07-27T17:13:00+00:00,736.65,736.76,736.51,736.6,26820,regular,False
2026-07-27T17:14:00+00:00,736.59,736.77,736.59,736.65,28521,regular,False
2026-07-27T17:15:00+00:00,736.64,736.75,736.5,736.72,29493,regular,False
2026-07-27T17:16:00+00:00,736.71,736.76,736.33,736.38,32570,regular,False
2026-07-27T17:17:00+00:00,736.38,736.38,735.96,736.08,41344,regular,False
2026-07-27T17:18:00+00:00,736.07,736.09,735.87,735.99,42830,regular,False
2026-07-27T17:19:00+00:00,735.99,736.23,735.95,736.22,59689,regular,False
2026-07-27T17:20:00+00:00,736.22,736.75,736.1,736.72,76327,regular,False
2026-07-27T17:21:00+00:00,736.71,736.75,736.51,736.51,45577,regular,False
2026-07-27T17:22:00+00:00,736.51,736.76,736.41,736.61,38558,regular,False
2026-07-27T17:23:00+00:00,736.61,736.7,736.29,736.3,30101,regular,False
2026-07-27T17:24:00+00:00,736.3,736.4,736.24,736.38,48890,regular,False
2026-07-27T17:25:00+00:00,736.39,736.47,736.3,736.36,30898,regular,False
2026-07-27T17:26:00+00:00,736.34,736.51,736.22,736.5,38075,regular,False
2026-07-27T17:27:00+00:00,736.48,736.65,736.46,736.46,26043,regular,False
2026-07-27T17:28:00+00:00,736.48,736.6,736.43,736.51,18309,regular,False
2026-07-27T17:29:00+00:00,736.53,736.59,736.19,736.2,56848,regular,False
2026-07-27T17:30:00+00:00,736.22,736.35,736.18,736.35,14708,regular,False
2026-07-27T17:31:00+00:00,736.33,736.57,736.29,736.44,24642,regular,False
2026-07-27T17:32:00+00:00,736.45,736.93,736.36,736.89,42276,regular,False
2026-07-27T17:33:00+00:00,736.89,737.1,736.86,737.1,78370,regular,False
2026-07-27T17:34:00+00:00,737.09,737.2,736.95,737.16,45840,regular,False
2026-07-27T17:35:00+00:00,737.14,737.28,737.02,737.09,41128,regular,False
2026-07-27T17:36:00+00:00,737.1,737.17,736.88,736.89,27531,regular,False
2026-07-27T17:37:00+00:00,736.88,736.97,736.66,736.67,27845,regular,False
2026-07-27T17:38:00+00:00,736.63,737.06,736.56,736.99,32480,regular,False
2026-07-27T17:39:00+00:00,736.98,736.99,736.71,736.71,24529,regular,False
2026-07-27T17:40:00+00:00,736.69,736.75,736.5,736.5,19488,regular,False
2026-07-27T17:41:00+00:00,736.55,736.88,736.53,736.82,19454,regular,False
2026-07-27T17:42:00+00:00,736.84,736.91,736.59,736.6,18363,regular,False
2026-07-27T17:43:00+00:00,736.6,736.81,736.51,736.77,26404,regular,False
2026-07-27T17:44:00+00:00,736.78,736.85,736.63,736.8,15731,regular,False
2026-07-27T17:45:00+00:00,736.82,736.88,736.57,736.62,18365,regular,False
2026-07-27T17:46:00+00:00,736.68,737.14,736.66,736.82,28496,regular,False
2026-07-27T17:47:00+00:00,736.92,737.07,736.85,736.91,19017,regular,False
2026-07-27T17:48:00+00:00,736.92,737.12,736.74,736.76,28777,regular,False
2026-07-27T17:49:00+00:00,736.77,736.9,736.73,736.76,17742,regular,False
2026-07-27T17:50:00+00:00,736.73,737.0,736.68,736.91,12280,regular,False
2026-07-27T17:51:00+00:00,736.93,736.95,736.76,736.86,11929,regular,False
2026-07-27T17:52:00+00:00,736.89,737.27,736.86,737.27,16390,regular,False
2026-07-27T17:53:00+00:00,737.25,737.36,737.12,737.25,19890,regular,False
2026-07-27T17:54:00+00:00,737.24,737.55,737.24,737.5,57260,regular,False
2026-07-27T17:55:00+00:00,737.54,737.66,737.28,737.43,52946,regular,False
2026-07-27T17:56:00+00:00,737.41,737.73,737.38,737.7,16880,regular,False
2026-07-27T17:57:00+00:00,737.72,737.77,737.51,737.51,29192,regular,False
2026-07-27T17:58:00+00:00,737.51,737.75,737.51,737.64,18471,regular,False
2026-07-27T17:59:00+00:00,737.61,737.85,737.6,737.8,40806,regular,False
2026-07-27T18:00:00+00:00,737.84,737.94,737.64,737.65,44565,regular,False
2026-07-27T18:01:00+00:00,737.66,737.96,737.63,737.7,28441,regular,False
2026-07-27T18:02:00+00:00,737.68,737.78,737.56,737.62,28150,regular,False
2026-07-27T18:03:00+00:00,737.59,737.87,737.54,737.84,45169,regular,False
2026-07-27T18:04:00+00:00,737.86,737.92,737.61,737.61,45315,regular,False
2026-07-27T18:05:00+00:00,737.6,737.84,737.48,737.82,30852,regular,False
2026-07-27T18:06:00+00:00,737.82,737.97,737.59,737.63,39193,regular,False
2026-07-27T18:07:00+00:00,737.64,737.86,737.63,737.72,59454,regular,False
2026-07-27T18:08:00+00:00,737.73,737.8,737.61,737.66,23676,regular,False
2026-07-27T18:09:00+00:00,737.67,737.78,737.62,737.68,32215,regular,False
2026-07-27T18:10:00+00:00,737.67,737.79,737.62,737.69,35104,regular,False
2026-07-27T18:11:00+00:00,737.68,737.84,737.64,737.64,37796,regular,False
2026-07-27T18:12:00+00:00,737.66,737.83,737.66,737.77,35264,regular,False
2026-07-27T18:13:00+00:00,737.79,737.89,737.73,737.86,48757,regular,False
2026-07-27T18:14:00+00:00,737.87,737.93,737.75,737.75,30401,regular,False
2026-07-27T18:15:00+00:00,737.75,737.83,737.19,737.27,59487,regular,False
2026-07-27T18:16:00+00:00,737.29,737.38,737.05,737.15,61290,regular,False
2026-07-27T18:17:00+00:00,737.16,737.31,737.03,737.26,38729,regular,False
2026-07-27T18:18:00+00:00,737.31,737.39,737.16,737.38,26912,regular,False
2026-07-27T18:19:00+00:00,737.36,737.47,737.19,737.25,19227,regular,False
2026-07-27T18:20:00+00:00,737.22,737.35,737.13,737.22,29589,regular,False
2026-07-27T18:21:00+00:00,737.21,737.35,737.14,737.26,49826,regular,False
2026-07-27T18:22:00+00:00,737.28,737.29,737.12,737.15,22400,regular,False
2026-07-27T18:23:00+00:00,737.12,737.43,737.08,737.23,15196,regular,False
2026-07-27T18:24:00+00:00,737.25,737.69,737.25,737.55,21901,regular,False
2026-07-27T18:25:00+00:00,737.55,737.8,737.55,737.57,36104,regular,False
2026-07-27T18:26:00+00:00,737.6,737.77,737.53,737.58,50099,regular,False
2026-07-27T18:27:00+00:00,737.59,737.62,737.49,737.5,53315,regular,False
2026-07-27T18:28:00+00:00,737.53,737.65,737.48,737.53,64079,regular,False
2026-07-27T18:29:00+00:00,737.53,737.7,737.42,737.62,20642,regular,False
2026-07-27T18:30:00+00:00,737.64,737.65,737.18,737.3,27962,regular,False
2026-07-27T18:31:00+00:00,737.29,737.38,737.05,737.05,45793,regular,False
2026-07-27T18:32:00+00:00,737.05,737.24,736.94,737.19,30795,regular,False
2026-07-27T18:33:00+00:00,737.18,737.26,737.09,737.12,31949,regular,False
2026-07-27T18:34:00+00:00,737.11,737.14,736.86,736.91,47344,regular,False
2026-07-27T18:35:00+00:00,736.86,737.02,736.77,737.0,79787,regular,False
2026-07-27T18:36:00+00:00,737.0,737.08,736.87,737.01,17548,regular,False
2026-07-27T18:37:00+00:00,736.98,737.05,736.85,736.97,34761,regular,False
2026-07-27T18:38:00+00:00,736.97,737.0,736.8,736.8,25647,regular,False
2026-07-27T18:39:00+00:00,736.79,736.84,736.7,736.79,51596,regular,False
2026-07-27T18:40:00+00:00,736.79,736.82,736.62,736.7,39089,regular,False
2026-07-27T18:41:00+00:00,736.71,737.59,736.7,737.23,409855,regular,False
2026-07-27T18:42:00+00:00,737.24,737.38,737.16,737.19,88006,regular,False
2026-07-27T18:43:00+00:00,737.15,737.51,737.02,737.47,44715,regular,False
2026-07-27T18:44:00+00:00,737.47,737.58,737.39,737.47,43159,regular,False
2026-07-27T18:45:00+00:00,737.49,737.72,737.46,737.55,83126,regular,False
2026-07-27T18:46:00+00:00,737.55,737.66,737.48,737.52,45392,regular,False
2026-07-27T18:47:00+00:00,737.54,737.56,737.36,737.56,25241,regular,False
2026-07-27T18:48:00+00:00,737.52,737.7,737.44,737.67,27595,regular,False
2026-07-27T18:49:00+00:00,737.68,737.75,737.36,737.37,31257,regular,False
2026-07-27T18:50:00+00:00,737.38,737.62,737.37,737.56,35073,regular,False
2026-07-27T18:51:00+00:00,737.59,737.83,737.51,737.77,36005,regular,False
2026-07-27T18:52:00+00:00,737.79,738.41,737.75,738.33,85832,regular,False
2026-07-27T18:53:00+00:00,738.35,738.64,738.32,738.63,63910,regular,False
2026-07-27T18:54:00+00:00,738.64,738.65,738.48,738.55,72493,regular,False
2026-07-27T18:55:00+00:00,738.56,739.25,738.54,739.1,97888,regular,False
2026-07-27T18:56:00+00:00,739.1,739.15,738.78,738.78,71942,regular,False
2026-07-27T18:57:00+00:00,738.81,738.96,738.63,738.79,115276,regular,False
2026-07-27T18:58:00+00:00,738.79,738.97,738.51,738.94,77186,regular,False
2026-07-27T18:59:00+00:00,738.94,739.08,738.84,739.06,74909,regular,False
2026-07-27T19:00:00+00:00,739.06,739.12,738.82,738.84,81477,regular,False
2026-07-27T19:01:00+00:00,738.85,739.06,738.8,738.99,64084,regular,False
2026-07-27T19:02:00+00:00,738.99,739.17,738.91,738.91,69956,regular,False
2026-07-27T19:03:00+00:00,738.93,739.07,738.78,738.86,64053,regular,False
2026-07-27T19:04:00+00:00,738.86,738.99,738.55,738.58,97443,regular,False
2026-07-27T19:05:00+00:00,738.57,738.71,738.49,738.6,69495,regular,False
2026-07-27T19:06:00+00:00,738.58,739.07,738.51,739.06,49529,regular,False
2026-07-27T19:07:00+00:00,739.07,739.35,739.02,739.29,73053,regular,False
2026-07-27T19:08:00+00:00,739.29,739.36,739.17,739.23,88865,regular,False
2026-07-27T19:09:00+00:00,739.21,739.4,739.18,739.32,103281,regular,False
2026-07-27T19:10:00+00:00,739.3,739.58,739.3,739.45,71510,regular,False
2026-07-27T19:11:00+00:00,739.45,739.45,739.15,739.24,57540,regular,False
2026-07-27T19:12:00+00:00,739.25,739.35,739.07,739.08,32143,regular,False
2026-07-27T19:13:00+00:00,739.08,739.19,738.95,739.02,44306,regular,False
2026-07-27T19:14:00+00:00,739.02,739.16,738.97,739.09,43636,regular,False
2026-07-27T19:15:00+00:00,739.1,739.19,739.09,739.16,43311,regular,False
2026-07-27T19:16:00+00:00,739.16,739.37,739.12,739.25,44452,regular,False
2026-07-27T19:17:00+00:00,739.25,739.35,739.17,739.34,52872,regular,False
2026-07-27T19:18:00+00:00,739.33,739.43,739.31,739.39,56544,regular,False
2026-07-27T19:19:00+00:00,739.4,739.5,739.33,739.5,31920,regular,False
2026-07-27T19:20:00+00:00,739.5,739.69,739.48,739.56,45056,regular,False
2026-07-27T19:21:00+00:00,739.57,739.6,739.36,739.4,41959,regular,False
2026-07-27T19:22:00+00:00,739.38,739.59,739.35,739.59,73036,regular,False
2026-07-27T19:23:00+00:00,739.6,739.77,739.5,739.51,59843,regular,False
2026-07-27T19:24:00+00:00,739.52,739.63,739.52,739.62,31503,regular,False
2026-07-27T19:25:00+00:00,739.62,739.72,739.35,739.46,64250,regular,False
2026-07-27T19:26:00+00:00,739.42,739.48,739.34,739.47,47773,regular,False
2026-07-27T19:27:00+00:00,739.44,739.62,739.37,739.6,23553,regular,False
2026-07-27T19:28:00+00:00,739.61,739.62,739.41,739.44,46016,regular,False
2026-07-27T19:29:00+00:00,739.44,739.65,739.44,739.65,53107,regular,False
2026-07-27T19:30:00+00:00,739.65,739.74,739.52,739.66,90066,regular,False
2026-07-27T19:31:00+00:00,739.64,739.75,739.6,739.66,70538,regular,False
2026-07-27T19:32:00+00:00,739.66,739.71,739.55,739.65,70508,regular,False
2026-07-27T19:33:00+00:00,739.64,739.78,739.47,739.75,92362,regular,False
2026-07-27T19:34:00+00:00,739.75,739.85,739.56,739.57,76896,regular,False
2026-07-27T19:35:00+00:00,739.55,739.69,739.49,739.56,123067,regular,False
2026-07-27T19:36:00+00:00,739.57,739.65,739.46,739.46,77582,regular,False
2026-07-27T19:37:00+00:00,739.47,739.47,739.11,739.2,119175,regular,False
2026-07-27T19:38:00+00:00,739.21,739.28,739.09,739.2,58981,regular,False
2026-07-27T19:39:00+00:00,739.21,739.21,738.92,738.99,94665,regular,False
2026-07-27T19:40:00+00:00,738.99,739.17,738.91,739.13,101264,regular,False
2026-07-27T19:41:00+00:00,739.13,739.22,738.97,739.02,73050,regular,False
2026-07-27T19:42:00+00:00,739.02,739.18,738.87,738.88,102947,regular,False
2026-07-27T19:43:00+00:00,738.88,739.13,738.82,738.94,86622,regular,False
2026-07-27T19:44:00+00:00,738.96,739.05,738.9,738.97,89287,regular,False
2026-07-27T19:45:00+00:00,738.96,739.02,738.69,738.89,123935,regular,False
2026-07-27T19:46:00+00:00,738.88,739.05,738.62,738.7,128053,regular,False
2026-07-27T19:47:00+00:00,738.72,738.92,738.68,738.9,131714,regular,False
2026-07-27T19:48:00+00:00,738.89,738.9,738.66,738.78,199622,regular,False
2026-07-27T19:49:00+00:00,738.77,739.07,738.75,739.03,292977,regular,False
2026-07-27T19:50:00+00:00,739.04,739.23,738.75,738.92,158000,regular,False
2026-07-27T19:51:00+00:00,738.9,738.9,738.58,738.67,161354,regular,False
2026-07-27T19:52:00+00:00,738.68,738.86,738.58,738.75,160318,regular,False
2026-07-27T19:53:00+00:00,738.77,738.84,738.68,738.69,127577,regular,False
2026-07-27T19:54:00+00:00,738.71,738.97,738.7,738.77,234925,regular,False
2026-07-27T19:55:00+00:00,738.77,738.85,738.5,738.82,232758,regular,False
2026-07-27T19:56:00+00:00,738.81,739.09,738.75,739.04,210418,regular,False
2026-07-27T19:57:00+00:00,739.04,739.06,738.78,738.79,153796,regular,False
2026-07-27T19:58:00+00:00,738.79,738.94,738.67,738.91,397794,regular,False
2026-07-27T20:01:00+00:00,739.21,739.24,739.13,739.18,51037,after-market,False
2026-07-27T20:02:00+00:00,739.16,739.22,739.11,739.15,15076,after-market,False
2026-07-27T20:03:00+00:00,739.15,739.15,738.96,738.96,16237,after-market,False
2026-07-27T20:04:00+00:00,739.02,739.11,738.93,739.04,33475,after-market,False
2026-07-27T20:05:00+00:00,739.03,739.07,738.96,738.96,30088,after-market,False
2026-07-27T20:06:00+00:00,738.95,738.98,738.74,738.76,30417,after-market,False
2026-07-27T20:07:00+00:00,738.8,739.09,738.72,738.92,33814,after-market,False
2026-07-27T20:08:00+00:00,738.91,739.05,738.91,739.01,26232,after-market,False
2026-07-27T20:09:00+00:00,739.04,739.05,739.0,739.04,6244,after-market,False
2026-07-27T20:10:00+00:00,739.06,739.06,738.82,738.91,5381,after-market,False
2026-07-27T20:11:00+00:00,738.93,738.93,738.7,738.7,25927,after-market,False
2026-07-27T20:12:00+00:00,738.7,738.85,738.67,738.85,5845,after-market,False
2026-07-27T20:13:00+00:00,738.84,738.91,738.77,738.87,45357,after-market,False
2026-07-27T20:14:00+00:00,738.86,739.1,738.84,739.02,16456,after-market,False
2026-07-27T20:15:00+00:00,738.97,738.99,738.93,738.94,7646,after-market,False
2026-07-27T20:16:00+00:00,738.97,739.05,738.97,739.04,5266,after-market,False
2026-07-27T20:17:00+00:00,739.02,739.07,739.0,739.07,28756,after-market,False
2026-07-27T20:18:00+00:00,739.04,739.09,739.04,739.09,4104,after-market,False
2026-07-27T20:19:00+00:00,739.08,739.1,739.07,739.08,47695,after-market,False
2026-07-27T20:20:00+00:00,739.04,739.07,739.04,739.05,43069,after-market,False
2026-07-27T20:21:00+00:00,739.05,739.05,738.92,738.92,6676,after-market,False
2026-07-27T20:22:00+00:00,738.93,738.94,738.83,738.83,3518,after-market,False
2026-07-27T20:23:00+00:00,738.83,738.91,738.82,738.86,3036,after-market,False
2026-07-27T20:24:00+00:00,738.86,738.88,738.86,738.87,418,after-market,False
2026-07-27T20:25:00+00:00,739.0,739.02,739.0,739.02,230,after-market,False
2026-07-27T20:26:00+00:00,739.02,739.04,738.95,739.0,13878,after-market,False
2026-07-27T20:27:00+00:00,739.01,739.01,738.96,738.96,21120,after-market,False
2026-07-27T20:28:00+00:00,738.96,739.0,738.95,738.96,10428,after-market,False
2026-07-27T20:29:00+00:00,738.96,738.96,738.95,738.96,13046,after-market,False
2026-07-27T20:30:00+00:00,739.02,739.02,738.96,738.96,15079,after-market,False
2026-07-27T20:31:00+00:00,738.99,739.09,738.97,739.09,5246,after-market,False
2026-07-27T20:32:00+00:00,739.09,739.21,739.09,739.21,11508,after-market,False
2026-07-27T20:33:00+00:00,739.2,739.24,739.19,739.22,3646,after-market,False
2026-07-27T20:34:00+00:00,739.26,739.49,739.26,739.49,13610,after-market,False
2026-07-27T20:35:00+00:00,739.47,739.68,739.43,739.63,24592,after-market,False
2026-07-27T20:36:00+00:00,739.6,739.63,739.53,739.63,8817,after-market,False
2026-07-27T20:37:00+00:00,739.62,739.78,739.61,739.78,5722,after-market,False
2026-07-27T20:38:00+00:00,739.78,739.81,739.55,739.57,5325,after-market,False
2026-07-27T20:39:00+00:00,739.54,739.62,739.53,739.62,280,after-market,False
2026-07-27T20:40:00+00:00,739.53,739.53,739.48,739.49,3620,after-market,False
2026-07-27T20:41:00+00:00,739.49,739.49,739.48,739.48,12640,after-market,False
2026-07-27T20:42:00+00:00,739.5,739.5,739.46,739.47,11198,after-market,False
2026-07-27T20:43:00+00:00,739.46,739.46,739.44,739.44,10946,after-market,False
2026-07-27T20:44:00+00:00,739.44,739.44,739.42,739.44,3647,after-market,False
2026-07-27T20:45:00+00:00,739.44,739.44,739.39,739.39,3973,after-market,False
2026-07-27T20:46:00+00:00,739.39,739.5,739.39,739.42,4325,after-market,False
2026-07-27T20:47:00+00:00,739.41,739.43,739.41,739.43,4691,after-market,False
2026-07-27T20:48:00+00:00,739.38,739.38,739.33,739.34,458,after-market,False
2026-07-27T20:49:00+00:00,739.33,739.34,739.28,739.29,726,after-market,False
2026-07-27T20:50:00+00:00,739.3,739.36,739.3,739.33,1442,after-market,False
2026-07-27T20:51:00+00:00,739.28,739.28,739.24,739.24,451,after-market,False
2026-07-27T20:52:00+00:00,739.22,739.22,739.22,739.22,55,after-market,False
2026-07-27T20:53:00+00:00,739.24,739.29,739.19,739.22,818,after-market,False
2026-07-27T20:54:00+00:00,739.29,739.34,739.21,739.34,3211,after-market,False
2026-07-27T20:55:00+00:00,739.35,739.41,739.35,739.41,436,after-market,False
2026-07-27T20:56:00+00:00,739.42,739.42,739.42,739.42,50,after-market,False
2026-07-27T20:57:00+00:00,739.36,739.38,739.27,739.27,592,after-market,False
2026-07-27T20:58:00+00:00,739.28,739.35,739.28,739.35,21857,after-market,False
2026-07-27T20:59:00+00:00,739.28,739.42,739.28,739.41,2572,after-market,False
2026-07-27T21:00:00+00:00,739.4,739.4,739.4,739.4,140,after-market,False
2026-07-27T21:01:00+00:00,739.39,739.41,739.39,739.41,340,after-market,False
2026-07-27T21:02:00+00:00,739.39,739.4,739.39,739.39,42,after-market,False
2026-07-27T21:03:00+00:00,739.4,739.41,739.4,739.41,86,after-market,False
2026-07-27T21:04:00+00:00,739.42,739.42,739.27,739.34,4300,after-market,False
2026-07-27T21:05:00+00:00,739.3,739.39,739.3,739.39,84,after-market,False
2026-07-27T21:06:00+00:00,739.39,739.39,739.39,739.39,0,after-market,False
2026-07-27T21:07:00+00:00,739.43,739.43,739.43,739.43,43,after-market,False
2026-07-27T21:08:00+00:00,739.31,739.31,739.31,739.31,67,after-market,False
2026-07-27T21:09:00+00:00,739.35,739.49,739.35,739.49,857,after-market,False
2026-07-27T21:10:00+00:00,739.49,739.49,739.49,739.49,0,after-market,False
2026-07-27T21:11:00+00:00,739.49,739.49,739.49,739.49,0,after-market,False
2026-07-27T21:12:00+00:00,739.49,739.49,739.49,739.49,0,after-market,False
2026-07-27T21:13:00+00:00,739.36,739.36,739.36,739.36,500,after-market,False
2026-07-27T21:14:00+00:00,739.47,739.5,739.47,739.5,400,after-market,False
2026-07-27T21:15:00+00:00,739.5,739.5,739.5,739.5,451,after-market,False
2026-07-27T21:16:00+00:00,739.5,739.5,739.37,739.38,5419,after-market,False
2026-07-27T21:17:00+00:00,739.4,739.49,739.4,739.49,951,after-market,False
2026-07-27T21:18:00+00:00,739.45,739.46,739.45,739.46,1000,after-market,False
2026-07-27T21:19:00+00:00,739.4,739.46,739.4,739.46,2404,after-market,False
2026-07-27T21:20:00+00:00,739.53,739.53,739.51,739.51,426,after-market,False
2026-07-27T21:21:00+00:00,739.55,739.59,739.52,739.58,2839,after-market,False
2026-07-27T21:22:00+00:00,739.51,739.51,739.49,739.5,2239,after-market,False
2026-07-27T21:23:00+00:00,739.55,739.6,739.5,739.6,335,after-market,False
2026-07-27T21:24:00+00:00,739.6,739.6,739.5,739.5,368,after-market,False
2026-07-27T21:25:00+00:00,739.5,739.5,739.5,739.5,0,after-market,False
2026-07-27T21:26:00+00:00,739.53,739.54,739.53,739.53,100,after-market,False
2026-07-27T21:27:00+00:00,739.53,739.53,739.53,739.53,0,after-market,False
2026-07-27T21:28:00+00:00,739.44,739.44,739.41,739.41,425,after-market,False
2026-07-27T21:29:00+00:00,739.41,739.41,739.41,739.41,0,after-market,False
2026-07-27T21:30:00+00:00,739.4,739.4,739.4,739.4,79,after-market,False
2026-07-27T21:31:00+00:00,739.42,739.42,739.39,739.4,3315,after-market,False
2026-07-27T21:32:00+00:00,739.53,739.53,739.52,739.53,50,after-market,False
2026-07-27T21:33:00+00:00,739.49,739.49,739.49,739.49,44,after-market,False
2026-07-27T21:34:00+00:00,739.49,739.49,739.49,739.49,0,after-market,False
2026-07-27T21:35:00+00:00,739.49,739.49,739.49,739.49,0,after-market,False
2026-07-27T21:36:00+00:00,739.48,739.48,739.48,739.48,100,after-market,False
2026-07-27T21:37:00+00:00,739.48,739.5,739.48,739.5,236,after-market,False
2026-07-27T21:38:00+00:00,739.54,739.54,739.54,739.54,152,after-market,False
2026-07-27T21:39:00+00:00,739.47,739.47,739.37,739.38,150,after-market,False
2026-07-27T21:40:00+00:00,739.38,739.38,739.38,739.38,0,after-market,False
2026-07-27T21:41:00+00:00,739.35,739.49,739.35,739.49,223,after-market,False
2026-07-27T21:42:00+00:00,739.49,739.49,739.36,739.36,440,after-market,False
2026-07-27T21:43:00+00:00,739.49,739.49,739.4,739.4,83,after-market,False
2026-07-27T21:44:00+00:00,739.4,739.4,739.4,739.4,0,after-market,False
2026-07-27T21:45:00+00:00,739.49,739.55,739.43,739.43,340,after-market,False
2026-07-27T21:46:00+00:00,739.43,739.43,739.43,739.43,0,after-market,False
2026-07-27T21:47:00+00:00,739.43,739.43,739.43,739.43,0,after-market,False
2026-07-27T21:48:00+00:00,739.54,739.55,739.54,739.55,289,after-market,False
2026-07-27T21:49:00+00:00,739.54,739.55,739.54,739.55,275,after-market,False
2026-07-27T21:50:00+00:00,739.53,739.54,739.53,739.53,175,after-market,False
2026-07-27T21:51:00+00:00,739.53,739.53,739.53,739.53,0,after-market,False
2026-07-27T21:52:00+00:00,739.53,739.53,739.53,739.53,0,after-market,False
2026-07-27T21:53:00+00:00,739.49,739.49,739.43,739.43,215,after-market,False
2026-07-27T21:54:00+00:00,739.43,739.43,739.43,739.43,0,after-market,False
2026-07-27T21:55:00+00:00,739.49,739.5,739.49,739.5,310,after-market,False
2026-07-27T21:56:00+00:00,739.5,739.5,739.48,739.48,480,after-market,False
2026-07-27T21:57:00+00:00,739.54,739.54,739.43,739.43,529,after-market,False
2026-07-27T21:58:00+00:00,739.43,739.43,739.43,739.43,0,after-market,False
2026-07-27T21:59:00+00:00,739.44,739.44,739.33,739.34,10252,after-market,False
2026-07-27T22:00:00+00:00,739.6,739.7,739.5,739.5,2801,after-market,False
2026-07-27T22:01:00+00:00,739.52,739.53,739.31,739.36,13871,after-market,False
2026-07-27T22:02:00+00:00,739.38,739.38,739.24,739.28,10814,after-market,False
2026-07-27T22:03:00+00:00,739.42,739.43,739.35,739.35,8824,after-market,False
2026-07-27T22:04:00+00:00,739.3,739.3,739.29,739.29,2970,after-market,False
2026-07-27T22:05:00+00:00,739.26,739.26,739.19,739.22,1562,after-market,False
2026-07-27T22:06:00+00:00,739.23,739.23,739.2,739.2,571,after-market,False
2026-07-27T22:07:00+00:00,739.17,739.17,739.05,739.05,1971,after-market,False
2026-07-27T22:08:00+00:00,739.06,739.09,739.03,739.09,1150,after-market,False
2026-07-27T22:09:00+00:00,739.1,739.1,739.05,739.05,340,after-market,False
2026-07-27T22:10:00+00:00,739.07,739.07,739.07,739.07,100,after-market,False
2026-07-27T22:11:00+00:00,739.02,739.02,738.99,738.99,2869,after-market,False
2026-07-27T22:12:00+00:00,739.0,739.03,739.0,739.03,1140,after-market,False
2026-07-27T22:13:00+00:00,738.99,738.99,738.84,738.84,1302,after-market,False
2026-07-27T22:14:00+00:00,738.86,738.86,738.85,738.85,92,after-market,False
2026-07-27T22:15:00+00:00,738.85,738.85,738.85,738.85,0,after-market,False
2026-07-27T22:16:00+00:00,738.83,738.83,738.81,738.81,121,after-market,False
2026-07-27T22:17:00+00:00,738.81,738.81,738.81,738.81,0,after-market,False
2026-07-27T22:18:00+00:00,738.92,739.01,738.86,738.99,391,after-market,False
2026-07-27T22:19:00+00:00,738.99,738.99,738.93,738.93,412,after-market,False
2026-07-27T22:20:00+00:00,738.96,738.96,738.96,738.96,111,after-market,False
2026-07-27T22:21:00+00:00,738.94,738.94,738.94,738.94,100,after-market,False
2026-07-27T22:22:00+00:00,738.93,738.93,738.88,738.88,1745,after-market,False
2026-07-27T22:23:00+00:00,738.91,738.99,738.91,738.99,315,after-market,False
2026-07-27T22:24:00+00:00,738.92,738.95,738.81,738.81,355,after-market,False
2026-07-27T22:25:00+00:00,738.8,738.8,738.78,738.79,755,after-market,False
2026-07-27T22:26:00+00:00,738.74,738.8,738.71,738.79,737,after-market,False
2026-07-27T22:27:00+00:00,738.79,738.79,738.79,738.79,80,after-market,False
2026-07-27T22:28:00+00:00,738.7,738.7,738.66,738.66,1823,after-market,False
2026-07-27T22:29:00+00:00,738.64,738.64,738.6,738.64,209,after-market,False
2026-07-27T22:30:00+00:00,738.7,738.71,738.65,738.71,318,after-market,False
2026-07-27T22:31:00+00:00,738.78,738.85,738.78,738.82,2396,after-market,False
2026-07-27T22:32:00+00:00,738.82,738.82,738.82,738.82,0,after-market,False
2026-07-27T22:33:00+00:00,738.97,738.97,738.88,738.89,209,after-market,False
2026-07-27T22:34:00+00:00,738.89,738.89,738.89,738.89,0,after-market,False
2026-07-27T22:35:00+00:00,738.89,738.89,738.89,738.89,0,after-market,False
2026-07-27T22:36:00+00:00,738.94,738.94,738.94,738.94,100,after-market,False
2026-07-27T22:37:00+00:00,738.94,738.94,738.94,738.94,0,after-market,False
2026-07-27T22:38:00+00:00,738.94,738.94,738.94,738.94,0,after-market,False
2026-07-27T22:39:00+00:00,738.86,738.86,738.86,738.86,53,after-market,False
2026-07-27T22:40:00+00:00,738.88,738.88,738.72,738.72,599,after-market,False
2026-07-27T22:41:00+00:00,738.71,738.71,738.71,738.71,51,after-market,False
2026-07-27T22:42:00+00:00,738.71,738.71,738.71,738.71,0,after-market,False
2026-07-27T22:43:00+00:00,738.71,738.71,738.71,738.71,0,after-market,False
2026-07-27T22:44:00+00:00,738.73,738.73,738.73,738.73,42,after-market,False
2026-07-27T22:45:00+00:00,738.69,738.69,738.69,738.69,92,after-market,False
2026-07-27T22:46:00+00:00,738.66,738.66,738.64,738.65,270,after-market,False
2026-07-27T22:47:00+00:00,738.62,738.66,738.61,738.66,1484,after-market,False
2026-07-27T22:48:00+00:00,738.66,738.7,738.62,738.7,1326,after-market,False
2026-07-27T22:49:00+00:00,738.7,738.7,738.7,738.7,0,after-market,False
2026-07-27T22:50:00+00:00,738.72,738.72,738.63,738.63,498,after-market,False
2026-07-27T22:51:00+00:00,738.63,738.63,738.63,738.63,0,after-market,False
2026-07-27T22:52:00+00:00,738.72,738.78,738.72,738.78,121,after-market,False
2026-07-27T22:53:00+00:00,738.74,738.74,738.74,738.74,65,after-market,False
2026-07-27T22:54:00+00:00,738.69,738.69,738.69,738.69,49,after-market,False
2026-07-27T22:55:00+00:00,738.66,738.66,738.66,738.66,40,after-market,False
2026-07-27T22:56:00+00:00,738.66,738.66,738.66,738.66,0,after-market,False
2026-07-27T22:57:00+00:00,738.63,738.65,738.6,738.6,300,after-market,False
2026-07-27T22:58:00+00:00,738.59,738.62,738.59,738.61,444,after-market,False
2026-07-27T22:59:00+00:00,738.62,738.63,738.61,738.63,4322,after-market,False
2026-07-27T23:00:00+00:00,738.62,738.62,738.57,738.58,320,after-market,False
2026-07-27T23:01:00+00:00,738.5,738.5,738.31,738.33,1281,after-market,False
2026-07-27T23:02:00+00:00,738.3,738.3,738.24,738.25,505,after-market,False
2026-07-27T23:03:00+00:00,738.21,738.25,738.17,738.18,360,after-market,False
2026-07-27T23:04:00+00:00,738.19,738.19,738.19,738.19,56,after-market,False
2026-07-27T23:05:00+00:00,738.34,738.71,738.32,738.68,1035,after-market,False
2026-07-27T23:06:00+00:00,738.72,738.86,738.71,738.86,643,after-market,False
2026-07-27T23:07:00+00:00,738.77,738.77,738.71,738.76,320,after-market,False
2026-07-27T23:08:00+00:00,738.65,738.65,738.65,738.65,59,after-market,False
2026-07-27T23:09:00+00:00,738.57,738.58,738.57,738.57,88,after-market,False
2026-07-27T23:10:00+00:00,738.62,738.62,738.61,738.62,110,after-market,False
2026-07-27T23:11:00+00:00,738.62,738.62,738.62,738.62,0,after-market,False
2026-07-27T23:12:00+00:00,738.57,738.57,738.57,738.57,126,after-market,False
2026-07-27T23:13:00+00:00,738.57,738.57,738.57,738.57,0,after-market,False
2026-07-27T23:14:00+00:00,738.51,738.51,738.51,738.51,126,after-market,False
2026-07-27T23:15:00+00:00,738.43,738.43,738.43,738.43,100,after-market,False
2026-07-27T23:16:00+00:00,738.4,738.4,738.34,738.4,601,after-market,False
2026-07-27T23:17:00+00:00,738.43,738.62,738.43,738.62,4246,after-market,False
2026-07-27T23:18:00+00:00,738.6,738.7,738.59,738.7,428,after-market,False
2026-07-27T23:19:00+00:00,738.64,738.75,738.5,738.72,2763,after-market,False
2026-07-27T23:20:00+00:00,738.8,738.8,738.79,738.79,550,after-market,False
2026-07-27T23:21:00+00:00,738.79,738.79,738.79,738.79,0,after-market,False
2026-07-27T23:22:00+00:00,738.75,738.75,738.7,738.7,137,after-market,False
2026-07-27T23:23:00+00:00,738.7,738.7,738.7,738.7,0,after-market,False
2026-07-27T23:24:00+00:00,738.8,738.8,738.8,738.8,46,after-market,False
2026-07-27T23:25:00+00:00,738.8,738.8,738.8,738.8,0,after-market,False
2026-07-27T23:26:00+00:00,738.8,738.8,738.8,738.8,0,after-market,False
2026-07-27T23:27:00+00:00,738.8,738.8,738.8,738.8,0,after-market,False
2026-07-27T23:28:00+00:00,738.99,738.99,738.98,738.99,240,after-market,False
2026-07-27T23:29:00+00:00,738.98,738.99,738.98,738.99,2897,after-market,False
2026-07-27T23:30:00+00:00,738.96,738.96,738.96,738.96,125,after-market,False
2026-07-27T23:31:00+00:00,738.96,738.96,738.96,738.96,0,after-market,False
2026-07-27T23:32:00+00:00,738.96,738.96,738.96,738.96,0,after-market,False
2026-07-27T23:33:00+00:00,738.92,738.92,738.92,738.92,66,after-market,False
2026-07-27T23:34:00+00:00,738.92,738.92,738.92,738.92,0,after-market,False
2026-07-27T23:35:00+00:00,738.92,738.92,738.92,738.92,0,after-market,False
2026-07-27T23:36:00+00:00,738.86,738.95,738.85,738.95,298,after-market,False
2026-07-27T23:37:00+00:00,738.85,738.85,738.85,738.85,126,after-market,False
2026-07-27T23:38:00+00:00,738.9,738.9,738.8,738.8,592,after-market,False
2026-07-27T23:39:00+00:00,738.8,738.8,738.8,738.8,300,after-market,False
2026-07-27T23:40:00+00:00,738.74,738.74,738.74,738.74,130,after-market,False
2026-07-27T23:41:00+00:00,738.76,738.78,738.76,738.78,160,after-market,False
2026-07-27T23:42:00+00:00,738.76,738.76,738.76,738.76,80,after-market,False
2026-07-27T23:43:00+00:00,738.76,738.76,738.76,738.76,0,after-market,False
2026-07-27T23:44:00+00:00,738.65,738.65,738.64,738.64,200,after-market,False
2026-07-27T23:45:00+00:00,738.6,738.6,738.6,738.6,43,after-market,False
2026-07-27T23:46:00+00:00,738.63,738.63,738.63,738.63,200,after-market,False
2026-07-27T23:47:00+00:00,738.47,738.5,738.47,738.5,520,after-market,False
2026-07-27T23:48:00+00:00,738.52,738.52,738.52,738.52,200,after-market,False
2026-07-27T23:49:00+00:00,738.4,738.43,738.4,738.42,300,after-market,False
2026-07-27T23:50:00+00:00,738.42,738.51,738.42,738.47,1327,after-market,False
2026-07-27T23:51:00+00:00,738.8,739.04,738.8,739.04,1812,after-market,False
2026-07-27T23:52:00+00:00,739.09,739.09,738.98,738.98,763,after-market,False
2026-07-27T23:53:00+00:00,739.09,739.1,739.06,739.06,260,after-market,False
2026-07-27T23:54:00+00:00,738.98,739.03,738.98,739.0,818,after-market,False
2026-07-27T23:55:00+00:00,739.07,739.08,739.06,739.08,200,after-market,False
2026-07-27T23:56:00+00:00,739.08,739.08,739.08,739.08,0,after-market,False
2026-07-27T23:57:00+00:00,738.99,739.05,738.99,739.01,746,after-market,False
2026-07-27T23:58:00+00:00,738.92,738.92,738.91,738.92,575,after-market,False
2026-07-27T23:59:00+00:00,738.86,738.87,738.84,738.87,4180,after-market,False
2026-07-28T08:00:00+00:00,737.0,737.36,736.54,737.29,1055,pre-market,False
2026-07-28T08:01:00+00:00,737.36,738.12,736.16,736.9,32717,pre-market,False
2026-07-28T08:02:00+00:00,736.71,738.08,736.35,737.85,17346,pre-market,False
2026-07-28T08:03:00+00:00,737.75,737.93,737.69,737.73,1263,pre-market,False
2026-07-28T08:04:00+00:00,737.75,737.78,737.65,737.7,1072,pre-market,False
2026-07-28T08:05:00+00:00,737.68,737.82,737.68,737.76,2090,pre-market,False
2026-07-28T08:06:00+00:00,737.72,737.98,737.23,737.98,918,pre-market,False
2026-07-28T08:07:00+00:00,737.69,737.69,737.44,737.5,516,pre-market,False
2026-07-28T08:08:00+00:00,737.47,737.57,737.4,737.4,304,pre-market,False
2026-07-28T08:09:00+00:00,737.25,737.29,737.2,737.2,222,pre-market,False
2026-07-28T08:10:00+00:00,737.2,737.23,736.95,736.95,769,pre-market,False
2026-07-28T08:11:00+00:00,736.94,736.97,736.88,736.92,919,pre-market,False
2026-07-28T08:12:00+00:00,736.9,736.9,736.9,736.9,156,pre-market,False
2026-07-28T08:13:00+00:00,736.9,736.95,736.88,736.9,751,pre-market,False
2026-07-28T08:14:00+00:00,736.9,736.9,736.83,736.83,147,pre-market,False
2026-07-28T08:15:00+00:00,736.91,737.37,736.84,737.37,432,pre-market,False
2026-07-28T08:16:00+00:00,737.62,737.63,737.39,737.39,120,pre-market,False
2026-07-28T08:17:00+00:00,737.53,737.6,737.5,737.5,3490,pre-market,False
2026-07-28T08:18:00+00:00,737.5,737.72,737.5,737.72,212,pre-market,False
2026-07-28T08:19:00+00:00,737.77,737.92,737.77,737.92,247,pre-market,False
2026-07-28T08:20:00+00:00,738.05,738.06,738.05,738.06,500,pre-market,False
2026-07-28T08:21:00+00:00,738.16,738.22,738.14,738.14,531,pre-market,False
2026-07-28T08:22:00+00:00,738.0,738.0,738.0,738.0,40,pre-market,False
2026-07-28T08:23:00+00:00,738.0,738.0,738.0,738.0,0,pre-market,False
2026-07-28T08:24:00+00:00,738.45,738.74,738.39,738.74,3642,pre-market,False
2026-07-28T08:25:00+00:00,738.57,738.57,738.4,738.41,1121,pre-market,False
2026-07-28T08:26:00+00:00,738.32,738.32,738.32,738.32,70,pre-market,False
2026-07-28T08:27:00+00:00,738.32,738.32,738.32,738.32,0,pre-market,False
2026-07-28T08:28:00+00:00,738.46,738.46,738.34,738.37,826,pre-market,False
2026-07-28T08:29:00+00:00,738.52,738.52,738.52,738.52,67,pre-market,False
2026-07-28T08:30:00+00:00,738.49,738.49,738.2,738.24,387,pre-market,False
2026-07-28T08:31:00+00:00,738.3,738.3,738.3,738.3,60,pre-market,False
2026-07-28T08:32:00+00:00,738.27,738.27,738.23,738.27,168,pre-market,False
2026-07-28T08:33:00+00:00,738.24,738.26,738.24,738.26,526,pre-market,False
2026-07-28T08:34:00+00:00,738.28,738.55,738.27,738.55,240,pre-market,False
2026-07-28T08:35:00+00:00,738.57,738.57,738.56,738.57,100,pre-market,False
2026-07-28T08:36:00+00:00,738.47,738.47,738.47,738.47,128,pre-market,False
2026-07-28T08:37:00+00:00,738.33,738.47,738.33,738.47,381,pre-market,False
2026-07-28T08:38:00+00:00,738.64,738.68,738.57,738.68,4160,pre-market,False
2026-07-28T08:39:00+00:00,738.68,738.68,738.68,738.68,0,pre-market,False
2026-07-28T08:40:00+00:00,738.62,738.76,738.61,738.75,721,pre-market,False
2026-07-28T08:41:00+00:00,738.87,738.9,738.81,738.9,1771,pre-market,False
2026-07-28T08:42:00+00:00,738.87,738.87,738.75,738.75,354,pre-market,False
2026-07-28T08:43:00+00:00,738.82,738.9,738.81,738.89,477,pre-market,False
2026-07-28T08:44:00+00:00,738.81,738.81,738.76,738.76,107,pre-market,False
2026-07-28T08:45:00+00:00,738.78,738.78,738.78,738.78,137,pre-market,False
2026-07-28T08:46:00+00:00,738.78,738.78,738.78,738.78,0,pre-market,False
2026-07-28T08:47:00+00:00,738.74,739.06,738.73,738.93,2453,pre-market,False
2026-07-28T08:48:00+00:00,738.93,738.94,738.93,738.94,180,pre-market,False
2026-07-28T08:49:00+00:00,738.86,738.9,738.85,738.9,371,pre-market,False
2026-07-28T08:50:00+00:00,738.9,738.9,738.9,738.9,0,pre-market,False
2026-07-28T08:51:00+00:00,739.0,739.0,738.99,739.0,400,pre-market,False
2026-07-28T08:52:00+00:00,738.76,738.76,738.75,738.75,280,pre-market,False
2026-07-28T08:53:00+00:00,738.71,738.71,738.7,738.7,193,pre-market,False
2026-07-28T08:54:00+00:00,738.57,738.58,738.55,738.58,558,pre-market,False
2026-07-28T08:55:00+00:00,738.52,738.53,738.35,738.35,872,pre-market,False
2026-07-28T08:56:00+00:00,738.4,738.48,738.4,738.48,486,pre-market,False
2026-07-28T08:57:00+00:00,738.47,738.47,738.37,738.38,327,pre-market,False
2026-07-28T08:58:00+00:00,738.43,738.43,738.43,738.43,250,pre-market,False
2026-07-28T08:59:00+00:00,738.45,738.52,738.4,738.45,1606,pre-market,False
2026-07-28T09:00:00+00:00,738.45,738.51,738.39,738.5,517,pre-market,False
2026-07-28T09:01:00+00:00,738.53,738.62,738.45,738.62,1495,pre-market,False
2026-07-28T09:02:00+00:00,738.62,738.62,738.62,738.62,0,pre-market,False
2026-07-28T09:03:00+00:00,738.65,738.66,738.4,738.4,585,pre-market,False
2026-07-28T09:04:00+00:00,738.41,738.42,738.41,738.42,142,pre-market,False
2026-07-28T09:05:00+00:00,738.43,738.59,738.43,738.56,744,pre-market,False
2026-07-28T09:06:00+00:00,738.62,738.69,738.62,738.69,747,pre-market,False
2026-07-28T09:07:00+00:00,738.69,738.69,738.69,738.69,0,pre-market,False
2026-07-28T09:08:00+00:00,738.64,738.64,738.64,738.64,52,pre-market,False
2026-07-28T09:09:00+00:00,738.64,738.64,738.64,738.64,0,pre-market,False
2026-07-28T09:10:00+00:00,738.63,738.71,738.63,738.65,160,pre-market,False
2026-07-28T09:11:00+00:00,738.66,738.66,738.66,738.66,65,pre-market,False
2026-07-28T09:12:00+00:00,738.72,738.81,738.6,738.6,1288,pre-market,False
2026-07-28T09:13:00+00:00,738.6,738.6,738.6,738.6,60,pre-market,False
2026-07-28T09:14:00+00:00,738.38,738.38,738.38,738.38,40,pre-market,False
2026-07-28T09:15:00+00:00,738.55,738.55,738.55,738.55,200,pre-market,False
2026-07-28T09:16:00+00:00,738.51,738.58,738.51,738.58,120,pre-market,False
2026-07-28T09:17:00+00:00,738.57,738.57,738.57,738.57,67,pre-market,False
2026-07-28T09:18:00+00:00,738.48,738.52,738.43,738.52,667,pre-market,False
2026-07-28T09:19:00+00:00,738.55,738.55,738.55,738.55,100,pre-market,False
2026-07-28T09:20:00+00:00,738.62,738.69,738.62,738.69,160,pre-market,False
2026-07-28T09:21:00+00:00,738.66,738.66,738.64,738.65,1027,pre-market,False
2026-07-28T09:22:00+00:00,738.65,738.65,738.65,738.65,0,pre-market,False
2026-07-28T09:23:00+00:00,738.65,738.65,738.65,738.65,51,pre-market,False
2026-07-28T09:24:00+00:00,738.68,738.68,738.68,738.68,151,pre-market,False
2026-07-28T09:25:00+00:00,738.65,738.66,738.65,738.66,509,pre-market,False
2026-07-28T09:26:00+00:00,738.64,738.71,738.64,738.7,1252,pre-market,False
2026-07-28T09:27:00+00:00,738.7,738.7,738.7,738.7,0,pre-market,False
2026-07-28T09:28:00+00:00,738.78,738.79,738.78,738.79,992,pre-market,False
2026-07-28T09:29:00+00:00,738.81,738.85,738.81,738.85,151,pre-market,False
2026-07-28T09:30:00+00:00,738.85,738.85,738.85,738.85,0,pre-market,False
2026-07-28T09:31:00+00:00,738.68,738.68,738.68,738.68,80,pre-market,False
2026-07-28T09:32:00+00:00,738.68,738.68,738.68,738.68,0,pre-market,False
2026-07-28T09:33:00+00:00,738.57,738.6,738.56,738.6,206,pre-market,False
2026-07-28T09:34:00+00:00,738.6,738.6,738.6,738.6,0,pre-market,False
2026-07-28T09:35:00+00:00,738.52,738.56,738.51,738.51,498,pre-market,False
2026-07-28T09:36:00+00:00,738.5,738.5,738.49,738.49,499,pre-market,False
2026-07-28T09:37:00+00:00,738.49,738.49,738.49,738.49,61,pre-market,False
2026-07-28T09:38:00+00:00,738.53,738.53,738.53,738.53,63,pre-market,False
2026-07-28T09:39:00+00:00,738.59,738.6,738.55,738.55,286,pre-market,False
2026-07-28T09:40:00+00:00,738.5,738.5,738.5,738.5,63,pre-market,False
2026-07-28T09:41:00+00:00,738.63,738.63,738.62,738.62,500,pre-market,False
2026-07-28T09:42:00+00:00,738.59,738.77,738.59,738.77,793,pre-market,False
2026-07-28T09:43:00+00:00,738.69,738.69,738.69,738.69,166,pre-market,False
2026-07-28T09:44:00+00:00,738.69,738.69,738.69,738.69,0,pre-market,False
2026-07-28T09:45:00+00:00,738.51,738.51,738.51,738.51,40,pre-market,False
2026-07-28T09:46:00+00:00,738.57,738.57,738.57,738.57,976,pre-market,False
2026-07-28T09:47:00+00:00,738.52,738.52,738.52,738.52,40,pre-market,False
2026-07-28T09:48:00+00:00,738.53,738.56,738.46,738.48,570,pre-market,False
2026-07-28T09:49:00+00:00,738.56,738.56,738.52,738.52,107,pre-market,False
2026-07-28T09:50:00+00:00,738.66,738.72,738.66,738.69,247,pre-market,False
2026-07-28T09:51:00+00:00,738.6,738.6,738.6,738.6,50,pre-market,False
2026-07-28T09:52:00+00:00,738.58,738.58,738.5,738.5,270,pre-market,False
2026-07-28T09:53:00+00:00,738.59,738.59,738.56,738.56,250,pre-market,False
2026-07-28T09:54:00+00:00,738.44,738.46,738.44,738.45,792,pre-market,False
2026-07-28T09:55:00+00:00,738.5,738.5,738.5,738.5,100,pre-market,False
2026-07-28T09:56:00+00:00,738.41,738.41,738.41,738.41,82,pre-market,False
2026-07-28T09:57:00+00:00,738.36,738.37,738.18,738.18,203,pre-market,False
2026-07-28T09:58:00+00:00,738.1,738.1,738.1,738.1,66,pre-market,False
2026-07-28T09:59:00+00:00,738.21,738.26,738.2,738.26,128,pre-market,False
2026-07-28T10:00:00+00:00,738.28,738.28,738.28,738.28,80,pre-market,False
2026-07-28T10:01:00+00:00,738.25,738.3,738.25,738.3,335,pre-market,False
2026-07-28T10:02:00+00:00,738.35,738.35,738.35,738.35,40,pre-market,False
2026-07-28T10:03:00+00:00,738.35,738.35,738.35,738.35,0,pre-market,False
2026-07-28T10:04:00+00:00,738.35,738.35,738.35,738.35,0,pre-market,False
2026-07-28T10:05:00+00:00,738.35,738.35,738.35,738.35,0,pre-market,False
2026-07-28T10:06:00+00:00,738.22,738.31,738.22,738.31,151,pre-market,False
2026-07-28T10:07:00+00:00,738.31,738.31,738.31,738.31,0,pre-market,False
2026-07-28T10:08:00+00:00,738.18,738.19,738.16,738.19,606,pre-market,False
2026-07-28T10:09:00+00:00,738.1,738.28,738.1,738.28,544,pre-market,False
2026-07-28T10:10:00+00:00,738.28,738.28,738.28,738.28,0,pre-market,False
2026-07-28T10:11:00+00:00,738.28,738.28,738.28,738.28,0,pre-market,False
2026-07-28T10:12:00+00:00,738.28,738.28,738.28,738.28,0,pre-market,False
2026-07-28T10:13:00+00:00,738.31,738.35,738.27,738.27,1276,pre-market,False
2026-07-28T10:14:00+00:00,738.22,738.22,738.2,738.2,440,pre-market,False
2026-07-28T10:15:00+00:00,738.2,738.2,738.2,738.2,0,pre-market,False
2026-07-28T10:16:00+00:00,738.23,738.44,738.23,738.44,1111,pre-market,False
2026-07-28T10:17:00+00:00,738.35,738.38,738.35,738.38,1200,pre-market,False
2026-07-28T10:18:00+00:00,738.41,738.44,738.4,738.44,251,pre-market,False
2026-07-28T10:19:00+00:00,738.44,738.44,738.44,738.44,0,pre-market,False
2026-07-28T10:20:00+00:00,738.44,738.44,738.44,738.44,0,pre-market,False
2026-07-28T10:21:00+00:00,738.25,738.25,738.08,738.16,743,pre-market,False
2026-07-28T10:22:00+00:00,738.14,738.17,738.13,738.17,265,pre-market,False
2026-07-28T10:23:00+00:00,738.17,738.17,738.17,738.17,0,pre-market,False
2026-07-28T10:24:00+00:00,738.17,738.17,738.17,738.17,50,pre-market,False
2026-07-28T10:25:00+00:00,738.17,738.17,738.17,738.17,0,pre-market,False
2026-07-28T10:26:00+00:00,738.03,738.03,737.96,737.97,354,pre-market,False
2026-07-28T10:27:00+00:00,737.97,737.97,737.97,737.97,0,pre-market,False
2026-07-28T10:28:00+00:00,738.3,738.38,738.3,738.3,760,pre-market,False
2026-07-28T10:29:00+00:00,738.47,738.51,738.47,738.5,1180,pre-market,False
2026-07-28T10:30:00+00:00,738.51,738.63,738.47,738.6,6178,pre-market,False
2026-07-28T10:31:00+00:00,738.6,738.61,738.6,738.61,140,pre-market,False
2026-07-28T10:32:00+00:00,738.61,738.61,738.61,738.61,0,pre-market,False
2026-07-28T10:33:00+00:00,738.61,738.61,738.61,738.61,0,pre-market,False
2026-07-28T10:34:00+00:00,738.4,738.4,738.17,738.32,16723,pre-market,False
2026-07-28T10:35:00+00:00,738.18,738.18,737.9,737.91,2574,pre-market,False
2026-07-28T10:36:00+00:00,737.98,738.01,737.98,738.01,1170,pre-market,False
2026-07-28T10:37:00+00:00,738.28,738.29,738.18,738.18,290,pre-market,False
2026-07-28T10:38:00+00:00,738.16,738.2,738.07,738.07,236,pre-market,False
2026-07-28T10:39:00+00:00,738.0,738.0,738.0,738.0,69,pre-market,False
2026-07-28T10:40:00+00:00,737.9,737.9,737.69,737.69,1640,pre-market,False
2026-07-28T10:41:00+00:00,737.74,737.84,737.7,737.76,732,pre-market,False
2026-07-28T10:42:00+00:00,737.79,737.91,737.79,737.83,759,pre-market,False
2026-07-28T10:43:00+00:00,737.82,737.82,737.79,737.79,99,pre-market,False
2026-07-28T10:44:00+00:00,737.89,737.89,737.89,737.89,112,pre-market,False
2026-07-28T10:45:00+00:00,737.99,738.01,737.99,738.01,173,pre-market,False
2026-07-28T10:46:00+00:00,738.01,738.01,738.01,738.01,0,pre-market,False
2026-07-28T10:47:00+00:00,738.2,738.2,738.2,738.2,100,pre-market,False
2026-07-28T10:48:00+00:00,738.18,738.18,738.18,738.18,68,pre-market,False
2026-07-28T10:49:00+00:00,738.18,738.18,738.18,738.18,0,pre-market,False
2026-07-28T10:50:00+00:00,738.15,738.15,738.15,738.15,80,pre-market,False
2026-07-28T10:51:00+00:00,738.21,738.21,738.21,738.21,199,pre-market,False
2026-07-28T10:52:00+00:00,738.1,738.1,738.1,738.1,50,pre-market,False
2026-07-28T10:53:00+00:00,738.22,738.25,738.22,738.25,113,pre-market,False
2026-07-28T10:54:00+00:00,738.25,738.25,738.25,738.25,0,pre-market,False
2026-07-28T10:55:00+00:00,738.46,738.46,738.38,738.39,3870,pre-market,False
2026-07-28T10:56:00+00:00,738.38,738.38,738.38,738.38,220,pre-market,False
2026-07-28T10:57:00+00:00,738.39,738.39,738.39,738.39,100,pre-market,False
2026-07-28T10:58:00+00:00,738.39,738.39,738.39,738.39,0,pre-market,False
2026-07-28T10:59:00+00:00,738.27,738.52,738.27,738.52,4348,pre-market,False
2026-07-28T11:00:00+00:00,738.47,738.91,738.3,738.65,3065,pre-market,False
2026-07-28T11:01:00+00:00,738.66,738.7,738.5,738.5,4208,pre-market,False
2026-07-28T11:02:00+00:00,738.4,738.49,738.33,738.36,3905,pre-market,False
2026-07-28T11:03:00+00:00,738.33,738.33,738.21,738.26,3724,pre-market,False
2026-07-28T11:04:00+00:00,738.2,738.34,738.15,738.19,1018,pre-market,False
2026-07-28T11:05:00+00:00,738.21,738.33,738.15,738.33,1160,pre-market,False
2026-07-28T11:06:00+00:00,738.27,738.36,738.27,738.36,10322,pre-market,False
2026-07-28T11:07:00+00:00,738.16,738.16,738.0,738.08,2518,pre-market,False
2026-07-28T11:08:00+00:00,738.03,738.14,738.03,738.14,748,pre-market,False
2026-07-28T11:09:00+00:00,738.06,738.11,738.05,738.05,550,pre-market,False
2026-07-28T11:10:00+00:00,738.02,738.05,737.96,738.01,512,pre-market,False
2026-07-28T11:11:00+00:00,737.96,737.96,737.77,737.8,2200,pre-market,False
2026-07-28T11:12:00+00:00,737.79,737.89,737.77,737.79,834,pre-market,False
2026-07-28T11:13:00+00:00,737.75,737.75,737.62,737.69,1455,pre-market,False
2026-07-28T11:14:00+00:00,737.62,737.76,737.59,737.67,1566,pre-market,False
2026-07-28T11:15:00+00:00,737.63,738.68,737.63,738.49,10340,pre-market,False
2026-07-28T11:16:00+00:00,738.38,738.42,738.34,738.38,4810,pre-market,False
2026-07-28T11:17:00+00:00,738.36,738.49,738.36,738.49,5122,pre-market,False
2026-07-28T11:18:00+00:00,738.48,739.16,738.48,738.92,17719,pre-market,False
2026-07-28T11:19:00+00:00,738.93,739.04,738.91,738.99,1648,pre-market,False
2026-07-28T11:20:00+00:00,738.95,739.08,738.83,738.83,7925,pre-market,False
2026-07-28T11:21:00+00:00,738.75,738.78,738.71,738.71,616,pre-market,False
2026-07-28T11:22:00+00:00,738.69,738.78,738.6,738.78,342,pre-market,False
2026-07-28T11:23:00+00:00,738.75,738.87,738.75,738.87,180,pre-market,False
2026-07-28T11:24:00+00:00,738.83,738.89,738.83,738.85,255,pre-market,False
2026-07-28T11:25:00+00:00,738.57,738.57,738.44,738.44,1602,pre-market,False
2026-07-28T11:26:00+00:00,738.4,738.42,738.29,738.29,1060,pre-market,False
2026-07-28T11:27:00+00:00,738.29,738.3,738.17,738.17,352,pre-market,False
2026-07-28T11:28:00+00:00,738.12,738.15,738.06,738.07,12882,pre-market,False
2026-07-28T11:29:00+00:00,738.26,738.34,738.11,738.11,2049,pre-market,False
2026-07-28T11:30:00+00:00,738.14,738.16,737.94,737.94,1970,pre-market,False
2026-07-28T11:31:00+00:00,737.98,738.08,737.98,738.02,447,pre-market,False
2026-07-28T11:32:00+00:00,738.12,738.17,738.12,738.16,539,pre-market,False
2026-07-28T11:33:00+00:00,738.15,738.25,738.15,738.25,127,pre-market,False
2026-07-28T11:34:00+00:00,738.23,738.23,738.12,738.12,1846,pre-market,False
2026-07-28T11:35:00+00:00,738.21,738.22,738.21,738.21,40,pre-market,False
2026-07-28T11:36:00+00:00,738.27,739.23,738.27,738.84,16103,pre-market,False
2026-07-28T11:37:00+00:00,738.8,738.8,738.63,738.64,1568,pre-market,False
2026-07-28T11:38:00+00:00,738.62,738.69,738.48,738.48,2990,pre-market,False
2026-07-28T11:39:00+00:00,738.31,738.31,738.07,738.07,2307,pre-market,False
2026-07-28T11:40:00+00:00,738.07,738.07,737.75,737.75,4858,pre-market,False
2026-07-28T11:41:00+00:00,737.7,737.72,737.68,737.71,6651,pre-market,False
2026-07-28T11:42:00+00:00,737.71,737.71,737.62,737.69,1412,pre-market,False
2026-07-28T11:43:00+00:00,737.85,737.91,737.85,737.91,1579,pre-market,False
2026-07-28T11:44:00+00:00,737.95,738.16,737.95,737.96,2480,pre-market,False
2026-07-28T11:45:00+00:00,738.12,738.3,738.12,738.3,1368,pre-market,False
2026-07-28T11:46:00+00:00,738.35,738.47,738.32,738.47,1135,pre-market,False
2026-07-28T11:47:00+00:00,738.43,738.71,738.43,738.71,1932,pre-market,False
2026-07-28T11:48:00+00:00,738.7,738.88,738.7,738.88,1404,pre-market,False
2026-07-28T11:49:00+00:00,738.84,738.91,738.61,738.61,3505,pre-market,False
2026-07-28T11:50:00+00:00,738.6,738.67,738.53,738.58,2024,pre-market,False
2026-07-28T11:51:00+00:00,738.66,738.81,738.65,738.81,306,pre-market,False
2026-07-28T11:52:00+00:00,738.85,738.85,738.72,738.72,638,pre-market,False
2026-07-28T11:53:00+00:00,738.73,738.74,738.63,738.73,1350,pre-market,False
2026-07-28T11:54:00+00:00,738.75,738.77,738.7,738.75,2114,pre-market,False
2026-07-28T11:55:00+00:00,738.82,738.88,738.82,738.85,1359,pre-market,False
2026-07-28T11:56:00+00:00,738.84,739.05,738.84,739.05,2655,pre-market,False
2026-07-28T11:57:00+00:00,739.02,739.07,739.02,739.02,811,pre-market,False
2026-07-28T11:58:00+00:00,739.07,739.36,739.05,739.32,4242,pre-market,False
2026-07-28T11:59:00+00:00,739.37,739.49,739.36,739.36,3900,pre-market,False
2026-07-28T12:00:00+00:00,739.39,739.5,739.39,739.41,8384,pre-market,False
2026-07-28T12:01:00+00:00,739.4,739.4,739.22,739.23,6726,pre-market,False
2026-07-28T12:02:00+00:00,739.22,739.27,739.2,739.27,2984,pre-market,False
2026-07-28T12:03:00+00:00,739.3,739.36,739.25,739.35,23591,pre-market,False
2026-07-28T12:04:00+00:00,739.33,739.63,739.33,739.55,3933,pre-market,False
2026-07-28T12:05:00+00:00,739.5,739.65,739.5,739.64,9010,pre-market,False
2026-07-28T12:06:00+00:00,739.59,739.75,739.55,739.55,7783,pre-market,False
2026-07-28T12:07:00+00:00,739.51,739.58,739.47,739.49,3885,pre-market,False
2026-07-28T12:08:00+00:00,739.39,739.51,739.39,739.46,6147,pre-market,False
2026-07-28T12:09:00+00:00,739.45,739.61,739.41,739.57,25384,pre-market,False
2026-07-28T12:10:00+00:00,739.54,739.55,739.22,739.28,24004,pre-market,False
2026-07-28T12:11:00+00:00,739.31,739.31,739.23,739.28,7360,pre-market,False
2026-07-28T12:12:00+00:00,739.29,739.3,739.22,739.29,5703,pre-market,False
2026-07-28T12:13:00+00:00,739.29,739.34,739.17,739.34,15568,pre-market,False
2026-07-28T12:14:00+00:00,739.32,739.36,739.3,739.36,6797,pre-market,False
2026-07-28T12:15:00+00:00,739.39,739.39,739.29,739.3,10395,pre-market,False
2026-07-28T12:16:00+00:00,739.23,739.36,739.2,739.32,1732,pre-market,False
2026-07-28T12:17:00+00:00,739.28,739.28,739.22,739.22,370,pre-market,False
2026-07-28T12:18:00+00:00,739.26,739.29,739.23,739.28,7390,pre-market,False
2026-07-28T12:19:00+00:00,739.24,739.35,739.21,739.32,9132,pre-market,False
2026-07-28T12:20:00+00:00,739.34,739.34,739.24,739.26,904,pre-market,False
2026-07-28T12:21:00+00:00,739.31,739.5,739.31,739.5,3304,pre-market,False
2026-07-28T12:22:00+00:00,739.5,739.5,737.51,739.41,49407,pre-market,False
2026-07-28T12:23:00+00:00,739.42,739.57,739.42,739.45,2591,pre-market,False
2026-07-28T12:24:00+00:00,739.43,739.62,739.3,739.62,5672,pre-market,False
2026-07-28T12:25:00+00:00,739.59,739.81,739.56,739.78,6348,pre-market,False
2026-07-28T12:26:00+00:00,739.75,739.84,739.72,739.81,9121,pre-market,False
2026-07-28T12:27:00+00:00,739.85,740.06,739.83,739.98,13123,pre-market,False
2026-07-28T12:28:00+00:00,739.88,739.95,739.8,739.8,2317,pre-market,False
2026-07-28T12:29:00+00:00,739.85,739.95,739.78,739.95,2643,pre-market,False
2026-07-28T12:30:00+00:00,739.99,740.23,739.99,740.22,5708,pre-market,False
2026-07-28T12:31:00+00:00,740.15,740.16,739.87,739.89,1124,pre-market,False
2026-07-28T12:32:00+00:00,739.97,740.1,739.97,740.02,13765,pre-market,False
2026-07-28T12:33:00+00:00,740.02,740.02,739.84,739.84,2364,pre-market,False
2026-07-28T12:34:00+00:00,739.89,739.93,739.32,739.7,34229,pre-market,False
2026-07-28T12:35:00+00:00,739.63,739.8,739.63,739.76,4119,pre-market,False
2026-07-28T12:36:00+00:00,739.77,739.93,739.66,739.93,3479,pre-market,False
2026-07-28T12:37:00+00:00,740.01,740.01,739.85,739.87,1658,pre-market,False
2026-07-28T12:38:00+00:00,739.83,739.97,739.82,739.82,514,pre-market,False
2026-07-28T12:39:00+00:00,739.76,739.77,739.67,739.67,748,pre-market,False
2026-07-28T12:40:00+00:00,739.65,739.77,739.65,739.77,350,pre-market,False
2026-07-28T12:41:00+00:00,739.55,739.63,739.48,739.53,4634,pre-market,False
2026-07-28T12:42:00+00:00,739.68,739.9,739.68,739.9,2661,pre-market,False
2026-07-28T12:43:00+00:00,739.93,740.21,739.93,740.21,10957,pre-market,False
2026-07-28T12:44:00+00:00,740.1,740.25,740.08,740.22,1568,pre-market,False
2026-07-28T12:45:00+00:00,740.29,740.3,740.19,740.19,1475,pre-market,False
2026-07-28T12:46:00+00:00,740.29,741.0,740.29,740.33,27789,pre-market,False
2026-07-28T12:47:00+00:00,740.33,740.39,740.26,740.27,654,pre-market,False
2026-07-28T12:48:00+00:00,740.25,740.3,740.17,740.17,4479,pre-market,False
2026-07-28T12:49:00+00:00,740.21,740.39,740.17,740.28,6694,pre-market,False
2026-07-28T12:50:00+00:00,740.24,740.24,739.96,739.96,1031,pre-market,False
2026-07-28T12:51:00+00:00,739.92,739.98,739.91,739.98,12779,pre-market,False
2026-07-28T12:52:00+00:00,739.98,740.02,739.94,739.94,6252,pre-market,False
2026-07-28T12:53:00+00:00,739.94,739.94,739.87,739.88,4120,pre-market,False
2026-07-28T12:54:00+00:00,739.85,740.16,739.85,740.16,5879,pre-market,False
2026-07-28T12:55:00+00:00,740.19,740.24,740.07,740.07,3601,pre-market,False
2026-07-28T12:56:00+00:00,740.06,740.15,740.06,740.12,3538,pre-market,False
2026-07-28T12:57:00+00:00,740.12,740.14,740.06,740.06,2726,pre-market,False
2026-07-28T12:58:00+00:00,739.94,739.98,739.88,739.88,1443,pre-market,False
2026-07-28T12:59:00+00:00,739.94,739.94,739.88,739.88,2420,pre-market,False
2026-07-28T13:00:00+00:00,739.87,739.97,739.7,739.7,7864,pre-market,False
2026-07-28T13:01:00+00:00,739.67,739.67,739.59,739.62,3025,pre-market,False
2026-07-28T13:02:00+00:00,739.62,739.65,739.53,739.58,4683,pre-market,False
2026-07-28T13:03:00+00:00,739.61,739.75,739.6,739.61,1995,pre-market,False
2026-07-28T13:04:00+00:00,739.66,739.67,739.62,739.67,809,pre-market,False
2026-07-28T13:05:00+00:00,739.64,739.71,739.64,739.67,4362,pre-market,False
2026-07-28T13:06:00+00:00,739.7,740.02,739.7,740.01,12472,pre-market,False
2026-07-28T13:07:00+00:00,739.99,740.06,739.96,740.01,393,pre-market,False
2026-07-28T13:08:00+00:00,740.03,740.13,739.98,740.07,1979,pre-market,False
2026-07-28T13:09:00+00:00,740.08,740.13,740.07,740.12,5913,pre-market,False
2026-07-28T13:10:00+00:00,740.02,740.09,740.02,740.06,5330,pre-market,False
2026-07-28T13:11:00+00:00,740.05,740.05,739.88,739.88,1589,pre-market,False
2026-07-28T13:12:00+00:00,739.91,739.91,739.82,739.89,399,pre-market,False
2026-07-28T13:13:00+00:00,739.91,739.91,739.9,739.91,387,pre-market,False
2026-07-28T13:14:00+00:00,739.92,739.92,739.8,739.82,27025,pre-market,False
2026-07-28T13:15:00+00:00,739.87,739.92,739.83,739.91,2849,pre-market,False
2026-07-28T13:16:00+00:00,739.9,740.0,739.86,740.0,1811,pre-market,False
2026-07-28T13:17:00+00:00,740.1,740.1,740.01,740.02,1726,pre-market,False
2026-07-28T13:18:00+00:00,740.06,740.48,740.06,740.48,6072,pre-market,False
2026-07-28T13:19:00+00:00,740.27,740.27,740.17,740.17,2550,pre-market,False
2026-07-28T13:20:00+00:00,740.28,740.3,740.24,740.27,2171,pre-market,False
2026-07-28T13:21:00+00:00,740.27,740.33,740.24,740.32,937,pre-market,False
2026-07-28T13:22:00+00:00,740.33,740.35,740.09,740.09,5367,pre-market,False
2026-07-28T13:23:00+00:00,740.09,740.15,739.97,739.97,9508,pre-market,False
2026-07-28T13:24:00+00:00,740.0,740.19,739.95,740.18,595,pre-market,False
2026-07-28T13:25:00+00:00,740.13,740.13,739.74,739.97,17593,pre-market,False
2026-07-28T13:26:00+00:00,739.92,739.98,739.84,739.93,4088,pre-market,False
2026-07-28T13:27:00+00:00,739.92,739.99,739.71,739.77,19802,pre-market,False
2026-07-28T13:28:00+00:00,739.8,739.81,739.4,739.44,28234,pre-market,False
2026-07-28T13:29:00+00:00,739.45,739.5,739.14,739.21,42784,pre-market,False
2026-07-28T13:31:00+00:00,738.83,738.9,738.29,738.41,378671,regular,False
2026-07-28T13:32:00+00:00,738.4,738.52,738.03,738.22,252642,regular,False
2026-07-28T13:33:00+00:00,738.22,738.6,738.09,738.28,241990,regular,False
2026-07-28T13:34:00+00:00,738.3,738.5,738.05,738.16,148778,regular,False
2026-07-28T13:35:00+00:00,738.16,739.06,738.16,738.99,160160,regular,False
2026-07-28T13:36:00+00:00,739.0,739.07,738.35,738.47,118684,regular,False
2026-07-28T13:37:00+00:00,738.51,738.76,738.07,738.21,202062,regular,False
2026-07-28T13:38:00+00:00,738.2,738.46,738.01,738.03,138491,regular,False
2026-07-28T13:39:00+00:00,738.02,738.12,737.76,737.79,118324,regular,False
2026-07-28T13:40:00+00:00,737.79,738.32,737.69,738.01,192238,regular,False
2026-07-28T13:41:00+00:00,738.0,738.34,737.7,737.79,101673,regular,False
2026-07-28T13:42:00+00:00,737.79,737.86,737.18,737.27,190928,regular,False
2026-07-28T13:43:00+00:00,737.27,737.37,736.56,736.65,235487,regular,False
2026-07-28T13:44:00+00:00,736.65,737.14,736.64,737.05,231896,regular,False
2026-07-28T13:45:00+00:00,737.05,737.33,736.76,736.82,181468,regular,False
2026-07-28T13:46:00+00:00,736.78,736.81,736.26,736.43,144154,regular,False
2026-07-28T13:47:00+00:00,736.43,736.46,735.99,736.02,151549,regular,False
2026-07-28T13:48:00+00:00,736.01,737.2,735.98,737.16,172267,regular,False
2026-07-28T13:49:00+00:00,737.16,737.61,737.0,737.53,160464,regular,False
2026-07-28T13:50:00+00:00,737.53,738.18,737.15,737.15,179468,regular,False
2026-07-28T13:51:00+00:00,737.16,737.4,736.87,737.18,157236,regular,False
2026-07-28T13:52:00+00:00,737.18,737.9,737.07,737.5,116395,regular,False
2026-07-28T13:53:00+00:00,737.5,737.53,736.73,737.29,136466,regular,False
2026-07-28T13:54:00+00:00,737.3,737.59,737.0,737.04,88012,regular,False
2026-07-28T13:55:00+00:00,737.05,737.25,736.65,736.73,74419,regular,False
2026-07-28T13:56:00+00:00,736.72,737.1,736.56,737.05,111606,regular,False
2026-07-28T13:57:00+00:00,737.04,737.16,736.64,736.77,76405,regular,False
2026-07-28T13:58:00+00:00,736.72,736.75,736.37,736.43,106334,regular,False
2026-07-28T13:59:00+00:00,736.44,736.74,736.16,736.5,98151,regular,False
2026-07-28T14:00:00+00:00,736.49,737.52,736.45,737.45,116245,regular,False
2026-07-28T14:01:00+00:00,737.45,737.57,737.07,737.11,62563,regular,False
2026-07-28T14:02:00+00:00,737.12,737.71,737.09,737.43,59163,regular,False
2026-07-28T14:03:00+00:00,737.43,737.6,737.21,737.34,59531,regular,False
2026-07-28T14:04:00+00:00,737.33,737.52,737.09,737.26,56481,regular,False
2026-07-28T14:05:00+00:00,737.24,737.96,737.15,737.96,63869,regular,False
2026-07-28T14:06:00+00:00,737.93,738.07,737.57,738.07,95730,regular,False
2026-07-28T14:07:00+00:00,738.07,738.22,737.46,737.47,113316,regular,False
2026-07-28T14:08:00+00:00,737.48,737.5,736.88,737.37,96119,regular,False
2026-07-28T14:09:00+00:00,737.41,737.49,737.09,737.09,77162,regular,False
2026-07-28T14:10:00+00:00,737.04,737.69,736.99,737.44,67135,regular,False
2026-07-28T14:11:00+00:00,737.45,737.66,737.3,737.65,70050,regular,False
2026-07-28T14:12:00+00:00,737.65,737.81,736.82,736.82,68751,regular,False
2026-07-28T14:13:00+00:00,736.84,737.11,736.66,736.69,48395,regular,False
2026-07-28T14:14:00+00:00,736.69,736.7,736.27,736.59,148504,regular,False
2026-07-28T14:15:00+00:00,736.61,737.14,736.61,737.06,109572,regular,False
2026-07-28T14:16:00+00:00,737.09,737.16,736.55,736.6,85689,regular,False
2026-07-28T14:17:00+00:00,736.61,736.87,736.44,736.66,67354,regular,False
2026-07-28T14:18:00+00:00,736.67,737.11,736.58,736.96,59705,regular,False
2026-07-28T14:19:00+00:00,736.97,737.04,736.56,736.61,42068,regular,False
2026-07-28T14:20:00+00:00,736.63,736.97,736.56,736.59,48010,regular,False
2026-07-28T14:21:00+00:00,736.59,737.26,736.37,737.21,53241,regular,False
2026-07-28T14:22:00+00:00,737.24,737.44,736.53,736.65,78454,regular,False
2026-07-28T14:23:00+00:00,736.64,737.58,736.57,737.57,98376,regular,False
2026-07-28T14:24:00+00:00,737.61,737.88,737.19,737.31,128289,regular,False
2026-07-28T14:25:00+00:00,737.31,737.57,737.15,737.41,45039,regular,False
2026-07-28T14:26:00+00:00,737.44,737.58,737.17,737.4,74799,regular,False
2026-07-28T14:27:00+00:00,737.44,737.72,737.29,737.33,45528,regular,False
2026-07-28T14:28:00+00:00,737.36,737.58,737.24,737.24,43350,regular,False
2026-07-28T14:29:00+00:00,737.23,737.75,737.16,737.7,72509,regular,False
2026-07-28T14:30:00+00:00,737.72,738.0,737.3,737.45,59205,regular,False
2026-07-28T14:31:00+00:00,737.48,737.89,737.33,737.68,81143,regular,False
2026-07-28T14:32:00+00:00,737.7,737.96,737.4,737.61,62836,regular,False
2026-07-28T14:33:00+00:00,737.64,737.75,737.39,737.75,75715,regular,False
2026-07-28T14:34:00+00:00,737.74,737.94,737.21,737.25,92172,regular,False
2026-07-28T14:35:00+00:00,737.24,737.91,737.15,737.91,67775,regular,False
2026-07-28T14:36:00+00:00,737.9,738.49,737.85,738.33,101786,regular,False
2026-07-28T14:37:00+00:00,738.34,738.62,738.13,738.41,79203,regular,False
2026-07-28T14:38:00+00:00,738.41,738.46,737.68,737.7,107259,regular,False
2026-07-28T14:39:00+00:00,737.68,737.7,737.35,737.53,53367,regular,False
2026-07-28T14:40:00+00:00,737.54,738.02,737.4,738.01,60125,regular,False
2026-07-28T14:41:00+00:00,737.99,738.4,737.94,738.39,119865,regular,False
2026-07-28T14:42:00+00:00,738.37,738.4,737.97,738.25,125094,regular,False
2026-07-28T14:43:00+00:00,738.25,738.61,738.08,738.42,95100,regular,False
2026-07-28T14:44:00+00:00,738.42,738.55,738.23,738.27,122546,regular,False
2026-07-28T14:45:00+00:00,738.25,738.51,737.86,737.95,98251,regular,False
2026-07-28T14:46:00+00:00,737.92,738.38,737.89,738.37,78595,regular,False
2026-07-28T14:47:00+00:00,738.34,738.77,738.34,738.72,170987,regular,False
2026-07-28T14:48:00+00:00,738.72,739.23,738.7,739.22,136740,regular,False
2026-07-28T14:49:00+00:00,739.17,739.41,739.11,739.31,93162,regular,False
2026-07-28T14:50:00+00:00,739.3,739.61,739.28,739.44,102616,regular,False
2026-07-28T14:51:00+00:00,739.48,739.79,739.39,739.7,97818,regular,False
2026-07-28T14:52:00+00:00,739.71,739.77,739.15,739.26,112686,regular,False
2026-07-28T14:53:00+00:00,739.27,739.75,739.26,739.52,85329,regular,False
2026-07-28T14:54:00+00:00,739.52,739.52,739.3,739.42,53587,regular,False
2026-07-28T14:55:00+00:00,739.43,739.82,739.27,739.61,52129,regular,False
2026-07-28T14:56:00+00:00,739.61,739.65,739.26,739.34,69958,regular,False
2026-07-28T14:57:00+00:00,739.33,739.33,738.86,738.99,57293,regular,False
2026-07-28T14:58:00+00:00,738.98,738.99,738.75,738.81,59188,regular,False
2026-07-28T14:59:00+00:00,738.81,738.97,738.58,738.64,77005,regular,False
2026-07-28T15:00:00+00:00,738.7,739.13,738.62,739.11,60601,regular,False
2026-07-28T15:01:00+00:00,739.11,739.18,738.82,739.0,58797,regular,False
2026-07-28T15:02:00+00:00,738.99,739.01,738.64,738.73,26446,regular,False
2026-07-28T15:03:00+00:00,738.72,738.72,738.29,738.31,41209,regular,False
2026-07-28T15:04:00+00:00,738.33,738.48,738.14,738.15,54133,regular,False
2026-07-28T15:05:00+00:00,738.16,738.38,738.01,738.38,60225,regular,False
2026-07-28T15:06:00+00:00,738.38,738.84,738.35,738.51,49535,regular,False
2026-07-28T15:07:00+00:00,738.53,738.53,738.16,738.4,34318,regular,False
2026-07-28T15:08:00+00:00,738.43,738.56,738.25,738.32,32017,regular,False
2026-07-28T15:09:00+00:00,738.34,738.81,738.31,738.8,44927,regular,False
2026-07-28T15:10:00+00:00,738.77,739.58,738.63,738.74,122365,regular,False
2026-07-28T15:11:00+00:00,738.78,738.94,738.46,738.87,27945,regular,False
2026-07-28T15:12:00+00:00,738.82,739.71,738.77,739.5,82330,regular,False
2026-07-28T15:13:00+00:00,739.53,739.55,739.13,739.36,86506,regular,False
2026-07-28T15:14:00+00:00,739.4,739.67,739.34,739.34,50365,regular,False
2026-07-28T15:15:00+00:00,739.38,739.59,739.19,739.53,53854,regular,False
2026-07-28T15:16:00+00:00,739.56,739.9,739.56,739.63,107999,regular,False
2026-07-28T15:17:00+00:00,739.66,739.9,739.32,739.86,84285,regular,False
2026-07-28T15:18:00+00:00,739.86,740.57,739.78,740.48,242541,regular,False
2026-07-28T15:19:00+00:00,740.46,740.57,740.26,740.57,113325,regular,False
2026-07-28T15:20:00+00:00,740.57,741.17,740.54,741.01,124579,regular,False
2026-07-28T15:21:00+00:00,741.03,741.13,740.82,741.0,105958,regular,False
2026-07-28T15:22:00+00:00,741.0,741.22,740.84,740.93,79603,regular,False
2026-07-28T15:23:00+00:00,740.94,741.16,740.91,741.09,137255,regular,False
2026-07-28T15:24:00+00:00,741.08,741.38,741.01,741.38,80097,regular,False
2026-07-28T15:25:00+00:00,741.36,741.53,741.31,741.38,76600,regular,False
2026-07-28T15:26:00+00:00,741.37,741.9,741.37,741.77,173634,regular,False
2026-07-28T15:27:00+00:00,741.78,741.79,741.29,741.33,107188,regular,False
2026-07-28T15:28:00+00:00,741.33,741.33,741.1,741.27,86380,regular,False
2026-07-28T15:29:00+00:00,741.3,741.32,741.04,741.2,52547,regular,False
2026-07-28T15:30:00+00:00,741.17,741.47,741.03,741.13,50551,regular,False
2026-07-28T15:31:00+00:00,741.11,741.2,740.99,741.18,46650,regular,False
2026-07-28T15:32:00+00:00,741.19,741.38,741.14,741.18,39834,regular,False
2026-07-28T15:33:00+00:00,741.17,741.44,741.13,741.42,41724,regular,False
2026-07-28T15:34:00+00:00,741.43,741.48,741.23,741.25,29621,regular,False
2026-07-28T15:35:00+00:00,741.31,741.56,741.24,741.52,43492,regular,False
2026-07-28T15:36:00+00:00,741.52,741.73,741.51,741.66,44422,regular,False
2026-07-28T15:37:00+00:00,741.64,741.74,741.45,741.74,27285,regular,False
2026-07-28T15:38:00+00:00,741.73,741.9,741.68,741.74,74685,regular,False
2026-07-28T15:39:00+00:00,741.75,741.8,741.6,741.62,35821,regular,False
2026-07-28T15:40:00+00:00,741.6,741.7,741.42,741.55,36337,regular,False
2026-07-28T15:41:00+00:00,741.59,741.79,741.54,741.67,21096,regular,False
2026-07-28T15:42:00+00:00,741.68,741.73,741.55,741.68,24418,regular,False
2026-07-28T15:43:00+00:00,741.66,741.92,741.58,741.9,40761,regular,False
2026-07-28T15:44:00+00:00,741.89,742.09,741.88,742.07,90610,regular,False
2026-07-28T15:45:00+00:00,742.07,742.22,741.96,742.06,56788,regular,False
2026-07-28T15:46:00+00:00,742.06,742.31,742.05,742.27,62495,regular,False
2026-07-28T15:47:00+00:00,742.27,742.28,742.17,742.19,46593,regular,False
2026-07-28T15:48:00+00:00,742.18,742.39,742.17,742.39,39904,regular,False
2026-07-28T15:49:00+00:00,742.39,742.45,742.26,742.32,107896,regular,False
2026-07-28T15:50:00+00:00,742.32,742.39,741.84,741.9,99550,regular,False
2026-07-28T15:51:00+00:00,741.9,742.06,741.79,742.02,70281,regular,False
2026-07-28T15:52:00+00:00,742.02,742.1,741.85,742.1,38351,regular,False
2026-07-28T15:53:00+00:00,742.11,742.41,742.06,742.36,49818,regular,False
2026-07-28T15:54:00+00:00,742.32,742.38,742.03,742.06,36930,regular,False
2026-07-28T15:55:00+00:00,742.07,742.11,741.8,741.84,35311,regular,False
2026-07-28T15:56:00+00:00,741.84,742.15,741.82,742.14,30989,regular,False
2026-07-28T15:57:00+00:00,742.14,742.26,742.07,742.24,31532,regular,False
2026-07-28T15:58:00+00:00,742.24,742.39,742.13,742.16,38560,regular,False
2026-07-28T15:59:00+00:00,742.17,742.24,742.11,742.22,39305,regular,False
2026-07-28T16:00:00+00:00,742.21,742.35,741.99,742.34,64692,regular,False
2026-07-28T16:01:00+00:00,742.35,742.35,742.17,742.18,74516,regular,False
2026-07-28T16:02:00+00:00,742.18,742.29,742.04,742.05,39782,regular,False
2026-07-28T16:03:00+00:00,742.06,742.18,741.96,742.12,61351,regular,False
2026-07-28T16:04:00+00:00,742.12,742.12,741.94,742.02,37394,regular,False
2026-07-28T16:05:00+00:00,742.02,742.2,742.02,742.04,35151,regular,False
2026-07-28T16:06:00+00:00,742.05,742.15,741.9,742.1,37241,regular,False
2026-07-28T16:07:00+00:00,742.11,742.11,741.71,741.71,47037,regular,False
2026-07-28T16:08:00+00:00,741.71,741.75,741.56,741.66,110342,regular,False
2026-07-28T16:09:00+00:00,741.64,741.72,741.56,741.57,38508,regular,False
2026-07-28T16:10:00+00:00,741.57,741.67,741.48,741.51,48182,regular,False
2026-07-28T16:11:00+00:00,741.53,741.77,741.51,741.75,77957,regular,False
2026-07-28T16:12:00+00:00,741.77,741.78,741.64,741.77,36576,regular,False
2026-07-28T16:13:00+00:00,741.77,741.84,741.54,741.54,31864,regular,False
2026-07-28T16:14:00+00:00,741.54,741.62,741.49,741.62,46758,regular,False
2026-07-28T16:15:00+00:00,741.61,741.75,741.47,741.53,58326,regular,False
2026-07-28T16:16:00+00:00,741.54,741.58,741.38,741.43,41520,regular,False
2026-07-28T16:17:00+00:00,741.41,741.6,741.39,741.39,41586,regular,False
2026-07-28T16:18:00+00:00,741.41,741.57,741.32,741.39,40468,regular,False
2026-07-28T16:19:00+00:00,741.39,741.92,741.38,741.9,36458,regular,False
2026-07-28T16:20:00+00:00,741.91,742.09,741.8,741.93,51527,regular,False
2026-07-28T16:21:00+00:00,741.93,741.94,741.7,741.87,27131,regular,False
2026-07-28T16:22:00+00:00,741.86,741.88,741.66,741.7,15257,regular,False
2026-07-28T16:23:00+00:00,741.7,741.71,741.44,741.48,33626,regular,False
2026-07-28T16:24:00+00:00,741.47,741.51,741.31,741.49,24948,regular,False
2026-07-28T16:25:00+00:00,741.48,741.6,741.4,741.6,28569,regular,False
2026-07-28T16:26:00+00:00,741.59,741.6,741.4,741.46,16353,regular,False
2026-07-28T16:27:00+00:00,741.47,741.56,741.28,741.42,75481,regular,False
2026-07-28T16:28:00+00:00,741.44,741.51,741.36,741.38,17955,regular,False
2026-07-28T16:29:00+00:00,741.38,741.46,741.21,741.21,17499,regular,False
2026-07-28T16:30:00+00:00,741.23,741.24,740.97,740.97,43069,regular,False
2026-07-28T16:31:00+00:00,740.97,741.05,740.92,741.04,46199,regular,False
2026-07-28T16:32:00+00:00,741.01,741.29,740.95,741.26,34380,regular,False
2026-07-28T16:33:00+00:00,741.29,741.39,741.1,741.11,18830,regular,False
2026-07-28T16:34:00+00:00,741.12,741.32,741.08,741.11,11000,regular,False
2026-07-28T16:35:00+00:00,741.12,741.31,741.12,741.21,22639,regular,False
2026-07-28T16:36:00+00:00,741.21,741.25,741.08,741.15,17732,regular,False
2026-07-28T16:37:00+00:00,741.15,741.24,741.1,741.17,31609,regular,False
2026-07-28T16:38:00+00:00,741.25,741.66,741.18,741.58,25381,regular,False
2026-07-28T16:39:00+00:00,741.59,741.8,741.5,741.78,52199,regular,False
2026-07-28T16:40:00+00:00,741.78,741.89,741.71,741.77,36386,regular,False
2026-07-28T16:41:00+00:00,741.79,742.02,741.74,741.99,49913,regular,False
2026-07-28T16:42:00+00:00,742.0,742.04,741.77,741.81,28466,regular,False
2026-07-28T16:43:00+00:00,741.84,742.1,741.84,742.1,23770,regular,False
2026-07-28T16:44:00+00:00,742.1,742.15,741.81,741.94,63035,regular,False
2026-07-28T16:45:00+00:00,741.94,742.08,741.77,741.82,51079,regular,False
2026-07-28T16:46:00+00:00,741.8,741.9,741.39,741.44,35004,regular,False
2026-07-28T16:47:00+00:00,741.44,741.79,741.44,741.71,20744,regular,False
2026-07-28T16:48:00+00:00,741.72,741.8,741.47,741.61,29891,regular,False
2026-07-28T16:49:00+00:00,741.56,741.82,741.56,741.79,15633,regular,False
2026-07-28T16:50:00+00:00,741.79,742.24,741.76,742.19,42736,regular,False
2026-07-28T16:51:00+00:00,742.21,742.53,742.2,742.52,50348,regular,False
2026-07-28T16:52:00+00:00,742.5,742.56,742.42,742.5,43049,regular,False
2026-07-28T16:53:00+00:00,742.49,742.66,742.47,742.51,49479,regular,False
2026-07-28T16:54:00+00:00,742.51,742.64,742.51,742.61,37036,regular,False
2026-07-28T16:55:00+00:00,742.62,742.63,742.48,742.62,30383,regular,False
2026-07-28T16:56:00+00:00,742.65,742.8,742.49,742.76,28331,regular,False
2026-07-28T16:57:00+00:00,742.75,742.78,742.56,742.68,35145,regular,False
2026-07-28T16:58:00+00:00,742.66,742.68,742.53,742.6,25758,regular,False
2026-07-28T16:59:00+00:00,742.62,742.66,742.56,742.61,22347,regular,False
2026-07-28T17:00:00+00:00,742.61,742.75,742.46,742.67,50638,regular,False
2026-07-28T17:01:00+00:00,742.67,742.78,742.61,742.61,24677,regular,False
2026-07-28T17:02:00+00:00,742.6,742.64,742.22,742.31,73621,regular,False
2026-07-28T17:03:00+00:00,742.32,742.34,742.11,742.19,89120,regular,False
2026-07-28T17:04:00+00:00,742.19,742.24,742.08,742.14,27308,regular,False
2026-07-28T17:05:00+00:00,742.15,742.32,742.07,742.16,22245,regular,False
2026-07-28T17:06:00+00:00,742.17,742.31,741.85,742.13,61867,regular,False
2026-07-28T17:07:00+00:00,742.12,742.16,741.96,742.06,33100,regular,False
2026-07-28T17:08:00+00:00,742.1,742.14,741.71,741.74,31799,regular,False
2026-07-28T17:09:00+00:00,741.74,741.78,741.45,741.53,52629,regular,False
2026-07-28T17:10:00+00:00,741.5,741.51,741.18,741.44,50244,regular,False
2026-07-28T17:11:00+00:00,741.45,741.64,741.34,741.62,27475,regular,False
2026-07-28T17:12:00+00:00,741.61,741.82,741.52,741.6,52764,regular,False
2026-07-28T17:13:00+00:00,741.62,741.63,741.23,741.34,27192,regular,False
2026-07-28T17:14:00+00:00,741.37,741.37,741.21,741.34,34888,regular,False
2026-07-28T17:15:00+00:00,741.34,741.53,741.31,741.42,16992,regular,False
2026-07-28T17:16:00+00:00,741.44,741.45,741.27,741.37,25941,regular,False
2026-07-28T17:17:00+00:00,741.4,741.41,741.08,741.13,23198,regular,False
2026-07-28T17:18:00+00:00,741.13,741.22,741.13,741.21,25399,regular,False
2026-07-28T17:19:00+00:00,741.18,741.37,741.14,741.31,63401,regular,False
2026-07-28T17:20:00+00:00,741.32,742.02,741.21,741.89,85784,regular,False
2026-07-28T17:21:00+00:00,741.9,742.19,741.59,741.59,67219,regular,False
2026-07-28T17:22:00+00:00,741.63,741.66,741.39,741.57,16027,regular,False
2026-07-28T17:23:00+00:00,741.56,741.8,741.55,741.61,17387,regular,False
2026-07-28T17:24:00+00:00,741.65,741.73,741.33,741.35,16905,regular,False
2026-07-28T17:25:00+00:00,741.34,741.36,741.13,741.24,22794,regular,False
2026-07-28T17:26:00+00:00,741.27,741.45,741.24,741.42,16349,regular,False
2026-07-28T17:27:00+00:00,741.41,741.72,741.41,741.59,37020,regular,False
2026-07-28T17:28:00+00:00,741.6,741.7,741.38,741.38,16327,regular,False
2026-07-28T17:29:00+00:00,741.4,741.57,741.3,741.31,12533,regular,False
2026-07-28T17:30:00+00:00,741.3,741.32,741.17,741.27,33352,regular,False
2026-07-28T17:31:00+00:00,741.27,741.28,741.12,741.17,24875,regular,False
2026-07-28T17:32:00+00:00,741.16,741.23,741.11,741.22,21751,regular,False
2026-07-28T17:33:00+00:00,741.21,741.65,741.19,741.52,52185,regular,False
2026-07-28T17:34:00+00:00,741.53,741.83,741.53,741.7,22756,regular,False
2026-07-28T17:35:00+00:00,741.72,741.92,741.68,741.69,19870,regular,False
2026-07-28T17:36:00+00:00,741.69,741.77,741.59,741.59,32037,regular,False
2026-07-28T17:37:00+00:00,741.61,741.74,741.6,741.61,13315,regular,False
2026-07-28T17:38:00+00:00,741.58,741.7,741.52,741.63,24971,regular,False
2026-07-28T17:39:00+00:00,741.62,741.62,741.34,741.4,17286,regular,False
2026-07-28T17:40:00+00:00,741.38,741.66,741.31,741.46,64500,regular,False
2026-07-28T17:41:00+00:00,741.47,741.48,741.18,741.2,29107,regular,False
2026-07-28T17:42:00+00:00,741.18,741.25,741.1,741.12,47487,regular,False
2026-07-28T17:43:00+00:00,741.11,741.12,740.8,740.84,63323,regular,False
2026-07-28T17:44:00+00:00,740.85,740.85,740.65,740.8,92037,regular,False
2026-07-28T17:45:00+00:00,740.8,740.95,740.64,740.73,55836,regular,False
2026-07-28T17:46:00+00:00,740.73,740.88,740.68,740.87,26822,regular,False
2026-07-28T17:47:00+00:00,740.87,741.0,740.69,740.76,36101,regular,False
2026-07-28T17:48:00+00:00,740.77,741.28,740.76,741.2,83772,regular,False
2026-07-28T17:49:00+00:00,741.21,741.39,741.06,741.3,41017,regular,False
2026-07-28T17:50:00+00:00,741.29,741.29,740.94,741.04,25429,regular,False
2026-07-28T17:51:00+00:00,741.03,741.03,740.84,740.98,19734,regular,False
2026-07-28T17:52:00+00:00,740.99,741.12,740.8,740.8,16648,regular,False
2026-07-28T17:53:00+00:00,740.8,740.92,740.8,740.9,20404,regular,False
2026-07-28T17:54:00+00:00,740.89,740.95,740.68,740.76,36612,regular,False
2026-07-28T17:55:00+00:00,740.74,740.83,740.51,740.6,60607,regular,False
2026-07-28T17:56:00+00:00,740.6,740.93,740.59,740.9,37171,regular,False
2026-07-28T17:57:00+00:00,740.89,740.95,740.82,740.86,38473,regular,False
2026-07-28T17:58:00+00:00,740.87,741.01,740.78,741.0,31709,regular,False
2026-07-28T17:59:00+00:00,741.0,741.22,740.99,741.19,33745,regular,False
2026-07-28T18:00:00+00:00,741.2,741.52,741.03,741.38,45207,regular,False
2026-07-28T18:01:00+00:00,741.37,741.5,741.13,741.13,47348,regular,False
2026-07-28T18:02:00+00:00,741.13,741.36,741.01,741.12,44119,regular,False
2026-07-28T18:03:00+00:00,741.13,741.24,741.08,741.13,38499,regular,False
2026-07-28T18:04:00+00:00,741.13,741.25,741.01,741.23,69355,regular,False
2026-07-28T18:05:00+00:00,741.2,741.29,741.03,741.07,37467,regular,False
2026-07-28T18:06:00+00:00,741.07,741.1,740.92,740.97,58717,regular,False
2026-07-28T18:07:00+00:00,740.97,740.98,740.81,740.87,37650,regular,False
2026-07-28T18:08:00+00:00,740.87,740.93,740.77,740.82,41326,regular,False
2026-07-28T18:09:00+00:00,740.81,740.88,740.74,740.85,31690,regular,False
2026-07-28T18:10:00+00:00,740.85,740.94,740.69,740.74,55051,regular,False
2026-07-28T18:11:00+00:00,740.74,740.8,740.56,740.61,47354,regular,False
2026-07-28T18:12:00+00:00,740.59,740.74,740.56,740.72,33810,regular,False
2026-07-28T18:13:00+00:00,740.74,740.78,740.45,740.61,153260,regular,False
2026-07-28T18:14:00+00:00,740.59,740.59,740.42,740.46,66736,regular,False
2026-07-28T18:15:00+00:00,740.46,740.74,740.43,740.71,54471,regular,False
2026-07-28T18:16:00+00:00,740.71,740.76,740.55,740.74,52987,regular,False
2026-07-28T18:17:00+00:00,740.75,740.75,740.43,740.58,98092,regular,False
2026-07-28T18:18:00+00:00,740.58,740.72,740.54,740.68,36730,regular,False
2026-07-28T18:19:00+00:00,740.71,740.85,740.59,740.76,28349,regular,False
2026-07-28T18:20:00+00:00,740.75,740.94,740.67,740.93,42606,regular,False
2026-07-28T18:21:00+00:00,740.93,740.96,740.69,740.7,30370,regular,False
2026-07-28T18:22:00+00:00,740.72,740.87,740.64,740.87,21312,regular,False
2026-07-28T18:23:00+00:00,740.87,740.91,740.51,740.57,28255,regular,False
2026-07-28T18:24:00+00:00,740.57,740.71,740.53,740.54,21166,regular,False
2026-07-28T18:25:00+00:00,740.55,740.66,740.47,740.63,45951,regular,False
2026-07-28T18:26:00+00:00,740.64,740.69,740.55,740.58,26278,regular,False
2026-07-28T18:27:00+00:00,740.59,740.63,740.49,740.59,35201,regular,False
2026-07-28T18:28:00+00:00,740.58,740.67,740.43,740.53,85975,regular,False
2026-07-28T18:29:00+00:00,740.54,740.65,740.49,740.59,34862,regular,False
2026-07-28T18:30:00+00:00,740.59,740.77,740.5,740.7,34965,regular,False
2026-07-28T18:31:00+00:00,740.69,740.69,740.51,740.59,32177,regular,False
2026-07-28T18:32:00+00:00,740.6,740.71,740.52,740.61,58678,regular,False
2026-07-28T18:33:00+00:00,740.62,740.92,740.62,740.86,38823,regular,False
2026-07-28T18:34:00+00:00,740.87,741.05,740.86,740.94,44491,regular,False
2026-07-28T18:35:00+00:00,740.9,740.95,740.75,740.88,58590,regular,False
2026-07-28T18:36:00+00:00,740.92,740.93,740.74,740.84,31987,regular,False
2026-07-28T18:37:00+00:00,740.84,740.99,740.82,740.97,15219,regular,False
2026-07-28T18:38:00+00:00,740.98,741.12,740.9,741.05,22058,regular,False
2026-07-28T18:39:00+00:00,741.03,741.04,740.74,740.82,18916,regular,False
2026-07-28T18:40:00+00:00,740.84,740.88,740.59,740.62,20442,regular,False
2026-07-28T18:41:00+00:00,740.66,740.72,740.62,740.64,17166,regular,False
2026-07-28T18:42:00+00:00,740.64,740.7,740.55,740.56,103462,regular,False
2026-07-28T18:43:00+00:00,740.56,740.76,740.56,740.74,31949,regular,False
2026-07-28T18:44:00+00:00,740.74,740.87,740.62,740.77,52919,regular,False
2026-07-28T18:45:00+00:00,740.79,741.08,740.69,741.06,139782,regular,False
2026-07-28T18:46:00+00:00,741.04,741.29,740.95,741.29,73032,regular,False
2026-07-28T18:47:00+00:00,741.29,741.41,741.23,741.28,36375,regular,False
2026-07-28T18:48:00+00:00,741.28,741.33,741.14,741.2,34984,regular,False
2026-07-28T18:49:00+00:00,741.2,741.33,741.17,741.25,17049,regular,False
2026-07-28T18:50:00+00:00,741.25,741.4,741.23,741.36,31602,regular,False
2026-07-28T18:51:00+00:00,741.37,741.52,741.36,741.42,35086,regular,False
2026-07-28T18:52:00+00:00,741.4,741.45,741.23,741.27,44578,regular,False
2026-07-28T18:53:00+00:00,741.28,741.36,741.16,741.2,32110,regular,False
2026-07-28T18:54:00+00:00,741.19,741.32,741.15,741.25,59484,regular,False
2026-07-28T18:55:00+00:00,741.25,741.44,741.07,741.42,76521,regular,False
2026-07-28T18:56:00+00:00,741.42,741.54,741.35,741.48,47356,regular,False
2026-07-28T18:57:00+00:00,741.49,741.6,741.4,741.52,35805,regular,False
2026-07-28T18:58:00+00:00,741.51,741.62,741.42,741.52,22756,regular,False
2026-07-28T18:59:00+00:00,741.53,741.56,741.45,741.45,17265,regular,False
2026-07-28T19:00:00+00:00,741.45,741.79,741.43,741.64,54295,regular,False
2026-07-28T19:01:00+00:00,741.65,741.72,741.56,741.68,31517,regular,False
2026-07-28T19:02:00+00:00,741.68,741.73,741.55,741.73,27084,regular,False
2026-07-28T19:03:00+00:00,741.73,741.9,741.69,741.84,32541,regular,False
2026-07-28T19:04:00+00:00,741.82,741.96,741.73,741.91,36004,regular,False
2026-07-28T19:05:00+00:00,741.88,741.94,741.74,741.91,65474,regular,False
2026-07-28T19:06:00+00:00,741.91,741.96,741.72,741.75,84667,regular,False
2026-07-28T19:07:00+00:00,741.76,741.89,741.71,741.73,38702,regular,False
2026-07-28T19:08:00+00:00,741.71,741.72,741.46,741.47,87526,regular,False
2026-07-28T19:09:00+00:00,741.47,741.56,741.39,741.42,52256,regular,False
2026-07-28T19:10:00+00:00,741.43,741.65,741.41,741.41,30435,regular,False
2026-07-28T19:11:00+00:00,741.43,741.54,741.39,741.52,27711,regular,False
2026-07-28T19:12:00+00:00,741.53,741.53,741.4,741.41,25196,regular,False
2026-07-28T19:13:00+00:00,741.38,741.52,741.33,741.52,82401,regular,False
2026-07-28T19:14:00+00:00,741.52,741.53,741.36,741.47,21862,regular,False
2026-07-28T19:15:00+00:00,741.46,741.58,741.37,741.39,64867,regular,False
2026-07-28T19:16:00+00:00,741.4,741.53,741.31,741.45,33057,regular,False
2026-07-28T19:17:00+00:00,741.45,741.56,741.37,741.44,84259,regular,False
2026-07-28T19:18:00+00:00,741.44,741.71,741.43,741.66,93324,regular,False
2026-07-28T19:19:00+00:00,741.65,741.72,741.59,741.65,33787,regular,False
2026-07-28T19:20:00+00:00,741.62,741.68,741.57,741.65,21667,regular,False
2026-07-28T19:21:00+00:00,741.65,741.71,741.53,741.58,37567,regular,False
2026-07-28T19:22:00+00:00,741.59,741.76,741.59,741.76,40834,regular,False
2026-07-28T19:23:00+00:00,741.76,741.82,741.72,741.74,33443,regular,False
2026-07-28T19:24:00+00:00,741.75,741.84,741.73,741.81,36650,regular,False
2026-07-28T19:25:00+00:00,741.82,741.85,741.63,741.64,78391,regular,False
2026-07-28T19:26:00+00:00,741.63,741.69,741.38,741.43,70948,regular,False
2026-07-28T19:27:00+00:00,741.42,741.45,741.35,741.43,95226,regular,False
2026-07-28T19:28:00+00:00,741.44,741.76,741.4,741.72,75099,regular,False
2026-07-28T19:29:00+00:00,741.73,741.78,741.61,741.7,38655,regular,False
2026-07-28T19:30:00+00:00,741.71,741.73,741.46,741.58,94476,regular,False
2026-07-28T19:31:00+00:00,741.56,741.68,741.52,741.55,46744,regular,False
2026-07-28T19:32:00+00:00,741.56,741.67,741.51,741.6,44673,regular,False
2026-07-28T19:33:00+00:00,741.61,741.66,741.49,741.5,44896,regular,False
2026-07-28T19:34:00+00:00,741.49,741.61,741.47,741.53,44673,regular,False
2026-07-28T19:35:00+00:00,741.53,741.56,741.23,741.28,78415,regular,False
2026-07-28T19:36:00+00:00,741.27,741.28,741.13,741.19,102204,regular,False
2026-07-28T19:37:00+00:00,741.18,741.21,741.08,741.16,60465,regular,False
2026-07-28T19:38:00+00:00,741.15,741.2,741.04,741.14,44760,regular,False
2026-07-28T19:39:00+00:00,741.14,741.18,740.93,741.01,68482,regular,False
2026-07-28T19:40:00+00:00,741.01,741.2,740.99,741.12,74178,regular,False
2026-07-28T19:41:00+00:00,741.11,741.2,741.04,741.2,50464,regular,False
2026-07-28T19:42:00+00:00,741.19,741.29,741.07,741.11,100923,regular,False
2026-07-28T19:43:00+00:00,741.1,741.31,741.1,741.24,103108,regular,False
2026-07-28T19:44:00+00:00,741.24,741.3,741.14,741.3,97781,regular,False
2026-07-28T19:45:00+00:00,741.3,741.34,740.97,740.98,156253,regular,False
2026-07-28T19:46:00+00:00,740.98,741.02,740.89,741.02,92997,regular,False
2026-07-28T19:47:00+00:00,741.01,741.16,740.99,741.06,115421,regular,False
2026-07-28T19:48:00+00:00,741.05,741.16,740.99,741.05,91488,regular,False
2026-07-28T19:49:00+00:00,741.04,741.14,741.01,741.11,143983,regular,False
2026-07-28T19:50:00+00:00,741.1,741.18,740.86,740.91,261329,regular,False
2026-07-28T19:51:00+00:00,740.9,740.98,740.85,740.89,82597,regular,False
2026-07-28T19:52:00+00:00,740.87,741.04,740.87,741.02,105424,regular,False
2026-07-28T19:53:00+00:00,741.03,741.18,740.97,741.18,101520,regular,False
2026-07-28T19:54:00+00:00,741.19,741.67,741.19,741.64,178882,regular,False
2026-07-28T19:55:00+00:00,741.63,741.63,741.0,741.19,231077,regular,False
2026-07-28T19:56:00+00:00,741.19,741.36,741.1,741.16,227086,regular,False
2026-07-28T19:57:00+00:00,741.16,741.21,741.0,741.12,305659,regular,False
2026-07-28T19:58:00+00:00,741.12,741.21,741.03,741.07,500976,regular,False
2026-07-28T19:59:00+00:00,741.06,741.09,740.43,740.76,1095379,regular,False
2026-07-28T20:00:00+00:00,740.76,740.91,740.56,740.84,1024182,after-market,False
2026-07-28T20:01:00+00:00,740.82,740.86,740.61,740.61,104465,after-market,False
2026-07-28T20:02:00+00:00,740.62,740.69,740.4,740.51,17504,after-market,False
2026-07-28T20:03:00+00:00,740.5,740.62,740.48,740.62,49879,after-market,False
2026-07-28T20:04:00+00:00,740.61,740.7,740.58,740.64,31701,after-market,False
2026-07-28T20:05:00+00:00,740.62,741.11,740.38,740.38,31086,after-market,False
2026-07-28T20:06:00+00:00,740.46,740.47,740.08,740.41,29560,after-market,False
2026-07-28T20:07:00+00:00,740.5,740.58,740.32,740.36,30782,after-market,False
2026-07-28T20:08:00+00:00,740.36,740.68,740.36,740.61,31912,after-market,False
2026-07-28T20:09:00+00:00,740.56,740.62,740.45,740.58,25616,after-market,False
2026-07-28T20:10:00+00:00,740.56,740.73,740.53,740.73,10626,after-market,False
2026-07-28T20:11:00+00:00,740.74,740.83,740.67,740.71,22469,after-market,False
2026-07-28T20:12:00+00:00,740.81,740.98,740.81,740.86,3563,after-market,False
2026-07-28T20:13:00+00:00,741.0,741.06,740.94,740.94,7009,after-market,False
2026-07-28T20:14:00+00:00,740.98,741.01,740.89,740.95,25949,after-market,False
2026-07-28T20:15:00+00:00,740.94,740.94,740.66,740.7,6537,after-market,False
2026-07-28T20:16:00+00:00,740.73,740.88,740.73,740.88,1818,after-market,False
2026-07-28T20:17:00+00:00,740.88,740.88,740.75,740.78,35785,after-market,False
2026-07-28T20:18:00+00:00,740.83,740.95,740.8,740.95,1460,after-market,False
2026-07-28T20:19:00+00:00,740.94,741.05,740.94,741.03,6901,after-market,False
2026-07-28T20:20:00+00:00,741.05,741.06,740.88,740.88,8427,after-market,False
2026-07-28T20:21:00+00:00,740.89,740.91,740.86,740.89,9888,after-market,False
2026-07-28T20:22:00+00:00,740.91,741.02,740.85,740.9,34608,after-market,False
2026-07-28T20:23:00+00:00,740.9,740.98,740.8,740.98,22194,after-market,False
2026-07-28T20:24:00+00:00,740.97,741.02,740.93,741.01,1757,after-market,False
2026-07-28T20:25:00+00:00,741.0,741.1,741.0,741.09,5649,after-market,False
2026-07-28T20:26:00+00:00,741.13,741.47,741.13,741.38,28131,after-market,False
2026-07-28T20:27:00+00:00,741.41,741.49,741.39,741.42,11403,after-market,False
2026-07-28T20:28:00+00:00,741.45,741.52,741.4,741.51,24296,after-market,False
2026-07-28T20:29:00+00:00,741.6,741.6,741.44,741.44,23674,after-market,False
2026-07-28T20:30:00+00:00,741.44,741.53,741.42,741.49,5742,after-market,False
2026-07-28T20:31:00+00:00,741.41,741.42,741.35,741.4,2279,after-market,False
2026-07-28T20:32:00+00:00,741.37,741.48,741.37,741.48,1830,after-market,False
2026-07-28T20:33:00+00:00,741.48,741.48,741.35,741.35,2144,after-market,False
2026-07-28T20:34:00+00:00,741.36,741.36,741.36,741.36,58,after-market,False
2026-07-28T20:35:00+00:00,741.38,741.47,741.38,741.46,3554,after-market,False
2026-07-28T20:36:00+00:00,741.38,741.38,741.31,741.31,10139,after-market,False
2026-07-28T20:37:00+00:00,741.17,741.17,740.83,741.12,32086,after-market,False
2026-07-28T20:38:00+00:00,741.06,741.06,740.85,740.95,14271,after-market,False
2026-07-28T20:39:00+00:00,740.95,740.96,740.93,740.93,4527,after-market,False
2026-07-28T20:40:00+00:00,740.93,740.93,740.84,740.86,4073,after-market,False
2026-07-28T20:41:00+00:00,740.94,740.96,740.83,740.87,1882,after-market,False
2026-07-28T20:42:00+00:00,740.86,740.93,740.86,740.92,2860,after-market,False
2026-07-28T20:43:00+00:00,740.95,740.95,740.88,740.88,8185,after-market,False
2026-07-28T20:44:00+00:00,740.9,740.9,740.9,740.9,5282,after-market,False
2026-07-28T20:45:00+00:00,740.96,740.96,740.95,740.96,50,after-market,False
2026-07-28T20:46:00+00:00,741.04,741.04,741.02,741.04,1539,after-market,False
2026-07-28T20:47:00+00:00,741.08,741.09,741.04,741.08,5890,after-market,False
2026-07-28T20:48:00+00:00,741.09,741.1,740.98,741.04,1664,after-market,False
2026-07-28T20:49:00+00:00,741.06,741.06,741.01,741.06,1265,after-market,False
2026-07-28T20:50:00+00:00,740.88,740.88,740.83,740.87,3712,after-market,False
2026-07-28T20:51:00+00:00,740.85,740.86,740.77,740.83,11655,after-market,False
2026-07-28T20:52:00+00:00,740.85,740.89,740.83,740.89,2082,after-market,False
2026-07-28T20:53:00+00:00,740.94,740.94,740.86,740.86,3352,after-market,False
2026-07-28T20:54:00+00:00,741.04,741.04,740.99,740.99,167,after-market,False
2026-07-28T20:55:00+00:00,741.03,741.03,741.02,741.02,188,after-market,False
2026-07-28T20:56:00+00:00,740.99,741.02,740.98,740.98,212,after-market,False
2026-07-28T20:57:00+00:00,741.02,741.1,741.02,741.1,5066,after-market,False
2026-07-28T20:58:00+00:00,741.09,741.09,741.04,741.04,387,after-market,False
2026-07-28T20:59:00+00:00,741.05,741.05,741.02,741.03,2308,after-market,False
2026-07-28T21:00:00+00:00,740.95,740.95,740.95,740.95,447,after-market,False
2026-07-28T21:01:00+00:00,741.05,741.05,741.01,741.01,654,after-market,False
2026-07-28T21:02:00+00:00,741.01,741.01,741.01,741.01,0,after-market,False
2026-07-28T21:03:00+00:00,741.01,741.05,741.01,741.05,193,after-market,False
2026-07-28T21:04:00+00:00,741.05,741.05,741.05,741.05,0,after-market,False
2026-07-28T21:05:00+00:00,741.05,741.05,740.95,740.95,228,after-market,False
2026-07-28T21:06:00+00:00,740.94,740.94,740.94,740.94,50,after-market,False
2026-07-28T21:07:00+00:00,740.93,740.99,740.86,740.86,926,after-market,False
2026-07-28T21:08:00+00:00,740.99,740.99,740.99,740.99,124,after-market,False
2026-07-28T21:09:00+00:00,740.99,740.99,740.99,740.99,0,after-market,False
2026-07-28T21:10:00+00:00,741.02,741.02,740.95,740.95,1120,after-market,False
2026-07-28T21:11:00+00:00,740.95,740.95,740.95,740.95,849,after-market,False
2026-07-28T21:12:00+00:00,740.99,740.99,740.99,740.99,56,after-market,False
2026-07-28T21:13:00+00:00,740.95,740.96,740.85,740.86,7199,after-market,False
2026-07-28T21:14:00+00:00,740.88,740.88,740.88,740.88,127,after-market,False
2026-07-28T21:15:00+00:00,740.88,740.88,740.88,740.88,0,after-market,False
2026-07-28T21:16:00+00:00,740.97,740.97,740.97,740.97,470,after-market,False
2026-07-28T21:17:00+00:00,740.97,740.99,740.97,740.99,91,after-market,False
2026-07-28T21:18:00+00:00,741.05,741.05,740.99,740.99,3491,after-market,False
2026-07-28T21:19:00+00:00,740.95,740.98,740.95,740.98,795,after-market,False
2026-07-28T21:20:00+00:00,740.95,740.95,740.92,740.92,1240,after-market,False
2026-07-28T21:21:00+00:00,740.92,740.93,740.92,740.92,560,after-market,False
2026-07-28T21:22:00+00:00,740.92,740.92,740.92,740.92,80,after-market,False
2026-07-28T21:23:00+00:00,740.92,740.92,740.92,740.92,0,after-market,False
2026-07-28T21:24:00+00:00,740.9,740.9,740.9,740.9,301,after-market,False
2026-07-28T21:25:00+00:00,740.98,740.98,740.98,740.98,58,after-market,False
2026-07-28T21:26:00+00:00,740.92,741.0,740.87,741.0,648,after-market,False
2026-07-28T21:27:00+00:00,740.95,740.95,740.95,740.95,4100,after-market,False
2026-07-28T21:28:00+00:00,740.92,740.93,740.92,740.92,100,after-market,False
2026-07-28T21:29:00+00:00,740.92,740.92,740.92,740.92,0,after-market,False
2026-07-28T21:30:00+00:00,740.92,740.92,740.92,740.92,0,after-market,False
2026-07-28T21:31:00+00:00,741.06,741.06,740.94,740.94,2040,after-market,False
2026-07-28T21:32:00+00:00,740.93,740.93,740.88,740.88,1210,after-market,False
2026-07-28T21:33:00+00:00,740.91,740.94,740.91,740.94,2034,after-market,False
2026-07-28T21:34:00+00:00,740.94,741.0,740.93,741.0,728,after-market,False
2026-07-28T21:35:00+00:00,741.0,741.03,741.0,741.03,172,after-market,False
2026-07-28T21:36:00+00:00,741.03,741.03,741.03,741.03,0,after-market,False
2026-07-28T21:37:00+00:00,741.17,741.17,741.17,741.17,76,after-market,False
2026-07-28T21:38:00+00:00,741.17,741.17,741.17,741.17,0,after-market,False
2026-07-28T21:39:00+00:00,741.03,741.03,741.03,741.03,220,after-market,False
2026-07-28T21:40:00+00:00,741.03,741.03,741.03,741.03,0,after-market,False
2026-07-28T21:41:00+00:00,741.18,741.18,741.18,741.18,46,after-market,False
2026-07-28T21:42:00+00:00,741.1,741.1,741.1,741.1,54,after-market,False
2026-07-28T21:43:00+00:00,741.11,741.17,741.11,741.17,366,after-market,False
2026-07-28T21:44:00+00:00,741.01,741.02,741.01,741.01,130,after-market,False
2026-07-28T21:45:00+00:00,741.01,741.01,741.01,741.01,0,after-market,False
2026-07-28T21:46:00+00:00,741.01,741.01,741.01,741.01,0,after-market,False
2026-07-28T21:47:00+00:00,741.09,741.09,741.08,741.08,478,after-market,False
2026-07-28T21:48:00+00:00,741.08,741.08,741.08,741.08,0,after-market,False
2026-07-28T21:49:00+00:00,741.08,741.08,741.08,741.08,74,after-market,False
2026-07-28T21:50:00+00:00,741.12,741.17,741.12,741.17,250,after-market,False
2026-07-28T21:51:00+00:00,741.13,741.13,741.13,741.13,77,after-market,False
2026-07-28T21:52:00+00:00,741.19,741.19,741.08,741.08,977,after-market,False
2026-07-28T21:53:00+00:00,741.16,741.17,741.16,741.17,209,after-market,False
2026-07-28T21:54:00+00:00,741.17,741.17,741.17,741.17,0,after-market,False
2026-07-28T21:55:00+00:00,741.11,741.11,741.0,741.0,3493,after-market,False
2026-07-28T21:56:00+00:00,741.0,741.0,741.0,741.0,0,after-market,False
2026-07-28T21:57:00+00:00,741.06,741.06,741.0,741.0,1914,after-market,False
2026-07-28T21:58:00+00:00,740.94,740.94,740.93,740.93,1060,after-market,False
2026-07-28T21:59:00+00:00,740.91,741.01,740.78,740.78,5397,after-market,False
2026-07-28T22:00:00+00:00,740.91,741.1,740.91,741.1,1219,after-market,False
2026-07-28T22:01:00+00:00,741.07,741.15,741.07,741.15,2075,after-market,False
2026-07-28T22:02:00+00:00,740.92,741.15,740.88,741.15,2375,after-market,False
2026-07-28T22:03:00+00:00,741.15,741.3,741.13,741.26,7608,after-market,False
2026-07-28T22:04:00+00:00,741.3,741.31,741.26,741.31,726,after-market,False
2026-07-28T22:05:00+00:00,741.43,741.47,741.35,741.42,6265,after-market,False
2026-07-28T22:06:00+00:00,741.44,741.48,741.35,741.35,1420,after-market,False
2026-07-28T22:07:00+00:00,741.35,741.35,741.35,741.35,0,after-market,False
2026-07-28T22:08:00+00:00,741.45,741.56,741.45,741.5,2038,after-market,False
2026-07-28T22:09:00+00:00,741.53,741.53,741.49,741.5,1296,after-market,False
2026-07-28T22:10:00+00:00,741.45,741.6,741.44,741.58,3457,after-market,False
2026-07-28T22:11:00+00:00,741.35,741.35,741.27,741.27,250,after-market,False
2026-07-28T22:12:00+00:00,741.27,741.27,741.27,741.27,0,after-market,False
2026-07-28T22:13:00+00:00,741.29,741.29,740.83,740.91,44730,after-market,False
2026-07-28T22:14:00+00:00,740.84,741.0,740.7,740.78,10350,after-market,False
2026-07-28T22:15:00+00:00,740.91,741.02,740.9,741.02,3182,after-market,False
2026-07-28T22:16:00+00:00,740.96,740.98,740.83,740.83,4893,after-market,False
2026-07-28T22:17:00+00:00,740.82,740.82,740.71,740.71,3783,after-market,False
2026-07-28T22:18:00+00:00,740.74,740.76,740.4,740.44,12197,after-market,False
2026-07-28T22:19:00+00:00,740.56,740.56,740.56,740.56,833,after-market,False
2026-07-28T22:20:00+00:00,740.55,740.55,740.28,740.35,4842,after-market,False
2026-07-28T22:21:00+00:00,740.44,740.44,740.35,740.35,4345,after-market,False
2026-07-28T22:22:00+00:00,740.43,740.46,740.43,740.44,4912,after-market,False
2026-07-28T22:23:00+00:00,740.32,740.32,740.17,740.23,2246,after-market,False
2026-07-28T22:24:00+00:00,740.19,740.26,740.18,740.18,1002,after-market,False
2026-07-28T22:25:00+00:00,740.14,740.14,740.01,740.01,372,after-market,False
2026-07-28T22:26:00+00:00,740.02,740.4,740.02,740.36,7184,after-market,False
2026-07-28T22:27:00+00:00,740.4,740.4,740.27,740.27,2536,after-market,False
2026-07-28T22:28:00+00:00,740.33,740.45,740.33,740.42,4248,after-market,False
2026-07-28T22:29:00+00:00,740.45,740.46,740.44,740.46,1999,after-market,False
2026-07-28T22:30:00+00:00,740.37,740.46,740.36,740.46,1100,after-market,False
2026-07-28T22:31:00+00:00,740.48,740.48,740.41,740.42,1489,after-market,False
2026-07-28T22:32:00+00:00,740.12,740.12,739.77,740.04,1873,after-market,False
2026-07-28T22:33:00+00:00,740.1,740.1,739.66,739.72,5122,after-market,False
2026-07-28T22:34:00+00:00,739.91,739.93,739.85,739.85,3204,after-market,False
2026-07-28T22:35:00+00:00,739.86,739.86,739.7,739.79,7308,after-market,False
2026-07-28T22:36:00+00:00,739.93,740.2,739.93,740.19,9204,after-market,False
2026-07-28T22:37:00+00:00,739.89,739.89,739.86,739.86,2945,after-market,False
2026-07-28T22:38:00+00:00,739.86,739.87,739.66,739.66,1879,after-market,False
2026-07-28T22:39:00+00:00,739.58,739.62,739.52,739.52,4800,after-market,False
2026-07-28T22:40:00+00:00,739.42,739.68,739.42,739.62,4367,after-market,False
2026-07-28T22:41:00+00:00,739.65,739.66,739.57,739.66,5096,after-market,False
2026-07-28T22:42:00+00:00,739.75,739.75,739.75,739.75,3180,after-market,False
2026-07-28T22:43:00+00:00,739.73,739.77,739.63,739.76,3530,after-market,False
2026-07-28T22:44:00+00:00,739.56,739.56,739.45,739.51,14353,after-market,False
2026-07-28T22:45:00+00:00,739.44,739.44,739.4,739.42,5130,after-market,False
2026-07-28T22:46:00+00:00,739.45,739.52,739.45,739.47,457,after-market,False
2026-07-28T22:47:00+00:00,739.43,739.47,739.4,739.47,506,after-market,False
2026-07-28T22:48:00+00:00,739.39,739.6,739.32,739.56,7624,after-market,False
2026-07-28T22:49:00+00:00,739.57,739.57,739.38,739.46,1800,after-market,False
2026-07-28T22:50:00+00:00,739.38,739.61,739.38,739.58,17337,after-market,False
2026-07-28T22:51:00+00:00,739.48,739.55,739.46,739.55,696,after-market,False
2026-07-28T22:52:00+00:00,739.63,739.93,739.63,739.91,13081,after-market,False
2026-07-28T22:53:00+00:00,739.38,739.4,739.3,739.3,771,after-market,False
2026-07-28T22:54:00+00:00,739.39,739.65,739.37,739.61,3367,after-market,False
2026-07-28T22:55:00+00:00,739.71,739.75,739.71,739.75,310,after-market,False
2026-07-28T22:56:00+00:00,739.75,739.78,739.62,739.65,1248,after-market,False
2026-07-28T22:57:00+00:00,739.7,739.85,739.7,739.84,3100,after-market,False
2026-07-28T22:58:00+00:00,739.75,739.77,739.71,739.71,349,after-market,False
2026-07-28T22:59:00+00:00,739.6,739.68,739.6,739.61,634,after-market,False
2026-07-28T23:00:00+00:00,739.38,739.4,739.24,739.39,6287,after-market,False
2026-07-28T23:01:00+00:00,739.44,739.48,739.32,739.32,3701,after-market,False
2026-07-28T23:02:00+00:00,739.32,739.35,739.25,739.33,5181,after-market,False
2026-07-28T23:03:00+00:00,739.32,739.43,739.15,739.29,4377,after-market,False
2026-07-28T23:04:00+00:00,739.33,739.8,739.3,739.8,2136,after-market,False
2026-07-28T23:05:00+00:00,739.8,739.86,739.78,739.84,7319,after-market,False
2026-07-28T23:06:00+00:00,739.89,740.07,739.88,739.89,3109,after-market,False
2026-07-28T23:07:00+00:00,739.95,740.07,739.95,740.07,948,after-market,False
2026-07-28T23:08:00+00:00,740.02,740.05,740.0,740.05,787,after-market,False
2026-07-28T23:09:00+00:00,739.99,740.0,739.51,739.51,2659,after-market,False
2026-07-28T23:10:00+00:00,739.46,739.64,739.44,739.64,444,after-market,False
2026-07-28T23:11:00+00:00,739.56,740.01,739.56,740.0,5793,after-market,False
2026-07-28T23:12:00+00:00,740.09,740.15,740.07,740.12,8254,after-market,False
2026-07-28T23:13:00+00:00,740.15,740.55,740.11,740.47,14377,after-market,False
2026-07-28T23:14:00+00:00,740.42,740.72,740.42,740.71,8501,after-market,False
2026-07-28T23:15:00+00:00,740.49,740.53,740.44,740.53,341,after-market,False
2026-07-28T23:16:00+00:00,740.3,740.31,740.14,740.14,675,after-market,False
2026-07-28T23:17:00+00:00,740.4,740.5,740.32,740.47,3450,after-market,False
2026-07-28T23:18:00+00:00,740.63,740.63,740.57,740.57,93,after-market,False
2026-07-28T23:19:00+00:00,740.57,740.57,740.57,740.57,0,after-market,False
2026-07-28T23:20:00+00:00,740.3,740.52,740.15,740.52,2816,after-market,False
2026-07-28T23:21:00+00:00,740.36,740.57,740.36,740.53,742,after-market,False
2026-07-28T23:22:00+00:00,740.63,740.91,740.63,740.91,2055,after-market,False
2026-07-28T23:23:00+00:00,740.96,741.07,740.9,741.06,4869,after-market,False
2026-07-28T23:24:00+00:00,741.04,741.05,741.03,741.03,269,after-market,False
2026-07-28T23:25:00+00:00,741.04,741.04,741.03,741.03,270,after-market,False
2026-07-28T23:26:00+00:00,741.04,741.15,741.03,741.15,850,after-market,False
2026-07-28T23:27:00+00:00,741.08,741.22,741.07,741.17,1555,after-market,False
2026-07-28T23:28:00+00:00,741.15,741.19,741.15,741.16,2440,after-market,False
2026-07-28T23:29:00+00:00,741.1,741.11,740.99,741.07,8370,after-market,False
2026-07-28T23:30:00+00:00,741.07,741.07,740.94,740.98,973,after-market,False
2026-07-28T23:31:00+00:00,741.09,741.12,741.06,741.06,1174,after-market,False
2026-07-28T23:32:00+00:00,741.1,741.2,741.1,741.2,935,after-market,False
2026-07-28T23:33:00+00:00,741.2,741.2,741.2,741.2,0,after-market,False
2026-07-28T23:34:00+00:00,741.1,741.13,741.08,741.08,1268,after-market,False
2026-07-28T23:35:00+00:00,741.09,741.09,741.09,741.09,122,after-market,False
2026-07-28T23:36:00+00:00,741.06,741.06,741.06,741.06,200,after-market,False
2026-07-28T23:37:00+00:00,741.12,741.13,741.12,741.13,86,after-market,False
2026-07-28T23:38:00+00:00,741.1,741.1,741.1,741.1,50,after-market,False
2026-07-28T23:39:00+00:00,741.0,741.0,741.0,741.0,58,after-market,False
2026-07-28T23:40:00+00:00,741.07,741.15,741.05,741.05,1194,after-market,False
2026-07-28T23:41:00+00:00,741.15,741.16,741.12,741.12,1050,after-market,False
2026-07-28T23:42:00+00:00,741.08,741.1,741.07,741.08,3020,after-market,False
2026-07-28T23:43:00+00:00,741.06,741.32,741.05,741.32,418,after-market,False
2026-07-28T23:44:00+00:00,741.35,742.51,741.35,742.51,6613,after-market,False
2026-07-28T23:45:00+00:00,742.43,742.43,742.18,742.18,3439,after-market,False
2026-07-28T23:46:00+00:00,742.47,742.64,742.38,742.58,894,after-market,False
2026-07-28T23:47:00+00:00,742.63,742.91,742.63,742.77,3692,after-market,False
2026-07-28T23:48:00+00:00,742.81,742.9,742.79,742.86,321,after-market,False
2026-07-28T23:49:00+00:00,742.74,743.05,742.74,742.98,3314,after-market,False
2026-07-28T23:50:00+00:00,743.04,743.63,743.04,743.55,5103,after-market,False
2026-07-28T23:51:00+00:00,743.57,743.57,743.3,743.36,955,after-market,False
2026-07-28T23:52:00+00:00,743.36,743.37,743.0,743.0,11896,after-market,False
2026-07-28T23:53:00+00:00,743.13,743.31,743.12,743.12,2280,after-market,False
2026-07-28T23:54:00+00:00,743.08,743.27,743.08,743.26,390,after-market,False
2026-07-28T23:55:00+00:00,743.17,743.28,743.14,743.24,11445,after-market,False
2026-07-28T23:56:00+00:00,743.25,743.4,743.25,743.4,600,after-market,False
2026-07-28T23:57:00+00:00,743.32,743.52,743.32,743.52,290,after-market,False
2026-07-28T23:58:00+00:00,743.56,743.6,743.4,743.6,7772,after-market,False
2026-07-28T23:59:00+00:00,743.5,743.57,743.49,743.57,1024,after-market,False
2026-07-29T08:00:00+00:00,743.26,743.48,738.39,742.35,6788,pre-market,False
2026-07-29T08:01:00+00:00,742.44,742.44,738.62,742.3,3005,pre-market,False
2026-07-29T08:02:00+00:00,742.43,742.43,738.6,738.7,6625,pre-market,False
2026-07-29T08:03:00+00:00,738.64,742.39,738.2,740.14,10865,pre-market,False
2026-07-29T08:04:00+00:00,740.05,742.41,739.5,741.78,12653,pre-market,False
2026-07-29T08:05:00+00:00,742.0,742.57,740.83,742.12,14223,pre-market,False
2026-07-29T08:06:00+00:00,742.17,742.28,742.17,742.21,1228,pre-market,False
2026-07-29T08:07:00+00:00,742.26,742.31,742.21,742.21,356,pre-market,False
2026-07-29T08:08:00+00:00,742.19,742.4,738.94,742.39,829,pre-market,False
2026-07-29T08:09:00+00:00,742.08,742.08,742.08,742.08,67,pre-market,False
2026-07-29T08:10:00+00:00,742.15,742.3,742.15,742.3,527,pre-market,False
2026-07-29T08:11:00+00:00,742.2,742.24,742.2,742.2,220,pre-market,False
2026-07-29T08:12:00+00:00,742.15,742.15,741.83,741.83,1074,pre-market,False
2026-07-29T08:13:00+00:00,741.89,742.0,741.89,741.98,462,pre-market,False
2026-07-29T08:14:00+00:00,741.92,741.92,741.71,741.77,1607,pre-market,False
2026-07-29T08:15:00+00:00,741.74,741.83,741.74,741.83,107,pre-market,False
2026-07-29T08:16:00+00:00,741.7,742.03,741.7,742.03,434,pre-market,False
2026-07-29T08:17:00+00:00,741.98,741.98,741.98,741.98,80,pre-market,False
2026-07-29T08:18:00+00:00,742.01,742.02,741.97,741.97,234,pre-market,False
2026-07-29T08:19:00+00:00,742.0,742.0,741.94,741.94,1695,pre-market,False
2026-07-29T08:20:00+00:00,741.79,741.79,741.71,741.73,327,pre-market,False
2026-07-29T08:21:00+00:00,741.74,741.76,741.7,741.75,1313,pre-market,False
2026-07-29T08:22:00+00:00,741.77,741.84,741.77,741.84,148,pre-market,False
2026-07-29T08:23:00+00:00,741.73,741.75,741.55,741.62,515,pre-market,False
2026-07-29T08:24:00+00:00,741.6,741.6,741.41,741.41,358,pre-market,False
2026-07-29T08:25:00+00:00,741.38,741.38,741.38,741.38,184,pre-market,False
2026-07-29T08:26:00+00:00,741.36,741.36,741.23,741.28,420,pre-market,False
2026-07-29T08:27:00+00:00,741.27,741.42,741.2,741.42,361,pre-market,False
2026-07-29T08:28:00+00:00,741.4,741.4,741.31,741.31,276,pre-market,False
2026-07-29T08:29:00+00:00,741.33,741.39,741.33,741.39,158,pre-market,False
2026-07-29T08:30:00+00:00,741.31,741.66,741.31,741.65,289,pre-market,False
2026-07-29T08:31:00+00:00,741.85,741.94,741.85,741.85,447,pre-market,False
2026-07-29T08:32:00+00:00,742.17,742.32,742.17,742.29,967,pre-market,False
2026-07-29T08:33:00+00:00,742.29,742.36,742.15,742.15,1678,pre-market,False
2026-07-29T08:34:00+00:00,742.25,742.32,742.17,742.24,1821,pre-market,False
2026-07-29T08:35:00+00:00,742.23,742.29,742.11,742.11,585,pre-market,False
2026-07-29T08:36:00+00:00,742.18,742.31,742.18,742.31,256,pre-market,False
2026-07-29T08:37:00+00:00,742.31,742.31,742.22,742.22,134,pre-market,False
2026-07-29T08:38:00+00:00,742.22,742.3,742.2,742.2,332,pre-market,False
2026-07-29T08:39:00+00:00,742.12,742.16,742.11,742.16,520,pre-market,False
2026-07-29T08:40:00+00:00,742.16,742.16,742.16,742.16,0,pre-market,False
2026-07-29T08:41:00+00:00,742.16,742.16,742.16,742.16,0,pre-market,False
2026-07-29T08:42:00+00:00,742.16,742.16,742.16,742.16,0,pre-market,False
2026-07-29T08:43:00+00:00,742.53,742.55,742.47,742.47,450,pre-market,False
2026-07-29T08:44:00+00:00,742.52,742.63,742.52,742.63,241,pre-market,False
2026-07-29T08:45:00+00:00,742.57,742.63,742.57,742.62,274,pre-market,False
2026-07-29T08:46:00+00:00,742.66,742.72,742.62,742.72,560,pre-market,False
2026-07-29T08:47:00+00:00,742.74,742.74,742.74,742.74,67,pre-market,False
2026-07-29T08:48:00+00:00,742.65,742.68,742.56,742.57,280,pre-market,False
2026-07-29T08:49:00+00:00,742.54,742.65,742.54,742.65,1030,pre-market,False
2026-07-29T08:50:00+00:00,742.82,742.82,742.82,742.82,220,pre-market,False
2026-07-29T08:51:00+00:00,742.82,742.82,742.82,742.82,0,pre-market,False
2026-07-29T08:52:00+00:00,742.82,742.82,742.82,742.82,0,pre-market,False
2026-07-29T08:53:00+00:00,742.82,742.82,742.82,742.82,0,pre-market,False
2026-07-29T08:54:00+00:00,742.35,742.35,742.35,742.35,50,pre-market,False
2026-07-29T08:55:00+00:00,742.53,742.53,742.53,742.53,100,pre-market,False
2026-07-29T08:56:00+00:00,742.53,742.53,742.53,742.53,0,pre-market,False
2026-07-29T08:57:00+00:00,742.4,742.4,742.4,742.4,450,pre-market,False
2026-07-29T08:58:00+00:00,742.35,742.35,742.26,742.26,310,pre-market,False
2026-07-29T08:59:00+00:00,742.26,742.26,742.26,742.26,0,pre-market,False
2026-07-29T09:00:00+00:00,742.38,742.38,742.38,742.38,79,pre-market,False
2026-07-29T09:01:00+00:00,742.39,742.52,742.39,742.52,360,pre-market,False
2026-07-29T09:02:00+00:00,742.5,742.5,742.38,742.38,165,pre-market,False
2026-07-29T09:03:00+00:00,742.53,742.53,742.53,742.53,40,pre-market,False
2026-07-29T09:04:00+00:00,742.62,742.62,742.62,742.62,101,pre-market,False
2026-07-29T09:05:00+00:00,742.51,742.51,742.51,742.51,67,pre-market,False
2026-07-29T09:06:00+00:00,742.52,742.58,742.48,742.52,440,pre-market,False
2026-07-29T09:07:00+00:00,742.43,742.48,742.32,742.46,497,pre-market,False
2026-07-29T09:08:00+00:00,742.39,742.41,742.25,742.25,441,pre-market,False
2026-07-29T09:09:00+00:00,742.51,742.51,742.46,742.48,429,pre-market,False
2026-07-29T09:10:00+00:00,742.46,742.46,742.46,742.46,67,pre-market,False
2026-07-29T09:11:00+00:00,742.35,742.35,742.35,742.35,95,pre-market,False
2026-07-29T09:12:00+00:00,742.45,742.45,742.42,742.42,1056,pre-market,False
2026-07-29T09:13:00+00:00,742.48,742.51,742.35,742.35,603,pre-market,False
2026-07-29T09:14:00+00:00,742.5,742.5,742.5,742.5,40,pre-market,False
2026-07-29T09:15:00+00:00,742.52,742.53,742.5,742.53,447,pre-market,False
2026-07-29T09:16:00+00:00,742.53,742.53,742.53,742.53,0,pre-market,False
2026-07-29T09:17:00+00:00,742.35,742.36,742.34,742.35,500,pre-market,False
2026-07-29T09:18:00+00:00,742.36,742.5,742.36,742.5,223,pre-market,False
2026-07-29T09:19:00+00:00,742.43,742.43,742.35,742.35,181,pre-market,False
2026-07-29T09:20:00+00:00,742.34,742.36,742.25,742.3,562,pre-market,False
2026-07-29T09:21:00+00:00,742.38,742.39,742.29,742.29,352,pre-market,False
2026-07-29T09:22:00+00:00,742.29,742.29,742.29,742.29,0,pre-market,False
2026-07-29T09:23:00+00:00,742.26,742.26,742.26,742.26,290,pre-market,False
2026-07-29T09:24:00+00:00,742.31,742.31,742.3,742.3,115,pre-market,False
2026-07-29T09:25:00+00:00,742.3,742.3,742.3,742.3,0,pre-market,False
2026-07-29T09:26:00+00:00,742.43,742.43,742.41,742.41,95,pre-market,False
2026-07-29T09:27:00+00:00,742.25,742.25,742.25,742.25,100,pre-market,False
2026-07-29T09:28:00+00:00,742.25,742.29,742.22,742.23,1352,pre-market,False
2026-07-29T09:29:00+00:00,742.27,742.28,742.27,742.27,292,pre-market,False
2026-07-29T09:30:00+00:00,742.33,742.33,742.28,742.28,1496,pre-market,False
2026-07-29T09:31:00+00:00,742.19,742.23,742.19,742.23,332,pre-market,False
2026-07-29T09:32:00+00:00,742.16,742.18,742.14,742.14,398,pre-market,False
2026-07-29T09:33:00+00:00,742.05,742.15,742.05,742.09,552,pre-market,False
2026-07-29T09:34:00+00:00,742.14,742.19,742.14,742.19,174,pre-market,False
2026-07-29T09:35:00+00:00,742.23,742.23,742.23,742.23,786,pre-market,False
2026-07-29T09:36:00+00:00,742.32,742.32,742.16,742.16,864,pre-market,False
2026-07-29T09:37:00+00:00,742.26,742.33,742.26,742.33,611,pre-market,False
2026-07-29T09:38:00+00:00,742.33,742.33,742.33,742.33,0,pre-market,False
2026-07-29T09:39:00+00:00,742.3,742.3,742.28,742.28,100,pre-market,False
2026-07-29T09:40:00+00:00,742.3,742.53,742.3,742.53,525,pre-market,False
2026-07-29T09:41:00+00:00,742.5,742.56,742.43,742.56,1324,pre-market,False
2026-07-29T09:42:00+00:00,742.56,742.56,742.53,742.56,259,pre-market,False
2026-07-29T09:43:00+00:00,742.66,742.7,742.58,742.58,1307,pre-market,False
2026-07-29T09:44:00+00:00,742.53,742.58,742.53,742.58,299,pre-market,False
2026-07-29T09:45:00+00:00,742.61,742.78,742.61,742.78,450,pre-market,False
2026-07-29T09:46:00+00:00,742.77,742.77,742.77,742.77,134,pre-market,False
2026-07-29T09:47:00+00:00,742.74,742.74,742.71,742.71,542,pre-market,False
2026-07-29T09:48:00+00:00,742.85,742.85,742.81,742.81,732,pre-market,False
2026-07-29T09:49:00+00:00,742.85,742.99,742.85,742.99,535,pre-market,False
2026-07-29T09:50:00+00:00,743.0,743.18,743.0,743.17,1982,pre-market,False
2026-07-29T09:51:00+00:00,743.21,743.29,743.17,743.29,954,pre-market,False
2026-07-29T09:52:00+00:00,743.29,743.42,743.28,743.42,801,pre-market,False
2026-07-29T09:53:00+00:00,743.44,743.44,743.23,743.23,218,pre-market,False
2026-07-29T09:54:00+00:00,743.15,743.16,743.14,743.15,654,pre-market,False
2026-07-29T09:55:00+00:00,743.0,743.0,742.89,742.89,570,pre-market,False
2026-07-29T09:56:00+00:00,742.8,742.8,742.72,742.72,483,pre-market,False
2026-07-29T09:57:00+00:00,742.7,742.75,742.56,742.75,4137,pre-market,False
2026-07-29T09:58:00+00:00,742.78,742.78,742.78,742.78,100,pre-market,False
2026-07-29T09:59:00+00:00,742.9,742.91,742.9,742.91,850,pre-market,False
2026-07-29T10:00:00+00:00,742.75,742.75,742.71,742.71,1540,pre-market,False
2026-07-29T10:01:00+00:00,742.77,742.82,742.77,742.82,583,pre-market,False
2026-07-29T10:02:00+00:00,742.9,742.93,742.75,742.75,307,pre-market,False
2026-07-29T10:03:00+00:00,742.9,742.98,742.87,742.98,941,pre-market,False
2026-07-29T10:04:00+00:00,742.92,742.92,742.92,742.92,67,pre-market,False
2026-07-29T10:05:00+00:00,742.88,743.06,742.81,743.0,2287,pre-market,False
2026-07-29T10:06:00+00:00,742.95,742.95,742.6,742.6,5872,pre-market,False
2026-07-29T10:07:00+00:00,742.53,742.53,742.5,742.5,1118,pre-market,False
2026-07-29T10:08:00+00:00,742.7,742.7,742.7,742.7,300,pre-market,False
2026-07-29T10:09:00+00:00,742.6,742.66,742.6,742.66,824,pre-market,False
2026-07-29T10:10:00+00:00,742.72,742.72,742.67,742.67,130,pre-market,False
2026-07-29T10:11:00+00:00,742.68,742.68,742.68,742.68,100,pre-market,False
2026-07-29T10:12:00+00:00,742.58,742.6,742.58,742.59,530,pre-market,False
2026-07-29T10:13:00+00:00,742.56,742.56,742.54,742.55,1020,pre-market,False
2026-07-29T10:14:00+00:00,742.66,742.66,742.55,742.56,15161,pre-market,False
2026-07-29T10:15:00+00:00,742.56,742.56,742.56,742.56,0,pre-market,False
2026-07-29T10:16:00+00:00,742.71,742.76,742.71,742.76,780,pre-market,False
2026-07-29T10:17:00+00:00,742.77,742.77,742.73,742.73,217,pre-market,False
2026-07-29T10:18:00+00:00,742.76,742.8,742.75,742.76,367,pre-market,False
2026-07-29T10:19:00+00:00,742.63,742.64,742.63,742.64,160,pre-market,False
2026-07-29T10:20:00+00:00,742.61,742.68,742.6,742.63,2134,pre-market,False
2026-07-29T10:21:00+00:00,742.63,742.63,742.63,742.63,0,pre-market,False
2026-07-29T10:22:00+00:00,742.63,742.63,742.63,742.63,0,pre-market,False
2026-07-29T10:23:00+00:00,742.63,742.63,742.63,742.63,0,pre-market,False
2026-07-29T10:24:00+00:00,742.63,742.63,742.63,742.63,0,pre-market,False
2026-07-29T10:25:00+00:00,742.61,742.61,742.42,742.42,4235,pre-market,False
2026-07-29T10:26:00+00:00,742.43,742.47,742.39,742.47,912,pre-market,False
2026-07-29T10:27:00+00:00,742.49,742.49,742.49,742.49,67,pre-market,False
2026-07-29T10:28:00+00:00,742.5,742.51,742.46,742.46,147,pre-market,False
2026-07-29T10:29:00+00:00,742.58,742.75,742.58,742.75,716,pre-market,False
2026-07-29T10:30:00+00:00,742.76,742.85,742.68,742.68,1751,pre-market,False
2026-07-29T10:31:00+00:00,742.68,742.68,742.68,742.68,0,pre-market,False
2026-07-29T10:32:00+00:00,742.4,742.41,742.4,742.41,112,pre-market,False
2026-07-29T10:33:00+00:00,742.44,742.53,742.41,742.46,2650,pre-market,False
2026-07-29T10:34:00+00:00,742.43,742.43,742.39,742.39,140,pre-market,False
2026-07-29T10:35:00+00:00,742.41,742.41,742.36,742.36,107,pre-market,False
2026-07-29T10:36:00+00:00,742.3,742.3,742.3,742.3,67,pre-market,False
2026-07-29T10:37:00+00:00,742.3,742.31,742.3,742.31,107,pre-market,False
2026-07-29T10:38:00+00:00,742.22,742.25,742.04,742.04,423,pre-market,False
2026-07-29T10:39:00+00:00,742.14,742.14,742.06,742.06,199,pre-market,False
2026-07-29T10:40:00+00:00,742.11,742.11,742.09,742.09,1806,pre-market,False
2026-07-29T10:41:00+00:00,742.22,742.37,742.22,742.37,326,pre-market,False
2026-07-29T10:42:00+00:00,742.37,742.37,742.37,742.37,0,pre-market,False
2026-07-29T10:43:00+00:00,742.24,742.29,742.24,742.29,201,pre-market,False
2026-07-29T10:44:00+00:00,742.26,742.33,742.26,742.33,281,pre-market,False
2026-07-29T10:45:00+00:00,742.31,742.35,742.23,742.23,1287,pre-market,False
2026-07-29T10:46:00+00:00,742.33,742.33,742.18,742.18,134,pre-market,False
2026-07-29T10:47:00+00:00,742.18,742.22,742.18,742.22,166,pre-market,False
2026-07-29T10:48:00+00:00,742.25,742.27,742.25,742.27,120,pre-market,False
2026-07-29T10:49:00+00:00,742.27,742.27,742.27,742.27,0,pre-market,False
2026-07-29T10:50:00+00:00,742.27,742.27,742.27,742.27,0,pre-market,False
2026-07-29T10:51:00+00:00,742.15,742.15,742.15,742.15,43,pre-market,False
2026-07-29T10:52:00+00:00,742.05,742.07,742.0,742.07,341,pre-market,False
2026-07-29T10:53:00+00:00,742.03,742.03,741.96,741.96,1091,pre-market,False
2026-07-29T10:54:00+00:00,742.01,742.02,741.9,741.94,8017,pre-market,False
2026-07-29T10:55:00+00:00,741.95,741.96,741.95,741.96,380,pre-market,False
2026-07-29T10:56:00+00:00,741.97,742.07,741.94,742.07,1356,pre-market,False
2026-07-29T10:57:00+00:00,742.04,742.04,742.02,742.02,145,pre-market,False
2026-07-29T10:58:00+00:00,741.96,741.97,741.96,741.97,80,pre-market,False
2026-07-29T10:59:00+00:00,741.99,741.99,741.92,741.92,187,pre-market,False
2026-07-29T11:00:00+00:00,742.04,742.31,742.02,742.31,9439,pre-market,False
2026-07-29T11:01:00+00:00,742.31,742.42,742.31,742.35,12108,pre-market,False
2026-07-29T11:02:00+00:00,742.29,742.43,742.29,742.38,7608,pre-market,False
2026-07-29T11:03:00+00:00,742.38,742.46,742.33,742.33,2908,pre-market,False
2026-07-29T11:04:00+00:00,742.33,742.33,742.3,742.3,4366,pre-market,False
2026-07-29T11:05:00+00:00,742.25,742.3,742.25,742.29,195,pre-market,False
2026-07-29T11:06:00+00:00,742.29,742.29,742.29,742.29,0,pre-market,False
2026-07-29T11:07:00+00:00,742.2,742.23,742.2,742.23,200,pre-market,False
2026-07-29T11:08:00+00:00,742.37,742.53,742.37,742.53,400,pre-market,False
2026-07-29T11:09:00+00:00,742.55,742.55,742.55,742.55,50,pre-market,False
2026-07-29T11:10:00+00:00,742.6,742.6,742.6,742.6,277,pre-market,False
2026-07-29T11:11:00+00:00,742.67,742.68,742.61,742.61,995,pre-market,False
2026-07-29T11:12:00+00:00,742.6,742.6,742.56,742.56,682,pre-market,False
2026-07-29T11:13:00+00:00,742.49,742.57,742.49,742.56,177,pre-market,False
2026-07-29T11:14:00+00:00,742.47,742.47,742.4,742.42,360,pre-market,False
2026-07-29T11:15:00+00:00,742.41,742.5,742.41,742.47,647,pre-market,False
2026-07-29T11:16:00+00:00,742.51,742.51,742.44,742.44,730,pre-market,False
2026-07-29T11:17:00+00:00,742.4,742.49,742.4,742.49,144,pre-market,False
2026-07-29T11:18:00+00:00,742.73,742.73,742.63,742.63,700,pre-market,False
2026-07-29T11:19:00+00:00,742.61,742.61,742.54,742.58,2982,pre-market,False
2026-07-29T11:20:00+00:00,742.62,742.64,742.59,742.64,668,pre-market,False
2026-07-29T11:21:00+00:00,742.69,742.69,742.64,742.69,184,pre-market,False
2026-07-29T11:22:00+00:00,742.66,742.72,742.59,742.6,13547,pre-market,False
2026-07-29T11:23:00+00:00,742.53,742.62,742.51,742.62,9771,pre-market,False
2026-07-29T11:24:00+00:00,742.55,742.56,742.5,742.5,8631,pre-market,False
2026-07-29T11:25:00+00:00,742.55,742.55,742.55,742.55,79,pre-market,False
2026-07-29T11:26:00+00:00,742.55,742.6,742.53,742.53,4600,pre-market,False
2026-07-29T11:27:00+00:00,742.52,742.65,742.52,742.65,1207,pre-market,False
2026-07-29T11:28:00+00:00,742.68,742.68,742.58,742.65,10262,pre-market,False
2026-07-29T11:29:00+00:00,742.6,742.6,742.46,742.46,450,pre-market,False
2026-07-29T11:30:00+00:00,742.45,742.48,742.4,742.44,1581,pre-market,False
2026-07-29T11:31:00+00:00,742.55,742.55,742.48,742.52,1220,pre-market,False
2026-07-29T11:32:00+00:00,742.4,742.4,742.17,742.18,9930,pre-market,False
2026-07-29T11:33:00+00:00,742.22,742.26,742.15,742.26,2396,pre-market,False
2026-07-29T11:34:00+00:00,742.2,742.29,742.2,742.24,554,pre-market,False
2026-07-29T11:35:00+00:00,742.23,742.25,742.14,742.16,5337,pre-market,False
2026-07-29T11:36:00+00:00,742.16,742.23,742.16,742.16,740,pre-market,False
2026-07-29T11:37:00+00:00,742.21,742.21,742.14,742.15,3929,pre-market,False
2026-07-29T11:38:00+00:00,742.15,742.15,742.11,742.13,1579,pre-market,False
2026-07-29T11:39:00+00:00,742.01,742.02,742.0,742.01,1745,pre-market,False
2026-07-29T11:40:00+00:00,742.17,742.19,742.17,742.17,1462,pre-market,False
2026-07-29T11:41:00+00:00,742.12,742.12,742.04,742.04,895,pre-market,False
2026-07-29T11:42:00+00:00,742.11,742.2,742.11,742.18,1700,pre-market,False
2026-07-29T11:43:00+00:00,742.15,742.2,742.15,742.18,560,pre-market,False
2026-07-29T11:44:00+00:00,742.15,742.15,742.13,742.13,3016,pre-market,False
2026-07-29T11:45:00+00:00,742.15,742.15,742.15,742.15,100,pre-market,False
2026-07-29T11:46:00+00:00,742.1,742.1,742.02,742.1,7597,pre-market,False
2026-07-29T11:47:00+00:00,742.26,742.31,742.22,742.27,1462,pre-market,False
2026-07-29T11:48:00+00:00,742.32,742.55,742.3,742.43,546,pre-market,False
2026-07-29T11:49:00+00:00,742.4,742.43,742.35,742.35,918,pre-market,False
2026-07-29T11:50:00+00:00,742.38,742.38,742.34,742.35,5878,pre-market,False
2026-07-29T11:51:00+00:00,742.3,742.32,742.26,742.31,3107,pre-market,False
2026-07-29T11:52:00+00:00,742.38,742.42,742.2,742.2,2506,pre-market,False
2026-07-29T11:53:00+00:00,742.11,742.12,742.08,742.12,781,pre-market,False
2026-07-29T11:54:00+00:00,742.14,742.14,742.14,742.14,40,pre-market,False
2026-07-29T11:55:00+00:00,742.06,742.1,742.06,742.1,666,pre-market,False
2026-07-29T11:56:00+00:00,742.18,742.22,742.18,742.22,1100,pre-market,False
2026-07-29T11:57:00+00:00,742.22,742.22,742.22,742.22,0,pre-market,False
2026-07-29T11:58:00+00:00,742.18,742.23,742.18,742.19,426,pre-market,False
2026-07-29T11:59:00+00:00,742.21,742.32,742.21,742.25,2180,pre-market,False
2026-07-29T12:00:00+00:00,742.36,742.42,742.2,742.22,916,pre-market,False
2026-07-29T12:01:00+00:00,742.21,742.21,742.21,742.21,276,pre-market,False
2026-07-29T12:02:00+00:00,742.23,742.23,742.09,742.09,794,pre-market,False
2026-07-29T12:03:00+00:00,742.03,742.03,742.03,742.03,40,pre-market,False
2026-07-29T12:04:00+00:00,742.03,742.03,742.03,742.03,0,pre-market,False
2026-07-29T12:05:00+00:00,742.08,742.18,742.08,742.18,150,pre-market,False
2026-07-29T12:06:00+00:00,742.24,742.35,742.05,742.05,1407,pre-market,False
2026-07-29T12:07:00+00:00,742.02,742.02,741.86,741.88,550,pre-market,False
2026-07-29T12:08:00+00:00,741.8,741.8,741.69,741.79,1459,pre-market,False
2026-07-29T12:09:00+00:00,741.8,741.8,741.77,741.77,828,pre-market,False
2026-07-29T12:10:00+00:00,741.79,741.79,741.76,741.76,570,pre-market,False
2026-07-29T12:11:00+00:00,741.87,741.9,741.87,741.89,89,pre-market,False
2026-07-29T12:12:00+00:00,741.89,741.89,741.77,741.8,1809,pre-market,False
2026-07-29T12:13:00+00:00,741.88,741.88,741.85,741.85,540,pre-market,False
2026-07-29T12:14:00+00:00,741.75,741.76,741.37,741.44,2863,pre-market,False
2026-07-29T12:15:00+00:00,741.49,741.5,741.41,741.46,300,pre-market,False
2026-07-29T12:16:00+00:00,741.05,741.05,740.28,740.28,24146,pre-market,False
2026-07-29T12:17:00+00:00,740.28,740.51,740.0,740.5,5701,pre-market,False
2026-07-29T12:18:00+00:00,740.61,740.61,740.2,740.46,12754,pre-market,False
2026-07-29T12:19:00+00:00,740.53,740.56,740.38,740.4,4427,pre-market,False
2026-07-29T12:20:00+00:00,740.43,740.51,740.35,740.51,5469,pre-market,False
2026-07-29T12:21:00+00:00,740.61,740.64,740.27,740.27,2458,pre-market,False
2026-07-29T12:22:00+00:00,740.2,740.33,740.02,740.33,14271,pre-market,False
2026-07-29T12:23:00+00:00,740.26,740.54,740.25,740.54,3548,pre-market,False
2026-07-29T12:24:00+00:00,740.54,740.59,740.15,740.15,5996,pre-market,False
2026-07-29T12:25:00+00:00,740.19,740.42,740.19,740.4,1190,pre-market,False
2026-07-29T12:26:00+00:00,740.51,740.56,740.45,740.55,12426,pre-market,False
2026-07-29T12:27:00+00:00,740.51,740.75,740.47,740.55,16929,pre-market,False
2026-07-29T12:28:00+00:00,740.5,740.6,740.5,740.59,1087,pre-market,False
2026-07-29T12:29:00+00:00,740.73,740.73,740.25,740.25,10749,pre-market,False
2026-07-29T12:30:00+00:00,740.2,740.2,739.9,740.16,5585,pre-market,False
2026-07-29T12:31:00+00:00,740.22,740.25,740.18,740.18,800,pre-market,False
2026-07-29T12:32:00+00:00,740.22,740.24,740.22,740.24,150,pre-market,False
2026-07-29T12:33:00+00:00,740.2,740.22,740.08,740.21,18974,pre-market,False
2026-07-29T12:34:00+00:00,740.27,740.54,740.26,740.54,5893,pre-market,False
2026-07-29T12:35:00+00:00,740.59,740.61,740.5,740.52,3177,pre-market,False
2026-07-29T12:36:00+00:00,740.52,740.63,740.33,740.36,11501,pre-market,False
2026-07-29T12:37:00+00:00,740.36,740.5,740.36,740.48,2963,pre-market,False
2026-07-29T12:38:00+00:00,740.49,740.51,740.43,740.43,4876,pre-market,False
2026-07-29T12:39:00+00:00,740.43,740.57,740.42,740.52,8056,pre-market,False
2026-07-29T12:40:00+00:00,740.63,740.63,740.48,740.5,3183,pre-market,False
2026-07-29T12:41:00+00:00,740.55,740.77,740.55,740.76,6917,pre-market,False
2026-07-29T12:42:00+00:00,740.73,740.84,740.69,740.69,2827,pre-market,False
2026-07-29T12:43:00+00:00,740.79,740.86,740.77,740.79,1199,pre-market,False
2026-07-29T12:44:00+00:00,740.81,740.94,740.77,740.92,7480,pre-market,False
2026-07-29T12:45:00+00:00,740.97,740.97,740.8,740.8,1503,pre-market,False
2026-07-29T12:46:00+00:00,740.82,740.93,740.82,740.92,2798,pre-market,False
2026-07-29T12:47:00+00:00,740.83,740.85,740.74,740.79,1705,pre-market,False
2026-07-29T12:48:00+00:00,740.82,740.9,740.76,740.9,1871,pre-market,False
2026-07-29T12:49:00+00:00,740.88,740.96,740.83,740.83,3482,pre-market,False
2026-07-29T12:50:00+00:00,740.93,740.98,740.85,740.96,8251,pre-market,False
2026-07-29T12:51:00+00:00,740.92,740.92,740.8,740.86,1245,pre-market,False
2026-07-29T12:52:00+00:00,740.86,740.86,740.72,740.72,2446,pre-market,False
2026-07-29T12:53:00+00:00,740.76,740.8,740.72,740.76,10208,pre-market,False
2026-07-29T12:54:00+00:00,740.71,740.8,740.68,740.78,2784,pre-market,False
2026-07-29T12:55:00+00:00,740.71,740.76,740.71,740.72,3254,pre-market,False
2026-07-29T12:56:00+00:00,740.8,740.84,740.76,740.84,590,pre-market,False
2026-07-29T12:57:00+00:00,740.7,740.72,740.69,740.7,948,pre-market,False
2026-07-29T12:58:00+00:00,740.66,740.66,740.57,740.57,3348,pre-market,False
2026-07-29T12:59:00+00:00,740.56,740.65,740.56,740.65,295,pre-market,False
2026-07-29T13:00:00+00:00,740.67,740.72,740.52,740.59,2688,pre-market,False
2026-07-29T13:01:00+00:00,740.57,740.6,740.53,740.57,534,pre-market,False
2026-07-29T13:02:00+00:00,740.57,740.58,740.4,740.4,2527,pre-market,False
2026-07-29T13:03:00+00:00,740.37,740.37,740.18,740.18,4003,pre-market,False
2026-07-29T13:04:00+00:00,740.09,740.09,739.96,740.02,10493,pre-market,False
2026-07-29T13:05:00+00:00,740.0,740.09,739.96,740.04,15690,pre-market,False
2026-07-29T13:06:00+00:00,740.06,740.09,739.9,739.9,8362,pre-market,False
2026-07-29T13:07:00+00:00,740.04,740.14,740.01,740.14,1677,pre-market,False
2026-07-29T13:08:00+00:00,740.14,740.16,740.07,740.13,4778,pre-market,False
2026-07-29T13:09:00+00:00,740.08,740.17,740.07,740.16,3124,pre-market,False
2026-07-29T13:10:00+00:00,740.19,740.2,740.09,740.13,1855,pre-market,False
2026-07-29T13:11:00+00:00,740.1,740.1,739.93,739.94,2370,pre-market,False
2026-07-29T13:12:00+00:00,739.96,740.0,739.85,739.92,15602,pre-market,False
2026-07-29T13:13:00+00:00,739.85,739.9,739.82,739.82,1452,pre-market,False
2026-07-29T13:14:00+00:00,739.83,739.9,739.75,739.81,5771,pre-market,False
2026-07-29T13:15:00+00:00,739.76,739.94,739.71,739.94,1188,pre-market,False
2026-07-29T13:16:00+00:00,739.97,739.99,739.79,739.79,20802,pre-market,False
2026-07-29T13:17:00+00:00,739.82,739.86,739.66,739.68,7639,pre-market,False
2026-07-29T13:18:00+00:00,739.68,739.68,739.54,739.57,13773,pre-market,False
2026-07-29T13:19:00+00:00,739.64,739.76,739.64,739.72,1204,pre-market,False
2026-07-29T13:20:00+00:00,739.68,739.73,739.56,739.58,1842,pre-market,False
2026-07-29T13:21:00+00:00,739.62,740.0,739.62,739.97,5076,pre-market,False
2026-07-29T13:22:00+00:00,739.97,740.41,739.97,740.3,9592,pre-market,False
2026-07-29T13:23:00+00:00,740.29,740.33,740.21,740.3,6819,pre-market,False
2026-07-29T13:24:00+00:00,740.3,740.38,740.25,740.38,8725,pre-market,False
2026-07-29T13:25:00+00:00,740.35,740.45,740.29,740.37,6486,pre-market,False
2026-07-29T13:26:00+00:00,740.42,740.7,740.4,740.7,6506,pre-market,False
2026-07-29T13:27:00+00:00,740.7,740.81,740.41,740.44,32091,pre-market,False
2026-07-29T13:28:00+00:00,740.48,740.59,740.37,740.5,36902,pre-market,False
2026-07-29T13:29:00+00:00,740.47,740.52,739.9,739.96,41528,pre-market,False
2026-07-29T13:31:00+00:00,739.38,739.6,738.72,738.82,105687,regular,False
2026-07-29T13:32:00+00:00,738.85,739.49,738.79,739.34,135260,regular,False
2026-07-29T13:33:00+00:00,739.38,740.1,739.15,740.09,119545,regular,False
2026-07-29T13:34:00+00:00,740.09,740.39,739.93,740.03,112011,regular,False
2026-07-29T13:38:00+00:00,739.8,740.06,739.21,739.25,79219,regular,False
2026-07-29T13:39:00+00:00,739.24,740.04,739.17,739.9,80135,regular,False
2026-07-29T13:40:00+00:00,739.89,740.04,739.43,739.98,108359,regular,False
2026-07-29T13:41:00+00:00,739.99,740.04,739.62,739.71,70143,regular,False
2026-07-29T13:42:00+00:00,739.75,739.82,739.42,739.54,62722,regular,False
2026-07-29T13:43:00+00:00,739.58,739.7,739.32,739.51,86099,regular,False
2026-07-29T13:44:00+00:00,739.54,739.75,739.52,739.68,59738,regular,False
2026-07-29T13:45:00+00:00,739.66,740.22,739.63,739.98,90979,regular,False
2026-07-29T13:46:00+00:00,739.97,740.13,739.44,739.54,62862,regular,False
2026-07-29T13:47:00+00:00,739.56,739.63,739.02,739.2,111084,regular,False
2026-07-29T13:48:00+00:00,739.2,739.36,739.05,739.21,85461,regular,False
2026-07-29T13:49:00+00:00,739.22,739.38,738.88,739.15,132681,regular,False
2026-07-29T13:50:00+00:00,739.16,739.21,738.29,738.32,83542,regular,False
2026-07-29T13:51:00+00:00,738.28,738.29,737.87,737.89,149443,regular,False
2026-07-29T13:52:00+00:00,737.89,737.94,737.46,737.56,124596,regular,False
2026-07-29T13:53:00+00:00,737.56,737.99,737.43,737.97,107501,regular,False
2026-07-29T13:54:00+00:00,737.99,738.1,737.6,737.81,106711,regular,False
2026-07-29T13:55:00+00:00,737.78,737.78,737.04,737.25,131806,regular,False
2026-07-29T13:56:00+00:00,737.27,737.27,736.88,736.96,78402,regular,False
2026-07-29T13:57:00+00:00,736.94,737.12,736.61,737.04,122813,regular,False
2026-07-29T13:58:00+00:00,737.06,737.51,737.05,737.49,89330,regular,False
2026-07-29T13:59:00+00:00,737.49,737.62,737.03,737.36,147036,regular,False
2026-07-29T14:00:00+00:00,737.43,737.84,737.35,737.56,111111,regular,False
2026-07-29T14:01:00+00:00,737.58,737.73,737.36,737.52,63121,regular,False
2026-07-29T14:02:00+00:00,737.52,738.09,737.47,737.81,119907,regular,False
2026-07-29T14:03:00+00:00,737.78,738.0,737.52,737.54,92351,regular,False
2026-07-29T14:04:00+00:00,737.54,737.8,737.39,737.8,69433,regular,False
2026-07-29T14:05:00+00:00,737.78,738.33,737.78,737.87,97307,regular,False
2026-07-29T14:06:00+00:00,737.85,737.94,737.27,737.34,97851,regular,False
2026-07-29T14:07:00+00:00,737.35,737.35,736.87,737.08,85800,regular,False
2026-07-29T14:08:00+00:00,737.11,737.16,736.77,736.93,53663,regular,False
2026-07-29T14:09:00+00:00,736.96,737.12,736.71,736.81,38502,regular,False
2026-07-29T14:10:00+00:00,736.78,736.8,736.55,736.76,83065,regular,False
2026-07-29T14:11:00+00:00,736.77,737.04,736.68,736.88,95135,regular,False
2026-07-29T14:12:00+00:00,736.87,736.99,735.71,735.76,129950,regular,False
2026-07-29T14:13:00+00:00,735.74,735.74,735.04,735.33,189144,regular,False
2026-07-29T14:14:00+00:00,735.36,735.57,735.14,735.41,162317,regular,False
2026-07-29T14:15:00+00:00,735.41,735.82,735.36,735.7,97407,regular,False
2026-07-29T14:16:00+00:00,735.67,735.91,735.53,735.88,48659,regular,False
2026-07-29T14:17:00+00:00,735.87,736.01,735.52,735.62,84738,regular,False
2026-07-29T14:18:00+00:00,735.62,736.27,735.61,736.09,137441,regular,False
2026-07-29T14:19:00+00:00,736.11,736.19,735.76,735.89,111162,regular,False
2026-07-29T14:20:00+00:00,735.89,736.16,735.69,736.04,99977,regular,False
2026-07-29T14:21:00+00:00,736.02,736.28,735.88,736.22,101524,regular,False
2026-07-29T14:22:00+00:00,736.23,736.47,736.1,736.25,69878,regular,False
2026-07-29T14:23:00+00:00,736.25,736.44,735.93,735.98,95642,regular,False
2026-07-29T14:24:00+00:00,735.99,736.06,735.31,735.49,103057,regular,False
2026-07-29T14:25:00+00:00,735.47,735.52,734.8,734.8,136362,regular,False
2026-07-29T14:26:00+00:00,734.8,734.81,734.26,734.66,202923,regular,False
2026-07-29T14:27:00+00:00,734.66,734.93,734.4,734.83,149527,regular,False
2026-07-29T14:28:00+00:00,734.83,735.11,734.76,735.08,107437,regular,False
2026-07-29T14:29:00+00:00,735.08,735.22,734.83,734.92,73941,regular,False
2026-07-29T14:30:00+00:00,734.91,735.39,734.81,735.32,76654,regular,False
2026-07-29T14:31:00+00:00,735.3,735.44,735.06,735.2,80198,regular,False
2026-07-29T14:32:00+00:00,735.23,735.57,735.17,735.49,101193,regular,False
2026-07-29T14:33:00+00:00,735.47,735.84,735.42,735.5,110961,regular,False
2026-07-29T14:34:00+00:00,735.5,735.52,735.06,735.32,79596,regular,False
2026-07-29T14:35:00+00:00,735.32,735.4,734.93,735.32,57705,regular,False
2026-07-29T14:36:00+00:00,735.37,735.46,735.1,735.34,93636,regular,False
2026-07-29T14:37:00+00:00,735.34,735.34,735.08,735.19,85183,regular,False
2026-07-29T14:38:00+00:00,735.16,735.41,734.9,735.4,84186,regular,False
2026-07-29T14:39:00+00:00,735.4,735.42,734.66,734.81,99194,regular,False
2026-07-29T14:40:00+00:00,734.78,734.8,734.02,734.25,154625,regular,False
2026-07-29T14:41:00+00:00,734.26,734.72,734.21,734.38,91992,regular,False
2026-07-29T14:42:00+00:00,734.36,734.39,733.95,733.96,83744,regular,False
2026-07-29T14:43:00+00:00,733.96,734.35,733.93,734.2,103443,regular,False
2026-07-29T14:44:00+00:00,734.09,734.26,733.79,734.22,88187,regular,False
2026-07-29T14:45:00+00:00,734.21,734.39,734.04,734.23,93833,regular,False
2026-07-29T14:46:00+00:00,734.24,734.58,733.99,734.52,109546,regular,False
2026-07-29T14:47:00+00:00,734.51,734.79,734.26,734.28,86662,regular,False
2026-07-29T14:48:00+00:00,734.27,734.29,733.89,734.03,49910,regular,False
2026-07-29T14:49:00+00:00,734.04,734.44,733.95,734.43,65834,regular,False
2026-07-29T14:50:00+00:00,734.42,734.66,734.26,734.57,52045,regular,False
2026-07-29T14:51:00+00:00,734.57,734.67,734.33,734.56,43796,regular,False
2026-07-29T14:52:00+00:00,734.55,735.34,734.55,734.98,142563,regular,False
2026-07-29T14:53:00+00:00,734.94,735.26,734.86,735.12,126062,regular,False
2026-07-29T14:54:00+00:00,735.1,735.13,734.73,735.03,64372,regular,False
2026-07-29T14:55:00+00:00,735.02,735.09,734.58,734.6,41955,regular,False
2026-07-29T14:56:00+00:00,734.54,734.58,734.38,734.48,43571,regular,False
2026-07-29T14:57:00+00:00,734.48,734.69,734.27,734.37,50588,regular,False
2026-07-29T14:58:00+00:00,734.35,734.75,734.32,734.66,59962,regular,False
2026-07-29T14:59:00+00:00,734.69,734.97,734.69,734.82,46340,regular,False
2026-07-29T15:00:00+00:00,734.82,735.15,734.43,734.67,78495,regular,False
2026-07-29T15:01:00+00:00,734.66,735.13,734.53,735.13,51138,regular,False
2026-07-29T15:02:00+00:00,735.14,735.45,735.09,735.33,72166,regular,False
2026-07-29T15:03:00+00:00,735.3,735.55,735.18,735.29,64173,regular,False
2026-07-29T15:04:00+00:00,735.3,735.36,735.08,735.32,66068,regular,False
2026-07-29T15:05:00+00:00,735.32,735.35,734.67,734.96,64892,regular,False
2026-07-29T15:06:00+00:00,734.95,735.18,734.93,734.96,48675,regular,False
2026-07-29T15:07:00+00:00,734.94,735.39,734.91,735.34,57549,regular,False
2026-07-29T15:08:00+00:00,735.36,735.59,735.28,735.28,52884,regular,False
2026-07-29T15:09:00+00:00,735.24,735.62,735.18,735.59,77583,regular,False
2026-07-29T15:10:00+00:00,735.63,735.66,735.21,735.21,91996,regular,False
2026-07-29T15:11:00+00:00,735.21,735.22,734.53,734.78,107068,regular,False
2026-07-29T15:12:00+00:00,734.78,735.06,734.75,734.91,48832,regular,False
2026-07-29T15:13:00+00:00,734.9,735.07,734.73,734.79,38118,regular,False
2026-07-29T15:14:00+00:00,734.8,734.96,734.53,734.64,32758,regular,False
2026-07-29T15:15:00+00:00,734.65,735.02,734.54,735.02,45728,regular,False
2026-07-29T15:16:00+00:00,735.02,735.44,734.88,735.39,69177,regular,False
2026-07-29T15:17:00+00:00,735.38,735.43,734.96,735.19,50501,regular,False
2026-07-29T15:18:00+00:00,735.18,735.49,735.18,735.22,49812,regular,False
2026-07-29T15:19:00+00:00,735.25,735.3,734.53,734.56,47820,regular,False
2026-07-29T15:20:00+00:00,734.57,734.7,734.37,734.66,66985,regular,False
2026-07-29T15:21:00+00:00,734.67,734.75,734.47,734.73,50553,regular,False
2026-07-29T15:22:00+00:00,734.73,734.76,734.44,734.7,35300,regular,False
2026-07-29T15:23:00+00:00,734.7,734.99,734.64,734.96,56669,regular,False
2026-07-29T15:24:00+00:00,734.96,735.05,734.76,735.02,37460,regular,False
2026-07-29T15:25:00+00:00,735.01,735.09,734.63,734.98,43462,regular,False
2026-07-29T15:26:00+00:00,734.96,735.22,734.42,734.64,31761,regular,False
2026-07-29T15:27:00+00:00,734.64,734.8,734.47,734.48,39291,regular,False
2026-07-29T15:28:00+00:00,734.54,734.7,734.45,734.6,32857,regular,False
2026-07-29T15:29:00+00:00,734.59,734.67,734.35,734.42,28432,regular,False
2026-07-29T15:30:00+00:00,734.44,734.6,734.28,734.54,31386,regular,False
2026-07-29T15:31:00+00:00,734.57,734.65,734.37,734.64,34709,regular,False
2026-07-29T15:32:00+00:00,734.7,734.87,734.59,734.72,35848,regular,False
2026-07-29T15:33:00+00:00,734.69,734.99,734.52,734.8,37165,regular,False
2026-07-29T15:34:00+00:00,734.8,734.95,734.38,734.57,35096,regular,False
2026-07-29T15:35:00+00:00,734.58,734.87,734.42,734.83,54426,regular,False
2026-07-29T15:36:00+00:00,734.85,734.89,734.57,734.79,35534,regular,False
2026-07-29T15:37:00+00:00,734.82,734.97,734.59,734.68,40668,regular,False
2026-07-29T15:38:00+00:00,734.67,734.86,734.36,734.42,40286,regular,False
2026-07-29T15:39:00+00:00,734.43,734.45,734.03,734.03,31543,regular,False
2026-07-29T15:40:00+00:00,734.02,734.2,733.95,734.07,43570,regular,False
2026-07-29T15:41:00+00:00,734.08,734.4,734.07,734.28,55755,regular,False
2026-07-29T15:42:00+00:00,734.28,734.42,733.97,733.97,35332,regular,False
2026-07-29T15:43:00+00:00,733.97,734.04,733.72,733.72,58820,regular,False
2026-07-29T15:44:00+00:00,733.74,734.06,733.74,733.99,34722,regular,False
2026-07-29T15:45:00+00:00,733.98,734.15,733.79,733.94,46679,regular,False
2026-07-29T15:46:00+00:00,733.94,734.22,733.94,734.11,30426,regular,False
2026-07-29T15:47:00+00:00,734.1,734.35,734.05,734.28,49110,regular,False
2026-07-29T15:48:00+00:00,734.3,734.47,734.18,734.24,36294,regular,False
2026-07-29T15:49:00+00:00,734.23,734.47,734.17,734.44,23124,regular,False
2026-07-29T15:50:00+00:00,734.43,734.54,734.16,734.34,36002,regular,False
2026-07-29T15:51:00+00:00,734.34,734.42,734.19,734.27,23511,regular,False
2026-07-29T15:52:00+00:00,734.26,734.36,734.05,734.36,21425,regular,False
2026-07-29T15:53:00+00:00,734.36,734.38,733.95,734.07,44243,regular,False
2026-07-29T15:54:00+00:00,734.07,734.08,733.47,733.48,78973,regular,False
2026-07-29T15:55:00+00:00,733.51,733.52,733.1,733.25,86870,regular,False
2026-07-29T15:56:00+00:00,733.24,733.39,733.02,733.37,68952,regular,False
2026-07-29T15:57:00+00:00,733.37,733.47,733.29,733.4,42988,regular,False
2026-07-29T15:58:00+00:00,733.38,733.54,733.3,733.53,72404,regular,False
2026-07-29T15:59:00+00:00,733.52,733.88,733.47,733.73,87482,regular,False
2026-07-29T16:00:00+00:00,733.76,734.03,733.37,733.37,59666,regular,False
2026-07-29T16:01:00+00:00,733.39,733.52,733.11,733.19,44463,regular,False
2026-07-29T16:02:00+00:00,733.16,733.29,733.08,733.18,50974,regular,False
2026-07-29T16:03:00+00:00,733.18,733.28,733.1,733.14,45851,regular,False
2026-07-29T16:04:00+00:00,733.15,733.15,732.74,732.81,89952,regular,False
2026-07-29T16:05:00+00:00,732.84,732.84,732.22,732.49,113584,regular,False
2026-07-29T16:06:00+00:00,732.48,732.68,732.37,732.55,46677,regular,False
2026-07-29T16:07:00+00:00,732.53,732.7,732.45,732.68,97827,regular,False
2026-07-29T16:08:00+00:00,732.71,732.82,732.57,732.76,128237,regular,False
2026-07-29T16:09:00+00:00,732.74,732.78,732.52,732.71,41396,regular,False
2026-07-29T16:10:00+00:00,732.7,732.76,732.56,732.68,35017,regular,False
2026-07-29T16:11:00+00:00,732.66,732.74,732.44,732.51,37538,regular,False
2026-07-29T16:12:00+00:00,732.52,732.73,732.5,732.5,40155,regular,False
2026-07-29T16:13:00+00:00,732.52,732.68,732.48,732.51,53649,regular,False
2026-07-29T16:14:00+00:00,732.51,732.6,732.02,732.02,124320,regular,False
2026-07-29T16:15:00+00:00,732.02,732.14,731.73,732.07,132730,regular,False
2026-07-29T16:16:00+00:00,732.07,732.11,731.87,732.06,65460,regular,False
2026-07-29T16:17:00+00:00,732.06,732.27,731.95,732.2,50646,regular,False
2026-07-29T16:18:00+00:00,732.19,732.33,732.05,732.29,54280,regular,False
2026-07-29T16:19:00+00:00,732.3,732.36,732.2,732.23,60624,regular,False
2026-07-29T16:20:00+00:00,732.24,732.52,732.11,732.51,69421,regular,False
2026-07-29T16:21:00+00:00,732.51,732.7,732.49,732.54,45510,regular,False
2026-07-29T16:22:00+00:00,732.54,733.02,732.54,732.98,72927,regular,False
2026-07-29T16:23:00+00:00,732.98,733.6,732.91,733.27,113775,regular,False
2026-07-29T16:24:00+00:00,733.25,733.41,733.14,733.35,56861,regular,False
2026-07-29T16:25:00+00:00,733.35,733.6,733.32,733.37,72473,regular,False
2026-07-29T16:26:00+00:00,733.39,733.67,733.28,733.67,34862,regular,False
2026-07-29T16:27:00+00:00,733.65,733.7,733.48,733.56,67947,regular,False
2026-07-29T16:28:00+00:00,733.55,733.83,733.41,733.75,48253,regular,False
2026-07-29T16:29:00+00:00,733.76,733.92,733.73,733.85,95101,regular,False
2026-07-29T16:30:00+00:00,733.84,734.32,733.76,734.14,95591,regular,False
2026-07-29T16:31:00+00:00,734.15,734.21,733.84,734.01,134068,regular,False
2026-07-29T16:32:00+00:00,734.0,734.02,733.56,733.64,54339,regular,False
2026-07-29T16:33:00+00:00,733.65,733.81,733.58,733.75,31562,regular,False
2026-07-29T16:34:00+00:00,733.75,733.94,733.39,733.39,40723,regular,False
2026-07-29T16:35:00+00:00,733.4,733.46,733.08,733.24,70097,regular,False
2026-07-29T16:36:00+00:00,733.25,733.37,732.98,733.0,38546,regular,False
2026-07-29T16:37:00+00:00,733.05,733.42,733.05,733.36,55997,regular,False
2026-07-29T16:38:00+00:00,733.38,733.5,733.27,733.3,47252,regular,False
2026-07-29T16:39:00+00:00,733.33,733.68,733.31,733.57,58052,regular,False
2026-07-29T16:40:00+00:00,733.55,733.68,733.29,733.65,50354,regular,False
2026-07-29T16:41:00+00:00,733.65,733.71,733.3,733.3,65283,regular,False
2026-07-29T16:42:00+00:00,733.34,733.35,732.91,733.08,56442,regular,False
2026-07-29T16:43:00+00:00,733.1,733.2,732.96,732.96,41355,regular,False
2026-07-29T16:44:00+00:00,732.96,733.23,732.88,733.23,49093,regular,False
2026-07-29T16:45:00+00:00,733.22,733.33,733.05,733.15,53980,regular,False
2026-07-29T16:46:00+00:00,733.13,733.24,733.03,733.13,64260,regular,False
2026-07-29T16:47:00+00:00,733.13,733.61,733.13,733.57,51826,regular,False
2026-07-29T16:48:00+00:00,733.58,733.68,733.49,733.58,27720,regular,False
2026-07-29T16:49:00+00:00,733.55,733.96,733.52,733.93,39753,regular,False
2026-07-29T16:50:00+00:00,733.95,734.11,733.78,734.0,43172,regular,False
2026-07-29T16:51:00+00:00,734.01,734.18,733.93,733.97,39105,regular,False
2026-07-29T16:52:00+00:00,733.96,734.34,733.71,734.34,40907,regular,False
2026-07-29T16:53:00+00:00,734.34,734.5,734.28,734.39,58996,regular,False
2026-07-29T16:54:00+00:00,734.38,734.42,734.16,734.29,35387,regular,False
2026-07-29T16:55:00+00:00,734.26,734.5,734.16,734.32,34614,regular,False
2026-07-29T16:56:00+00:00,734.33,734.5,734.14,734.48,39429,regular,False
2026-07-29T16:57:00+00:00,734.5,734.67,734.42,734.51,38538,regular,False
2026-07-29T16:58:00+00:00,734.51,734.59,734.32,734.52,32752,regular,False
2026-07-29T16:59:00+00:00,734.54,734.87,734.53,734.87,42780,regular,False
2026-07-29T17:00:00+00:00,734.88,735.0,734.74,734.92,51924,regular,False
2026-07-29T17:01:00+00:00,734.9,735.16,734.86,735.03,69647,regular,False
2026-07-29T17:02:00+00:00,735.04,735.16,734.88,735.06,57661,regular,False
2026-07-29T17:03:00+00:00,735.07,735.6,735.02,735.57,57769,regular,False
2026-07-29T17:04:00+00:00,735.55,735.99,735.47,735.86,80205,regular,False
2026-07-29T17:05:00+00:00,735.89,735.93,735.49,735.62,72306,regular,False
2026-07-29T17:06:00+00:00,735.64,735.87,735.53,735.85,44492,regular,False
2026-07-29T17:07:00+00:00,735.83,735.85,735.45,735.46,80305,regular,False
2026-07-29T17:08:00+00:00,735.46,735.68,735.34,735.53,63231,regular,False
2026-07-29T17:09:00+00:00,735.5,735.63,735.37,735.39,47720,regular,False
2026-07-29T17:10:00+00:00,735.4,735.96,735.33,735.87,59887,regular,False
2026-07-29T17:11:00+00:00,735.89,736.0,735.84,735.95,56865,regular,False
2026-07-29T17:12:00+00:00,735.96,736.19,735.75,736.17,79202,regular,False
2026-07-29T17:13:00+00:00,736.17,736.5,736.17,736.32,86203,regular,False
2026-07-29T17:14:00+00:00,736.3,736.62,736.24,736.6,103339,regular,False
2026-07-29T17:15:00+00:00,736.61,736.66,736.34,736.44,95070,regular,False
2026-07-29T17:16:00+00:00,736.42,736.54,736.29,736.43,73550,regular,False
2026-07-29T17:17:00+00:00,736.43,736.73,736.34,736.64,43331,regular,False
2026-07-29T17:18:00+00:00,736.66,736.87,736.53,736.66,82707,regular,False
2026-07-29T17:19:00+00:00,736.65,736.75,736.58,736.73,43963,regular,False
2026-07-29T17:20:00+00:00,736.73,736.99,736.7,736.83,72053,regular,False
2026-07-29T17:21:00+00:00,736.83,737.24,736.77,737.23,72896,regular,False
2026-07-29T17:22:00+00:00,737.22,737.24,736.87,736.87,51251,regular,False
2026-07-29T17:23:00+00:00,736.88,737.0,736.71,736.92,56875,regular,False
2026-07-29T17:24:00+00:00,736.91,736.92,736.29,736.34,75457,regular,False
2026-07-29T17:25:00+00:00,736.33,736.41,736.12,736.22,91325,regular,False
2026-07-29T17:26:00+00:00,736.23,736.46,736.15,736.41,66134,regular,False
2026-07-29T17:27:00+00:00,736.41,736.46,736.18,736.25,51638,regular,False
2026-07-29T17:28:00+00:00,736.24,736.43,736.15,736.32,54146,regular,False
2026-07-29T17:29:00+00:00,736.32,736.32,735.73,735.74,81790,regular,False
2026-07-29T17:30:00+00:00,735.75,735.75,735.34,735.37,91223,regular,False
2026-07-29T17:31:00+00:00,735.37,735.76,735.27,735.75,73838,regular,False
2026-07-29T17:32:00+00:00,735.75,736.07,735.66,736.06,60822,regular,False
2026-07-29T17:33:00+00:00,736.05,736.29,736.04,736.29,47949,regular,False
2026-07-29T17:34:00+00:00,736.29,736.35,735.75,735.84,50566,regular,False
2026-07-29T17:35:00+00:00,735.81,735.97,735.5,735.56,33180,regular,False
2026-07-29T17:36:00+00:00,735.54,735.65,735.4,735.4,31369,regular,False
2026-07-29T17:37:00+00:00,735.4,735.7,735.35,735.52,26788,regular,False
2026-07-29T17:38:00+00:00,735.48,735.67,735.46,735.53,40193,regular,False
2026-07-29T17:39:00+00:00,735.51,735.72,735.5,735.64,56331,regular,False
2026-07-29T17:40:00+00:00,735.64,735.71,735.52,735.61,42370,regular,False
2026-07-29T17:41:00+00:00,735.6,735.79,735.58,735.7,38955,regular,False
2026-07-29T17:42:00+00:00,735.71,735.85,735.47,735.53,53965,regular,False
2026-07-29T17:43:00+00:00,735.52,735.89,735.39,735.85,44044,regular,False
2026-07-29T17:44:00+00:00,735.84,735.92,735.69,735.75,23688,regular,False
2026-07-29T17:45:00+00:00,735.76,735.87,735.48,735.5,38845,regular,False
2026-07-29T17:46:00+00:00,735.52,735.71,735.39,735.65,39182,regular,False
2026-07-29T17:47:00+00:00,735.65,735.75,735.57,735.74,36213,regular,False
2026-07-29T17:48:00+00:00,735.76,735.92,735.65,735.92,35371,regular,False
2026-07-29T17:49:00+00:00,735.91,736.03,735.82,735.98,33106,regular,False
2026-07-29T17:50:00+00:00,735.98,736.13,735.95,736.11,36804,regular,False
2026-07-29T17:51:00+00:00,736.12,736.24,736.07,736.2,31493,regular,False
2026-07-29T17:52:00+00:00,736.19,736.4,736.1,736.18,59554,regular,False
2026-07-29T17:53:00+00:00,736.16,736.29,736.08,736.25,34724,regular,False
2026-07-29T17:54:00+00:00,736.25,736.27,736.07,736.19,41984,regular,False
2026-07-29T17:55:00+00:00,736.19,736.24,735.81,735.91,55167,regular,False
2026-07-29T17:56:00+00:00,735.92,735.92,735.72,735.78,61408,regular,False
2026-07-29T17:57:00+00:00,735.79,735.85,735.69,735.81,59057,regular,False
2026-07-29T17:58:00+00:00,735.82,735.96,735.61,735.88,70761,regular,False
2026-07-29T17:59:00+00:00,735.89,736.42,735.89,736.41,44164,regular,False
2026-07-29T18:00:00+00:00,736.37,738.98,736.37,738.93,678948,regular,False
2026-07-29T18:01:00+00:00,738.83,739.51,738.22,739.23,449271,regular,False
2026-07-29T18:02:00+00:00,739.16,739.55,738.7,738.73,184465,regular,False
2026-07-29T18:03:00+00:00,738.75,739.03,738.29,738.56,199694,regular,False
2026-07-29T18:04:00+00:00,738.55,738.56,737.84,738.14,196682,regular,False
2026-07-29T18:05:00+00:00,738.11,738.63,737.95,738.39,170802,regular,False
2026-07-29T18:06:00+00:00,738.42,739.04,738.35,738.71,144680,regular,False
2026-07-29T18:07:00+00:00,738.72,738.8,738.26,738.3,110847,regular,False
2026-07-29T18:08:00+00:00,738.3,738.45,737.98,738.19,89146,regular,False
2026-07-29T18:09:00+00:00,738.15,738.23,737.68,738.09,83042,regular,False
2026-07-29T18:10:00+00:00,738.06,738.38,737.67,737.86,135924,regular,False
2026-07-29T18:11:00+00:00,737.83,738.37,737.64,738.18,94818,regular,False
2026-07-29T18:12:00+00:00,738.24,738.35,737.75,737.85,57374,regular,False
2026-07-29T18:13:00+00:00,737.83,737.98,737.44,737.66,67493,regular,False
2026-07-29T18:14:00+00:00,737.66,737.76,736.96,737.39,79812,regular,False
2026-07-29T18:15:00+00:00,737.42,738.09,737.42,737.92,58227,regular,False
2026-07-29T18:16:00+00:00,737.9,738.26,737.64,737.73,64969,regular,False
2026-07-29T18:17:00+00:00,737.73,737.79,737.16,737.55,64429,regular,False
2026-07-29T18:18:00+00:00,737.53,737.61,737.16,737.28,46084,regular,False
2026-07-29T18:19:00+00:00,737.28,737.31,736.82,737.02,80700,regular,False
2026-07-29T18:20:00+00:00,737.01,737.11,736.55,736.83,57967,regular,False
2026-07-29T18:21:00+00:00,736.8,737.02,736.51,736.7,70840,regular,False
2026-07-29T18:22:00+00:00,736.68,736.76,736.42,736.73,54264,regular,False
2026-07-29T18:23:00+00:00,736.73,737.03,736.31,736.36,66306,regular,False
2026-07-29T18:24:00+00:00,736.38,736.97,736.35,736.66,102708,regular,False
2026-07-29T18:25:00+00:00,736.69,736.94,736.46,736.7,94993,regular,False
2026-07-29T18:26:00+00:00,736.7,737.07,736.57,736.83,71810,regular,False
2026-07-29T18:27:00+00:00,736.81,736.87,736.5,736.69,41810,regular,False
2026-07-29T18:28:00+00:00,736.75,737.1,736.72,736.95,53058,regular,False
2026-07-29T18:29:00+00:00,736.96,737.36,736.85,737.31,52179,regular,False
2026-07-29T18:30:00+00:00,737.36,737.86,737.35,737.75,75858,regular,False
2026-07-29T18:31:00+00:00,737.81,738.08,736.89,737.0,115498,regular,False
2026-07-29T18:32:00+00:00,736.94,737.0,735.95,736.73,228536,regular,False
2026-07-29T18:33:00+00:00,736.73,737.35,736.2,737.0,141749,regular,False
2026-07-29T18:34:00+00:00,737.02,737.13,736.51,736.91,52681,regular,False
2026-07-29T18:35:00+00:00,736.93,737.05,736.34,736.67,72609,regular,False
2026-07-29T18:36:00+00:00,736.7,737.46,736.41,737.45,56922,regular,False
2026-07-29T18:37:00+00:00,737.5,738.0,737.27,737.89,73857,regular,False
2026-07-29T18:38:00+00:00,737.91,738.96,737.87,738.57,154460,regular,False
2026-07-29T18:39:00+00:00,738.59,739.29,738.21,738.94,113412,regular,False
2026-07-29T18:40:00+00:00,738.93,739.74,738.85,739.57,97875,regular,False
2026-07-29T18:42:00+00:00,739.83,740.03,739.19,739.84,121594,regular,False
2026-07-29T18:43:00+00:00,739.82,740.4,739.64,740.34,128664,regular,False
2026-07-29T18:44:00+00:00,740.36,741.02,740.19,740.72,207013,regular,False
2026-07-29T18:45:00+00:00,740.72,741.16,740.47,740.86,131009,regular,False
2026-07-29T18:46:00+00:00,740.88,741.34,740.72,741.08,199166,regular,False
2026-07-29T18:47:00+00:00,741.09,742.02,740.95,741.58,194503,regular,False
2026-07-29T18:48:00+00:00,741.57,741.73,741.04,741.22,147065,regular,False
2026-07-29T18:49:00+00:00,741.23,742.12,741.19,741.93,182642,regular,False
2026-07-29T18:50:00+00:00,741.92,742.07,741.53,741.91,202618,regular,False
2026-07-29T18:51:00+00:00,741.92,741.94,741.27,741.92,139483,regular,False
2026-07-29T18:52:00+00:00,741.91,742.12,741.69,741.93,106169,regular,False
2026-07-29T18:53:00+00:00,741.93,742.49,741.93,742.29,164539,regular,False
2026-07-29T18:54:00+00:00,742.3,742.65,742.2,742.59,109781,regular,False
2026-07-29T18:55:00+00:00,742.61,742.68,742.25,742.41,121050,regular,False
2026-07-29T18:56:00+00:00,742.42,742.48,741.91,741.91,159061,regular,False
2026-07-29T18:57:00+00:00,741.86,741.99,741.55,741.98,120430,regular,False
2026-07-29T18:58:00+00:00,741.98,742.24,741.89,741.95,59520,regular,False
2026-07-29T18:59:00+00:00,741.97,742.05,741.56,741.95,88330,regular,False
2026-07-29T19:00:00+00:00,741.95,742.09,741.37,741.54,135131,regular,False
2026-07-29T19:01:00+00:00,741.53,742.46,741.32,742.46,106089,regular,False
2026-07-29T19:02:00+00:00,742.43,742.59,741.86,741.9,68263,regular,False
2026-07-29T19:03:00+00:00,741.89,741.94,740.96,741.15,107022,regular,False
2026-07-29T19:04:00+00:00,741.14,741.18,740.1,740.54,128186,regular,False
2026-07-29T19:05:00+00:00,740.52,740.56,739.71,739.85,116301,regular,False
2026-07-29T19:06:00+00:00,739.86,740.01,739.58,739.7,193566,regular,False
2026-07-29T19:07:00+00:00,739.76,739.78,739.11,739.12,96222,regular,False
2026-07-29T19:08:00+00:00,739.14,739.5,738.65,738.84,177587,regular,False
2026-07-29T19:09:00+00:00,738.85,739.01,738.42,738.43,106334,regular,False
2026-07-29T19:10:00+00:00,738.41,738.55,737.95,738.34,171464,regular,False
2026-07-29T19:11:00+00:00,738.33,739.21,738.31,739.07,223852,regular,False
2026-07-29T19:12:00+00:00,739.05,739.23,738.32,738.92,78252,regular,False
2026-07-29T19:13:00+00:00,738.91,739.25,738.73,738.87,94344,regular,False
2026-07-29T19:14:00+00:00,738.89,739.13,738.71,738.91,78419,regular,False
2026-07-29T19:15:00+00:00,738.89,739.69,738.63,739.64,142132,regular,False
2026-07-29T19:16:00+00:00,739.64,739.77,738.73,738.91,120871,regular,False
2026-07-29T19:17:00+00:00,738.9,738.99,738.07,738.07,99381,regular,False
2026-07-29T19:18:00+00:00,738.08,738.08,737.41,737.73,93668,regular,False
2026-07-29T19:19:00+00:00,737.71,737.81,737.38,737.59,87993,regular,False
2026-07-29T19:20:00+00:00,737.59,737.67,736.71,736.74,208072,regular,False
2026-07-29T19:22:00+00:00,736.32,736.42,735.37,736.05,216123,regular,False
2026-07-29T19:23:00+00:00,736.02,736.15,735.49,735.72,238133,regular,False
2026-07-29T19:24:00+00:00,735.71,736.15,735.33,735.37,205189,regular,False
2026-07-29T19:25:00+00:00,735.37,735.71,734.88,734.93,212401,regular,False
2026-07-29T19:26:00+00:00,734.92,734.98,734.28,734.82,270854,regular,False
2026-07-29T19:27:00+00:00,734.82,735.24,734.46,734.93,219595,regular,False
2026-07-29T19:28:00+00:00,734.93,735.22,734.63,735.1,166662,regular,False
2026-07-29T19:29:00+00:00,735.08,735.32,734.83,735.15,218701,regular,False
2026-07-29T19:30:00+00:00,735.21,735.59,734.9,735.43,232645,regular,False
2026-07-29T19:31:00+00:00,735.45,735.74,734.93,735.32,240516,regular,False
2026-07-29T19:32:00+00:00,735.33,735.46,734.35,734.61,212594,regular,False
2026-07-29T19:33:00+00:00,734.64,734.67,732.92,733.07,259509,regular,False
2026-07-29T19:34:00+00:00,733.1,733.61,732.69,733.59,280376,regular,False
2026-07-29T19:35:00+00:00,733.58,733.71,732.94,733.16,314985,regular,False
2026-07-29T19:36:00+00:00,733.18,733.92,732.89,733.91,257672,regular,False
2026-07-29T19:37:00+00:00,733.9,734.02,732.85,732.94,213609,regular,False
2026-07-29T19:38:00+00:00,732.96,732.99,731.95,731.99,410084,regular,False
2026-07-29T19:39:00+00:00,731.95,731.99,731.52,731.61,250797,regular,False
2026-07-29T19:40:00+00:00,731.6,731.86,731.06,731.86,417848,regular,False
2026-07-29T19:41:00+00:00,731.87,732.27,731.46,731.76,392765,regular,False
2026-07-29T19:42:00+00:00,731.76,732.0,731.5,731.64,229568,regular,False
2026-07-29T19:43:00+00:00,731.64,731.89,730.9,731.73,270176,regular,False
2026-07-29T19:44:00+00:00,731.72,731.78,730.9,731.3,298285,regular,False
2026-07-29T19:45:00+00:00,731.3,731.49,730.86,730.87,317295,regular,False
2026-07-29T19:46:00+00:00,730.88,731.46,730.77,730.83,459906,regular,False
2026-07-29T19:47:00+00:00,730.84,731.11,730.41,730.87,688753,regular,False
2026-07-29T19:48:00+00:00,730.89,731.69,730.8,731.44,302818,regular,False
2026-07-29T19:49:00+00:00,731.43,732.09,731.17,731.91,266833,regular,False
2026-07-29T19:50:00+00:00,731.89,731.89,730.62,731.12,401174,regular,False
2026-07-29T19:51:00+00:00,731.14,731.14,730.67,730.92,488565,regular,False
2026-07-29T19:52:00+00:00,730.92,730.98,730.17,730.66,460118,regular,False
2026-07-29T19:53:00+00:00,730.7,730.95,730.53,730.66,207195,regular,False
2026-07-29T19:54:00+00:00,730.62,731.17,730.59,730.83,274719,regular,False
2026-07-29T19:55:00+00:00,730.82,730.82,729.74,730.07,484070,regular,False
2026-07-29T19:56:00+00:00,730.07,730.34,729.65,729.83,480501,regular,False
2026-07-29T20:00:00+00:00,729.51,729.85,725.98,729.46,1663464,after-market,False
2026-07-29T20:01:00+00:00,729.35,730.2,728.45,728.53,197364,after-market,False
2026-07-29T20:02:00+00:00,728.64,730.0,728.27,729.1,122576,after-market,False
2026-07-29T20:03:00+00:00,729.16,729.5,728.58,728.8,114535,after-market,False
2026-07-29T20:04:00+00:00,728.8,729.05,727.79,728.5,71636,after-market,False
2026-07-29T20:05:00+00:00,728.45,729.12,728.03,728.71,134066,after-market,False
2026-07-29T20:06:00+00:00,728.5,729.25,728.28,728.85,197253,after-market,False
2026-07-29T20:07:00+00:00,728.78,729.0,728.5,728.67,55335,after-market,False
2026-07-29T20:08:00+00:00,728.54,728.54,727.91,728.24,169912,after-market,False
2026-07-29T20:09:00+00:00,728.22,728.46,727.53,727.58,38963,after-market,False
2026-07-29T20:10:00+00:00,727.57,727.68,727.26,727.45,131202,after-market,False
2026-07-29T20:11:00+00:00,727.47,727.9,727.2,727.65,71648,after-market,False
2026-07-29T20:12:00+00:00,727.75,729.0,727.5,728.28,136312,after-market,False
2026-07-29T20:13:00+00:00,728.34,729.46,728.06,728.06,67211,after-market,False
2026-07-29T20:14:00+00:00,728.13,728.53,728.0,728.25,14541,after-market,False
2026-07-29T20:15:00+00:00,728.2,728.5,727.85,728.5,20606,after-market,False
2026-07-29T20:16:00+00:00,728.5,728.85,728.45,728.6,39312,after-market,False
2026-07-29T20:17:00+00:00,728.57,728.65,728.19,728.2,13736,after-market,False
2026-07-29T20:18:00+00:00,728.14,728.14,727.66,727.81,11730,after-market,False
2026-07-29T20:19:00+00:00,727.81,727.9,727.71,727.9,2040,after-market,False
2026-07-29T20:20:00+00:00,727.91,728.32,727.9,728.03,21671,after-market,False
2026-07-29T20:21:00+00:00,728.04,728.25,727.91,728.25,16216,after-market,False
2026-07-29T20:22:00+00:00,728.3,728.33,727.88,727.95,4792,after-market,False
2026-07-29T20:23:00+00:00,727.98,728.24,727.77,728.02,40951,after-market,False
2026-07-29T20:24:00+00:00,727.92,727.99,727.62,727.72,2760,after-market,False
2026-07-29T20:25:00+00:00,727.83,728.06,727.83,728.0,8310,after-market,False
2026-07-29T20:26:00+00:00,727.93,727.93,727.31,727.32,3663,after-market,False
2026-07-29T20:27:00+00:00,727.3,727.31,726.93,727.02,35631,after-market,False
2026-07-29T20:28:00+00:00,726.99,727.46,726.97,727.45,21023,after-market,False
2026-07-29T20:29:00+00:00,727.53,727.8,727.53,727.6,2827,after-market,False
2026-07-29T20:30:00+00:00,727.56,727.58,727.02,727.28,10486,after-market,False
2026-07-29T20:31:00+00:00,727.21,727.79,727.21,727.63,12910,after-market,False
2026-07-29T20:32:00+00:00,727.58,728.06,727.58,728.0,19192,after-market,False
2026-07-29T20:33:00+00:00,728.07,728.36,728.07,728.27,8784,after-market,False
2026-07-29T20:34:00+00:00,728.24,728.46,728.22,728.39,56369,after-market,False
2026-07-29T20:35:00+00:00,728.38,728.73,728.33,728.47,23390,after-market,False
2026-07-29T20:36:00+00:00,728.51,728.53,728.22,728.42,9837,after-market,False
2026-07-29T20:37:00+00:00,728.47,728.64,728.36,728.64,22176,after-market,False
2026-07-29T20:38:00+00:00,728.7,728.9,728.59,728.89,10672,after-market,False
2026-07-29T20:39:00+00:00,728.9,729.1,728.9,729.05,21088,after-market,False
2026-07-29T20:40:00+00:00,729.09,729.14,728.97,729.01,11220,after-market,False
2026-07-29T20:41:00+00:00,728.88,728.88,728.62,728.8,36857,after-market,False
2026-07-29T20:42:00+00:00,728.81,728.82,728.46,728.53,17624,after-market,False
2026-07-29T20:43:00+00:00,728.41,728.69,728.33,728.68,50213,after-market,False
2026-07-29T20:44:00+00:00,728.73,728.74,728.47,728.56,36675,after-market,False
2026-07-29T20:45:00+00:00,728.67,728.84,728.61,728.84,3870,after-market,False
2026-07-29T20:46:00+00:00,728.8,728.8,728.61,728.62,1509,after-market,False
2026-07-29T20:47:00+00:00,728.45,728.61,728.45,728.61,35582,after-market,False
2026-07-29T20:48:00+00:00,728.67,728.68,728.38,728.38,2585,after-market,False
2026-07-29T20:49:00+00:00,728.3,728.36,728.17,728.17,2114,after-market,False
2026-07-29T20:50:00+00:00,728.1,728.22,728.04,728.18,37500,after-market,False
2026-07-29T20:51:00+00:00,728.21,728.56,728.16,728.38,2854,after-market,False
2026-07-29T20:52:00+00:00,728.38,728.5,728.3,728.5,650,after-market,False
2026-07-29T20:53:00+00:00,728.53,728.61,728.39,728.46,9711,after-market,False
2026-07-29T20:54:00+00:00,728.46,728.72,728.46,728.71,1808,after-market,False
2026-07-29T20:55:00+00:00,728.75,728.81,728.62,728.62,10059,after-market,False
2026-07-29T20:56:00+00:00,728.69,728.75,728.47,728.67,5548,after-market,False
2026-07-29T20:57:00+00:00,728.61,728.76,728.61,728.72,4116,after-market,False
2026-07-29T20:58:00+00:00,728.61,728.61,728.3,728.33,12920,after-market,False
2026-07-29T20:59:00+00:00,728.34,728.4,728.11,728.11,5092,after-market,False
2026-07-29T21:00:00+00:00,728.11,728.19,727.81,727.86,3073,after-market,False
2026-07-29T21:01:00+00:00,727.79,728.09,727.79,727.91,442,after-market,False
2026-07-29T21:02:00+00:00,727.9,728.09,727.83,727.96,511,after-market,False
2026-07-29T21:03:00+00:00,727.95,728.0,727.95,727.99,10268,after-market,False
2026-07-29T21:04:00+00:00,727.99,728.0,727.95,728.0,4683,after-market,False
2026-07-29T21:05:00+00:00,728.0,728.01,727.94,728.0,45104,after-market,False
2026-07-29T21:06:00+00:00,728.01,728.45,728.0,728.13,4794,after-market,False
2026-07-29T21:07:00+00:00,728.01,737.28,728.0,728.01,129054,after-market,False
2026-07-29T21:08:00+00:00,728.01,728.05,727.95,728.05,12487,after-market,False
2026-07-29T21:09:00+00:00,727.93,733.38,727.9,727.98,252738,after-market,False
2026-07-29T21:10:00+00:00,728.0,728.0,727.89,728.0,11002,after-market,False
2026-07-29T21:11:00+00:00,727.95,728.01,727.95,727.95,8600,after-market,False
2026-07-29T21:12:00+00:00,727.95,728.0,727.95,728.0,9379,after-market,False
2026-07-29T21:13:00+00:00,728.0,728.07,728.0,728.05,22450,after-market,False
2026-07-29T21:14:00+00:00,728.05,728.06,727.88,728.01,35880,after-market,False
2026-07-29T21:15:00+00:00,727.86,728.04,727.86,727.86,28130,after-market,False
2026-07-29T21:16:00+00:00,727.86,727.87,727.5,727.6,7230,after-market,False
2026-07-29T21:17:00+00:00,727.74,727.86,727.73,727.85,5189,after-market,False
2026-07-29T21:18:00+00:00,727.9,728.0,727.82,728.0,10060,after-market,False
2026-07-29T21:19:00+00:00,728.06,728.06,727.9,728.0,2736,after-market,False
2026-07-29T21:20:00+00:00,728.0,728.06,728.0,728.04,7665,after-market,False
2026-07-29T21:21:00+00:00,728.03,728.06,728.0,728.03,4782,after-market,False
2026-07-29T21:22:00+00:00,728.0,728.04,728.0,728.0,2006,after-market,False
2026-07-29T21:23:00+00:00,727.95,728.04,727.95,728.04,5680,after-market,False
2026-07-29T21:24:00+00:00,728.0,728.0,727.95,727.99,3785,after-market,False
2026-07-29T21:25:00+00:00,727.99,727.99,727.95,727.95,9569,after-market,False
2026-07-29T21:26:00+00:00,727.95,727.97,727.87,727.97,6667,after-market,False
2026-07-29T21:27:00+00:00,727.89,728.07,727.89,728.07,1482,after-market,False
2026-07-29T21:28:00+00:00,728.12,728.17,728.08,728.08,2091,after-market,False
2026-07-29T21:29:00+00:00,728.17,728.23,728.07,728.07,1324,after-market,False
2026-07-29T21:30:00+00:00,728.1,728.17,728.1,728.1,613,after-market,False
2026-07-29T21:31:00+00:00,728.01,728.1,728.01,728.1,172,after-market,False
2026-07-29T21:32:00+00:00,728.1,728.1,727.99,727.99,2205,after-market,False
2026-07-29T21:33:00+00:00,727.99,727.99,727.81,727.96,250,after-market,False
2026-07-29T21:34:00+00:00,727.8,727.9,727.62,727.62,9477,after-market,False
2026-07-29T21:35:00+00:00,727.62,727.62,727.41,727.41,4081,after-market,False
2026-07-29T21:36:00+00:00,727.51,727.69,727.5,727.5,938,after-market,False
2026-07-29T21:37:00+00:00,727.48,727.68,727.31,727.45,1665,after-market,False
2026-07-29T21:38:00+00:00,727.33,727.45,727.33,727.33,3483,after-market,False
2026-07-29T21:39:00+00:00,727.32,727.32,727.17,727.17,5005,after-market,False
2026-07-29T21:40:00+00:00,727.17,727.23,727.06,727.06,3497,after-market,False
2026-07-29T21:41:00+00:00,727.18,727.3,727.18,727.3,4377,after-market,False
2026-07-29T21:42:00+00:00,727.3,727.3,727.1,727.17,2239,after-market,False
2026-07-29T21:43:00+00:00,727.01,727.15,727.01,727.1,1250,after-market,False
2026-07-29T21:44:00+00:00,727.16,727.17,727.01,727.08,1305,after-market,False
2026-07-29T21:45:00+00:00,727.09,727.1,727.03,727.08,6363,after-market,False
2026-07-29T21:46:00+00:00,727.08,727.09,727.08,727.08,5355,after-market,False
2026-07-29T21:47:00+00:00,727.16,727.16,727.1,727.1,439,after-market,False
2026-07-29T21:48:00+00:00,727.1,727.23,727.09,727.09,895,after-market,False
2026-07-29T21:49:00+00:00,727.1,727.16,726.84,726.86,6903,after-market,False
2026-07-29T21:50:00+00:00,727.0,727.0,726.68,726.68,275,after-market,False
2026-07-29T21:51:00+00:00,726.99,727.15,726.99,727.15,2310,after-market,False
2026-07-29T21:52:00+00:00,727.05,727.26,727.01,727.25,1360,after-market,False
2026-07-29T21:53:00+00:00,727.21,727.22,727.19,727.22,1327,after-market,False
2026-07-29T21:54:00+00:00,727.25,727.33,727.14,727.33,6577,after-market,False
2026-07-29T21:55:00+00:00,727.15,727.3,727.12,727.25,2817,after-market,False
2026-07-29T21:56:00+00:00,727.16,727.45,727.16,727.45,1978,after-market,False
2026-07-29T21:57:00+00:00,727.44,727.66,727.44,727.6,6761,after-market,False
2026-07-29T21:58:00+00:00,727.76,727.92,727.51,727.67,6404,after-market,False
2026-07-29T21:59:00+00:00,727.77,727.89,727.65,727.89,2854,after-market,False
2026-07-29T22:00:00+00:00,727.94,728.92,727.75,728.92,18816,after-market,False
2026-07-29T22:01:00+00:00,728.94,729.41,728.9,729.32,14064,after-market,False
2026-07-29T22:02:00+00:00,729.36,729.71,729.36,729.69,6312,after-market,False
2026-07-29T22:03:00+00:00,729.68,729.76,729.44,729.65,3104,after-market,False
2026-07-29T22:04:00+00:00,729.62,729.92,729.57,729.92,7462,after-market,False
2026-07-29T22:05:00+00:00,729.89,730.39,729.89,730.35,4690,after-market,False
2026-07-29T22:06:00+00:00,730.24,730.7,730.23,730.55,10072,after-market,False
2026-07-29T22:07:00+00:00,730.67,730.67,730.54,730.54,1413,after-market,False
2026-07-29T22:08:00+00:00,730.63,731.0,730.63,730.9,14684,after-market,False
2026-07-29T22:09:00+00:00,731.04,731.27,731.04,731.07,9184,after-market,False
2026-07-29T22:10:00+00:00,731.19,731.5,731.17,731.4,5990,after-market,False
2026-07-29T22:11:00+00:00,731.52,731.87,731.52,731.58,13055,after-market,False
2026-07-29T22:12:00+00:00,731.55,731.88,731.51,731.88,2962,after-market,False
2026-07-29T22:13:00+00:00,731.79,731.88,731.6,731.64,6552,after-market,False
2026-07-29T22:14:00+00:00,731.71,731.72,731.28,731.4,31866,after-market,False
2026-07-29T22:15:00+00:00,731.45,731.48,731.3,731.36,2390,after-market,False
2026-07-29T22:16:00+00:00,731.45,731.7,731.31,731.67,6442,after-market,False
2026-07-29T22:17:00+00:00,731.67,731.75,731.64,731.73,940,after-market,False
2026-07-29T22:18:00+00:00,731.72,731.8,731.64,731.76,4866,after-market,False
2026-07-29T22:19:00+00:00,731.89,732.01,731.83,731.96,4562,after-market,False
2026-07-29T22:20:00+00:00,731.95,732.0,731.86,731.86,1019,after-market,False
2026-07-29T22:21:00+00:00,731.76,731.87,731.67,731.74,9453,after-market,False
2026-07-29T22:22:00+00:00,731.7,731.88,731.62,731.8,11542,after-market,False
2026-07-29T22:23:00+00:00,731.86,732.04,731.8,732.0,1028,after-market,False
2026-07-29T22:24:00+00:00,731.96,731.97,731.52,731.52,2330,after-market,False
2026-07-29T22:25:00+00:00,731.52,731.65,731.52,731.65,943,after-market,False
2026-07-29T22:26:00+00:00,731.55,731.57,731.37,731.37,763,after-market,False
2026-07-29T22:27:00+00:00,731.35,731.55,731.35,731.55,234,after-market,False
2026-07-29T22:28:00+00:00,731.54,731.54,731.33,731.38,1680,after-market,False
2026-07-29T22:29:00+00:00,731.35,731.78,731.35,731.74,607,after-market,False
2026-07-29T22:30:00+00:00,731.69,731.69,731.69,731.69,80,after-market,False
2026-07-29T22:31:00+00:00,731.49,731.5,731.49,731.5,200,after-market,False
2026-07-29T22:32:00+00:00,731.3,731.41,731.3,731.39,1404,after-market,False
2026-07-29T22:33:00+00:00,731.34,731.51,731.28,731.51,1921,after-market,False
2026-07-29T22:34:00+00:00,731.39,731.39,731.39,731.39,1042,after-market,False
2026-07-29T22:35:00+00:00,731.42,731.45,731.35,731.35,11082,after-market,False
2026-07-29T22:36:00+00:00,731.72,731.72,731.58,731.58,676,after-market,False
2026-07-29T22:37:00+00:00,731.66,731.76,731.66,731.71,2603,after-market,False
2026-07-29T22:38:00+00:00,731.77,731.82,731.75,731.75,320,after-market,False
2026-07-29T22:39:00+00:00,731.75,731.75,731.54,731.54,3169,after-market,False
2026-07-29T22:40:00+00:00,731.54,731.59,731.48,731.5,2827,after-market,False
2026-07-29T22:41:00+00:00,731.5,731.5,731.41,731.41,1725,after-market,False
2026-07-29T22:42:00+00:00,731.48,731.48,731.43,731.43,2060,after-market,False
2026-07-29T22:43:00+00:00,731.43,731.43,731.35,731.35,341,after-market,False
2026-07-29T22:44:00+00:00,731.5,731.77,731.5,731.75,5518,after-market,False
2026-07-29T22:45:00+00:00,731.71,732.06,731.68,732.06,11842,after-market,False
2026-07-29T22:46:00+00:00,731.98,732.0,731.76,731.76,3409,after-market,False
2026-07-29T22:47:00+00:00,731.81,731.81,731.6,731.62,6958,after-market,False
2026-07-29T22:48:00+00:00,731.64,731.64,731.52,731.57,981,after-market,False
2026-07-29T22:49:00+00:00,731.59,731.59,731.52,731.52,588,after-market,False
2026-07-29T22:50:00+00:00,731.52,731.71,731.52,731.71,1252,after-market,False
2026-07-29T22:51:00+00:00,731.58,731.58,731.51,731.51,549,after-market,False
2026-07-29T22:52:00+00:00,731.49,731.49,731.43,731.43,205,after-market,False
2026-07-29T22:53:00+00:00,731.38,731.4,731.31,731.39,2259,after-market,False
2026-07-29T22:54:00+00:00,731.43,731.43,731.43,731.43,100,after-market,False
2026-07-29T22:55:00+00:00,731.39,731.39,731.16,731.27,3085,after-market,False
2026-07-29T22:56:00+00:00,731.32,731.33,731.29,731.33,2307,after-market,False
2026-07-29T22:57:00+00:00,731.33,731.38,731.33,731.38,2583,after-market,False
2026-07-29T22:58:00+00:00,731.36,731.36,731.25,731.25,1383,after-market,False
2026-07-29T22:59:00+00:00,731.28,731.28,731.25,731.26,193,after-market,False
2026-07-29T23:00:00+00:00,731.6,731.6,731.6,731.6,44,after-market,False
2026-07-29T23:01:00+00:00,731.62,731.74,731.62,731.69,3266,after-market,False
2026-07-29T23:02:00+00:00,731.79,731.87,731.72,731.87,2210,after-market,False
2026-07-29T23:03:00+00:00,731.9,731.99,731.89,731.99,1398,after-market,False
2026-07-29T23:04:00+00:00,731.94,732.0,731.89,732.0,2106,after-market,False
2026-07-29T23:05:00+00:00,731.95,731.95,731.87,731.93,801,after-market,False
2026-07-29T23:06:00+00:00,731.93,731.93,731.82,731.82,626,after-market,False
2026-07-29T23:07:00+00:00,731.82,731.82,731.78,731.82,1356,after-market,False
2026-07-29T23:08:00+00:00,731.82,732.35,731.8,732.35,4890,after-market,False
2026-07-29T23:09:00+00:00,732.43,732.48,732.18,732.25,5006,after-market,False
2026-07-29T23:10:00+00:00,732.02,732.02,731.72,731.72,394,after-market,False
2026-07-29T23:11:00+00:00,731.76,731.76,731.52,731.68,4592,after-market,False
2026-07-29T23:12:00+00:00,731.78,731.92,731.72,731.92,655,after-market,False
2026-07-29T23:13:00+00:00,731.95,731.96,731.71,731.71,1095,after-market,False
2026-07-29T23:14:00+00:00,731.73,731.73,731.62,731.67,530,after-market,False
2026-07-29T23:15:00+00:00,731.92,731.92,731.88,731.88,4280,after-market,False
2026-07-29T23:16:00+00:00,731.85,731.85,731.84,731.84,157,after-market,False
2026-07-29T23:17:00+00:00,731.8,731.8,731.8,731.8,3047,after-market,False
2026-07-29T23:18:00+00:00,731.99,732.24,731.99,732.2,1420,after-market,False
2026-07-29T23:19:00+00:00,732.22,732.23,732.17,732.22,400,after-market,False
2026-07-29T23:20:00+00:00,732.26,732.32,732.26,732.28,902,after-market,False
2026-07-29T23:21:00+00:00,732.24,732.24,732.2,732.24,129,after-market,False
2026-07-29T23:22:00+00:00,732.19,732.23,732.18,732.19,445,after-market,False
2026-07-29T23:23:00+00:00,732.37,732.39,732.33,732.34,395,after-market,False
2026-07-29T23:24:00+00:00,732.33,732.34,732.23,732.32,2386,after-market,False
2026-07-29T23:25:00+00:00,732.19,732.37,732.19,732.37,140,after-market,False
2026-07-29T23:26:00+00:00,732.38,732.39,732.32,732.32,437,after-market,False
2026-07-29T23:27:00+00:00,732.27,732.32,732.19,732.2,1376,after-market,False
2026-07-29T23:28:00+00:00,732.25,732.32,732.24,732.28,1239,after-market,False
2026-07-29T23:29:00+00:00,732.34,732.34,732.29,732.29,297,after-market,False
2026-07-29T23:30:00+00:00,732.41,732.43,732.4,732.4,1152,after-market,False
2026-07-29T23:31:00+00:00,732.39,733.0,732.39,732.55,6323,after-market,False
2026-07-29T23:32:00+00:00,732.56,732.69,732.56,732.64,3453,after-market,False
2026-07-29T23:33:00+00:00,732.56,732.6,732.52,732.52,1914,after-market,False
2026-07-29T23:34:00+00:00,732.45,732.51,732.4,732.44,666,after-market,False
2026-07-29T23:35:00+00:00,732.43,732.5,732.43,732.5,1212,after-market,False
2026-07-29T23:36:00+00:00,732.51,732.51,732.46,732.46,417,after-market,False
2026-07-29T23:37:00+00:00,732.51,732.51,732.42,732.42,165,after-market,False
2026-07-29T23:38:00+00:00,732.5,732.62,732.5,732.57,3542,after-market,False
2026-07-29T23:39:00+00:00,732.5,732.73,732.49,732.73,4183,after-market,False
2026-07-29T23:40:00+00:00,732.4,732.41,732.31,732.32,2573,after-market,False
2026-07-29T23:41:00+00:00,732.25,732.25,732.12,732.12,612,after-market,False
2026-07-29T23:42:00+00:00,732.15,732.2,732.15,732.19,3663,after-market,False
2026-07-29T23:43:00+00:00,732.29,732.29,732.21,732.22,630,after-market,False
2026-07-29T23:44:00+00:00,732.3,732.36,732.3,732.3,237,after-market,False
2026-07-29T23:45:00+00:00,732.22,732.34,732.22,732.25,1750,after-market,False
2026-07-29T23:46:00+00:00,732.46,732.67,732.45,732.67,2280,after-market,False
2026-07-29T23:47:00+00:00,732.61,732.72,732.56,732.56,1154,after-market,False
2026-07-29T23:48:00+00:00,732.6,732.6,732.58,732.58,1099,after-market,False
2026-07-29T23:49:00+00:00,732.45,732.45,732.18,732.27,1946,after-market,False
2026-07-29T23:50:00+00:00,732.29,732.31,732.21,732.21,380,after-market,False
2026-07-29T23:51:00+00:00,732.3,732.3,732.17,732.17,2350,after-market,False
2026-07-29T23:52:00+00:00,732.08,732.15,732.06,732.13,2064,after-market,False
2026-07-29T23:53:00+00:00,732.1,732.37,732.1,732.19,316,after-market,False
2026-07-29T23:54:00+00:00,732.18,732.46,732.18,732.46,590,after-market,False
2026-07-29T23:55:00+00:00,732.59,732.59,732.58,732.59,100,after-market,False
2026-07-29T23:56:00+00:00,732.61,732.61,732.55,732.57,500,after-market,False
2026-07-29T23:57:00+00:00,732.66,732.66,732.51,732.52,741,after-market,False
2026-07-29T23:58:00+00:00,732.56,732.56,732.56,732.56,250,after-market,False
2026-07-29T23:59:00+00:00,732.48,732.48,732.4,732.4,1670,after-market,False
2026-07-30T08:00:00+00:00,730.72,732.8,730.13,730.2,16348,pre-market,False
2026-07-30T08:01:00+00:00,730.91,732.36,730.11,731.81,7029,pre-market,False
2026-07-30T08:02:00+00:00,731.82,732.76,729.88,732.67,33482,pre-market,False
2026-07-30T08:03:00+00:00,730.25,732.63,729.98,729.98,20229,pre-market,False
2026-07-30T08:04:00+00:00,730.01,730.37,730.01,730.36,1594,pre-market,False
2026-07-30T08:05:00+00:00,730.38,730.68,730.06,730.66,1232,pre-market,False
2026-07-30T08:06:00+00:00,730.61,730.99,730.6,730.99,6368,pre-market,False
2026-07-30T08:07:00+00:00,731.11,731.14,731.11,731.14,120,pre-market,False
2026-07-30T08:08:00+00:00,731.57,731.6,731.38,731.38,4938,pre-market,False
2026-07-30T08:09:00+00:00,731.46,731.5,731.39,731.49,1595,pre-market,False
2026-07-30T08:10:00+00:00,731.54,731.7,731.53,731.67,436,pre-market,False
2026-07-30T08:11:00+00:00,731.75,731.75,731.54,731.54,823,pre-market,False
2026-07-30T08:12:00+00:00,731.54,731.54,731.54,731.54,0,pre-market,False
2026-07-30T08:13:00+00:00,731.64,731.64,731.55,731.55,80,pre-market,False
2026-07-30T08:14:00+00:00,731.46,731.53,731.43,731.47,526,pre-market,False
2026-07-30T08:15:00+00:00,731.52,731.52,731.46,731.46,319,pre-market,False
2026-07-30T08:16:00+00:00,731.46,731.46,731.46,731.46,0,pre-market,False
2026-07-30T08:17:00+00:00,731.49,731.58,731.35,731.55,4953,pre-market,False
2026-07-30T08:18:00+00:00,731.47,731.5,731.35,731.5,1080,pre-market,False
2026-07-30T08:19:00+00:00,731.41,731.41,731.41,731.41,91,pre-market,False
2026-07-30T08:20:00+00:00,731.31,731.6,731.31,731.6,694,pre-market,False
2026-07-30T08:21:00+00:00,731.52,731.74,731.43,731.73,1317,pre-market,False
2026-07-30T08:22:00+00:00,731.74,731.76,731.62,731.69,539,pre-market,False
2026-07-30T08:23:00+00:00,731.7,732.0,731.7,732.0,1613,pre-market,False
2026-07-30T08:24:00+00:00,732.06,732.06,731.95,731.98,434,pre-market,False
2026-07-30T08:25:00+00:00,731.97,732.24,731.97,732.21,853,pre-market,False
2026-07-30T08:26:00+00:00,732.23,732.44,732.23,732.44,1482,pre-market,False
2026-07-30T08:27:00+00:00,732.41,732.5,732.21,732.21,2723,pre-market,False
2026-07-30T08:28:00+00:00,732.2,732.33,732.16,732.22,2343,pre-market,False
2026-07-30T08:29:00+00:00,732.33,732.33,732.25,732.25,531,pre-market,False
2026-07-30T08:30:00+00:00,732.29,732.44,732.29,732.33,570,pre-market,False
2026-07-30T08:31:00+00:00,732.36,732.41,732.19,732.24,875,pre-market,False
2026-07-30T08:32:00+00:00,732.25,732.35,732.25,732.35,1080,pre-market,False
2026-07-30T08:33:00+00:00,732.23,732.45,732.23,732.38,296,pre-market,False
2026-07-30T08:34:00+00:00,732.32,732.32,732.32,732.32,351,pre-market,False
2026-07-30T08:35:00+00:00,732.29,732.36,732.24,732.34,1706,pre-market,False
2026-07-30T08:36:00+00:00,732.34,732.34,732.34,732.34,0,pre-market,False
2026-07-30T08:37:00+00:00,732.39,732.44,732.37,732.4,6109,pre-market,False
2026-07-30T08:38:00+00:00,732.4,732.4,732.4,732.4,0,pre-market,False
2026-07-30T08:39:00+00:00,732.03,732.03,732.01,732.01,557,pre-market,False
2026-07-30T08:40:00+00:00,731.99,732.09,731.97,732.09,306,pre-market,False
2026-07-30T08:41:00+00:00,732.08,732.09,732.04,732.04,473,pre-market,False
2026-07-30T08:42:00+00:00,732.08,732.09,731.97,732.08,590,pre-market,False
2026-07-30T08:43:00+00:00,732.02,732.1,732.02,732.05,1191,pre-market,False
2026-07-30T08:44:00+00:00,732.09,732.09,732.09,732.09,68,pre-market,False
2026-07-30T08:45:00+00:00,732.02,732.07,732.02,732.07,256,pre-market,False
2026-07-30T08:46:00+00:00,732.14,732.23,732.14,732.23,200,pre-market,False
2026-07-30T08:47:00+00:00,732.17,732.23,732.17,732.18,281,pre-market,False
2026-07-30T08:48:00+00:00,731.97,732.01,731.97,732.01,564,pre-market,False
2026-07-30T08:49:00+00:00,731.98,731.98,731.98,731.98,40,pre-market,False
2026-07-30T08:50:00+00:00,731.9,731.92,731.89,731.89,760,pre-market,False
2026-07-30T08:51:00+00:00,731.89,731.89,731.89,731.89,0,pre-market,False
2026-07-30T08:52:00+00:00,731.92,731.92,731.84,731.85,1884,pre-market,False
2026-07-30T08:53:00+00:00,731.75,731.78,731.72,731.78,244,pre-market,False
2026-07-30T08:54:00+00:00,731.78,731.82,731.73,731.73,640,pre-market,False
2026-07-30T08:55:00+00:00,731.7,731.76,731.54,731.54,328,pre-market,False
2026-07-30T08:56:00+00:00,731.55,731.55,731.55,731.55,40,pre-market,False
2026-07-30T08:57:00+00:00,731.57,731.57,731.57,731.57,68,pre-market,False
2026-07-30T08:58:00+00:00,731.79,731.85,731.76,731.83,1289,pre-market,False
2026-07-30T08:59:00+00:00,731.82,731.88,731.82,731.88,1484,pre-market,False
2026-07-30T09:00:00+00:00,731.86,731.86,731.8,731.8,125,pre-market,False
2026-07-30T09:01:00+00:00,731.81,731.95,731.81,731.93,184,pre-market,False
2026-07-30T09:02:00+00:00,731.93,731.96,731.93,731.95,270,pre-market,False
2026-07-30T09:03:00+00:00,732.03,732.03,732.03,732.03,120,pre-market,False
2026-07-30T09:04:00+00:00,731.93,732.34,731.92,732.26,2680,pre-market,False
2026-07-30T09:05:00+00:00,732.07,732.19,732.03,732.19,328,pre-market,False
2026-07-30T09:06:00+00:00,732.21,732.25,732.21,732.25,153,pre-market,False
2026-07-30T09:07:00+00:00,732.23,732.37,732.23,732.37,392,pre-market,False
2026-07-30T09:08:00+00:00,732.42,732.43,732.35,732.35,313,pre-market,False
2026-07-30T09:09:00+00:00,732.37,732.37,732.37,732.37,200,pre-market,False
2026-07-30T09:10:00+00:00,732.38,732.38,732.24,732.24,1138,pre-market,False
2026-07-30T09:11:00+00:00,732.38,732.39,732.32,732.35,291,pre-market,False
2026-07-30T09:12:00+00:00,732.33,732.33,732.33,732.33,40,pre-market,False
2026-07-30T09:13:00+00:00,732.27,732.34,732.27,732.34,758,pre-market,False
2026-07-30T09:14:00+00:00,732.35,732.91,732.28,732.61,8761,pre-market,False
2026-07-30T09:15:00+00:00,732.64,732.73,732.48,732.52,1486,pre-market,False
2026-07-30T09:16:00+00:00,732.54,732.79,732.54,732.79,784,pre-market,False
2026-07-30T09:17:00+00:00,732.78,732.8,732.65,732.72,965,pre-market,False
2026-07-30T09:18:00+00:00,732.72,732.72,732.72,732.72,0,pre-market,False
2026-07-30T09:19:00+00:00,732.59,732.64,732.59,732.64,243,pre-market,False
2026-07-30T09:20:00+00:00,732.66,732.66,732.66,732.66,148,pre-market,False
2026-07-30T09:21:00+00:00,732.65,732.95,732.65,732.92,2357,pre-market,False
2026-07-30T09:22:00+00:00,732.85,732.96,732.85,732.87,328,pre-market,False
2026-07-30T09:23:00+00:00,732.91,733.06,732.86,733.03,2031,pre-market,False
2026-07-30T09:24:00+00:00,732.94,733.1,732.94,732.94,3438,pre-market,False
2026-07-30T09:25:00+00:00,732.93,733.02,732.88,732.88,730,pre-market,False
2026-07-30T09:26:00+00:00,732.99,732.99,732.99,732.99,140,pre-market,False
2026-07-30T09:27:00+00:00,733.08,733.08,732.97,733.04,743,pre-market,False
2026-07-30T09:28:00+00:00,733.03,733.11,733.03,733.04,3249,pre-market,False
2026-07-30T09:29:00+00:00,732.9,732.91,732.89,732.91,687,pre-market,False
2026-07-30T09:30:00+00:00,732.9,732.9,732.71,732.71,1097,pre-market,False
2026-07-30T09:31:00+00:00,732.72,732.72,732.71,732.71,300,pre-market,False
2026-07-30T09:32:00+00:00,732.82,732.89,732.78,732.89,507,pre-market,False
2026-07-30T09:33:00+00:00,732.87,733.08,732.86,733.08,1820,pre-market,False
2026-07-30T09:34:00+00:00,733.02,733.13,733.0,733.13,2447,pre-market,False
2026-07-30T09:35:00+00:00,733.22,733.27,733.22,733.27,216,pre-market,False
2026-07-30T09:36:00+00:00,733.15,733.15,733.15,733.15,40,pre-market,False
2026-07-30T09:37:00+00:00,733.26,733.38,733.26,733.35,858,pre-market,False
2026-07-30T09:38:00+00:00,733.17,733.2,733.08,733.2,3331,pre-market,False
2026-07-30T09:39:00+00:00,733.06,733.06,732.97,732.97,580,pre-market,False
2026-07-30T09:40:00+00:00,733.0,733.0,732.93,732.93,182,pre-market,False
2026-07-30T09:41:00+00:00,732.88,732.96,732.83,732.83,576,pre-market,False
2026-07-30T09:42:00+00:00,732.82,732.89,732.82,732.84,486,pre-market,False
2026-07-30T09:43:00+00:00,732.82,732.83,732.81,732.83,540,pre-market,False
2026-07-30T09:44:00+00:00,732.82,732.91,732.79,732.9,633,pre-market,False
2026-07-30T09:45:00+00:00,732.86,732.88,732.86,732.88,412,pre-market,False
2026-07-30T09:46:00+00:00,732.87,732.95,732.87,732.95,108,pre-market,False
2026-07-30T09:47:00+00:00,732.95,732.95,732.95,732.95,0,pre-market,False
2026-07-30T09:48:00+00:00,732.95,732.95,732.95,732.95,0,pre-market,False
2026-07-30T09:49:00+00:00,732.9,732.9,732.9,732.9,50,pre-market,False
2026-07-30T09:50:00+00:00,732.99,732.99,732.99,732.99,68,pre-market,False
2026-07-30T09:51:00+00:00,732.99,732.99,732.99,732.99,0,pre-market,False
2026-07-30T09:52:00+00:00,732.9,732.9,732.79,732.79,84,pre-market,False
2026-07-30T09:53:00+00:00,732.79,732.79,732.79,732.79,0,pre-market,False
2026-07-30T09:54:00+00:00,732.84,732.9,732.83,732.89,2786,pre-market,False
2026-07-30T09:55:00+00:00,732.82,732.83,732.82,732.82,250,pre-market,False
2026-07-30T09:56:00+00:00,732.77,732.77,732.77,732.77,40,pre-market,False
2026-07-30T09:57:00+00:00,732.74,732.74,732.73,732.74,126,pre-market,False
2026-07-30T09:58:00+00:00,732.5,732.5,732.45,732.45,412,pre-market,False
2026-07-30T09:59:00+00:00,732.27,732.27,732.03,732.03,3903,pre-market,False
2026-07-30T10:00:00+00:00,732.0,732.11,731.82,732.11,2805,pre-market,False
2026-07-30T10:01:00+00:00,732.06,732.25,732.02,732.25,784,pre-market,False
2026-07-30T10:02:00+00:00,732.26,732.26,732.25,732.25,1060,pre-market,False
2026-07-30T10:03:00+00:00,732.21,732.24,732.21,732.24,148,pre-market,False
2026-07-30T10:04:00+00:00,732.13,732.18,732.12,732.12,148,pre-market,False
2026-07-30T10:05:00+00:00,732.16,732.22,732.16,732.22,290,pre-market,False
2026-07-30T10:06:00+00:00,732.3,732.32,732.3,732.32,500,pre-market,False
2026-07-30T10:07:00+00:00,732.58,732.58,732.58,732.58,330,pre-market,False
2026-07-30T10:08:00+00:00,732.59,732.59,732.5,732.5,149,pre-market,False
2026-07-30T10:09:00+00:00,732.64,732.64,732.64,732.64,526,pre-market,False
2026-07-30T10:10:00+00:00,732.68,732.68,732.68,732.68,41,pre-market,False
2026-07-30T10:11:00+00:00,732.65,732.65,732.52,732.52,1496,pre-market,False
2026-07-30T10:12:00+00:00,732.45,732.45,732.31,732.34,629,pre-market,False
2026-07-30T10:13:00+00:00,732.23,732.23,732.22,732.22,1972,pre-market,False
2026-07-30T10:14:00+00:00,732.34,732.34,732.31,732.31,80,pre-market,False
2026-07-30T10:15:00+00:00,732.38,732.41,732.36,732.41,420,pre-market,False
2026-07-30T10:16:00+00:00,732.53,732.64,732.53,732.6,520,pre-market,False
2026-07-30T10:17:00+00:00,732.52,732.83,732.51,732.78,902,pre-market,False
2026-07-30T10:18:00+00:00,732.78,732.88,732.78,732.83,248,pre-market,False
2026-07-30T10:19:00+00:00,732.99,733.04,732.9,732.98,2962,pre-market,False
2026-07-30T10:20:00+00:00,733.07,733.1,733.07,733.1,136,pre-market,False
2026-07-30T10:21:00+00:00,733.04,733.19,733.02,733.19,2080,pre-market,False
2026-07-30T10:22:00+00:00,733.18,733.24,733.14,733.24,2791,pre-market,False
2026-07-30T10:23:00+00:00,733.24,733.25,733.17,733.19,4131,pre-market,False
2026-07-30T10:24:00+00:00,733.23,733.23,733.21,733.21,466,pre-market,False
2026-07-30T10:25:00+00:00,733.19,733.33,733.19,733.23,367,pre-market,False
2026-07-30T10:26:00+00:00,733.36,733.4,733.28,733.33,803,pre-market,False
2026-07-30T10:27:00+00:00,733.36,733.36,733.19,733.19,1864,pre-market,False
2026-07-30T10:28:00+00:00,733.25,733.26,733.16,733.17,1404,pre-market,False
2026-07-30T10:29:00+00:00,733.14,733.25,733.13,733.25,1590,pre-market,False
2026-07-30T10:30:00+00:00,733.23,733.27,733.17,733.17,1294,pre-market,False
2026-07-30T10:31:00+00:00,733.27,733.37,733.27,733.37,4099,pre-market,False
2026-07-30T10:32:00+00:00,733.31,733.32,733.25,733.26,630,pre-market,False
2026-07-30T10:33:00+00:00,733.28,733.28,733.28,733.28,40,pre-market,False
2026-07-30T10:34:00+00:00,733.13,733.13,733.07,733.09,626,pre-market,False
2026-07-30T10:35:00+00:00,733.18,733.3,733.18,733.3,499,pre-market,False
2026-07-30T10:36:00+00:00,733.33,733.37,733.33,733.37,97,pre-market,False
2026-07-30T10:37:00+00:00,733.37,733.37,733.37,733.37,0,pre-market,False
2026-07-30T10:38:00+00:00,733.37,733.37,733.37,733.37,0,pre-market,False
2026-07-30T10:39:00+00:00,733.3,733.36,733.3,733.36,110,pre-market,False
2026-07-30T10:40:00+00:00,733.37,733.66,733.31,733.54,1537,pre-market,False
2026-07-30T10:41:00+00:00,733.49,733.6,733.39,733.6,3938,pre-market,False
2026-07-30T10:42:00+00:00,733.46,733.46,733.41,733.41,100,pre-market,False
2026-07-30T10:43:00+00:00,733.42,733.74,733.42,733.62,1180,pre-market,False
2026-07-30T10:44:00+00:00,733.64,733.64,733.49,733.57,1650,pre-market,False
2026-07-30T10:45:00+00:00,733.5,733.74,733.49,733.68,1667,pre-market,False
2026-07-30T10:46:00+00:00,733.66,733.72,733.66,733.72,546,pre-market,False
2026-07-30T10:47:00+00:00,733.7,733.72,733.7,733.7,150,pre-market,False
2026-07-30T10:48:00+00:00,733.61,733.66,733.61,733.66,178,pre-market,False
2026-07-30T10:49:00+00:00,733.71,733.71,733.54,733.54,425,pre-market,False
2026-07-30T10:50:00+00:00,733.54,733.8,733.52,733.73,15297,pre-market,False
2026-07-30T10:51:00+00:00,733.71,733.72,733.6,733.64,605,pre-market,False
2026-07-30T10:52:00+00:00,733.74,733.74,733.65,733.72,776,pre-market,False
2026-07-30T10:53:00+00:00,733.69,733.71,733.38,733.38,866,pre-market,False
2026-07-30T10:54:00+00:00,733.3,733.3,733.15,733.15,2514,pre-market,False
2026-07-30T10:55:00+00:00,733.15,733.21,733.15,733.18,940,pre-market,False
2026-07-30T10:56:00+00:00,733.23,733.23,733.07,733.07,2518,pre-market,False
2026-07-30T10:57:00+00:00,733.13,733.15,733.09,733.09,3482,pre-market,False
2026-07-30T10:58:00+00:00,733.09,733.09,733.09,733.09,0,pre-market,False
2026-07-30T10:59:00+00:00,733.11,733.11,733.11,733.11,100,pre-market,False
2026-07-30T11:00:00+00:00,733.07,733.46,733.07,733.46,12219,pre-market,False
2026-07-30T11:01:00+00:00,733.42,733.42,733.33,733.42,7681,pre-market,False
2026-07-30T11:02:00+00:00,733.42,733.63,733.42,733.48,3271,pre-market,False
2026-07-30T11:03:00+00:00,733.46,733.58,733.4,733.52,5520,pre-market,False
2026-07-30T11:04:00+00:00,733.51,733.54,733.45,733.49,1213,pre-market,False
2026-07-30T11:05:00+00:00,733.48,733.62,733.48,733.58,1271,pre-market,False
2026-07-30T11:06:00+00:00,733.59,733.76,733.58,733.76,3342,pre-market,False
2026-07-30T11:07:00+00:00,733.81,733.82,733.68,733.69,2673,pre-market,False
2026-07-30T11:08:00+00:00,733.66,733.73,733.59,733.73,7570,pre-market,False
2026-07-30T11:09:00+00:00,733.78,733.8,733.74,733.75,6042,pre-market,False
2026-07-30T11:10:00+00:00,733.74,733.83,733.67,733.76,4180,pre-market,False
2026-07-30T11:11:00+00:00,733.66,733.75,733.63,733.73,1255,pre-market,False
2026-07-30T11:12:00+00:00,733.82,733.82,733.75,733.75,606,pre-market,False
2026-07-30T11:13:00+00:00,733.76,733.78,733.49,733.51,2726,pre-market,False
2026-07-30T11:14:00+00:00,733.57,733.61,733.56,733.61,2518,pre-market,False
2026-07-30T11:15:00+00:00,733.59,733.7,733.58,733.68,10352,pre-market,False
2026-07-30T11:16:00+00:00,733.71,733.91,733.65,733.9,3121,pre-market,False
2026-07-30T11:17:00+00:00,733.95,734.04,733.9,734.01,5156,pre-market,False
2026-07-30T11:18:00+00:00,734.01,734.08,733.98,733.98,2830,pre-market,False
2026-07-30T11:19:00+00:00,733.92,733.96,733.92,733.95,836,pre-market,False
2026-07-30T11:20:00+00:00,733.95,733.95,733.95,733.95,0,pre-market,False
2026-07-30T11:21:00+00:00,733.81,733.82,733.8,733.82,90,pre-market,False
2026-07-30T11:22:00+00:00,733.75,733.75,733.74,733.75,50,pre-market,False
2026-07-30T11:23:00+00:00,733.85,733.86,733.81,733.86,2587,pre-market,False
2026-07-30T11:24:00+00:00,733.9,734.17,733.9,734.17,6373,pre-market,False
2026-07-30T11:25:00+00:00,734.2,734.23,734.13,734.23,2048,pre-market,False
2026-07-30T11:26:00+00:00,734.24,734.29,734.22,734.29,1102,pre-market,False
2026-07-30T11:27:00+00:00,734.28,734.29,734.28,734.29,354,pre-market,False
2026-07-30T11:28:00+00:00,734.16,734.31,734.15,734.19,20687,pre-market,False
2026-07-30T11:29:00+00:00,734.18,734.3,734.17,734.3,2025,pre-market,False
2026-07-30T11:30:00+00:00,734.29,734.35,734.25,734.27,3680,pre-market,False
2026-07-30T11:31:00+00:00,734.3,734.35,734.24,734.3,2843,pre-market,False
2026-07-30T11:32:00+00:00,734.34,734.41,734.15,734.15,2478,pre-market,False
2026-07-30T11:33:00+00:00,734.11,734.16,734.06,734.08,1988,pre-market,False
2026-07-30T11:34:00+00:00,734.12,734.22,733.99,734.05,1773,pre-market,False
2026-07-30T11:35:00+00:00,734.08,734.17,734.08,734.15,25198,pre-market,False
2026-07-30T11:36:00+00:00,734.2,734.31,734.16,734.31,27759,pre-market,False
2026-07-30T11:37:00+00:00,734.33,734.43,734.28,734.41,21316,pre-market,False
2026-07-30T11:38:00+00:00,734.41,734.46,734.4,734.46,2387,pre-market,False
2026-07-30T11:39:00+00:00,734.47,734.48,734.3,734.34,11815,pre-market,False
2026-07-30T11:40:00+00:00,734.33,734.33,734.21,734.25,1382,pre-market,False
2026-07-30T11:41:00+00:00,734.29,734.31,734.15,734.15,2941,pre-market,False
2026-07-30T11:42:00+00:00,734.01,734.22,734.0,734.22,3798,pre-market,False
2026-07-30T11:43:00+00:00,734.31,734.45,734.31,734.4,24650,pre-market,False
2026-07-30T11:44:00+00:00,734.4,734.4,734.15,734.15,3064,pre-market,False
2026-07-30T11:45:00+00:00,734.15,734.15,734.15,734.15,0,pre-market,False
2026-07-30T11:46:00+00:00,734.42,734.43,734.33,734.35,2632,pre-market,False
2026-07-30T11:47:00+00:00,734.36,734.46,734.28,734.28,1615,pre-market,False
2026-07-30T11:48:00+00:00,734.26,734.36,734.25,734.34,25171,pre-market,False
2026-07-30T11:49:00+00:00,734.36,734.55,734.34,734.46,9979,pre-market,False
2026-07-30T11:50:00+00:00,734.41,734.54,734.41,734.54,7686,pre-market,False
2026-07-30T11:51:00+00:00,734.54,734.54,734.43,734.43,1762,pre-market,False
2026-07-30T11:52:00+00:00,734.33,734.39,734.32,734.33,904,pre-market,False
2026-07-30T11:53:00+00:00,734.33,734.5,734.33,734.49,1021,pre-market,False
2026-07-30T11:54:00+00:00,734.53,734.71,734.53,734.71,5416,pre-market,False
2026-07-30T11:55:00+00:00,734.71,734.71,734.55,734.55,1180,pre-market,False
2026-07-30T11:56:00+00:00,734.55,734.6,734.53,734.53,4091,pre-market,False
2026-07-30T11:57:00+00:00,734.56,734.57,734.52,734.57,6817,pre-market,False
2026-07-30T11:58:00+00:00,734.54,734.63,734.54,734.6,21431,pre-market,False
2026-07-30T11:59:00+00:00,734.55,734.56,734.45,734.54,3094,pre-market,False
2026-07-30T12:00:00+00:00,734.52,734.6,734.4,734.4,3917,pre-market,False
2026-07-30T12:01:00+00:00,734.4,734.4,734.13,734.13,8967,pre-market,False
2026-07-30T12:02:00+00:00,734.15,734.45,734.15,734.42,11096,pre-market,False
2026-07-30T12:03:00+00:00,734.43,734.76,734.41,734.75,5747,pre-market,False
2026-07-30T12:04:00+00:00,734.8,734.84,734.79,734.83,3733,pre-market,False
2026-07-30T12:05:00+00:00,734.82,734.89,734.72,734.86,19703,pre-market,False
2026-07-30T12:06:00+00:00,734.86,734.9,734.79,734.9,2285,pre-market,False
2026-07-30T12:07:00+00:00,734.93,734.93,734.83,734.85,842,pre-market,False
2026-07-30T12:08:00+00:00,734.87,734.91,734.75,734.75,15599,pre-market,False
2026-07-30T12:09:00+00:00,734.75,734.91,734.74,734.91,2956,pre-market,False
2026-07-30T12:10:00+00:00,734.94,735.0,734.86,734.92,7782,pre-market,False
2026-07-30T12:11:00+00:00,734.92,735.0,734.8,734.85,16494,pre-market,False
2026-07-30T12:12:00+00:00,734.74,734.86,734.71,734.81,3433,pre-market,False
2026-07-30T12:13:00+00:00,734.89,734.9,734.89,734.89,2800,pre-market,False
2026-07-30T12:14:00+00:00,734.96,735.05,734.96,734.96,17623,pre-market,False
2026-07-30T12:15:00+00:00,734.97,734.97,734.91,734.95,1355,pre-market,False
2026-07-30T12:16:00+00:00,734.91,734.94,734.87,734.9,852,pre-market,False
2026-07-30T12:17:00+00:00,734.89,734.89,734.8,734.83,4578,pre-market,False
2026-07-30T12:18:00+00:00,734.82,734.91,734.82,734.91,2063,pre-market,False
2026-07-30T12:19:00+00:00,734.91,734.95,734.8,734.8,3882,pre-market,False
2026-07-30T12:20:00+00:00,734.8,734.8,734.41,734.49,12434,pre-market,False
2026-07-30T12:21:00+00:00,734.55,734.63,734.51,734.57,4820,pre-market,False
2026-07-30T12:22:00+00:00,734.5,734.57,734.44,734.53,2049,pre-market,False
2026-07-30T12:23:00+00:00,734.45,734.65,734.45,734.65,1227,pre-market,False
2026-07-30T12:24:00+00:00,734.67,734.89,734.67,734.8,1934,pre-market,False
2026-07-30T12:25:00+00:00,734.84,734.84,734.71,734.74,1458,pre-market,False
2026-07-30T12:26:00+00:00,734.75,734.89,734.7,734.86,14080,pre-market,False
2026-07-30T12:27:00+00:00,734.75,734.8,734.52,734.55,5166,pre-market,False
2026-07-30T12:28:00+00:00,734.45,734.45,734.25,734.29,7264,pre-market,False
2026-07-30T12:29:00+00:00,734.3,734.7,734.25,734.7,9881,pre-market,False
2026-07-30T12:30:00+00:00,734.93,735.13,734.65,734.84,44873,pre-market,False
2026-07-30T12:31:00+00:00,734.75,734.8,734.41,734.45,1835,pre-market,False
2026-07-30T12:32:00+00:00,734.5,734.5,734.23,734.26,20372,pre-market,False
2026-07-30T12:33:00+00:00,734.36,734.36,734.14,734.14,9903,pre-market,False
2026-07-30T12:34:00+00:00,734.13,734.41,733.95,734.24,4997,pre-market,False
2026-07-30T12:35:00+00:00,734.18,734.5,734.15,734.32,20089,pre-market,False
2026-07-30T12:36:00+00:00,734.49,734.65,734.35,734.4,12671,pre-market,False
2026-07-30T12:37:00+00:00,734.4,734.4,734.05,734.07,2223,pre-market,False
2026-07-30T12:38:00+00:00,734.08,734.21,734.07,734.15,3707,pre-market,False
2026-07-30T12:39:00+00:00,734.07,734.25,734.06,734.2,4719,pre-market,False
2026-07-30T12:40:00+00:00,734.21,734.23,733.93,733.98,3175,pre-market,False
2026-07-30T12:41:00+00:00,734.08,734.34,733.97,733.98,25647,pre-market,False
2026-07-30T12:42:00+00:00,734.02,734.33,733.95,734.17,1878,pre-market,False
2026-07-30T12:43:00+00:00,734.12,734.18,733.94,734.13,9520,pre-market,False
2026-07-30T12:44:00+00:00,734.16,734.16,734.1,734.13,380,pre-market,False
2026-07-30T12:45:00+00:00,734.13,734.19,734.1,734.13,1947,pre-market,False
2026-07-30T12:46:00+00:00,734.16,734.22,733.97,734.0,4175,pre-market,False
2026-07-30T12:47:00+00:00,734.08,734.11,733.94,734.05,20280,pre-market,False
2026-07-30T12:48:00+00:00,734.1,734.16,734.01,734.16,4052,pre-market,False
2026-07-30T12:49:00+00:00,734.2,734.2,734.09,734.15,5688,pre-market,False
2026-07-30T12:50:00+00:00,734.25,734.25,734.15,734.19,2949,pre-market,False
2026-07-30T12:51:00+00:00,734.16,734.34,734.16,734.24,13413,pre-market,False
2026-07-30T12:52:00+00:00,734.4,734.4,734.22,734.24,17112,pre-market,False
2026-07-30T12:53:00+00:00,734.24,734.34,734.16,734.34,1172,pre-market,False
2026-07-30T12:54:00+00:00,734.27,734.47,734.27,734.4,1314,pre-market,False
2026-07-30T12:55:00+00:00,734.35,734.4,734.35,734.4,989,pre-market,False
2026-07-30T12:56:00+00:00,734.25,734.37,734.22,734.36,1261,pre-market,False
2026-07-30T12:57:00+00:00,734.34,734.55,734.33,734.5,13361,pre-market,False
2026-07-30T12:58:00+00:00,734.48,734.61,734.4,734.49,8021,pre-market,False
2026-07-30T12:59:00+00:00,734.55,734.56,734.38,734.38,1115,pre-market,False
2026-07-30T13:00:00+00:00,734.41,734.89,734.35,734.8,11016,pre-market,False
2026-07-30T13:01:00+00:00,734.8,735.03,734.8,734.96,10889,pre-market,False
2026-07-30T13:02:00+00:00,734.98,735.03,734.93,734.95,5458,pre-market,False
2026-07-30T13:03:00+00:00,734.96,734.96,734.79,734.95,7393,pre-market,False
2026-07-30T13:04:00+00:00,734.94,735.03,734.89,734.98,13968,pre-market,False
2026-07-30T13:05:00+00:00,734.98,735.08,734.93,735.08,16448,pre-market,False
2026-07-30T13:06:00+00:00,735.14,735.2,735.01,735.2,10017,pre-market,False
2026-07-30T13:07:00+00:00,735.15,735.54,735.08,735.14,9139,pre-market,False
2026-07-30T13:08:00+00:00,735.2,735.2,734.97,735.04,3916,pre-market,False
2026-07-30T13:09:00+00:00,735.02,735.04,734.88,734.88,5530,pre-market,False
2026-07-30T13:10:00+00:00,734.8,734.91,734.67,734.68,5349,pre-market,False
2026-07-30T13:11:00+00:00,734.64,734.68,734.55,734.67,2909,pre-market,False
2026-07-30T13:12:00+00:00,734.65,734.77,734.6,734.77,6177,pre-market,False
2026-07-30T13:13:00+00:00,734.81,735.15,734.81,734.94,18728,pre-market,False
2026-07-30T13:14:00+00:00,735.0,735.0,734.72,734.8,1499,pre-market,False
2026-07-30T13:15:00+00:00,734.77,734.9,734.72,734.87,3459,pre-market,False
2026-07-30T13:16:00+00:00,734.86,734.94,734.83,734.86,1645,pre-market,False
2026-07-30T13:17:00+00:00,734.83,734.91,734.79,734.82,1311,pre-market,False
2026-07-30T13:18:00+00:00,734.87,735.13,734.79,735.06,2303,pre-market,False
2026-07-30T13:19:00+00:00,735.11,735.35,735.11,735.35,6117,pre-market,False
2026-07-30T13:20:00+00:00,735.31,735.32,735.05,735.12,2999,pre-market,False
2026-07-30T13:21:00+00:00,735.11,735.12,735.0,735.01,6037,pre-market,False
2026-07-30T13:22:00+00:00,735.01,735.11,735.0,735.08,3383,pre-market,False
2026-07-30T13:23:00+00:00,735.15,735.25,735.08,735.14,4315,pre-market,False
2026-07-30T13:24:00+00:00,735.14,735.27,735.11,735.26,3029,pre-market,False
2026-07-30T13:25:00+00:00,735.27,735.56,735.21,735.21,26388,pre-market,False
2026-07-30T13:26:00+00:00,735.25,735.32,735.23,735.25,7436,pre-market,False
2026-07-30T13:27:00+00:00,735.31,735.33,735.14,735.27,23465,pre-market,False
2026-07-30T13:28:00+00:00,735.26,735.43,735.17,735.39,37342,pre-market,False
2026-07-30T13:29:00+00:00,735.4,736.06,735.36,736.01,46161,pre-market,False
2026-07-30T13:31:00+00:00,735.52,735.73,735.31,735.51,242917,regular,False
2026-07-30T13:32:00+00:00,735.51,735.77,735.34,735.48,273844,regular,False
2026-07-30T13:33:00+00:00,735.48,735.62,734.97,735.29,254551,regular,False
2026-07-30T13:34:00+00:00,735.3,735.7,735.07,735.45,248041,regular,False
2026-07-30T13:35:00+00:00,735.45,735.79,735.03,735.57,190286,regular,False
2026-07-30T13:36:00+00:00,735.56,735.84,735.33,735.73,226168,regular,False
2026-07-30T13:37:00+00:00,735.72,736.03,735.23,736.02,156673,regular,False
2026-07-30T13:38:00+00:00,736.0,736.05,735.43,735.51,201452,regular,False
2026-07-30T13:39:00+00:00,735.51,735.6,734.98,735.34,150044,regular,False
2026-07-30T13:40:00+00:00,735.31,735.44,734.63,734.74,206673,regular,False
2026-07-30T13:41:00+00:00,734.74,735.37,734.7,735.16,169186,regular,False
2026-07-30T13:42:00+00:00,735.13,736.05,735.03,735.88,183116,regular,False
2026-07-30T13:43:00+00:00,735.86,736.49,735.82,736.45,207735,regular,False
2026-07-30T13:44:00+00:00,736.46,736.79,736.34,736.4,215092,regular,False
2026-07-30T13:45:00+00:00,736.39,736.91,736.35,736.84,310431,regular,False
2026-07-30T13:46:00+00:00,736.86,737.38,736.77,737.28,216290,regular,False
2026-07-30T13:47:00+00:00,737.28,737.31,736.83,737.15,267612,regular,False
2026-07-30T13:48:00+00:00,737.15,737.31,736.96,737.14,208737,regular,False
2026-07-30T13:49:00+00:00,737.14,737.43,737.08,737.4,195095,regular,False
2026-07-30T13:52:00+00:00,737.87,737.91,737.26,737.58,215800,regular,False
2026-07-30T13:53:00+00:00,737.58,738.11,737.51,737.64,109045,regular,False
2026-07-30T13:54:00+00:00,737.63,737.99,737.56,737.87,115331,regular,False
2026-07-30T13:55:00+00:00,737.87,738.07,737.59,737.93,176385,regular,False
2026-07-30T13:56:00+00:00,737.93,738.05,737.64,737.86,155046,regular,False
2026-07-30T13:57:00+00:00,737.86,738.13,737.7,737.96,138374,regular,False
2026-07-30T13:58:00+00:00,737.97,738.09,737.72,738.08,205997,regular,False
2026-07-30T13:59:00+00:00,738.08,738.66,738.04,738.63,196478,regular,False
2026-07-30T14:00:00+00:00,738.63,738.72,738.28,738.72,378319,regular,False
2026-07-30T14:01:00+00:00,738.71,738.9,738.47,738.71,301825,regular,False
2026-07-30T14:02:00+00:00,738.71,738.99,738.5,738.69,220924,regular,False
2026-07-30T14:03:00+00:00,738.71,738.71,738.08,738.39,194386,regular,False
2026-07-30T14:04:00+00:00,738.4,738.8,738.34,738.58,164367,regular,False
2026-07-30T14:05:00+00:00,738.58,738.76,738.28,738.61,148673,regular,False
2026-07-30T14:06:00+00:00,738.62,738.91,738.36,738.63,92690,regular,False
2026-07-30T14:07:00+00:00,738.64,738.73,738.06,738.09,89144,regular,False
2026-07-30T14:08:00+00:00,738.11,738.13,737.65,737.75,187307,regular,False
2026-07-30T14:09:00+00:00,737.76,737.83,737.55,737.77,185160,regular,False
2026-07-30T14:10:00+00:00,737.76,737.96,737.49,737.65,138240,regular,False
2026-07-30T14:11:00+00:00,737.64,738.06,737.44,738.05,158234,regular,False
2026-07-30T14:12:00+00:00,738.05,738.16,737.76,737.94,90151,regular,False
2026-07-30T14:13:00+00:00,737.95,737.96,737.54,737.66,91174,regular,False
2026-07-30T14:14:00+00:00,737.67,738.03,737.65,737.98,109568,regular,False
2026-07-30T14:15:00+00:00,737.98,738.13,737.81,738.08,88780,regular,False
2026-07-30T14:16:00+00:00,738.09,738.38,737.95,738.33,62103,regular,False
2026-07-30T14:17:00+00:00,738.31,738.48,737.9,737.93,95827,regular,False
2026-07-30T14:18:00+00:00,737.93,737.94,737.38,737.77,158036,regular,False
2026-07-30T14:19:00+00:00,737.76,737.9,737.5,737.79,75457,regular,False
2026-07-30T14:20:00+00:00,737.79,737.93,737.62,737.87,82996,regular,False
2026-07-30T14:21:00+00:00,737.87,738.36,737.85,738.15,81552,regular,False
2026-07-30T14:22:00+00:00,738.17,738.38,737.87,738.31,77816,regular,False
2026-07-30T14:23:00+00:00,738.29,738.57,738.17,738.17,67181,regular,False
2026-07-30T14:24:00+00:00,738.17,738.34,737.75,737.97,112978,regular,False
2026-07-30T14:25:00+00:00,737.97,738.16,737.85,738.1,89559,regular,False
2026-07-30T14:26:00+00:00,738.1,738.25,737.73,738.16,60273,regular,False
2026-07-30T14:27:00+00:00,738.17,738.75,738.09,738.74,105403,regular,False
2026-07-30T14:28:00+00:00,738.73,739.3,738.72,739.01,119011,regular,False
2026-07-30T14:29:00+00:00,738.99,739.07,738.57,738.58,119075,regular,False
2026-07-30T14:30:00+00:00,738.64,738.7,738.18,738.64,198306,regular,False
2026-07-30T14:31:00+00:00,738.65,738.88,738.4,738.8,103825,regular,False
2026-07-30T14:32:00+00:00,738.81,738.87,738.56,738.75,74582,regular,False
2026-07-30T14:33:00+00:00,738.73,738.73,738.32,738.51,120373,regular,False
2026-07-30T14:34:00+00:00,738.5,738.57,738.05,738.36,134254,regular,False
2026-07-30T14:35:00+00:00,738.32,738.35,738.03,738.1,66367,regular,False
2026-07-30T14:36:00+00:00,738.08,738.89,738.04,738.79,111702,regular,False
2026-07-30T14:37:00+00:00,738.78,738.94,738.61,738.82,77876,regular,False
2026-07-30T14:38:00+00:00,738.81,738.81,738.49,738.59,68406,regular,False
2026-07-30T14:39:00+00:00,738.57,738.76,738.49,738.69,72143,regular,False
2026-07-30T14:40:00+00:00,738.69,738.97,738.55,738.92,75910,regular,False
2026-07-30T14:41:00+00:00,738.95,739.11,738.82,739.02,63039,regular,False
2026-07-30T14:42:00+00:00,739.03,739.11,738.51,738.53,62117,regular,False
2026-07-30T14:43:00+00:00,738.53,738.53,738.06,738.08,103602,regular,False
2026-07-30T14:44:00+00:00,738.07,738.07,737.68,737.84,104828,regular,False
2026-07-30T14:45:00+00:00,737.85,738.06,737.54,738.06,92782,regular,False
2026-07-30T14:46:00+00:00,738.06,738.15,737.6,737.71,79092,regular,False
2026-07-30T14:47:00+00:00,737.7,737.84,737.33,737.34,123705,regular,False
2026-07-30T14:48:00+00:00,737.34,737.34,736.83,737.12,128894,regular,False
2026-07-30T14:49:00+00:00,737.12,737.39,736.85,737.22,109100,regular,False
2026-07-30T14:50:00+00:00,737.22,737.36,736.98,737.04,85833,regular,False
2026-07-30T14:51:00+00:00,737.05,737.19,736.7,736.97,90970,regular,False
2026-07-30T14:52:00+00:00,736.98,737.01,736.65,736.66,85624,regular,False
2026-07-30T14:53:00+00:00,736.68,736.69,736.34,736.43,124381,regular,False
2026-07-30T14:54:00+00:00,736.43,736.44,736.08,736.21,120402,regular,False
2026-07-30T14:55:00+00:00,736.2,736.23,735.85,736.16,204132,regular,False
2026-07-30T14:56:00+00:00,736.15,736.22,735.6,735.8,174728,regular,False
2026-07-30T14:57:00+00:00,735.81,736.08,735.64,736.0,105783,regular,False
2026-07-30T14:58:00+00:00,736.0,736.27,735.82,736.2,131329,regular,False
2026-07-30T14:59:00+00:00,736.22,736.57,736.12,736.23,156610,regular,False
2026-07-30T15:00:00+00:00,736.23,736.28,735.31,735.48,134638,regular,False
2026-07-30T15:01:00+00:00,735.48,735.71,735.32,735.44,105160,regular,False
2026-07-30T15:02:00+00:00,735.43,735.93,735.26,735.93,151442,regular,False
2026-07-30T15:03:00+00:00,735.93,736.4,735.79,736.4,132795,regular,False
2026-07-30T15:04:00+00:00,736.37,736.59,735.95,736.27,136092,regular,False
2026-07-30T15:05:00+00:00,736.22,736.42,736.09,736.16,129348,regular,False
2026-07-30T15:06:00+00:00,736.17,736.23,735.76,735.84,109185,regular,False
2026-07-30T15:07:00+00:00,735.84,735.97,735.53,735.6,72708,regular,False
2026-07-30T15:08:00+00:00,735.6,735.94,735.39,735.92,94838,regular,False
2026-07-30T15:09:00+00:00,735.93,736.82,735.81,736.75,113792,regular,False
2026-07-30T15:10:00+00:00,736.74,736.77,735.85,735.92,99893,regular,False
2026-07-30T15:11:00+00:00,735.93,735.95,735.35,735.45,75906,regular,False
2026-07-30T15:12:00+00:00,735.44,735.61,735.31,735.52,85130,regular,False
2026-07-30T15:13:00+00:00,735.52,735.53,734.94,735.06,107475,regular,False
2026-07-30T15:14:00+00:00,735.06,735.26,734.83,734.89,78141,regular,False
2026-07-30T15:15:00+00:00,734.87,735.37,734.59,735.37,151817,regular,False
2026-07-30T15:16:00+00:00,735.42,735.73,735.3,735.4,96058,regular,False
2026-07-30T15:17:00+00:00,735.43,735.65,735.0,735.09,61467,regular,False
2026-07-30T15:18:00+00:00,735.08,735.47,735.06,735.38,69215,regular,False
2026-07-30T15:19:00+00:00,735.36,735.55,735.25,735.47,73562,regular,False
2026-07-30T15:20:00+00:00,735.48,735.52,735.23,735.44,53258,regular,False
2026-07-30T15:21:00+00:00,735.46,736.17,735.42,735.92,82720,regular,False
2026-07-30T15:22:00+00:00,735.9,736.09,735.67,735.9,74232,regular,False
2026-07-30T15:23:00+00:00,735.86,735.91,735.21,735.65,77859,regular,False
2026-07-30T15:24:00+00:00,735.63,735.65,735.27,735.43,185627,regular,False
2026-07-30T15:25:00+00:00,735.43,735.82,735.07,735.18,65945,regular,False
2026-07-30T15:26:00+00:00,735.15,735.3,734.63,735.3,127591,regular,False
2026-07-30T15:27:00+00:00,735.32,735.41,734.98,735.06,60715,regular,False
2026-07-30T15:28:00+00:00,735.09,735.14,734.83,735.02,72224,regular,False
2026-07-30T15:29:00+00:00,735.04,735.2,734.73,734.8,66891,regular,False
2026-07-30T15:30:00+00:00,734.84,734.98,734.68,734.8,74131,regular,False
2026-07-30T15:31:00+00:00,734.82,735.24,734.76,735.01,93931,regular,False
2026-07-30T15:32:00+00:00,734.99,735.29,734.96,735.14,51789,regular,False
2026-07-30T15:33:00+00:00,735.14,735.3,734.93,735.3,46729,regular,False
2026-07-30T15:34:00+00:00,735.29,736.08,735.12,736.08,91699,regular,False
2026-07-30T15:35:00+00:00,736.09,736.24,735.81,735.89,69981,regular,False
2026-07-30T15:36:00+00:00,735.87,736.46,735.87,736.46,64621,regular,False
2026-07-30T15:37:00+00:00,736.45,736.45,735.54,735.57,88962,regular,False
2026-07-30T15:38:00+00:00,735.58,735.77,735.45,735.65,45333,regular,False
2026-07-30T15:39:00+00:00,735.67,735.93,735.58,735.93,32719,regular,False
2026-07-30T15:40:00+00:00,735.92,736.24,735.78,736.1,71338,regular,False
2026-07-30T15:41:00+00:00,736.07,736.34,735.99,736.23,63305,regular,False
2026-07-30T15:42:00+00:00,736.22,736.45,736.0,736.45,85977,regular,False
2026-07-30T15:43:00+00:00,736.44,736.73,736.33,736.71,64562,regular,False
2026-07-30T15:44:00+00:00,736.71,736.97,736.62,736.62,83228,regular,False
2026-07-30T15:45:00+00:00,736.65,736.93,736.65,736.82,42637,regular,False
2026-07-30T15:46:00+00:00,736.81,737.15,736.77,737.07,73155,regular,False
2026-07-30T15:47:00+00:00,737.06,737.32,737.06,737.14,100941,regular,False
2026-07-30T15:48:00+00:00,737.14,737.21,736.87,736.93,66669,regular,False
2026-07-30T15:49:00+00:00,736.93,737.1,736.73,737.08,78099,regular,False
2026-07-30T15:50:00+00:00,737.08,737.22,736.77,736.86,65032,regular,False
2026-07-30T15:51:00+00:00,736.85,737.1,736.59,737.1,66779,regular,False
2026-07-30T15:52:00+00:00,737.09,737.09,736.38,736.63,76146,regular,False
2026-07-30T15:53:00+00:00,736.65,737.11,736.61,737.02,94290,regular,False
2026-07-30T15:54:00+00:00,737.05,737.25,736.87,737.23,61748,regular,False
2026-07-30T15:55:00+00:00,737.23,737.57,737.23,737.5,65094,regular,False
2026-07-30T15:56:00+00:00,737.52,737.67,737.4,737.4,68614,regular,False
2026-07-30T15:57:00+00:00,737.4,737.57,737.29,737.55,97443,regular,False
2026-07-30T15:58:00+00:00,737.57,737.57,737.25,737.37,39682,regular,False
2026-07-30T15:59:00+00:00,737.34,737.35,737.06,737.13,40743,regular,False
2026-07-30T16:00:00+00:00,737.15,737.18,736.87,737.07,68059,regular,False
2026-07-30T16:01:00+00:00,737.1,737.49,736.96,737.48,71046,regular,False
2026-07-30T16:02:00+00:00,737.5,737.75,737.37,737.75,62670,regular,False
2026-07-30T16:03:00+00:00,737.77,737.86,737.68,737.8,46350,regular,False
2026-07-30T16:04:00+00:00,737.79,738.35,737.76,738.28,99922,regular,False
2026-07-30T16:05:00+00:00,738.27,738.43,737.99,738.1,93438,regular,False
2026-07-30T16:06:00+00:00,738.11,738.27,737.98,738.0,88808,regular,False
2026-07-30T16:07:00+00:00,738.01,738.15,737.88,738.12,95712,regular,False
2026-07-30T16:08:00+00:00,738.12,738.25,737.97,738.23,38039,regular,False
2026-07-30T16:09:00+00:00,738.23,738.25,738.05,738.19,40905,regular,False
2026-07-30T16:10:00+00:00,738.18,738.5,738.13,738.39,48836,regular,False
2026-07-30T16:11:00+00:00,738.41,738.66,738.3,738.63,65715,regular,False
2026-07-30T16:12:00+00:00,738.61,738.8,738.52,738.8,56324,regular,False
2026-07-30T16:13:00+00:00,738.8,738.98,738.79,738.95,136400,regular,False
2026-07-30T16:14:00+00:00,738.97,738.98,738.72,738.87,39967,regular,False
2026-07-30T16:15:00+00:00,738.87,738.97,738.82,738.84,43407,regular,False
2026-07-30T16:16:00+00:00,738.86,739.07,738.85,739.06,62260,regular,False
2026-07-30T16:17:00+00:00,739.07,739.08,738.84,739.08,67317,regular,False
2026-07-30T16:18:00+00:00,739.07,739.13,738.82,739.09,47497,regular,False
2026-07-30T16:19:00+00:00,739.09,739.22,738.89,738.95,41179,regular,False
2026-07-30T16:20:00+00:00,738.95,739.13,738.86,739.08,70508,regular,False
2026-07-30T16:21:00+00:00,739.08,739.12,738.94,739.12,38796,regular,False
2026-07-30T16:22:00+00:00,739.11,739.12,738.83,738.85,34228,regular,False
2026-07-30T16:23:00+00:00,738.83,738.86,738.58,738.79,85605,regular,False
2026-07-30T16:24:00+00:00,738.78,738.86,738.59,738.67,42071,regular,False
2026-07-30T16:25:00+00:00,738.65,738.7,738.54,738.67,43146,regular,False
2026-07-30T16:26:00+00:00,738.64,738.77,738.58,738.72,27350,regular,False
2026-07-30T16:27:00+00:00,738.71,738.95,738.7,738.95,46295,regular,False
2026-07-30T16:28:00+00:00,738.97,738.97,738.71,738.81,35640,regular,False
2026-07-30T16:29:00+00:00,738.81,738.88,738.67,738.76,34081,regular,False
2026-07-30T16:30:00+00:00,738.77,738.89,738.47,738.49,50408,regular,False
2026-07-30T16:31:00+00:00,738.5,738.59,738.36,738.54,57374,regular,False
2026-07-30T16:32:00+00:00,738.58,738.7,738.4,738.68,34328,regular,False
2026-07-30T16:33:00+00:00,738.7,738.76,738.57,738.72,84830,regular,False
2026-07-30T16:34:00+00:00,738.75,738.83,738.59,738.74,58006,regular,False
2026-07-30T16:35:00+00:00,738.77,739.05,738.71,738.85,78095,regular,False
2026-07-30T16:36:00+00:00,738.85,738.97,738.74,738.84,38417,regular,False
2026-07-30T16:37:00+00:00,738.85,738.86,738.59,738.63,50597,regular,False
2026-07-30T16:38:00+00:00,738.64,738.67,738.49,738.56,25839,regular,False
2026-07-30T16:39:00+00:00,738.56,738.67,738.48,738.51,20104,regular,False
2026-07-30T16:40:00+00:00,738.51,738.55,738.08,738.09,62625,regular,False
2026-07-30T16:41:00+00:00,738.09,738.2,737.89,738.05,56602,regular,False
2026-07-30T16:42:00+00:00,738.08,738.13,737.8,737.91,44917,regular,False
2026-07-30T16:43:00+00:00,737.87,738.22,737.75,738.01,107844,regular,False
2026-07-30T16:44:00+00:00,737.99,738.08,737.89,738.03,108127,regular,False
2026-07-30T16:45:00+00:00,738.04,738.48,738.0,738.4,80181,regular,False
2026-07-30T16:46:00+00:00,738.4,738.75,738.4,738.56,95868,regular,False
2026-07-30T16:47:00+00:00,738.57,738.64,738.43,738.5,41676,regular,False
2026-07-30T16:48:00+00:00,738.49,738.57,738.44,738.46,15214,regular,False
2026-07-30T16:49:00+00:00,738.43,738.62,738.39,738.56,30386,regular,False
2026-07-30T16:50:00+00:00,738.59,738.67,738.27,738.39,36979,regular,False
2026-07-30T16:51:00+00:00,738.4,738.85,738.39,738.84,35246,regular,False
2026-07-30T16:52:00+00:00,738.84,739.17,738.79,739.14,65414,regular,False
2026-07-30T16:53:00+00:00,739.15,739.16,738.89,739.0,63080,regular,False
2026-07-30T16:54:00+00:00,738.98,739.08,738.94,738.97,29501,regular,False
2026-07-30T16:55:00+00:00,738.97,739.12,738.86,739.08,48106,regular,False
2026-07-30T16:56:00+00:00,739.07,739.17,738.98,739.06,22964,regular,False
2026-07-30T16:57:00+00:00,739.06,739.09,738.88,738.89,24944,regular,False
2026-07-30T16:58:00+00:00,738.89,739.01,738.78,738.99,45995,regular,False
2026-07-30T16:59:00+00:00,739.02,739.04,738.93,738.99,41605,regular,False
2026-07-30T17:00:00+00:00,738.98,739.89,738.97,739.77,176180,regular,False
2026-07-30T17:01:00+00:00,739.78,740.05,739.74,740.02,114681,regular,False
2026-07-30T17:02:00+00:00,740.02,740.05,739.73,739.78,94255,regular,False
2026-07-30T17:03:00+00:00,739.79,739.92,739.73,739.75,68124,regular,False
2026-07-30T17:04:00+00:00,739.79,739.98,739.77,739.95,40172,regular,False
2026-07-30T17:05:00+00:00,739.96,740.0,739.85,739.91,55312,regular,False
2026-07-30T17:06:00+00:00,739.91,740.13,739.86,739.92,69842,regular,False
2026-07-30T17:07:00+00:00,739.94,739.95,739.68,739.74,92911,regular,False
2026-07-30T17:08:00+00:00,739.74,739.8,739.65,739.75,54250,regular,False
2026-07-30T17:09:00+00:00,739.73,739.8,739.61,739.78,28833,regular,False
2026-07-30T17:10:00+00:00,739.79,739.99,739.76,739.85,39804,regular,False
2026-07-30T17:11:00+00:00,739.84,739.91,739.67,739.91,31437,regular,False
2026-07-30T17:12:00+00:00,739.9,739.93,739.53,739.71,59623,regular,False
2026-07-30T17:13:00+00:00,739.71,739.78,739.66,739.73,26484,regular,False
2026-07-30T17:14:00+00:00,739.74,739.81,739.69,739.7,24892,regular,False
2026-07-30T17:15:00+00:00,739.7,739.81,739.64,739.64,32779,regular,False
2026-07-30T17:16:00+00:00,739.65,740.04,739.65,740.0,41261,regular,False
2026-07-30T17:17:00+00:00,740.0,740.1,739.96,739.98,36044,regular,False
2026-07-30T17:18:00+00:00,739.99,740.03,739.8,739.84,44770,regular,False
2026-07-30T17:19:00+00:00,739.84,740.24,739.83,740.18,66565,regular,False
2026-07-30T17:20:00+00:00,740.17,740.18,739.96,740.15,50776,regular,False
2026-07-30T17:21:00+00:00,740.15,740.17,740.01,740.11,31316,regular,False
2026-07-30T17:22:00+00:00,740.08,740.09,739.76,739.8,42591,regular,False
2026-07-30T17:23:00+00:00,739.8,740.0,739.79,739.98,31945,regular,False
2026-07-30T17:24:00+00:00,739.97,739.99,739.85,739.98,42766,regular,False
2026-07-30T17:25:00+00:00,739.96,739.97,739.78,739.86,38963,regular,False
2026-07-30T17:26:00+00:00,739.85,739.87,739.71,739.8,30520,regular,False
2026-07-30T17:27:00+00:00,739.79,739.99,739.79,739.86,40868,regular,False
2026-07-30T17:28:00+00:00,739.85,739.9,739.65,739.76,49187,regular,False
2026-07-30T17:29:00+00:00,739.75,739.8,739.66,739.76,36045,regular,False
2026-07-30T17:30:00+00:00,739.77,740.01,739.73,739.85,67590,regular,False
2026-07-30T17:31:00+00:00,739.86,739.86,739.7,739.77,44670,regular,False
2026-07-30T17:32:00+00:00,739.78,739.79,739.62,739.64,51193,regular,False
2026-07-30T17:33:00+00:00,739.64,739.69,739.45,739.54,74423,regular,False
2026-07-30T17:34:00+00:00,739.54,739.58,739.38,739.53,54430,regular,False
2026-07-30T17:35:00+00:00,739.54,739.75,739.51,739.74,45807,regular,False
2026-07-30T17:36:00+00:00,739.74,739.89,739.68,739.88,89585,regular,False
2026-07-30T17:37:00+00:00,739.88,739.93,739.48,739.53,59993,regular,False
2026-07-30T17:38:00+00:00,739.55,739.57,739.19,739.5,89806,regular,False
2026-07-30T17:39:00+00:00,739.52,739.52,739.28,739.3,50160,regular,False
2026-07-30T17:40:00+00:00,739.35,739.64,739.35,739.58,65451,regular,False
2026-07-30T17:41:00+00:00,739.58,739.76,739.57,739.72,93824,regular,False
2026-07-30T17:42:00+00:00,739.71,739.98,739.69,739.74,43507,regular,False
2026-07-30T17:43:00+00:00,739.77,740.16,739.77,739.96,42384,regular,False
2026-07-30T17:44:00+00:00,739.94,739.99,739.87,739.91,44617,regular,False
2026-07-30T17:45:00+00:00,739.91,740.02,739.88,739.89,48282,regular,False
2026-07-30T17:46:00+00:00,739.89,740.16,739.87,740.11,37265,regular,False
2026-07-30T17:47:00+00:00,740.13,740.16,739.95,739.96,30544,regular,False
2026-07-30T17:48:00+00:00,739.95,740.11,739.93,740.1,30052,regular,False
2026-07-30T17:49:00+00:00,740.1,740.1,739.86,739.87,40595,regular,False
2026-07-30T17:50:00+00:00,739.87,740.1,739.82,740.1,40645,regular,False
2026-07-30T17:51:00+00:00,740.09,740.38,740.07,740.3,72034,regular,False
2026-07-30T17:52:00+00:00,740.3,740.34,739.98,740.1,61113,regular,False
2026-07-30T17:53:00+00:00,740.1,740.11,739.88,739.88,36632,regular,False
2026-07-30T17:54:00+00:00,739.85,740.03,739.85,739.87,28446,regular,False
2026-07-30T17:55:00+00:00,739.86,739.91,739.65,739.91,38865,regular,False
2026-07-30T17:56:00+00:00,739.91,739.97,739.77,739.9,21984,regular,False
2026-07-30T17:57:00+00:00,739.88,739.99,739.84,739.94,25548,regular,False
2026-07-30T17:58:00+00:00,739.94,739.96,739.72,739.81,37071,regular,False
2026-07-30T17:59:00+00:00,739.82,739.95,739.73,739.79,30314,regular,False
2026-07-30T18:00:00+00:00,739.78,740.1,739.78,740.04,62349,regular,False
2026-07-30T18:01:00+00:00,740.05,740.25,740.04,740.2,95992,regular,False
2026-07-30T18:02:00+00:00,740.19,740.3,740.1,740.21,48639,regular,False
2026-07-30T18:03:00+00:00,740.2,740.25,739.95,740.01,44138,regular,False
2026-07-30T18:04:00+00:00,740.02,740.03,739.72,739.76,55803,regular,False
2026-07-30T18:05:00+00:00,739.74,739.99,739.7,739.93,73764,regular,False
2026-07-30T18:06:00+00:00,739.95,740.06,739.91,740.06,45460,regular,False
2026-07-30T18:07:00+00:00,740.09,740.14,739.98,740.02,44488,regular,False
2026-07-30T18:08:00+00:00,740.01,740.16,739.91,740.16,86825,regular,False
2026-07-30T18:09:00+00:00,740.16,740.22,740.08,740.09,63763,regular,False
2026-07-30T18:10:00+00:00,740.12,740.19,740.0,740.12,41625,regular,False
2026-07-30T18:11:00+00:00,740.11,740.19,740.02,740.19,48113,regular,False
2026-07-30T18:12:00+00:00,740.19,740.19,739.98,740.15,44153,regular,False
2026-07-30T18:13:00+00:00,740.15,740.18,740.03,740.14,32574,regular,False
2026-07-30T18:14:00+00:00,740.14,740.3,740.09,740.2,60227,regular,False
2026-07-30T18:15:00+00:00,740.22,740.31,740.11,740.18,37494,regular,False
2026-07-30T18:16:00+00:00,740.17,740.29,740.15,740.18,51624,regular,False
2026-07-30T18:17:00+00:00,740.18,740.2,740.06,740.16,36880,regular,False
2026-07-30T18:18:00+00:00,740.16,740.36,740.11,740.27,50516,regular,False
2026-07-30T18:19:00+00:00,740.25,740.26,740.08,740.17,53346,regular,False
2026-07-30T18:20:00+00:00,740.15,740.27,740.06,740.18,60187,regular,False
2026-07-30T18:21:00+00:00,740.18,740.4,740.16,740.31,47571,regular,False
2026-07-30T18:22:00+00:00,740.31,740.43,740.22,740.42,54462,regular,False
2026-07-30T18:23:00+00:00,740.4,740.44,740.27,740.33,48286,regular,False
2026-07-30T18:24:00+00:00,740.33,740.39,740.29,740.31,32193,regular,False
2026-07-30T18:25:00+00:00,740.3,740.39,740.24,740.24,40912,regular,False
2026-07-30T18:26:00+00:00,740.24,740.28,740.12,740.22,34886,regular,False
2026-07-30T18:27:00+00:00,740.24,740.36,740.23,740.3,34321,regular,False
2026-07-30T18:28:00+00:00,740.27,740.4,740.22,740.35,41491,regular,False
2026-07-30T18:29:00+00:00,740.36,740.41,740.31,740.38,42618,regular,False
2026-07-30T18:30:00+00:00,740.4,740.59,740.34,740.57,59101,regular,False
2026-07-30T18:31:00+00:00,740.56,740.57,740.26,740.39,92942,regular,False
2026-07-30T18:32:00+00:00,740.39,740.41,740.2,740.28,59213,regular,False
2026-07-30T18:33:00+00:00,740.3,740.43,740.29,740.31,49720,regular,False
2026-07-30T18:34:00+00:00,740.31,740.35,740.2,740.32,45443,regular,False
2026-07-30T18:35:00+00:00,740.31,740.34,740.22,740.31,40932,regular,False
2026-07-30T18:36:00+00:00,740.29,740.38,740.23,740.29,35838,regular,False
2026-07-30T18:37:00+00:00,740.29,740.31,740.06,740.16,76788,regular,False
2026-07-30T18:38:00+00:00,740.16,740.35,740.12,740.14,78248,regular,False
2026-07-30T18:39:00+00:00,740.13,740.17,740.03,740.12,100421,regular,False
2026-07-30T18:40:00+00:00,740.11,740.37,740.07,740.31,168784,regular,False
2026-07-30T18:41:00+00:00,740.29,740.33,740.13,740.16,69530,regular,False
2026-07-30T18:42:00+00:00,740.16,740.3,740.09,740.12,71824,regular,False
2026-07-30T18:43:00+00:00,740.14,740.26,740.14,740.24,45051,regular,False
2026-07-30T18:44:00+00:00,740.24,740.39,740.17,740.33,58521,regular,False
2026-07-30T18:45:00+00:00,740.34,740.44,740.31,740.43,68946,regular,False
2026-07-30T18:46:00+00:00,740.44,740.54,740.36,740.5,53637,regular,False
2026-07-30T18:47:00+00:00,740.51,740.57,740.44,740.53,39891,regular,False
2026-07-30T18:48:00+00:00,740.54,740.58,740.43,740.44,51698,regular,False
2026-07-30T18:49:00+00:00,740.43,740.52,740.4,740.51,48246,regular,False
2026-07-30T18:50:00+00:00,740.5,740.69,740.49,740.53,112519,regular,False
2026-07-30T18:51:00+00:00,740.55,740.56,740.39,740.49,67684,regular,False
2026-07-30T18:52:00+00:00,740.5,740.62,740.47,740.5,55056,regular,False
2026-07-30T18:53:00+00:00,740.51,740.65,740.46,740.59,69958,regular,False
2026-07-30T18:54:00+00:00,740.59,740.64,740.48,740.5,58284,regular,False
2026-07-30T18:55:00+00:00,740.49,740.6,740.48,740.5,59085,regular,False
2026-07-30T18:56:00+00:00,740.5,740.63,740.39,740.61,39802,regular,False
2026-07-30T18:57:00+00:00,740.61,740.64,740.5,740.57,51524,regular,False
2026-07-30T18:58:00+00:00,740.56,740.61,740.5,740.53,52995,regular,False
2026-07-30T18:59:00+00:00,740.54,740.83,740.53,740.77,69025,regular,False
2026-07-30T19:00:00+00:00,740.75,741.04,740.74,740.99,114607,regular,False
2026-07-30T19:01:00+00:00,741.01,741.13,740.97,741.1,82528,regular,False
2026-07-30T19:02:00+00:00,741.1,741.36,741.09,741.16,91540,regular,False
2026-07-30T19:03:00+00:00,741.15,741.21,741.07,741.08,80588,regular,False
2026-07-30T19:04:00+00:00,741.08,741.25,741.05,741.22,75341,regular,False
2026-07-30T19:05:00+00:00,741.23,741.32,741.14,741.29,134341,regular,False
2026-07-30T19:06:00+00:00,741.29,741.43,741.2,741.42,119593,regular,False
2026-07-30T19:07:00+00:00,741.42,741.59,741.39,741.55,125024,regular,False
2026-07-30T19:08:00+00:00,741.54,741.69,741.47,741.68,77332,regular,False
2026-07-30T19:09:00+00:00,741.68,741.81,741.65,741.78,89199,regular,False
2026-07-30T19:10:00+00:00,741.78,742.25,741.76,742.15,122345,regular,False
2026-07-30T19:11:00+00:00,742.16,742.21,742.0,742.0,90226,regular,False
2026-07-30T19:12:00+00:00,742.01,742.3,742.01,742.25,138891,regular,False
2026-07-30T19:13:00+00:00,742.24,742.3,742.11,742.21,94460,regular,False
2026-07-30T19:14:00+00:00,742.2,742.25,742.07,742.07,80931,regular,False
2026-07-30T19:15:00+00:00,742.06,742.11,741.81,741.94,116636,regular,False
2026-07-30T19:16:00+00:00,741.92,742.2,741.91,742.17,129378,regular,False
2026-07-30T19:17:00+00:00,742.2,742.27,742.14,742.24,47278,regular,False
2026-07-30T19:18:00+00:00,742.25,742.45,742.18,742.42,61981,regular,False
2026-07-30T19:19:00+00:00,742.42,742.42,742.23,742.29,70887,regular,False
2026-07-30T19:20:00+00:00,742.31,742.31,742.15,742.24,70348,regular,False
2026-07-30T19:21:00+00:00,742.21,742.3,742.1,742.1,76281,regular,False
2026-07-30T19:22:00+00:00,742.12,742.18,741.96,742.01,69735,regular,False
2026-07-30T19:23:00+00:00,742.01,742.16,741.96,742.16,65455,regular,False
2026-07-30T19:24:00+00:00,742.16,742.25,742.03,742.04,78558,regular,False
2026-07-30T19:25:00+00:00,742.03,742.16,741.99,742.06,62459,regular,False
2026-07-30T19:26:00+00:00,742.05,742.21,742.0,742.17,78082,regular,False
2026-07-30T19:27:00+00:00,742.17,742.19,741.99,742.07,113663,regular,False
2026-07-30T19:28:00+00:00,742.07,742.14,741.93,741.98,95136,regular,False
2026-07-30T19:29:00+00:00,741.99,742.0,741.74,741.78,144765,regular,False
2026-07-30T19:30:00+00:00,741.77,741.99,741.71,741.95,137167,regular,False
2026-07-30T19:31:00+00:00,741.95,741.99,741.71,741.85,116918,regular,False
2026-07-30T19:32:00+00:00,741.86,741.91,741.65,741.7,91734,regular,False
2026-07-30T19:33:00+00:00,741.7,741.84,741.68,741.81,81117,regular,False
2026-07-30T19:34:00+00:00,741.81,741.89,741.69,741.77,99104,regular,False
2026-07-30T19:35:00+00:00,741.77,741.85,741.64,741.65,278349,regular,False
2026-07-30T19:36:00+00:00,741.64,741.64,741.43,741.47,321677,regular,False
2026-07-30T19:37:00+00:00,741.47,741.74,741.45,741.66,110395,regular,False
2026-07-30T19:38:00+00:00,741.66,741.9,741.62,741.7,91689,regular,False
2026-07-30T19:39:00+00:00,741.72,741.82,741.67,741.73,149426,regular,False
2026-07-30T19:40:00+00:00,741.73,741.79,741.55,741.7,139998,regular,False
2026-07-30T19:41:00+00:00,741.68,741.84,741.63,741.78,145521,regular,False
2026-07-30T19:42:00+00:00,741.78,741.79,741.52,741.68,238113,regular,False
2026-07-30T19:43:00+00:00,741.68,741.91,741.62,741.85,106954,regular,False
2026-07-30T19:44:00+00:00,741.85,741.89,741.78,741.79,145151,regular,False
2026-07-30T19:45:00+00:00,741.8,741.88,741.69,741.79,175143,regular,False
2026-07-30T19:46:00+00:00,741.78,741.87,741.59,741.61,240675,regular,False
2026-07-30T19:49:00+00:00,741.43,741.62,741.31,741.61,284841,regular,False
2026-07-30T19:50:00+00:00,741.59,741.65,741.29,741.45,279068,regular,False
2026-07-30T19:51:00+00:00,741.42,741.49,741.16,741.36,306005,regular,False
2026-07-30T19:52:00+00:00,741.36,741.5,741.28,741.5,314598,regular,False
2026-07-30T19:53:00+00:00,741.49,741.59,741.17,741.19,359409,regular,False
2026-07-30T19:54:00+00:00,741.16,741.58,741.14,741.39,310772,regular,False
2026-07-30T19:55:00+00:00,741.41,741.41,741.0,741.18,626282,regular,False
2026-07-30T19:56:00+00:00,741.18,741.59,741.15,741.41,360863,regular,False
2026-07-30T19:57:00+00:00,741.39,741.63,741.35,741.61,456281,regular,False
2026-07-30T20:00:00+00:00,741.71,741.86,741.33,741.58,1600223,after-market,False
2026-07-30T20:01:00+00:00,741.72,743.68,741.6,743.46,123077,after-market,False
2026-07-30T20:02:00+00:00,743.35,743.47,742.94,743.4,57844,after-market,False
2026-07-30T20:03:00+00:00,743.4,743.53,743.06,743.09,38278,after-market,False
2026-07-30T20:04:00+00:00,743.07,743.66,742.95,743.66,58439,after-market,False
2026-07-30T20:05:00+00:00,743.63,743.64,743.18,743.28,39651,after-market,False
2026-07-30T20:06:00+00:00,743.33,743.52,743.2,743.25,46148,after-market,False
2026-07-30T20:07:00+00:00,743.25,743.54,743.25,743.3,59845,after-market,False
2026-07-30T20:08:00+00:00,743.27,743.37,743.05,743.05,45053,after-market,False
2026-07-30T20:09:00+00:00,743.08,743.1,742.81,742.88,47058,after-market,False
2026-07-30T20:10:00+00:00,742.86,742.97,742.6,742.81,63793,after-market,False
2026-07-30T20:11:00+00:00,742.86,742.95,742.52,742.54,66956,after-market,False
2026-07-30T20:12:00+00:00,742.55,743.08,742.54,743.03,23039,after-market,False
2026-07-30T20:13:00+00:00,743.03,743.24,743.03,743.24,5311,after-market,False
2026-07-30T20:14:00+00:00,743.14,743.41,743.13,743.21,9455,after-market,False
2026-07-30T20:15:00+00:00,743.24,743.55,743.22,743.55,3862,after-market,False
2026-07-30T20:16:00+00:00,743.55,743.6,743.3,743.49,29508,after-market,False
2026-07-30T20:17:00+00:00,743.45,743.45,743.18,743.22,32893,after-market,False
2026-07-30T20:18:00+00:00,743.37,743.48,743.15,743.4,12723,after-market,False
2026-07-30T20:19:00+00:00,743.54,743.57,743.45,743.49,14115,after-market,False
2026-07-30T20:20:00+00:00,743.5,743.7,743.46,743.56,2446,after-market,False
2026-07-30T20:21:00+00:00,743.59,743.59,743.31,743.33,11482,after-market,False
2026-07-30T20:22:00+00:00,743.33,743.56,743.33,743.5,34942,after-market,False
2026-07-30T20:23:00+00:00,743.48,743.68,743.48,743.59,42636,after-market,False
2026-07-30T20:24:00+00:00,743.57,743.6,743.46,743.59,12523,after-market,False
2026-07-30T20:25:00+00:00,743.57,743.58,743.35,743.42,43490,after-market,False
2026-07-30T20:26:00+00:00,743.43,743.58,743.43,743.58,30505,after-market,False
2026-07-30T20:27:00+00:00,743.56,743.56,743.36,743.36,14726,after-market,False
2026-07-30T20:28:00+00:00,743.36,743.6,743.36,743.58,12799,after-market,False
2026-07-30T20:29:00+00:00,743.55,743.58,743.43,743.58,2846,after-market,False
2026-07-30T20:30:00+00:00,743.57,744.2,742.6,742.6,54549,after-market,False
2026-07-30T20:31:00+00:00,742.62,742.97,742.5,742.5,13761,after-market,False
2026-07-30T20:32:00+00:00,742.59,743.01,742.54,743.01,19002,after-market,False
2026-07-30T20:33:00+00:00,743.15,743.28,742.66,743.02,30803,after-market,False
2026-07-30T20:34:00+00:00,743.03,743.08,742.94,742.96,3207,after-market,False
2026-07-30T20:35:00+00:00,742.96,742.96,742.62,742.63,5826,after-market,False
2026-07-30T20:36:00+00:00,742.63,742.68,742.5,742.58,13904,after-market,False
2026-07-30T20:37:00+00:00,742.53,742.58,742.42,742.58,5348,after-market,False
2026-07-30T20:38:00+00:00,742.62,742.84,742.52,742.58,73834,after-market,False
2026-07-30T20:39:00+00:00,742.66,742.78,742.58,742.67,12416,after-market,False
2026-07-30T20:40:00+00:00,742.5,742.53,742.35,742.38,3999,after-market,False
2026-07-30T20:41:00+00:00,742.38,742.38,742.2,742.33,6336,after-market,False
2026-07-30T20:42:00+00:00,742.34,742.6,742.34,742.6,15276,after-market,False
2026-07-30T20:43:00+00:00,742.65,742.66,742.45,742.56,11144,after-market,False
2026-07-30T20:44:00+00:00,742.58,742.65,742.47,742.65,3171,after-market,False
2026-07-30T20:45:00+00:00,742.6,742.65,742.45,742.48,15146,after-market,False
2026-07-30T20:46:00+00:00,742.46,742.53,742.37,742.37,3490,after-market,False
2026-07-30T20:47:00+00:00,742.4,742.4,742.29,742.32,4511,after-market,False
2026-07-30T20:48:00+00:00,742.32,742.35,742.22,742.22,2747,after-market,False
2026-07-30T20:49:00+00:00,742.25,742.34,742.16,742.16,4465,after-market,False
2026-07-30T20:50:00+00:00,742.21,742.32,741.99,741.99,8301,after-market,False
2026-07-30T20:51:00+00:00,742.02,742.1,741.95,742.0,4870,after-market,False
2026-07-30T20:52:00+00:00,742.05,742.08,741.83,741.85,4326,after-market,False
2026-07-30T20:53:00+00:00,741.94,742.09,741.92,742.09,6093,after-market,False
2026-07-30T20:54:00+00:00,742.12,742.19,741.92,741.92,1729,after-market,False
2026-07-30T20:55:00+00:00,742.2,742.2,742.1,742.11,330,after-market,False
2026-07-30T20:56:00+00:00,742.06,742.07,741.8,741.83,2974,after-market,False
2026-07-30T20:57:00+00:00,741.87,741.91,741.84,741.86,1577,after-market,False
2026-07-30T20:58:00+00:00,741.91,742.14,741.91,742.14,1095,after-market,False
2026-07-30T20:59:00+00:00,742.01,742.08,742.0,742.04,1218,after-market,False
2026-07-30T21:00:00+00:00,742.0,742.0,741.95,741.95,191,after-market,False
2026-07-30T21:01:00+00:00,741.95,741.95,741.95,741.95,0,after-market,False
2026-07-30T21:02:00+00:00,742.1,742.1,742.0,742.09,457,after-market,False
2026-07-30T21:03:00+00:00,742.09,742.17,742.0,742.11,1853,after-market,False
2026-07-30T21:04:00+00:00,742.0,742.03,741.95,741.95,2343,after-market,False
2026-07-30T21:05:00+00:00,741.97,742.08,741.97,742.08,1106,after-market,False
2026-07-30T21:06:00+00:00,742.06,742.06,742.06,742.06,720,after-market,False
2026-07-30T21:07:00+00:00,742.0,742.06,742.0,742.06,1046,after-market,False
2026-07-30T21:08:00+00:00,742.01,742.06,742.01,742.02,2929,after-market,False
2026-07-30T21:09:00+00:00,742.01,742.01,741.93,741.93,1143,after-market,False
2026-07-30T21:10:00+00:00,741.99,742.06,741.99,742.0,410,after-market,False
2026-07-30T21:11:00+00:00,742.0,742.06,742.0,742.06,3041,after-market,False
2026-07-30T21:12:00+00:00,742.06,742.08,742.06,742.08,6932,after-market,False
2026-07-30T21:13:00+00:00,742.06,742.06,742.03,742.03,462,after-market,False
2026-07-30T21:14:00+00:00,742.02,742.1,741.94,742.1,992,after-market,False
2026-07-30T21:15:00+00:00,742.08,742.08,742.08,742.08,517,after-market,False
2026-07-30T21:16:00+00:00,742.08,742.3,742.08,742.29,7980,after-market,False
2026-07-30T21:17:00+00:00,742.26,742.26,742.24,742.25,5069,after-market,False
2026-07-30T21:18:00+00:00,742.16,742.16,742.15,742.16,65,after-market,False
2026-07-30T21:19:00+00:00,742.25,742.3,742.16,742.3,1189,after-market,False
2026-07-30T21:20:00+00:00,742.35,742.4,742.35,742.4,1207,after-market,False
2026-07-30T21:21:00+00:00,742.4,742.4,742.4,742.4,0,after-market,False
2026-07-30T21:22:00+00:00,742.35,742.35,742.16,742.16,1080,after-market,False
2026-07-30T21:23:00+00:00,742.16,742.4,742.16,742.16,2053,after-market,False
2026-07-30T21:24:00+00:00,742.15,742.16,742.15,742.15,1318,after-market,False
2026-07-30T21:25:00+00:00,742.1,742.15,742.1,742.15,85,after-market,False
2026-07-30T21:26:00+00:00,742.1,742.1,741.95,741.95,13021,after-market,False
2026-07-30T21:27:00+00:00,741.99,742.03,741.76,741.78,11343,after-market,False
2026-07-30T21:28:00+00:00,741.8,741.87,741.7,741.7,16552,after-market,False
2026-07-30T21:29:00+00:00,741.7,741.74,741.51,741.63,3987,after-market,False
2026-07-30T21:30:00+00:00,741.63,741.72,741.61,741.61,22015,after-market,False
2026-07-30T21:31:00+00:00,741.69,741.74,741.6,741.69,14124,after-market,False
2026-07-30T21:32:00+00:00,741.68,741.68,741.53,741.53,690,after-market,False
2026-07-30T21:33:00+00:00,741.52,741.65,741.44,741.53,19509,after-market,False
2026-07-30T21:34:00+00:00,741.6,741.69,741.6,741.65,4155,after-market,False
2026-07-30T21:35:00+00:00,741.74,741.79,741.74,741.79,776,after-market,False
2026-07-30T21:36:00+00:00,741.7,741.71,741.7,741.7,1692,after-market,False
2026-07-30T21:37:00+00:00,741.71,741.71,741.7,741.71,60,after-market,False
2026-07-30T21:38:00+00:00,741.71,741.74,741.7,741.74,271,after-market,False
2026-07-30T21:39:00+00:00,741.79,741.92,741.74,741.92,5959,after-market,False
2026-07-30T21:40:00+00:00,741.92,742.0,741.92,742.0,4043,after-market,False
2026-07-30T21:41:00+00:00,742.09,742.13,741.69,742.1,77419,after-market,False
2026-07-30T21:42:00+00:00,741.97,741.97,741.97,741.97,292,after-market,False
2026-07-30T21:43:00+00:00,742.1,742.2,741.96,742.13,2830,after-market,False
2026-07-30T21:44:00+00:00,742.13,742.15,742.0,742.06,1476,after-market,False
2026-07-30T21:45:00+00:00,742.09,742.09,741.99,741.99,323,after-market,False
2026-07-30T21:46:00+00:00,742.04,742.04,742.04,742.04,61,after-market,False
2026-07-30T21:47:00+00:00,742.09,742.18,742.09,742.18,980,after-market,False
2026-07-30T21:48:00+00:00,742.17,742.17,742.05,742.05,500,after-market,False
2026-07-30T21:49:00+00:00,742.1,742.14,742.1,742.14,1196,after-market,False
2026-07-30T21:50:00+00:00,742.14,742.14,742.1,742.1,1114,after-market,False
2026-07-30T21:51:00+00:00,742.15,742.23,742.15,742.23,1412,after-market,False
2026-07-30T21:52:00+00:00,742.18,742.35,742.18,742.35,663,after-market,False
2026-07-30T21:53:00+00:00,742.25,742.26,742.18,742.21,512,after-market,False
2026-07-30T21:54:00+00:00,742.21,742.26,742.21,742.26,1741,after-market,False
2026-07-30T21:55:00+00:00,742.19,742.27,742.19,742.27,727,after-market,False
2026-07-30T21:56:00+00:00,742.23,742.23,741.91,741.91,1346,after-market,False
2026-07-30T21:57:00+00:00,741.96,741.96,741.96,741.96,616,after-market,False
2026-07-30T21:58:00+00:00,741.93,742.05,741.93,742.05,899,after-market,False
2026-07-30T21:59:00+00:00,742.19,742.19,742.18,742.19,50,after-market,False
2026-07-30T22:00:00+00:00,742.04,742.04,741.31,741.68,36051,after-market,False
2026-07-30T22:01:00+00:00,741.7,742.32,741.58,742.26,6194,after-market,False
2026-07-30T22:02:00+00:00,742.19,742.3,742.13,742.3,551,after-market,False
2026-07-30T22:03:00+00:00,742.26,742.4,742.26,742.4,1703,after-market,False
2026-07-30T22:04:00+00:00,742.4,742.4,742.31,742.31,1758,after-market,False
2026-07-30T22:05:00+00:00,742.4,742.4,742.31,742.37,393,after-market,False
2026-07-30T22:06:00+00:00,742.37,742.37,742.3,742.3,88,after-market,False
2026-07-30T22:07:00+00:00,742.2,742.27,742.2,742.26,1633,after-market,False
2026-07-30T22:08:00+00:00,742.26,742.26,742.26,742.26,0,after-market,False
2026-07-30T22:09:00+00:00,742.37,742.41,742.37,742.37,3135,after-market,False
2026-07-30T22:10:00+00:00,742.45,742.49,742.37,742.49,6030,after-market,False
2026-07-30T22:11:00+00:00,742.5,742.51,742.41,742.5,601,after-market,False
2026-07-30T22:12:00+00:00,742.34,742.34,742.29,742.29,1118,after-market,False
2026-07-30T22:13:00+00:00,742.22,742.22,742.07,742.2,2227,after-market,False
2026-07-30T22:14:00+00:00,742.2,742.2,742.2,742.2,0,after-market,False
2026-07-30T22:15:00+00:00,742.22,742.22,742.22,742.22,100,after-market,False
2026-07-30T22:16:00+00:00,742.29,742.55,742.29,742.54,1513,after-market,False
2026-07-30T22:17:00+00:00,742.5,742.56,742.44,742.55,1149,after-market,False
2026-07-30T22:18:00+00:00,742.55,742.55,742.2,742.24,1009,after-market,False
2026-07-30T22:19:00+00:00,742.3,742.35,742.3,742.34,271,after-market,False
2026-07-30T22:20:00+00:00,742.28,742.36,742.24,742.24,270,after-market,False
2026-07-30T22:21:00+00:00,742.16,742.16,742.15,742.16,50,after-market,False
2026-07-30T22:22:00+00:00,742.16,742.16,742.16,742.16,0,after-market,False
2026-07-30T22:23:00+00:00,742.07,742.07,741.92,741.95,1503,after-market,False
2026-07-30T22:24:00+00:00,741.87,741.93,741.87,741.91,772,after-market,False
2026-07-30T22:25:00+00:00,742.05,742.19,742.05,742.19,181,after-market,False
2026-07-30T22:26:00+00:00,742.16,742.16,742.15,742.16,70,after-market,False
2026-07-30T22:27:00+00:00,742.08,742.08,742.08,742.08,50,after-market,False
2026-07-30T22:28:00+00:00,742.11,742.11,742.11,742.11,50,after-market,False
2026-07-30T22:29:00+00:00,742.0,742.02,742.0,742.02,110,after-market,False
2026-07-30T22:30:00+00:00,742.01,742.04,741.95,741.96,1523,after-market,False
2026-07-30T22:31:00+00:00,741.91,741.91,741.81,741.84,680,after-market,False
2026-07-30T22:32:00+00:00,741.82,741.9,741.82,741.84,864,after-market,False
2026-07-30T22:33:00+00:00,741.83,742.08,741.83,742.01,2408,after-market,False
2026-07-30T22:34:00+00:00,741.98,742.04,741.98,742.01,488,after-market,False
2026-07-30T22:35:00+00:00,742.22,742.35,742.2,742.35,686,after-market,False
2026-07-30T22:36:00+00:00,742.35,742.4,742.32,742.4,1685,after-market,False
2026-07-30T22:37:00+00:00,742.45,742.55,742.39,742.49,5671,after-market,False
2026-07-30T22:38:00+00:00,742.51,742.53,742.47,742.53,483,after-market,False
2026-07-30T22:39:00+00:00,742.47,742.47,742.47,742.47,1489,after-market,False
2026-07-30T22:40:00+00:00,742.5,742.55,742.5,742.55,474,after-market,False
2026-07-30T22:41:00+00:00,742.51,742.51,742.51,742.51,40,after-market,False
2026-07-30T22:42:00+00:00,742.55,742.62,742.55,742.62,959,after-market,False
2026-07-30T22:43:00+00:00,742.6,742.6,742.57,742.57,220,after-market,False
2026-07-30T22:44:00+00:00,742.67,742.78,742.67,742.76,1447,after-market,False
2026-07-30T22:45:00+00:00,742.73,742.73,742.73,742.73,75,after-market,False
2026-07-30T22:46:00+00:00,742.85,742.86,742.85,742.86,84,after-market,False
2026-07-30T22:47:00+00:00,742.78,742.78,742.78,742.78,78,after-market,False
2026-07-30T22:48:00+00:00,742.8,742.81,742.8,742.8,171,after-market,False
2026-07-30T22:49:00+00:00,742.81,742.81,742.81,742.81,80,after-market,False
2026-07-30T22:50:00+00:00,742.8,742.8,742.75,742.75,337,after-market,False
2026-07-30T22:51:00+00:00,742.75,742.8,742.75,742.77,214,after-market,False
2026-07-30T22:52:00+00:00,742.84,742.85,742.84,742.84,212,after-market,False
2026-07-30T22:53:00+00:00,742.85,742.93,742.85,742.93,206,after-market,False
2026-07-30T22:54:00+00:00,742.92,743.0,742.92,742.94,366,after-market,False
2026-07-30T22:55:00+00:00,742.92,742.93,742.87,742.93,567,after-market,False
2026-07-30T22:56:00+00:00,742.99,743.02,742.99,743.02,604,after-market,False
2026-07-30T22:57:00+00:00,742.95,742.96,742.92,742.96,703,after-market,False
2026-07-30T22:58:00+00:00,742.96,742.98,742.91,742.98,322,after-market,False
2026-07-30T22:59:00+00:00,742.97,743.0,742.97,742.98,419,after-market,False
2026-07-30T23:00:00+00:00,743.0,743.15,743.0,743.0,514,after-market,False
2026-07-30T23:01:00+00:00,743.03,743.34,743.0,743.34,2135,after-market,False
2026-07-30T23:02:00+00:00,743.26,743.29,743.26,743.29,540,after-market,False
2026-07-30T23:03:00+00:00,743.3,743.41,743.3,743.41,302,after-market,False
2026-07-30T23:04:00+00:00,743.4,743.44,743.39,743.4,242,after-market,False
2026-07-30T23:05:00+00:00,743.4,743.4,743.36,743.36,3933,after-market,False
2026-07-30T23:06:00+00:00,743.36,743.4,743.36,743.4,121,after-market,False
2026-07-30T23:07:00+00:00,743.4,743.4,743.4,743.4,0,after-market,False
2026-07-30T23:08:00+00:00,743.32,743.32,743.29,743.29,144,after-market,False
2026-07-30T23:09:00+00:00,743.21,743.22,743.16,743.16,90,after-market,False
2026-07-30T23:10:00+00:00,743.0,743.0,742.87,742.89,1031,after-market,False
2026-07-30T23:11:00+00:00,742.85,742.89,742.84,742.89,160,after-market,False
2026-07-30T23:12:00+00:00,742.87,742.9,742.86,742.9,302,after-market,False
2026-07-30T23:13:00+00:00,742.83,742.84,742.83,742.83,141,after-market,False
2026-07-30T23:14:00+00:00,742.88,742.88,742.87,742.88,100,after-market,False
2026-07-30T23:15:00+00:00,742.8,742.86,742.79,742.85,330,after-market,False
2026-07-30T23:16:00+00:00,742.82,742.82,742.75,742.76,222,after-market,False
2026-07-30T23:17:00+00:00,742.75,742.75,742.65,742.75,335,after-market,False
2026-07-30T23:18:00+00:00,742.69,742.69,742.68,742.69,75,after-market,False
2026-07-30T23:19:00+00:00,742.75,742.78,742.72,742.72,293,after-market,False
2026-07-30T23:20:00+00:00,742.73,742.73,742.67,742.67,108,after-market,False
2026-07-30T23:21:00+00:00,742.7,742.7,742.59,742.59,725,after-market,False
2026-07-30T23:22:00+00:00,742.65,742.65,742.61,742.63,225,after-market,False
2026-07-30T23:23:00+00:00,742.67,742.7,742.6,742.6,1359,after-market,False
2026-07-30T23:24:00+00:00,742.6,742.6,742.6,742.6,50,after-market,False
2026-07-30T23:25:00+00:00,742.65,742.92,742.64,742.86,305,after-market,False
2026-07-30T23:26:00+00:00,742.79,742.88,742.78,742.87,312,after-market,False
2026-07-30T23:27:00+00:00,742.81,742.88,742.8,742.8,781,after-market,False
2026-07-30T23:28:00+00:00,742.8,742.84,742.78,742.78,399,after-market,False
2026-07-30T23:29:00+00:00,742.75,742.85,742.72,742.84,1358,after-market,False
2026-07-30T23:30:00+00:00,742.75,742.75,742.71,742.71,1180,after-market,False
2026-07-30T23:31:00+00:00,742.85,742.94,742.79,742.81,474,after-market,False
2026-07-30T23:32:00+00:00,742.82,743.0,742.75,743.0,632,after-market,False
2026-07-30T23:33:00+00:00,743.01,743.05,742.97,743.05,573,after-market,False
2026-07-30T23:34:00+00:00,743.04,743.07,743.0,743.0,775,after-market,False
2026-07-30T23:35:00+00:00,742.99,742.99,742.94,742.95,640,after-market,False
2026-07-30T23:36:00+00:00,742.97,742.98,742.93,742.93,108,after-market,False
2026-07-30T23:37:00+00:00,743.0,743.0,742.87,742.92,443,after-market,False
2026-07-30T23:38:00+00:00,742.87,742.92,742.85,742.92,527,after-market,False
2026-07-30T23:39:00+00:00,742.9,743.13,742.9,743.1,773,after-market,False
2026-07-30T23:40:00+00:00,743.09,743.12,743.09,743.12,332,after-market,False
2026-07-30T23:41:00+00:00,743.08,743.15,743.08,743.15,368,after-market,False
2026-07-30T23:42:00+00:00,743.24,743.3,743.2,743.2,281,after-market,False
2026-07-30T23:43:00+00:00,743.14,743.23,743.14,743.23,175,after-market,False
2026-07-30T23:44:00+00:00,743.25,743.28,743.24,743.27,250,after-market,False
2026-07-30T23:45:00+00:00,743.27,743.27,743.26,743.27,210,after-market,False
2026-07-30T23:46:00+00:00,743.39,743.47,743.34,743.34,712,after-market,False
2026-07-30T23:47:00+00:00,743.5,743.55,743.41,743.41,843,after-market,False
2026-07-30T23:48:00+00:00,743.37,743.49,743.37,743.46,577,after-market,False
2026-07-30T23:49:00+00:00,743.45,743.53,743.44,743.53,1600,after-market,False
2026-07-30T23:50:00+00:00,743.49,743.49,743.07,743.07,488,after-market,False
2026-07-30T23:51:00+00:00,743.08,743.4,743.07,743.4,968,after-market,False
2026-07-30T23:52:00+00:00,743.42,743.55,743.42,743.55,779,after-market,False
2026-07-30T23:53:00+00:00,743.52,743.52,743.52,743.52,100,after-market,False
2026-07-30T23:54:00+00:00,743.46,743.46,743.43,743.43,149,after-market,False
2026-07-30T23:55:00+00:00,743.55,743.65,743.55,743.65,301,after-market,False
2026-07-30T23:56:00+00:00,743.67,743.69,743.61,743.62,1005,after-market,False
2026-07-30T23:57:00+00:00,743.6,743.64,743.6,743.6,6174,after-market,False
2026-07-30T23:58:00+00:00,743.64,743.65,743.49,743.49,1975,after-market,False
2026-07-30T23:59:00+00:00,743.4,743.48,743.32,743.33,1180,after-market,False
2026-07-31T08:00:00+00:00,745.06,745.84,744.22,745.53,5305,pre-market,False
2026-07-31T08:01:00+00:00,745.6,745.73,744.07,745.4,3635,pre-market,False
2026-07-31T08:02:00+00:00,744.6,745.83,744.6,745.82,16086,pre-market,False
2026-07-31T08:03:00+00:00,745.78,745.92,744.02,745.3,14737,pre-market,False
2026-07-31T08:04:00+00:00,745.32,745.65,744.8,745.27,8830,pre-market,False
2026-07-31T08:05:00+00:00,745.2,745.47,745.2,745.44,2080,pre-market,False
2026-07-31T08:06:00+00:00,745.47,745.47,745.33,745.39,1311,pre-market,False
2026-07-31T08:07:00+00:00,745.47,745.69,745.32,745.62,4152,pre-market,False
2026-07-31T08:08:00+00:00,745.41,745.43,745.34,745.43,166,pre-market,False
2026-07-31T08:09:00+00:00,745.43,745.43,745.43,745.43,0,pre-market,False
2026-07-31T08:10:00+00:00,745.36,745.36,745.3,745.36,2344,pre-market,False
2026-07-31T08:11:00+00:00,745.52,745.55,745.52,745.55,98,pre-market,False
2026-07-31T08:12:00+00:00,745.57,745.66,745.57,745.66,1129,pre-market,False
2026-07-31T08:13:00+00:00,745.64,745.81,745.64,745.8,2051,pre-market,False
2026-07-31T08:14:00+00:00,745.77,745.79,745.77,745.79,219,pre-market,False
2026-07-31T08:15:00+00:00,745.79,745.97,745.79,745.9,1429,pre-market,False
2026-07-31T08:16:00+00:00,745.89,745.89,745.83,745.85,1045,pre-market,False
2026-07-31T08:17:00+00:00,745.86,745.87,745.86,745.87,87,pre-market,False
2026-07-31T08:18:00+00:00,745.98,745.98,745.98,745.98,51,pre-market,False
2026-07-31T08:19:00+00:00,745.87,746.07,745.84,746.07,1010,pre-market,False
2026-07-31T08:20:00+00:00,746.01,746.01,745.99,746.0,7695,pre-market,False
2026-07-31T08:21:00+00:00,745.99,746.0,745.99,745.99,564,pre-market,False
2026-07-31T08:22:00+00:00,745.93,745.96,745.9,745.9,1045,pre-market,False
2026-07-31T08:23:00+00:00,745.84,745.84,745.84,745.84,57,pre-market,False
2026-07-31T08:24:00+00:00,745.64,745.69,745.64,745.69,131,pre-market,False
2026-07-31T08:25:00+00:00,745.73,745.9,745.72,745.9,713,pre-market,False
2026-07-31T08:26:00+00:00,745.91,745.91,745.83,745.83,148,pre-market,False
2026-07-31T08:27:00+00:00,745.83,746.01,745.83,746.01,135,pre-market,False
2026-07-31T08:28:00+00:00,746.03,746.08,746.03,746.08,397,pre-market,False
2026-07-31T08:29:00+00:00,746.01,746.03,746.01,746.03,84,pre-market,False
2026-07-31T08:30:00+00:00,745.85,745.91,745.75,745.85,444,pre-market,False
2026-07-31T08:31:00+00:00,745.9,745.9,745.8,745.8,777,pre-market,False
2026-07-31T08:32:00+00:00,745.87,745.95,745.87,745.95,115,pre-market,False
2026-07-31T08:33:00+00:00,745.72,745.81,745.72,745.81,140,pre-market,False
2026-07-31T08:34:00+00:00,745.8,745.8,745.8,745.8,40,pre-market,False
2026-07-31T08:35:00+00:00,745.79,745.82,745.79,745.82,102,pre-market,False
2026-07-31T08:36:00+00:00,745.79,745.79,745.78,745.78,2046,pre-market,False
2026-07-31T08:37:00+00:00,745.67,745.67,745.67,745.67,55,pre-market,False
2026-07-31T08:38:00+00:00,745.71,745.77,745.62,745.62,1483,pre-market,False
2026-07-31T08:39:00+00:00,745.65,745.65,745.64,745.64,290,pre-market,False
2026-07-31T08:40:00+00:00,745.6,745.6,745.6,745.6,500,pre-market,False
2026-07-31T08:41:00+00:00,745.58,745.6,745.57,745.58,246,pre-market,False
2026-07-31T08:42:00+00:00,745.58,745.58,745.58,745.58,0,pre-market,False
2026-07-31T08:43:00+00:00,745.66,745.66,745.66,745.66,50,pre-market,False
2026-07-31T08:44:00+00:00,745.71,745.82,745.6,745.6,5477,pre-market,False
2026-07-31T08:45:00+00:00,745.6,745.6,745.6,745.6,0,pre-market,False
2026-07-31T08:46:00+00:00,745.89,745.89,745.89,745.89,40,pre-market,False
2026-07-31T08:47:00+00:00,745.85,745.98,745.84,745.98,1936,pre-market,False
2026-07-31T08:48:00+00:00,745.97,745.97,745.97,745.97,87,pre-market,False
2026-07-31T08:49:00+00:00,745.9,745.9,745.9,745.9,80,pre-market,False
2026-07-31T08:50:00+00:00,745.9,745.9,745.9,745.9,2061,pre-market,False
2026-07-31T08:51:00+00:00,745.9,745.9,745.9,745.9,0,pre-market,False
2026-07-31T08:52:00+00:00,745.94,745.94,745.85,745.85,691,pre-market,False
2026-07-31T08:53:00+00:00,745.85,745.92,745.85,745.92,710,pre-market,False
2026-07-31T08:54:00+00:00,745.82,745.82,745.82,745.82,40,pre-market,False
2026-07-31T08:55:00+00:00,745.81,745.92,745.81,745.92,2561,pre-market,False
2026-07-31T08:56:00+00:00,745.92,745.92,745.92,745.92,0,pre-market,False
2026-07-31T08:57:00+00:00,746.08,746.08,746.08,746.08,40,pre-market,False
2026-07-31T08:58:00+00:00,746.07,746.1,746.02,746.09,2043,pre-market,False
2026-07-31T08:59:00+00:00,746.13,746.15,746.09,746.09,939,pre-market,False
2026-07-31T09:00:00+00:00,746.05,746.13,745.99,746.13,3778,pre-market,False
2026-07-31T09:01:00+00:00,746.18,746.18,746.06,746.14,216,pre-market,False
2026-07-31T09:02:00+00:00,746.15,746.22,746.15,746.2,410,pre-market,False
2026-07-31T09:03:00+00:00,746.11,746.14,746.11,746.14,575,pre-market,False
2026-07-31T09:04:00+00:00,746.18,746.18,746.11,746.11,234,pre-market,False
2026-07-31T09:05:00+00:00,746.0,746.0,746.0,746.0,6144,pre-market,False
2026-07-31T09:06:00+00:00,746.08,746.25,746.07,746.25,340,pre-market,False
2026-07-31T09:07:00+00:00,746.19,746.26,746.19,746.26,350,pre-market,False
2026-07-31T09:08:00+00:00,746.26,746.27,746.25,746.26,1539,pre-market,False
2026-07-31T09:09:00+00:00,746.2,746.2,746.2,746.2,88,pre-market,False
2026-07-31T09:10:00+00:00,746.28,746.48,746.26,746.48,2436,pre-market,False
2026-07-31T09:11:00+00:00,746.49,746.5,746.48,746.5,1312,pre-market,False
2026-07-31T09:12:00+00:00,746.46,746.55,746.46,746.55,349,pre-market,False
2026-07-31T09:13:00+00:00,746.49,746.52,746.45,746.45,376,pre-market,False
2026-07-31T09:14:00+00:00,746.45,746.45,746.36,746.36,145,pre-market,False
2026-07-31T09:15:00+00:00,746.45,746.45,746.45,746.45,50,pre-market,False
2026-07-31T09:16:00+00:00,746.44,746.44,746.44,746.44,55,pre-market,False
2026-07-31T09:17:00+00:00,746.3,746.3,746.3,746.3,500,pre-market,False
2026-07-31T09:18:00+00:00,746.38,746.38,746.25,746.25,9621,pre-market,False
2026-07-31T09:19:00+00:00,746.37,746.37,746.37,746.37,40,pre-market,False
2026-07-31T09:20:00+00:00,746.18,746.29,746.18,746.29,1314,pre-market,False
2026-07-31T09:21:00+00:00,746.25,746.26,746.17,746.17,210,pre-market,False
2026-07-31T09:22:00+00:00,746.23,746.23,746.23,746.23,100,pre-market,False
2026-07-31T09:23:00+00:00,746.09,746.16,746.09,746.16,243,pre-market,False
2026-07-31T09:24:00+00:00,746.2,746.2,746.2,746.2,200,pre-market,False
2026-07-31T09:25:00+00:00,746.19,746.2,746.19,746.2,280,pre-market,False
2026-07-31T09:26:00+00:00,746.25,746.25,746.24,746.24,193,pre-market,False
2026-07-31T09:27:00+00:00,746.24,746.24,746.24,746.24,0,pre-market,False
2026-07-31T09:28:00+00:00,746.06,746.06,745.97,745.97,543,pre-market,False
2026-07-31T09:29:00+00:00,746.01,746.01,745.93,745.93,1503,pre-market,False
2026-07-31T09:30:00+00:00,745.95,746.0,745.9,745.99,3855,pre-market,False
2026-07-31T09:31:00+00:00,745.85,745.85,745.79,745.79,990,pre-market,False
2026-07-31T09:32:00+00:00,745.79,745.79,745.79,745.79,648,pre-market,False
2026-07-31T09:33:00+00:00,745.77,745.77,745.72,745.72,1133,pre-market,False
2026-07-31T09:34:00+00:00,745.7,745.7,745.57,745.6,1753,pre-market,False
2026-07-31T09:35:00+00:00,745.61,745.61,745.54,745.54,1428,pre-market,False
2026-07-31T09:36:00+00:00,745.49,745.52,745.43,745.47,378,pre-market,False
2026-07-31T09:37:00+00:00,745.5,745.53,745.49,745.52,252,pre-market,False
2026-07-31T09:38:00+00:00,745.38,745.38,745.22,745.22,5250,pre-market,False
2026-07-31T09:39:00+00:00,745.19,745.29,745.19,745.27,427,pre-market,False
2026-07-31T09:40:00+00:00,745.31,745.38,745.3,745.38,2434,pre-market,False
2026-07-31T09:41:00+00:00,745.38,745.4,745.34,745.4,540,pre-market,False
2026-07-31T09:42:00+00:00,745.37,745.42,745.37,745.42,141,pre-market,False
2026-07-31T09:43:00+00:00,745.49,745.49,745.49,745.49,40,pre-market,False
2026-07-31T09:44:00+00:00,745.49,745.49,745.49,745.49,0,pre-market,False
2026-07-31T09:45:00+00:00,745.6,745.6,745.51,745.51,333,pre-market,False
2026-07-31T09:46:00+00:00,745.48,745.48,745.48,745.48,44,pre-market,False
2026-07-31T09:47:00+00:00,745.46,745.46,745.46,745.46,40,pre-market,False
2026-07-31T09:48:00+00:00,745.48,745.48,745.48,745.48,200,pre-market,False
2026-07-31T09:49:00+00:00,745.48,745.48,745.48,745.48,0,pre-market,False
2026-07-31T09:50:00+00:00,745.5,745.5,745.5,745.5,67,pre-market,False
2026-07-31T09:51:00+00:00,745.5,745.5,745.5,745.5,40,pre-market,False
2026-07-31T09:52:00+00:00,745.5,745.5,745.5,745.5,0,pre-market,False
2026-07-31T09:53:00+00:00,745.31,745.31,745.3,745.3,993,pre-market,False
2026-07-31T09:54:00+00:00,745.3,745.3,745.3,745.3,0,pre-market,False
2026-07-31T09:55:00+00:00,745.3,745.3,745.3,745.3,0,pre-market,False
2026-07-31T09:56:00+00:00,745.36,745.36,745.36,745.36,42,pre-market,False
2026-07-31T09:57:00+00:00,745.27,745.27,745.27,745.27,491,pre-market,False
2026-07-31T09:58:00+00:00,745.21,745.26,745.21,745.26,107,pre-market,False
2026-07-31T09:59:00+00:00,745.2,745.22,745.18,745.18,142,pre-market,False
2026-07-31T10:00:00+00:00,745.12,745.12,745.05,745.05,969,pre-market,False
2026-07-31T10:01:00+00:00,745.14,745.28,745.13,745.28,385,pre-market,False
2026-07-31T10:02:00+00:00,745.3,745.34,745.13,745.13,1058,pre-market,False
2026-07-31T10:03:00+00:00,745.19,745.19,745.19,745.19,95,pre-market,False
2026-07-31T10:04:00+00:00,745.25,745.27,745.18,745.18,2219,pre-market,False
2026-07-31T10:05:00+00:00,745.18,745.18,745.18,745.18,0,pre-market,False
2026-07-31T10:06:00+00:00,745.15,745.15,745.15,745.15,72,pre-market,False
2026-07-31T10:07:00+00:00,745.24,745.24,745.18,745.18,80,pre-market,False
2026-07-31T10:08:00+00:00,745.29,745.3,745.29,745.3,80,pre-market,False
2026-07-31T10:09:00+00:00,745.2,745.2,745.2,745.2,3046,pre-market,False
2026-07-31T10:10:00+00:00,745.2,745.2,745.2,745.2,0,pre-market,False
2026-07-31T10:11:00+00:00,745.2,745.2,745.2,745.2,0,pre-market,False
2026-07-31T10:12:00+00:00,745.42,745.5,745.42,745.48,2996,pre-market,False
2026-07-31T10:13:00+00:00,745.44,745.5,745.44,745.5,1658,pre-market,False
2026-07-31T10:14:00+00:00,745.56,745.6,745.56,745.56,214,pre-market,False
2026-07-31T10:15:00+00:00,745.53,745.57,745.52,745.52,1751,pre-market,False
2026-07-31T10:16:00+00:00,745.51,745.51,745.51,745.51,100,pre-market,False
2026-07-31T10:17:00+00:00,745.51,745.51,745.51,745.51,0,pre-market,False
2026-07-31T10:18:00+00:00,745.65,745.65,745.64,745.64,214,pre-market,False
2026-07-31T10:19:00+00:00,745.77,745.79,745.72,745.72,366,pre-market,False
2026-07-31T10:20:00+00:00,745.8,745.9,745.8,745.9,3570,pre-market,False
2026-07-31T10:21:00+00:00,745.91,745.97,745.91,745.96,245,pre-market,False
2026-07-31T10:22:00+00:00,745.96,745.98,745.96,745.98,281,pre-market,False
2026-07-31T10:23:00+00:00,745.9,745.9,745.9,745.9,40,pre-market,False
2026-07-31T10:24:00+00:00,745.85,745.85,745.84,745.84,360,pre-market,False
2026-07-31T10:25:00+00:00,745.66,745.66,745.66,745.66,300,pre-market,False
2026-07-31T10:26:00+00:00,745.74,745.74,745.74,745.74,102,pre-market,False
2026-07-31T10:27:00+00:00,745.68,745.69,745.67,745.69,432,pre-market,False
2026-07-31T10:28:00+00:00,745.71,745.81,745.71,745.81,192,pre-market,False
2026-07-31T10:29:00+00:00,745.7,745.72,745.69,745.72,118,pre-market,False
2026-07-31T10:30:00+00:00,745.72,745.79,745.69,745.79,5368,pre-market,False
2026-07-31T10:31:00+00:00,745.82,745.84,745.75,745.75,1917,pre-market,False
2026-07-31T10:32:00+00:00,745.65,745.65,745.6,745.6,4140,pre-market,False
2026-07-31T10:33:00+00:00,745.54,745.54,745.4,745.4,303,pre-market,False
2026-07-31T10:34:00+00:00,745.4,745.4,745.4,745.4,0,pre-market,False
2026-07-31T10:35:00+00:00,745.43,745.43,745.33,745.33,347,pre-market,False
2026-07-31T10:36:00+00:00,745.31,745.36,745.31,745.36,600,pre-market,False
2026-07-31T10:37:00+00:00,745.32,745.32,745.32,745.32,45,pre-market,False
2026-07-31T10:38:00+00:00,745.32,745.32,745.24,745.29,1613,pre-market,False
2026-07-31T10:39:00+00:00,745.31,745.34,745.31,745.34,140,pre-market,False
2026-07-31T10:40:00+00:00,745.34,745.34,745.34,745.34,0,pre-market,False
2026-07-31T10:41:00+00:00,745.54,745.61,745.5,745.61,615,pre-market,False
2026-07-31T10:42:00+00:00,745.51,745.51,745.51,745.51,40,pre-market,False
2026-07-31T10:43:00+00:00,745.55,745.55,745.55,745.55,76,pre-market,False
2026-07-31T10:44:00+00:00,745.6,745.64,745.6,745.64,231,pre-market,False
2026-07-31T10:45:00+00:00,745.69,745.69,745.69,745.69,72,pre-market,False
2026-07-31T10:46:00+00:00,745.55,745.55,745.55,745.55,50,pre-market,False
2026-07-31T10:47:00+00:00,745.54,745.54,745.54,745.54,175,pre-market,False
2026-07-31T10:48:00+00:00,745.44,745.46,745.41,745.46,236,pre-market,False
2026-07-31T10:49:00+00:00,745.29,745.29,745.24,745.24,3864,pre-market,False
2026-07-31T10:50:00+00:00,745.32,745.46,745.32,745.46,271,pre-market,False
2026-07-31T10:51:00+00:00,745.46,745.46,745.46,745.46,0,pre-market,False
2026-07-31T10:52:00+00:00,745.46,745.46,745.46,745.46,0,pre-market,False
2026-07-31T10:53:00+00:00,745.55,745.59,745.44,745.44,257,pre-market,False
2026-07-31T10:54:00+00:00,745.44,745.44,745.44,745.44,0,pre-market,False
2026-07-31T10:55:00+00:00,745.53,745.55,745.41,745.41,523,pre-market,False
2026-07-31T10:56:00+00:00,745.4,745.49,745.4,745.46,770,pre-market,False
2026-07-31T10:57:00+00:00,745.45,745.45,745.45,745.45,108,pre-market,False
2026-07-31T10:58:00+00:00,745.44,745.49,745.42,745.49,724,pre-market,False
2026-07-31T10:59:00+00:00,745.46,745.46,745.38,745.45,629,pre-market,False
2026-07-31T11:00:00+00:00,745.46,745.6,745.37,745.45,3368,pre-market,False
2026-07-31T11:01:00+00:00,745.47,745.75,745.47,745.71,2559,pre-market,False
2026-07-31T11:02:00+00:00,745.72,745.72,745.52,745.72,2703,pre-market,False
2026-07-31T11:03:00+00:00,745.68,745.86,745.65,745.84,3502,pre-market,False
2026-07-31T11:04:00+00:00,745.85,745.85,745.75,745.85,918,pre-market,False
2026-07-31T11:05:00+00:00,745.9,745.9,745.8,745.83,718,pre-market,False
2026-07-31T11:06:00+00:00,745.77,745.81,745.77,745.81,117,pre-market,False
2026-07-31T11:07:00+00:00,745.83,745.85,745.76,745.85,4671,pre-market,False
2026-07-31T11:08:00+00:00,745.85,745.86,745.78,745.78,1306,pre-market,False
2026-07-31T11:09:00+00:00,745.78,745.78,745.73,745.76,180,pre-market,False
2026-07-31T11:10:00+00:00,745.73,745.73,745.57,745.61,736,pre-market,False
2026-07-31T11:11:00+00:00,745.64,745.64,745.56,745.61,222,pre-market,False
2026-07-31T11:12:00+00:00,745.53,745.58,745.52,745.58,1296,pre-market,False
2026-07-31T11:13:00+00:00,745.5,745.51,745.41,745.5,972,pre-market,False
2026-07-31T11:14:00+00:00,745.48,745.54,745.48,745.54,297,pre-market,False
2026-07-31T11:15:00+00:00,745.41,745.41,745.2,745.2,690,pre-market,False
2026-07-31T11:16:00+00:00,745.11,745.11,744.9,744.93,4874,pre-market,False
2026-07-31T11:17:00+00:00,744.95,745.14,744.94,745.07,7665,pre-market,False
2026-07-31T11:18:00+00:00,745.06,745.14,744.97,745.12,4625,pre-market,False
2026-07-31T11:19:00+00:00,745.14,745.16,745.07,745.11,3577,pre-market,False
2026-07-31T11:20:00+00:00,745.11,745.13,745.02,745.02,3015,pre-market,False
2026-07-31T11:21:00+00:00,745.01,745.09,745.01,745.08,1298,pre-market,False
2026-07-31T11:22:00+00:00,745.09,745.09,744.99,745.08,6017,pre-market,False
2026-07-31T11:23:00+00:00,745.02,745.08,745.02,745.07,254,pre-market,False
2026-07-31T11:24:00+00:00,745.08,745.08,745.08,745.08,72,pre-market,False
2026-07-31T11:25:00+00:00,745.1,745.11,744.99,745.0,888,pre-market,False
2026-07-31T11:26:00+00:00,745.0,745.13,745.0,745.13,1198,pre-market,False
2026-07-31T11:27:00+00:00,745.14,745.18,745.13,745.17,2191,pre-market,False
2026-07-31T11:28:00+00:00,745.08,745.21,745.08,745.08,11837,pre-market,False
2026-07-31T11:29:00+00:00,745.02,745.02,744.78,744.86,10448,pre-market,False
2026-07-31T11:30:00+00:00,744.84,744.84,744.6,744.62,1163,pre-market,False
2026-07-31T11:31:00+00:00,744.64,744.74,744.57,744.64,2425,pre-market,False
2026-07-31T11:32:00+00:00,744.55,744.67,744.55,744.63,373,pre-market,False
2026-07-31T11:33:00+00:00,744.54,744.55,744.41,744.41,470,pre-market,False
2026-07-31T11:34:00+00:00,744.6,744.64,744.51,744.51,4818,pre-market,False
2026-07-31T11:35:00+00:00,744.55,744.69,744.53,744.69,2223,pre-market,False
2026-07-31T11:36:00+00:00,744.78,744.78,744.78,744.78,40,pre-market,False
2026-07-31T11:37:00+00:00,744.5,744.5,744.44,744.48,788,pre-market,False
2026-07-31T11:38:00+00:00,744.47,744.48,744.47,744.47,100,pre-market,False
2026-07-31T11:39:00+00:00,744.52,744.52,744.38,744.4,261,pre-market,False
2026-07-31T11:40:00+00:00,744.36,744.5,744.31,744.44,1373,pre-market,False
2026-07-31T11:41:00+00:00,744.36,744.47,744.36,744.45,1470,pre-market,False
2026-07-31T11:42:00+00:00,744.45,744.5,744.4,744.47,11114,pre-market,False
2026-07-31T11:43:00+00:00,744.5,744.5,744.3,744.43,1983,pre-market,False
2026-07-31T11:44:00+00:00,744.42,744.46,744.38,744.46,260,pre-market,False
2026-07-31T11:45:00+00:00,744.4,744.5,744.4,744.5,1127,pre-market,False
2026-07-31T11:46:00+00:00,744.48,744.51,744.47,744.51,400,pre-market,False
2026-07-31T11:47:00+00:00,744.5,744.5,744.48,744.49,3360,pre-market,False
2026-07-31T11:48:00+00:00,744.47,744.7,744.47,744.68,6518,pre-market,False
2026-07-31T11:49:00+00:00,744.71,744.71,744.63,744.63,3759,pre-market,False
2026-07-31T11:50:00+00:00,744.57,744.57,744.57,744.57,140,pre-market,False
2026-07-31T11:51:00+00:00,744.72,744.74,744.62,744.68,2020,pre-market,False
2026-07-31T11:52:00+00:00,744.68,744.69,744.6,744.65,1728,pre-market,False
2026-07-31T11:53:00+00:00,744.7,744.75,744.6,744.75,1670,pre-market,False
2026-07-31T11:54:00+00:00,744.76,744.77,744.72,744.77,1204,pre-market,False
2026-07-31T11:55:00+00:00,744.69,744.72,744.64,744.66,1488,pre-market,False
2026-07-31T11:56:00+00:00,744.65,744.65,744.64,744.64,326,pre-market,False
2026-07-31T11:57:00+00:00,744.67,744.67,744.63,744.63,220,pre-market,False
2026-07-31T11:58:00+00:00,744.75,744.8,744.74,744.75,944,pre-market,False
2026-07-31T11:59:00+00:00,744.68,744.71,744.68,744.71,444,pre-market,False
2026-07-31T12:00:00+00:00,744.68,744.68,744.32,744.34,5958,pre-market,False
2026-07-31T12:01:00+00:00,744.31,744.42,744.3,744.3,2642,pre-market,False
2026-07-31T12:02:00+00:00,744.27,744.31,744.25,744.31,2539,pre-market,False
2026-07-31T12:03:00+00:00,744.28,744.28,744.13,744.14,9086,pre-market,False
2026-07-31T12:04:00+00:00,744.16,744.17,744.09,744.11,995,pre-market,False
2026-07-31T12:05:00+00:00,744.15,744.15,744.01,744.1,7458,pre-market,False
2026-07-31T12:06:00+00:00,744.02,744.1,744.0,744.01,1814,pre-market,False
2026-07-31T12:07:00+00:00,744.12,744.12,744.07,744.08,335,pre-market,False
2026-07-31T12:08:00+00:00,744.05,744.07,744.05,744.07,550,pre-market,False
2026-07-31T12:09:00+00:00,744.0,744.01,743.94,743.96,2401,pre-market,False
2026-07-31T12:10:00+00:00,743.99,743.99,743.81,743.92,2652,pre-market,False
2026-07-31T12:11:00+00:00,743.93,744.02,743.93,744.02,2263,pre-market,False
2026-07-31T12:12:00+00:00,743.89,743.98,743.87,743.98,1036,pre-market,False
2026-07-31T12:13:00+00:00,744.0,744.04,743.93,743.93,801,pre-market,False
2026-07-31T12:14:00+00:00,743.86,743.91,743.78,743.86,728,pre-market,False
2026-07-31T12:15:00+00:00,743.76,743.89,743.76,743.76,2295,pre-market,False
2026-07-31T12:16:00+00:00,743.71,743.71,743.66,743.71,474,pre-market,False
2026-07-31T12:17:00+00:00,743.81,743.86,743.76,743.76,989,pre-market,False
2026-07-31T12:18:00+00:00,743.82,743.82,743.69,743.69,1294,pre-market,False
2026-07-31T12:19:00+00:00,743.61,743.68,743.57,743.57,2988,pre-market,False
2026-07-31T12:20:00+00:00,743.76,743.76,743.6,743.75,1577,pre-market,False
2026-07-31T12:21:00+00:00,743.82,743.9,743.82,743.83,11152,pre-market,False
2026-07-31T12:22:00+00:00,743.81,743.87,743.65,743.65,784,pre-market,False
2026-07-31T12:23:00+00:00,743.6,743.63,743.41,743.63,3121,pre-market,False
2026-07-31T12:24:00+00:00,743.65,743.8,743.64,743.8,11322,pre-market,False
2026-07-31T12:25:00+00:00,743.89,744.0,743.88,744.0,1274,pre-market,False
2026-07-31T12:26:00+00:00,743.98,744.02,743.9,744.02,6658,pre-market,False
2026-07-31T12:27:00+00:00,743.91,743.92,743.81,743.84,3453,pre-market,False
2026-07-31T12:28:00+00:00,743.85,744.03,743.85,743.99,1377,pre-market,False
2026-07-31T12:29:00+00:00,744.01,744.05,743.96,744.02,1779,pre-market,False
2026-07-31T12:30:00+00:00,743.86,743.91,743.38,743.84,9711,pre-market,False
2026-07-31T12:31:00+00:00,743.85,743.85,743.76,743.76,255,pre-market,False
2026-07-31T12:32:00+00:00,743.64,743.72,743.64,743.7,1665,pre-market,False
2026-07-31T12:33:00+00:00,743.7,743.7,743.36,743.36,1124,pre-market,False
2026-07-31T12:34:00+00:00,743.33,743.35,743.3,743.35,2870,pre-market,False
2026-07-31T12:35:00+00:00,743.31,743.35,743.14,743.3,15145,pre-market,False
2026-07-31T12:36:00+00:00,743.38,743.38,743.25,743.27,150,pre-market,False
2026-07-31T12:37:00+00:00,743.28,744.89,743.28,743.3,48825,pre-market,False
2026-07-31T12:38:00+00:00,743.15,743.34,743.11,743.34,1420,pre-market,False
2026-07-31T12:39:00+00:00,743.27,743.27,743.1,743.1,1933,pre-market,False
2026-07-31T12:40:00+00:00,743.13,743.17,743.1,743.16,1143,pre-market,False
2026-07-31T12:41:00+00:00,743.18,743.31,743.07,743.31,2504,pre-market,False
2026-07-31T12:42:00+00:00,743.19,743.2,742.79,742.86,12526,pre-market,False
2026-07-31T12:43:00+00:00,742.88,743.03,742.85,743.03,2282,pre-market,False
2026-07-31T12:44:00+00:00,743.15,743.15,743.07,743.1,1424,pre-market,False
2026-07-31T12:45:00+00:00,743.21,743.21,743.0,743.0,2105,pre-market,False
2026-07-31T12:46:00+00:00,743.12,743.13,743.04,743.13,1616,pre-market,False
2026-07-31T12:47:00+00:00,743.13,743.24,743.09,743.15,2002,pre-market,False
2026-07-31T12:48:00+00:00,743.15,743.15,743.06,743.08,1377,pre-market,False
2026-07-31T12:49:00+00:00,743.0,743.01,742.92,743.0,1710,pre-market,False
2026-07-31T12:50:00+00:00,743.0,743.0,742.87,742.95,806,pre-market,False
2026-07-31T12:51:00+00:00,742.96,743.3,742.96,743.3,2019,pre-market,False
2026-07-31T12:52:00+00:00,743.27,743.46,743.27,743.4,2489,pre-market,False
2026-07-31T12:53:00+00:00,743.44,743.5,743.4,743.43,3450,pre-market,False
2026-07-31T12:54:00+00:00,743.39,743.46,743.36,743.44,1204,pre-market,False
2026-07-31T12:55:00+00:00,743.42,743.43,743.27,743.27,1444,pre-market,False
2026-07-31T12:56:00+00:00,743.3,743.37,743.25,743.31,553,pre-market,False
2026-07-31T12:57:00+00:00,743.25,743.25,742.97,743.05,1499,pre-market,False
2026-07-31T12:58:00+00:00,743.06,743.07,743.01,743.04,2949,pre-market,False
2026-07-31T12:59:00+00:00,743.07,743.1,743.01,743.09,2389,pre-market,False
2026-07-31T13:00:00+00:00,743.14,743.21,742.95,743.0,5728,pre-market,False
2026-07-31T13:01:00+00:00,742.99,743.15,742.97,743.1,1932,pre-market,False
2026-07-31T13:02:00+00:00,743.11,743.19,743.11,743.19,378,pre-market,False
2026-07-31T13:03:00+00:00,743.41,743.5,743.4,743.47,5105,pre-market,False
2026-07-31T13:04:00+00:00,743.4,743.45,743.4,743.4,1596,pre-market,False
2026-07-31T13:05:00+00:00,743.35,743.43,743.35,743.41,5673,pre-market,False
2026-07-31T13:06:00+00:00,743.41,743.46,743.26,743.26,5072,pre-market,False
2026-07-31T13:07:00+00:00,743.27,743.28,743.27,743.28,160,pre-market,False
2026-07-31T13:08:00+00:00,743.4,743.45,743.4,743.42,708,pre-market,False
2026-07-31T13:09:00+00:00,743.42,743.6,743.42,743.54,6213,pre-market,False
2026-07-31T13:10:00+00:00,743.62,743.9,743.62,743.83,11278,pre-market,False
2026-07-31T13:11:00+00:00,743.82,743.9,743.63,743.74,33107,pre-market,False
2026-07-31T13:12:00+00:00,743.73,743.73,743.63,743.64,5698,pre-market,False
2026-07-31T13:13:00+00:00,743.73,743.73,743.59,743.62,1595,pre-market,False
2026-07-31T13:14:00+00:00,743.6,743.74,743.6,743.74,1035,pre-market,False
2026-07-31T13:15:00+00:00,743.81,743.92,743.8,743.85,9007,pre-market,False
2026-07-31T13:16:00+00:00,743.85,743.93,743.81,743.93,6458,pre-market,False
2026-07-31T13:17:00+00:00,743.89,744.0,743.84,743.97,3915,pre-market,False
2026-07-31T13:18:00+00:00,743.95,743.98,743.88,743.9,2038,pre-market,False
2026-07-31T13:19:00+00:00,743.9,744.04,743.9,743.98,25164,pre-market,False
2026-07-31T13:20:00+00:00,743.98,744.03,743.9,743.94,5770,pre-market,False
2026-07-31T13:21:00+00:00,743.96,744.02,743.88,744.01,4845,pre-market,False
2026-07-31T13:22:00+00:00,743.98,744.19,743.97,744.17,4250,pre-market,False
2026-07-31T13:23:00+00:00,744.14,744.25,744.11,744.25,15455,pre-market,False
2026-07-31T13:24:00+00:00,744.22,744.27,744.12,744.26,3409,pre-market,False
2026-07-31T13:25:00+00:00,744.27,744.35,744.15,744.31,16306,pre-market,False
2026-07-31T13:26:00+00:00,744.31,744.37,744.25,744.3,13865,pre-market,False
2026-07-31T13:27:00+00:00,744.3,744.4,744.12,744.4,28581,pre-market,False
2026-07-31T13:28:00+00:00,744.43,744.55,744.38,744.45,28570,pre-market,False
2026-07-31T13:29:00+00:00,744.5,744.71,744.16,744.64,40048,pre-market,False
2026-07-31T13:31:00+00:00,744.98,745.52,744.77,745.43,148105,regular,False
2026-07-31T13:32:00+00:00,745.45,745.89,745.4,745.84,167021,regular,False
2026-07-31T13:33:00+00:00,745.84,746.15,745.71,745.79,250241,regular,False
2026-07-31T13:34:00+00:00,745.79,746.31,745.75,746.0,180907,regular,False
2026-07-31T13:35:00+00:00,745.98,746.26,745.85,746.05,221290,regular,False
2026-07-31T13:36:00+00:00,746.04,746.26,745.73,745.98,138685,regular,False
2026-07-31T13:39:00+00:00,745.19,745.22,744.11,744.12,255150,regular,False
2026-07-31T13:40:00+00:00,744.13,744.21,743.5,743.62,247206,regular,False
2026-07-31T13:41:00+00:00,743.6,744.17,743.52,743.71,211184,regular,False
2026-07-31T13:42:00+00:00,743.7,743.78,743.11,743.34,203972,regular,False
2026-07-31T13:43:00+00:00,743.35,743.62,742.84,743.53,205330,regular,False
2026-07-31T13:44:00+00:00,743.54,743.78,743.05,743.1,261581,regular,False
2026-07-31T13:45:00+00:00,743.1,743.6,742.63,742.93,251063,regular,False
2026-07-31T13:46:00+00:00,742.96,743.01,742.59,742.85,151762,regular,False
2026-07-31T13:47:00+00:00,742.86,743.07,742.52,742.61,170143,regular,False
2026-07-31T13:48:00+00:00,742.65,742.74,742.15,742.44,137145,regular,False
2026-07-31T13:49:00+00:00,742.47,742.6,741.98,742.28,157286,regular,False
2026-07-31T13:50:00+00:00,742.29,742.44,741.87,742.01,196849,regular,False
2026-07-31T13:51:00+00:00,742.03,742.68,741.95,742.63,148803,regular,False
2026-07-31T13:52:00+00:00,742.61,742.68,741.85,742.01,170631,regular,False
2026-07-31T13:53:00+00:00,742.0,742.16,741.55,741.99,167220,regular,False
2026-07-31T13:54:00+00:00,741.98,742.06,741.67,742.0,163549,regular,False
2026-07-31T13:55:00+00:00,742.01,742.33,741.69,742.24,149410,regular,False
2026-07-31T13:56:00+00:00,742.25,742.82,742.03,742.8,145933,regular,False
2026-07-31T13:57:00+00:00,742.81,742.83,742.29,742.32,142105,regular,False
2026-07-31T13:58:00+00:00,742.32,742.45,741.89,741.92,128971,regular,False
2026-07-31T13:59:00+00:00,741.9,742.23,741.89,741.94,91983,regular,False
2026-07-31T14:00:00+00:00,741.94,742.37,741.5,741.84,114878,regular,False
2026-07-31T14:01:00+00:00,741.83,741.89,741.0,741.55,128749,regular,False
2026-07-31T14:02:00+00:00,741.53,741.6,740.78,741.03,162773,regular,False
2026-07-31T14:03:00+00:00,741.04,741.16,740.67,740.96,129668,regular,False
2026-07-31T14:04:00+00:00,740.94,740.98,740.29,740.32,108205,regular,False
2026-07-31T14:05:00+00:00,740.3,740.57,740.12,740.52,181582,regular,False
2026-07-31T14:06:00+00:00,740.5,740.75,739.87,739.88,205238,regular,False
2026-07-31T14:07:00+00:00,739.89,739.92,739.01,739.4,252409,regular,False
2026-07-31T14:08:00+00:00,739.41,739.44,738.43,738.86,215529,regular,False
2026-07-31T14:09:00+00:00,738.88,739.17,738.45,739.14,291871,regular,False
2026-07-31T14:10:00+00:00,739.15,739.39,738.28,738.45,221613,regular,False
2026-07-31T14:11:00+00:00,738.46,738.92,738.4,738.92,267766,regular,False
2026-07-31T14:12:00+00:00,738.92,739.17,738.32,738.35,261553,regular,False
2026-07-31T14:13:00+00:00,738.33,738.53,738.04,738.24,161816,regular,False
2026-07-31T14:14:00+00:00,738.21,738.62,737.97,738.48,156852,regular,False
2026-07-31T14:15:00+00:00,738.47,738.9,738.06,738.3,167526,regular,False
2026-07-31T14:16:00+00:00,738.33,738.34,737.68,738.12,219488,regular,False
2026-07-31T14:17:00+00:00,738.12,738.95,738.12,738.54,241151,regular,False
2026-07-31T14:18:00+00:00,738.54,739.4,738.53,739.39,212287,regular,False
2026-07-31T14:19:00+00:00,739.38,739.5,738.56,738.61,287673,regular,False
2026-07-31T14:20:00+00:00,738.61,739.47,738.38,739.29,156060,regular,False
2026-07-31T14:21:00+00:00,739.26,739.43,738.81,739.34,257284,regular,False
2026-07-31T14:22:00+00:00,739.33,740.06,739.28,739.99,179763,regular,False
2026-07-31T14:23:00+00:00,739.99,740.12,739.61,739.94,143439,regular,False
2026-07-31T14:24:00+00:00,739.94,739.94,738.97,739.51,135300,regular,False
2026-07-31T14:25:00+00:00,739.51,739.91,739.39,739.65,117192,regular,False
2026-07-31T14:26:00+00:00,739.64,739.88,739.48,739.73,95322,regular,False
2026-07-31T14:27:00+00:00,739.77,740.14,739.28,740.1,88300,regular,False
2026-07-31T14:28:00+00:00,740.15,740.53,739.98,740.45,128457,regular,False
2026-07-31T14:29:00+00:00,740.46,740.57,740.01,740.49,110268,regular,False
2026-07-31T14:30:00+00:00,740.48,740.63,740.13,740.33,101567,regular,False
2026-07-31T14:31:00+00:00,740.34,740.92,740.32,740.7,120387,regular,False
2026-07-31T14:32:00+00:00,740.7,740.82,740.35,740.82,100007,regular,False
2026-07-31T14:33:00+00:00,740.84,741.08,740.52,740.59,110075,regular,False
2026-07-31T14:34:00+00:00,740.53,741.18,740.39,740.49,205101,regular,False
2026-07-31T14:35:00+00:00,740.48,741.19,740.45,741.19,82531,regular,False
2026-07-31T14:36:00+00:00,741.19,741.24,740.92,741.16,90888,regular,False
2026-07-31T14:37:00+00:00,741.17,741.41,741.02,741.22,81621,regular,False
2026-07-31T14:38:00+00:00,741.21,741.34,741.03,741.07,60178,regular,False
2026-07-31T14:39:00+00:00,741.07,741.38,741.02,741.23,55360,regular,False
2026-07-31T14:40:00+00:00,741.21,741.61,741.2,741.51,105443,regular,False
2026-07-31T14:41:00+00:00,741.53,741.6,741.06,741.1,69001,regular,False
2026-07-31T14:42:00+00:00,741.07,741.08,740.58,740.97,120619,regular,False
2026-07-31T14:43:00+00:00,740.96,741.4,740.79,741.37,73224,regular,False
2026-07-31T14:44:00+00:00,741.38,741.66,741.38,741.63,94637,regular,False
2026-07-31T14:45:00+00:00,741.6,742.01,741.44,741.57,115893,regular,False
2026-07-31T14:46:00+00:00,741.56,742.28,741.48,741.85,108556,regular,False
2026-07-31T14:47:00+00:00,741.85,741.95,741.53,741.85,64183,regular,False
2026-07-31T14:48:00+00:00,741.86,742.22,741.75,742.22,64508,regular,False
2026-07-31T14:49:00+00:00,742.21,742.5,742.04,742.42,150401,regular,False
2026-07-31T14:52:00+00:00,742.68,742.84,742.49,742.76,70813,regular,False
2026-07-31T14:53:00+00:00,742.74,742.95,742.61,742.83,91267,regular,False
2026-07-31T14:54:00+00:00,742.85,742.88,742.04,742.19,137977,regular,False
2026-07-31T14:55:00+00:00,742.19,742.25,741.71,741.84,85651,regular,False
2026-07-31T14:56:00+00:00,741.83,742.54,741.51,742.42,81961,regular,False
2026-07-31T14:57:00+00:00,742.43,742.69,742.33,742.4,62341,regular,False
2026-07-31T14:58:00+00:00,742.42,742.67,742.03,742.65,82598,regular,False
2026-07-31T14:59:00+00:00,742.66,742.67,742.29,742.5,59281,regular,False
2026-07-31T15:00:00+00:00,742.53,742.71,742.16,742.17,74792,regular,False
2026-07-31T15:01:00+00:00,742.17,742.42,742.08,742.15,62387,regular,False
2026-07-31T15:02:00+00:00,742.14,742.51,742.04,742.24,51363,regular,False
2026-07-31T15:03:00+00:00,742.22,742.39,741.76,741.95,63697,regular,False
2026-07-31T15:04:00+00:00,741.94,742.59,741.88,742.51,44453,regular,False
2026-07-31T15:05:00+00:00,742.52,742.82,742.38,742.41,97774,regular,False
2026-07-31T15:06:00+00:00,742.4,742.68,742.23,742.24,42879,regular,False
2026-07-31T15:07:00+00:00,742.22,742.34,741.89,742.19,45110,regular,False
2026-07-31T15:08:00+00:00,742.18,742.27,741.75,741.89,102949,regular,False
2026-07-31T15:10:00+00:00,741.86,742.04,741.56,741.85,47319,regular,False
2026-07-31T15:11:00+00:00,741.85,741.91,741.21,741.35,80234,regular,False
2026-07-31T15:12:00+00:00,741.35,741.92,741.12,741.87,56936,regular,False
2026-07-31T15:13:00+00:00,741.87,742.19,741.6,742.18,51927,regular,False
2026-07-31T15:14:00+00:00,742.19,742.49,742.08,742.15,43837,regular,False
2026-07-31T15:15:00+00:00,742.14,743.1,742.11,742.48,141018,regular,False
2026-07-31T15:16:00+00:00,742.46,742.52,741.75,741.97,59190,regular,False
2026-07-31T15:17:00+00:00,741.95,742.0,741.53,741.7,44364,regular,False
2026-07-31T15:18:00+00:00,741.71,741.91,741.51,741.83,70966,regular,False
2026-07-31T15:19:00+00:00,741.81,742.04,741.74,741.95,36135,regular,False
2026-07-31T15:20:00+00:00,741.92,742.17,741.63,741.72,32600,regular,False
2026-07-31T15:21:00+00:00,741.71,742.0,741.45,741.52,48686,regular,False
2026-07-31T15:22:00+00:00,741.51,741.71,741.23,741.35,44748,regular,False
2026-07-31T15:23:00+00:00,741.36,741.52,741.24,741.39,53671,regular,False
2026-07-31T15:24:00+00:00,741.39,741.41,741.0,741.08,45439,regular,False
2026-07-31T15:25:00+00:00,741.02,741.22,740.77,740.82,73757,regular,False
2026-07-31T15:26:00+00:00,740.83,740.93,740.2,740.35,102022,regular,False
2026-07-31T15:27:00+00:00,740.34,740.49,740.16,740.2,87110,regular,False
2026-07-31T15:28:00+00:00,740.21,740.57,740.09,740.51,107823,regular,False
2026-07-31T15:29:00+00:00,740.49,740.62,740.1,740.3,65110,regular,False
2026-07-31T15:30:00+00:00,740.29,740.51,740.0,740.21,93012,regular,False
2026-07-31T15:31:00+00:00,740.2,741.0,740.07,740.33,111097,regular,False
2026-07-31T15:32:00+00:00,740.31,740.4,740.12,740.38,35470,regular,False
2026-07-31T15:33:00+00:00,740.32,740.49,740.07,740.3,84873,regular,False
2026-07-31T15:34:00+00:00,740.31,740.74,739.81,740.74,101214,regular,False
2026-07-31T15:35:00+00:00,740.75,741.18,740.68,741.01,99314,regular,False
2026-07-31T15:36:00+00:00,741.04,741.48,740.98,741.28,75722,regular,False
2026-07-31T15:37:00+00:00,741.26,741.75,741.26,741.73,60700,regular,False
2026-07-31T15:38:00+00:00,741.73,742.34,741.73,742.18,81169,regular,False
2026-07-31T15:39:00+00:00,742.16,742.34,742.01,742.07,50079,regular,False
2026-07-31T15:40:00+00:00,742.06,742.34,741.97,742.07,64697,regular,False
2026-07-31T15:41:00+00:00,742.1,742.1,741.17,741.22,59297,regular,False
2026-07-31T15:42:00+00:00,741.23,741.36,741.03,741.18,37841,regular,False
2026-07-31T15:43:00+00:00,741.17,741.53,740.97,741.53,30068,regular,False
2026-07-31T15:44:00+00:00,741.51,741.83,741.45,741.82,42108,regular,False
2026-07-31T15:45:00+00:00,741.83,741.98,741.42,741.72,33748,regular,False
2026-07-31T15:46:00+00:00,741.7,741.93,741.61,741.64,38941,regular,False
2026-07-31T15:47:00+00:00,741.64,741.79,741.1,741.31,58003,regular,False
2026-07-31T15:48:00+00:00,741.31,741.6,741.12,741.6,41352,regular,False
2026-07-31T15:49:00+00:00,741.57,741.7,741.25,741.43,54692,regular,False
2026-07-31T15:50:00+00:00,741.42,742.04,741.29,741.95,45888,regular,False
2026-07-31T15:51:00+00:00,741.95,742.5,741.93,742.48,67090,regular,False
2026-07-31T15:52:00+00:00,742.5,742.82,742.16,742.74,59890,regular,False
2026-07-31T15:53:00+00:00,742.73,742.81,742.34,742.53,59150,regular,False
2026-07-31T15:54:00+00:00,742.52,742.94,742.44,742.81,50568,regular,False
2026-07-31T15:55:00+00:00,742.78,742.89,742.55,742.69,67997,regular,False
2026-07-31T15:56:00+00:00,742.7,742.88,742.65,742.79,52300,regular,False
2026-07-31T15:57:00+00:00,742.78,743.11,742.77,743.03,68584,regular,False
2026-07-31T15:58:00+00:00,743.02,743.33,743.0,743.02,116641,regular,False
2026-07-31T15:59:00+00:00,743.01,743.18,742.75,743.09,68685,regular,False
2026-07-31T16:00:00+00:00,743.09,743.38,742.92,743.36,58499,regular,False
2026-07-31T16:01:00+00:00,743.38,743.56,743.23,743.24,82390,regular,False
2026-07-31T16:02:00+00:00,743.27,743.41,742.98,743.14,69847,regular,False
2026-07-31T16:03:00+00:00,743.16,743.24,743.06,743.21,54584,regular,False
2026-07-31T16:04:00+00:00,743.21,743.44,743.16,743.25,76270,regular,False
2026-07-31T16:05:00+00:00,743.24,743.39,742.96,742.97,63301,regular,False
2026-07-31T16:06:00+00:00,742.99,743.03,742.66,742.85,54193,regular,False
2026-07-31T16:07:00+00:00,742.84,742.88,742.46,742.65,86696,regular,False
2026-07-31T16:08:00+00:00,742.67,743.08,742.65,743.05,42138,regular,False
2026-07-31T16:09:00+00:00,743.07,743.15,743.0,743.04,82714,regular,False
2026-07-31T16:10:00+00:00,743.05,743.22,743.0,743.19,56362,regular,False
2026-07-31T16:11:00+00:00,743.19,743.51,743.12,743.49,121315,regular,False
2026-07-31T16:12:00+00:00,743.48,743.57,743.28,743.37,60375,regular,False
2026-07-31T16:13:00+00:00,743.39,743.64,743.29,743.62,51892,regular,False
2026-07-31T16:14:00+00:00,743.62,743.66,743.33,743.55,67364,regular,False
2026-07-31T16:15:00+00:00,743.52,743.6,742.88,742.93,65728,regular,False
2026-07-31T16:16:00+00:00,742.91,743.23,742.78,743.19,52093,regular,False
2026-07-31T16:17:00+00:00,743.16,743.39,743.03,743.31,44551,regular,False
2026-07-31T16:18:00+00:00,743.32,743.38,743.08,743.38,44511,regular,False
2026-07-31T16:19:00+00:00,743.39,743.43,743.16,743.31,38360,regular,False
2026-07-31T16:20:00+00:00,743.29,743.67,743.25,743.67,46739,regular,False
2026-07-31T16:21:00+00:00,743.66,743.78,743.57,743.73,70082,regular,False
2026-07-31T16:22:00+00:00,743.71,743.91,743.66,743.84,68481,regular,False
2026-07-31T16:23:00+00:00,743.84,744.06,743.82,744.04,97546,regular,False
2026-07-31T16:24:00+00:00,744.04,744.43,744.03,744.29,82032,regular,False
2026-07-31T16:25:00+00:00,744.29,744.31,743.86,743.96,62160,regular,False
2026-07-31T16:26:00+00:00,743.96,744.08,743.81,744.03,26682,regular,False
2026-07-31T16:27:00+00:00,744.05,744.18,743.88,743.89,38840,regular,False
2026-07-31T16:28:00+00:00,743.9,744.19,743.8,744.13,31905,regular,False
2026-07-31T16:29:00+00:00,744.14,744.42,744.12,744.42,53478,regular,False
2026-07-31T16:30:00+00:00,744.43,744.72,744.36,744.4,115046,regular,False
2026-07-31T16:31:00+00:00,744.38,744.77,744.28,744.77,66588,regular,False
2026-07-31T16:32:00+00:00,744.77,744.81,744.61,744.63,51017,regular,False
2026-07-31T16:33:00+00:00,744.62,744.83,744.54,744.8,46930,regular,False
2026-07-31T16:34:00+00:00,744.8,744.81,744.64,744.78,56731,regular,False
2026-07-31T16:35:00+00:00,744.78,745.03,744.72,744.9,103771,regular,False
2026-07-31T16:36:00+00:00,744.9,744.92,744.53,744.54,45762,regular,False
2026-07-31T16:37:00+00:00,744.53,744.67,744.49,744.63,56708,regular,False
2026-07-31T16:38:00+00:00,744.61,744.63,744.35,744.44,39607,regular,False
2026-07-31T16:39:00+00:00,744.42,744.62,744.4,744.55,32098,regular,False
2026-07-31T16:40:00+00:00,744.53,744.77,744.53,744.69,45230,regular,False
2026-07-31T16:41:00+00:00,744.71,744.71,744.23,744.25,45189,regular,False
2026-07-31T16:42:00+00:00,744.25,744.45,744.09,744.37,53971,regular,False
2026-07-31T16:43:00+00:00,744.38,744.43,744.19,744.26,42299,regular,False
2026-07-31T16:44:00+00:00,744.27,744.33,744.12,744.17,52895,regular,False
2026-07-31T16:45:00+00:00,744.16,744.36,743.99,744.22,49139,regular,False
2026-07-31T16:46:00+00:00,744.24,744.59,744.08,744.59,54837,regular,False
2026-07-31T16:47:00+00:00,744.57,744.6,744.44,744.49,39127,regular,False
2026-07-31T16:48:00+00:00,744.5,744.55,744.38,744.47,31616,regular,False
2026-07-31T16:49:00+00:00,744.46,744.55,744.29,744.53,41371,regular,False
2026-07-31T16:50:00+00:00,744.57,744.79,744.43,744.69,30929,regular,False
2026-07-31T16:51:00+00:00,744.67,745.02,744.61,744.81,66924,regular,False
2026-07-31T16:52:00+00:00,744.78,744.83,744.69,744.72,32874,regular,False
2026-07-31T16:53:00+00:00,744.71,744.82,744.67,744.81,29843,regular,False
2026-07-31T16:54:00+00:00,744.82,744.93,744.57,744.59,30002,regular,False
2026-07-31T16:55:00+00:00,744.58,744.77,744.52,744.67,29303,regular,False
2026-07-31T16:56:00+00:00,744.68,744.8,744.57,744.66,34499,regular,False
2026-07-31T16:57:00+00:00,744.67,744.86,744.65,744.84,25252,regular,False
2026-07-31T16:58:00+00:00,744.85,744.86,744.75,744.8,43824,regular,False
2026-07-31T16:59:00+00:00,744.78,744.8,744.6,744.62,41603,regular,False
2026-07-31T17:00:00+00:00,744.62,744.85,744.5,744.84,34311,regular,False
2026-07-31T17:01:00+00:00,744.84,745.21,744.79,745.16,73773,regular,False
2026-07-31T17:02:00+00:00,745.18,745.19,745.1,745.13,47580,regular,False
2026-07-31T17:03:00+00:00,745.14,745.31,745.12,745.25,42987,regular,False
2026-07-31T17:04:00+00:00,745.27,745.27,745.05,745.06,39475,regular,False
2026-07-31T17:05:00+00:00,745.03,745.26,745.0,745.15,36844,regular,False
2026-07-31T17:06:00+00:00,745.14,745.18,744.88,744.9,56804,regular,False
2026-07-31T17:07:00+00:00,744.88,744.9,744.58,744.58,40882,regular,False
2026-07-31T17:08:00+00:00,744.56,744.78,744.55,744.74,62769,regular,False
2026-07-31T17:09:00+00:00,744.73,744.86,744.7,744.81,47168,regular,False
2026-07-31T17:10:00+00:00,744.79,745.03,744.63,744.91,57593,regular,False
2026-07-31T17:11:00+00:00,744.9,745.21,744.9,745.18,35827,regular,False
2026-07-31T17:12:00+00:00,745.19,745.28,745.16,745.2,34939,regular,False
2026-07-31T17:13:00+00:00,745.2,745.26,745.16,745.18,24390,regular,False
2026-07-31T17:14:00+00:00,745.16,745.29,745.07,745.23,37252,regular,False
2026-07-31T17:15:00+00:00,745.22,745.48,745.15,745.37,55340,regular,False
2026-07-31T17:16:00+00:00,745.37,745.51,745.25,745.31,64717,regular,False
2026-07-31T17:17:00+00:00,745.31,745.31,745.1,745.17,36729,regular,False
2026-07-31T17:18:00+00:00,745.15,745.35,745.1,745.26,40281,regular,False
2026-07-31T17:19:00+00:00,745.26,745.49,745.26,745.45,40021,regular,False
2026-07-31T17:20:00+00:00,745.44,745.6,745.41,745.55,84337,regular,False
2026-07-31T17:21:00+00:00,745.57,745.58,745.35,745.37,56230,regular,False
2026-07-31T17:22:00+00:00,745.38,745.41,745.2,745.41,48398,regular,False
2026-07-31T17:23:00+00:00,745.42,745.66,745.4,745.65,42584,regular,False
2026-07-31T17:24:00+00:00,745.66,746.1,745.65,746.04,96004,regular,False
2026-07-31T17:25:00+00:00,746.04,746.11,745.95,746.06,28448,regular,False
2026-07-31T17:26:00+00:00,746.07,746.16,745.91,746.16,37014,regular,False
2026-07-31T17:27:00+00:00,746.17,746.4,746.06,746.06,71093,regular,False
2026-07-31T17:28:00+00:00,746.07,746.32,746.06,746.16,43893,regular,False
2026-07-31T17:29:00+00:00,746.16,746.37,746.13,746.29,49358,regular,False
2026-07-31T17:30:00+00:00,746.3,746.32,746.12,746.19,77541,regular,False
2026-07-31T17:31:00+00:00,746.18,746.32,746.16,746.24,38496,regular,False
2026-07-31T17:32:00+00:00,746.23,746.29,746.06,746.15,76176,regular,False
2026-07-31T17:33:00+00:00,746.16,746.42,746.14,746.4,55969,regular,False
2026-07-31T17:34:00+00:00,746.4,746.44,746.32,746.37,64228,regular,False
2026-07-31T17:35:00+00:00,746.35,746.45,746.24,746.38,66285,regular,False
2026-07-31T17:36:00+00:00,746.38,746.5,746.3,746.35,44246,regular,False
2026-07-31T17:37:00+00:00,746.34,746.48,746.32,746.41,43556,regular,False
2026-07-31T17:38:00+00:00,746.41,746.45,746.03,746.04,146833,regular,False
2026-07-31T17:39:00+00:00,746.03,746.03,745.75,745.79,80495,regular,False
2026-07-31T17:40:00+00:00,745.77,746.03,745.73,745.91,84769,regular,False
2026-07-31T17:41:00+00:00,745.92,745.93,745.74,745.82,49574,regular,False
2026-07-31T17:42:00+00:00,745.81,745.81,745.61,745.68,50118,regular,False
2026-07-31T17:43:00+00:00,745.69,745.84,745.68,745.83,52701,regular,False
2026-07-31T17:44:00+00:00,745.81,745.95,745.75,745.84,46006,regular,False
2026-07-31T17:45:00+00:00,745.86,745.97,745.77,745.8,40548,regular,False
2026-07-31T17:46:00+00:00,745.79,746.11,745.79,745.98,37740,regular,False
2026-07-31T17:47:00+00:00,745.99,746.03,745.48,745.49,49088,regular,False
2026-07-31T17:48:00+00:00,745.49,745.53,745.29,745.42,69604,regular,False
2026-07-31T17:49:00+00:00,745.43,745.48,745.23,745.29,45376,regular,False
2026-07-31T17:50:00+00:00,745.27,745.41,745.19,745.39,38867,regular,False
2026-07-31T17:51:00+00:00,745.4,745.58,745.27,745.58,40596,regular,False
2026-07-31T17:52:00+00:00,745.58,745.86,745.57,745.58,60200,regular,False
2026-07-31T17:53:00+00:00,745.6,745.73,745.53,745.53,30743,regular,False
2026-07-31T17:54:00+00:00,745.53,745.67,745.52,745.59,28180,regular,False
2026-07-31T17:55:00+00:00,745.59,745.72,745.56,745.6,26440,regular,False
2026-07-31T17:56:00+00:00,745.6,745.77,745.6,745.68,27039,regular,False
2026-07-31T17:57:00+00:00,745.67,745.73,745.53,745.71,23009,regular,False
2026-07-31T17:58:00+00:00,745.7,745.76,745.6,745.65,34400,regular,False
2026-07-31T17:59:00+00:00,745.64,745.64,745.41,745.44,23589,regular,False
2026-07-31T18:00:00+00:00,745.44,745.76,745.29,745.76,40953,regular,False
2026-07-31T18:01:00+00:00,745.77,746.02,745.74,745.89,51606,regular,False
2026-07-31T18:02:00+00:00,745.89,745.93,745.75,745.83,60922,regular,False
2026-07-31T18:03:00+00:00,745.8,745.88,745.67,745.71,50940,regular,False
2026-07-31T18:04:00+00:00,745.71,745.83,745.64,745.64,49179,regular,False
2026-07-31T18:05:00+00:00,745.64,745.68,745.47,745.62,33717,regular,False
2026-07-31T18:06:00+00:00,745.66,746.04,745.62,745.96,57923,regular,False
2026-07-31T18:07:00+00:00,745.95,745.97,745.78,745.87,36051,regular,False
2026-07-31T18:08:00+00:00,745.84,745.96,745.76,745.89,53948,regular,False
2026-07-31T18:09:00+00:00,745.89,745.96,745.86,745.89,56203,regular,False
2026-07-31T18:10:00+00:00,745.89,746.03,745.81,745.84,52311,regular,False
2026-07-31T18:11:00+00:00,745.84,745.84,745.53,745.63,31882,regular,False
2026-07-31T18:12:00+00:00,745.64,745.75,745.52,745.54,32473,regular,False
2026-07-31T18:13:00+00:00,745.57,745.72,745.52,745.71,29379,regular,False
2026-07-31T18:14:00+00:00,745.72,745.86,745.62,745.72,39795,regular,False
2026-07-31T18:15:00+00:00,745.69,745.89,745.63,745.82,47624,regular,False
2026-07-31T18:16:00+00:00,745.83,745.98,745.79,745.9,57075,regular,False
2026-07-31T18:17:00+00:00,745.91,746.07,745.83,745.95,50865,regular,False
2026-07-31T18:18:00+00:00,745.97,746.26,745.96,746.18,76238,regular,False
2026-07-31T18:19:00+00:00,746.17,746.26,746.07,746.09,56734,regular,False
2026-07-31T18:20:00+00:00,746.08,746.3,746.01,746.15,51640,regular,False
2026-07-31T18:21:00+00:00,746.16,746.34,746.09,746.22,61014,regular,False
2026-07-31T18:22:00+00:00,746.22,746.35,746.17,746.27,63023,regular,False
2026-07-31T18:23:00+00:00,746.27,746.37,746.22,746.28,52244,regular,False
2026-07-31T18:24:00+00:00,746.28,746.43,746.25,746.33,120442,regular,False
2026-07-31T18:25:00+00:00,746.33,746.36,746.04,746.08,66222,regular,False
2026-07-31T18:26:00+00:00,746.08,746.13,746.0,746.0,58505,regular,False
2026-07-31T18:27:00+00:00,746.02,746.06,745.91,746.02,50881,regular,False
2026-07-31T18:28:00+00:00,746.0,746.11,745.95,746.0,48943,regular,False
2026-07-31T18:29:00+00:00,746.0,746.16,745.96,746.01,44435,regular,False
2026-07-31T18:30:00+00:00,746.04,746.26,746.04,746.22,52693,regular,False
2026-07-31T18:31:00+00:00,746.23,746.23,746.08,746.21,57391,regular,False
2026-07-31T18:32:00+00:00,746.23,746.28,746.17,746.22,65155,regular,False
2026-07-31T18:33:00+00:00,746.23,746.23,746.03,746.09,45803,regular,False
2026-07-31T18:34:00+00:00,746.1,746.25,746.07,746.09,38137,regular,False
2026-07-31T18:35:00+00:00,746.07,746.08,745.75,745.96,77359,regular,False
2026-07-31T18:36:00+00:00,745.96,746.1,745.91,745.98,41652,regular,False
2026-07-31T18:37:00+00:00,745.97,745.97,745.8,745.88,126091,regular,False
2026-07-31T18:38:00+00:00,745.88,745.99,745.85,745.89,63422,regular,False
2026-07-31T18:39:00+00:00,745.9,745.93,745.79,745.82,103710,regular,False
2026-07-31T18:40:00+00:00,745.81,745.92,745.67,745.84,132653,regular,False
2026-07-31T18:41:00+00:00,745.85,746.08,745.83,745.94,78988,regular,False
2026-07-31T18:42:00+00:00,745.94,746.18,745.9,746.16,44087,regular,False
2026-07-31T18:43:00+00:00,746.16,746.18,746.09,746.1,40685,regular,False
2026-07-31T18:44:00+00:00,746.09,746.14,746.01,746.07,63567,regular,False
2026-07-31T18:45:00+00:00,746.08,746.26,746.05,746.2,52319,regular,False
2026-07-31T18:46:00+00:00,746.2,746.22,745.96,745.96,47705,regular,False
2026-07-31T18:47:00+00:00,745.96,746.09,745.92,746.09,58339,regular,False
2026-07-31T18:48:00+00:00,746.09,746.2,746.02,746.2,40973,regular,False
2026-07-31T18:49:00+00:00,746.19,746.37,746.17,746.34,82660,regular,False
2026-07-31T18:50:00+00:00,746.33,746.54,746.3,746.47,124546,regular,False
2026-07-31T18:51:00+00:00,746.48,746.5,746.35,746.41,49527,regular,False
2026-07-31T18:52:00+00:00,746.42,746.45,746.3,746.32,57355,regular,False
2026-07-31T18:53:00+00:00,746.32,746.39,746.27,746.32,68552,regular,False
2026-07-31T18:54:00+00:00,746.33,746.35,746.19,746.24,43577,regular,False
2026-07-31T18:55:00+00:00,746.24,746.37,746.06,746.06,57126,regular,False
2026-07-31T18:56:00+00:00,746.07,746.17,746.0,746.16,117070,regular,False
2026-07-31T18:57:00+00:00,746.17,746.17,745.9,746.06,94108,regular,False
2026-07-31T18:58:00+00:00,746.05,746.12,746.01,746.11,57407,regular,False
2026-07-31T18:59:00+00:00,746.1,746.19,746.02,746.16,70799,regular,False
2026-07-31T19:00:00+00:00,746.14,746.57,746.13,746.4,124206,regular,False
2026-07-31T19:01:00+00:00,746.42,746.46,746.19,746.25,76531,regular,False
2026-07-31T19:02:00+00:00,746.26,746.35,746.16,746.18,54033,regular,False
2026-07-31T19:03:00+00:00,746.18,746.24,746.03,746.03,48227,regular,False
2026-07-31T19:04:00+00:00,746.02,746.03,745.88,745.88,42746,regular,False
2026-07-31T19:05:00+00:00,745.92,746.1,745.79,746.04,66205,regular,False
2026-07-31T19:06:00+00:00,746.03,746.06,745.83,745.93,30140,regular,False
2026-07-31T19:07:00+00:00,745.93,746.04,745.82,746.03,37867,regular,False
2026-07-31T19:08:00+00:00,746.03,746.17,745.98,746.15,44135,regular,False
2026-07-31T19:09:00+00:00,746.16,746.24,746.11,746.16,68925,regular,False
2026-07-31T19:10:00+00:00,746.16,746.41,746.14,746.34,74731,regular,False
2026-07-31T19:11:00+00:00,746.32,746.37,746.18,746.22,57468,regular,False
2026-07-31T19:12:00+00:00,746.21,746.53,746.12,746.49,69269,regular,False
2026-07-31T19:13:00+00:00,746.48,746.49,746.38,746.41,63758,regular,False
2026-07-31T19:14:00+00:00,746.44,746.48,746.3,746.33,50435,regular,False
2026-07-31T19:15:00+00:00,746.33,746.55,746.26,746.53,84407,regular,False
2026-07-31T19:16:00+00:00,746.52,746.62,746.44,746.62,78631,regular,False
2026-07-31T19:17:00+00:00,746.59,747.03,746.58,747.03,170730,regular,False
2026-07-31T19:18:00+00:00,747.02,747.3,747.02,747.28,290623,regular,False
2026-07-31T19:19:00+00:00,747.28,747.56,747.26,747.52,209967,regular,False
2026-07-31T19:20:00+00:00,747.52,747.6,747.41,747.58,140051,regular,False
2026-07-31T19:21:00+00:00,747.57,747.73,747.54,747.69,169531,regular,False
2026-07-31T19:22:00+00:00,747.71,747.92,747.69,747.74,122141,regular,False
2026-07-31T19:23:00+00:00,747.74,747.81,747.58,747.63,110721,regular,False
2026-07-31T19:24:00+00:00,747.63,747.64,747.44,747.5,134987,regular,False
2026-07-31T19:25:00+00:00,747.49,747.58,747.33,747.5,96604,regular,False
2026-07-31T19:26:00+00:00,747.51,747.65,747.47,747.52,100414,regular,False
2026-07-31T19:27:00+00:00,747.51,747.6,747.47,747.58,130101,regular,False
2026-07-31T19:28:00+00:00,747.57,747.67,747.5,747.52,125179,regular,False
2026-07-31T19:29:00+00:00,747.52,747.59,747.4,747.49,92066,regular,False
2026-07-31T19:30:00+00:00,747.49,747.51,746.93,747.1,204357,regular,False
2026-07-31T19:31:00+00:00,747.1,747.12,746.87,747.05,93772,regular,False
2026-07-31T19:32:00+00:00,747.05,747.12,746.93,747.1,124070,regular,False
2026-07-31T19:33:00+00:00,747.1,747.24,747.0,747.02,89611,regular,False
2026-07-31T19:34:00+00:00,747.01,747.19,746.94,747.17,146063,regular,False
2026-07-31T19:35:00+00:00,747.18,747.4,747.15,747.4,131451,regular,False
2026-07-31T19:36:00+00:00,747.39,747.57,747.3,747.53,165600,regular,False
2026-07-31T19:37:00+00:00,747.52,747.53,747.39,747.51,82082,regular,False
2026-07-31T19:38:00+00:00,747.51,747.64,747.4,747.5,107651,regular,False
2026-07-31T19:39:00+00:00,747.5,747.65,747.44,747.56,161793,regular,False
2026-07-31T19:40:00+00:00,747.54,747.67,747.37,747.45,124960,regular,False
2026-07-31T19:41:00+00:00,747.46,747.53,747.3,747.35,120271,regular,False
2026-07-31T19:42:00+00:00,747.34,747.56,747.32,747.53,114178,regular,False
2026-07-31T19:43:00+00:00,747.55,747.94,747.54,747.94,148024,regular,False
2026-07-31T19:44:00+00:00,747.95,748.11,747.84,748.1,286012,regular,False
2026-07-31T19:45:00+00:00,748.1,748.42,748.08,748.17,234204,regular,False
2026-07-31T19:46:00+00:00,748.17,748.49,748.16,748.4,251936,regular,False
2026-07-31T19:47:00+00:00,748.41,748.49,748.07,748.11,239642,regular,False
2026-07-31T19:48:00+00:00,748.11,748.25,748.07,748.19,179444,regular,False
2026-07-31T19:49:00+00:00,748.19,748.51,748.16,748.5,182272,regular,False
2026-07-31T19:50:00+00:00,748.49,748.81,748.29,748.37,310429,regular,False
2026-07-31T19:51:00+00:00,748.37,748.37,747.84,748.1,218154,regular,False
2026-07-31T19:52:00+00:00,748.09,748.52,748.07,748.38,157924,regular,False
2026-07-31T19:53:00+00:00,748.37,748.74,748.3,748.68,195042,regular,False
2026-07-31T19:54:00+00:00,748.67,748.9,748.51,748.6,273073,regular,False
2026-07-31T19:55:00+00:00,748.58,748.69,747.96,748.19,434391,regular,False
2026-07-31T19:56:00+00:00,748.17,748.33,748.1,748.19,389302,regular,False
2026-07-31T19:57:00+00:00,748.19,748.34,747.96,748.0,440579,regular,False
2026-07-31T19:58:00+00:00,747.99,748.28,747.82,748.14,725005,regular,False
2026-07-31T20:00:00+00:00,746.82,747.55,746.79,747.23,2514950,after-market,False
2026-07-31T20:01:00+00:00,747.24,747.34,747.14,747.23,161930,after-market,False
2026-07-31T20:02:00+00:00,747.22,747.22,746.61,746.85,106746,after-market,False
2026-07-31T20:03:00+00:00,746.84,746.96,746.53,746.62,61901,after-market,False
2026-07-31T20:04:00+00:00,746.63,746.82,746.52,746.77,47341,after-market,False
2026-07-31T20:05:00+00:00,746.75,746.85,746.55,746.61,32876,after-market,False
2026-07-31T20:06:00+00:00,746.68,746.9,746.64,746.85,21615,after-market,False
2026-07-31T20:07:00+00:00,746.88,746.92,746.65,746.81,11951,after-market,False
2026-07-31T20:08:00+00:00,746.78,747.17,746.77,747.17,27377,after-market,False
2026-07-31T20:09:00+00:00,747.19,747.22,746.59,747.09,401826,after-market,False
2026-07-31T20:10:00+00:00,747.09,747.22,747.04,747.21,16213,after-market,False
2026-07-31T20:11:00+00:00,747.17,747.26,747.14,747.14,4413,after-market,False
2026-07-31T20:12:00+00:00,747.14,747.22,746.99,747.01,15346,after-market,False
2026-07-31T20:13:00+00:00,747.01,747.14,747.0,747.06,22858,after-market,False
2026-07-31T20:14:00+00:00,747.03,747.1,746.96,747.01,29869,after-market,False
2026-07-31T20:15:00+00:00,746.97,746.99,746.74,746.74,8737,after-market,False
2026-07-31T20:16:00+00:00,746.75,746.75,746.56,746.71,229242,after-market,False
2026-07-31T20:17:00+00:00,746.73,746.92,746.6,746.92,32675,after-market,False
2026-07-31T20:18:00+00:00,746.92,746.92,746.83,746.83,1870,after-market,False
2026-07-31T20:19:00+00:00,746.83,746.83,746.78,746.8,4943,after-market,False
2026-07-31T20:20:00+00:00,746.77,746.79,746.74,746.79,1372,after-market,False
2026-07-31T20:21:00+00:00,746.77,746.78,746.72,746.72,16369,after-market,False
2026-07-31T20:22:00+00:00,746.7,746.82,746.67,746.75,13412,after-market,False
2026-07-31T20:23:00+00:00,746.76,746.76,746.73,746.74,4513,after-market,False
2026-07-31T20:24:00+00:00,746.72,746.73,746.66,746.7,10910,after-market,False
2026-07-31T20:25:00+00:00,746.68,746.78,746.68,746.77,10483,after-market,False
2026-07-31T20:26:00+00:00,746.76,746.77,746.7,746.71,2826,after-market,False
2026-07-31T20:27:00+00:00,746.64,746.64,746.57,746.58,5399,after-market,False
2026-07-31T20:28:00+00:00,746.57,746.72,746.57,746.71,1771,after-market,False
2026-07-31T20:29:00+00:00,746.67,746.75,746.67,746.75,1397,after-market,False
2026-07-31T20:30:00+00:00,746.71,746.75,746.6,746.6,21388,after-market,False
2026-07-31T20:31:00+00:00,746.55,746.65,746.55,746.58,946,after-market,False
2026-07-31T20:32:00+00:00,746.59,746.7,746.59,746.67,3085,after-market,False
2026-07-31T20:33:00+00:00,746.71,746.75,746.62,746.75,16446,after-market,False
2026-07-31T20:34:00+00:00,746.78,746.84,746.78,746.84,4894,after-market,False
2026-07-31T20:35:00+00:00,746.88,746.88,746.73,746.77,2345,after-market,False
2026-07-31T20:36:00+00:00,746.77,746.84,746.75,746.84,3178,after-market,False
2026-07-31T20:37:00+00:00,746.86,746.88,746.79,746.79,516,after-market,False
2026-07-31T20:38:00+00:00,746.79,746.8,746.75,746.8,381,after-market,False
2026-07-31T20:39:00+00:00,746.86,746.86,746.83,746.86,259,after-market,False
2026-07-31T20:40:00+00:00,746.86,746.89,746.86,746.89,440,after-market,False
2026-07-31T20:41:00+00:00,746.88,746.89,746.83,746.89,1545,after-market,False
2026-07-31T20:42:00+00:00,746.89,746.92,746.84,746.85,1530,after-market,False
2026-07-31T20:43:00+00:00,746.8,746.83,746.71,746.75,5728,after-market,False
2026-07-31T20:44:00+00:00,746.75,746.75,746.7,746.7,1963,after-market,False
2026-07-31T20:45:00+00:00,746.69,746.74,746.65,746.74,7856,after-market,False
2026-07-31T20:46:00+00:00,746.73,746.73,746.71,746.73,4746,after-market,False
2026-07-31T20:47:00+00:00,746.77,746.82,746.6,746.68,142499,after-market,False
2026-07-31T20:48:00+00:00,746.65,746.76,746.65,746.7,1784,after-market,False
2026-07-31T20:49:00+00:00,746.71,746.75,746.71,746.71,523,after-market,False
2026-07-31T20:50:00+00:00,746.76,746.76,746.76,746.76,320,after-market,False
2026-07-31T20:51:00+00:00,746.73,746.73,746.7,746.7,1256,after-market,False
2026-07-31T20:52:00+00:00,746.64,746.75,746.64,746.75,6005,after-market,False
2026-07-31T20:53:00+00:00,746.68,746.7,745.63,746.03,43616,after-market,False
2026-07-31T20:54:00+00:00,746.11,746.17,745.43,745.82,27384,after-market,False
2026-07-31T20:55:00+00:00,745.95,745.95,745.57,745.63,31215,after-market,False
2026-07-31T20:56:00+00:00,745.65,745.68,745.29,745.47,39924,after-market,False
2026-07-31T20:57:00+00:00,745.5,745.61,745.15,745.2,46961,after-market,False
2026-07-31T20:58:00+00:00,745.21,745.63,745.17,745.52,12575,after-market,False
2026-07-31T20:59:00+00:00,745.51,745.51,744.9,745.15,46108,after-market,False
2026-07-31T21:00:00+00:00,745.25,745.36,745.21,745.36,8623,after-market,False
2026-07-31T21:01:00+00:00,745.28,745.28,745.1,745.28,7150,after-market,False
2026-07-31T21:02:00+00:00,745.16,745.35,745.16,745.35,10374,after-market,False
2026-07-31T21:03:00+00:00,745.35,745.5,745.35,745.43,8480,after-market,False
2026-07-31T21:04:00+00:00,745.48,745.5,745.21,745.49,17201,after-market,False
2026-07-31T21:05:00+00:00,745.45,745.45,745.45,745.45,87,after-market,False
2026-07-31T21:06:00+00:00,745.41,745.43,745.41,745.42,556,after-market,False
2026-07-31T21:07:00+00:00,745.43,745.43,745.21,745.36,2557,after-market,False
2026-07-31T21:08:00+00:00,745.36,745.36,745.25,745.3,6419,after-market,False
2026-07-31T21:09:00+00:00,745.28,745.28,745.21,745.25,6160,after-market,False
2026-07-31T21:10:00+00:00,745.23,745.25,745.2,745.2,1665,after-market,False
2026-07-31T21:11:00+00:00,745.21,745.22,745.1,745.1,7388,after-market,False
2026-07-31T21:12:00+00:00,745.1,745.19,745.1,745.19,3659,after-market,False
2026-07-31T21:13:00+00:00,745.19,745.36,745.1,745.18,4184,after-market,False
2026-07-31T21:14:00+00:00,745.2,745.2,744.8,744.89,32482,after-market,False
2026-07-31T21:15:00+00:00,744.88,744.88,744.75,744.85,7718,after-market,False
2026-07-31T21:16:00+00:00,744.92,745.03,744.91,745.03,4289,after-market,False
2026-07-31T21:17:00+00:00,745.03,745.04,744.95,745.0,13641,after-market,False
2026-07-31T21:18:00+00:00,744.96,744.96,744.94,744.94,7476,after-market,False
2026-07-31T21:19:00+00:00,744.94,745.05,744.94,745.0,3678,after-market,False
2026-07-31T21:20:00+00:00,745.0,745.04,744.94,745.04,3864,after-market,False
2026-07-31T21:21:00+00:00,745.04,745.05,744.93,744.95,37413,after-market,False
2026-07-31T21:22:00+00:00,744.94,745.03,744.9,745.03,5274,after-market,False
2026-07-31T21:23:00+00:00,745.01,745.02,744.91,744.91,12725,after-market,False
2026-07-31T21:24:00+00:00,744.94,744.95,744.85,744.9,38882,after-market,False
2026-07-31T21:25:00+00:00,744.9,744.91,744.85,744.9,44126,after-market,False
2026-07-31T21:26:00+00:00,744.85,744.91,744.8,744.8,40157,after-market,False
2026-07-31T21:27:00+00:00,744.85,744.88,744.7,744.7,81263,after-market,False
2026-07-31T21:28:00+00:00,744.73,744.8,744.73,744.8,40756,after-market,False
2026-07-31T21:29:00+00:00,744.8,744.88,744.8,744.87,10245,after-market,False
2026-07-31T21:30:00+00:00,744.85,744.88,744.7,744.88,30217,after-market,False
2026-07-31T21:31:00+00:00,744.9,744.98,744.85,744.9,1880,after-market,False
2026-07-31T21:32:00+00:00,744.89,744.9,744.89,744.9,4650,after-market,False
2026-07-31T21:33:00+00:00,744.88,744.88,744.82,744.82,5105,after-market,False
2026-07-31T21:34:00+00:00,744.81,744.82,744.7,744.79,6077,after-market,False
2026-07-31T21:35:00+00:00,744.71,744.79,744.71,744.79,1344,after-market,False
2026-07-31T21:36:00+00:00,744.72,744.74,744.7,744.7,3020,after-market,False
2026-07-31T21:37:00+00:00,744.66,744.68,744.63,744.65,4785,after-market,False
2026-07-31T21:38:00+00:00,744.63,744.7,744.63,744.69,2133,after-market,False
2026-07-31T21:39:00+00:00,744.66,744.71,744.66,744.71,544,after-market,False
2026-07-31T21:40:00+00:00,744.72,744.83,744.66,744.82,15744,after-market,False
2026-07-31T21:41:00+00:00,744.8,744.81,744.0,744.71,25215,after-market,False
2026-07-31T21:42:00+00:00,744.75,744.78,744.75,744.78,100,after-market,False
2026-07-31T21:43:00+00:00,744.75,744.75,744.6,744.64,32333,after-market,False
2026-07-31T21:44:00+00:00,744.65,744.78,744.65,744.75,1255,after-market,False
2026-07-31T21:45:00+00:00,744.75,744.76,744.66,744.76,4052,after-market,False
2026-07-31T21:46:00+00:00,744.62,744.69,744.62,744.62,3357,after-market,False
2026-07-31T21:47:00+00:00,744.55,744.6,744.55,744.55,4856,after-market,False
2026-07-31T21:48:00+00:00,744.55,744.55,744.34,744.55,6672,after-market,False
2026-07-31T21:49:00+00:00,744.52,744.55,744.52,744.55,600,after-market,False
2026-07-31T21:50:00+00:00,744.55,744.56,744.55,744.55,1950,after-market,False
2026-07-31T21:51:00+00:00,744.56,744.6,744.51,744.51,2659,after-market,False
2026-07-31T21:52:00+00:00,744.56,744.6,744.56,744.6,2164,after-market,False
2026-07-31T21:53:00+00:00,744.58,744.69,744.56,744.69,8548,after-market,False
2026-07-31T21:54:00+00:00,744.56,744.62,744.56,744.62,290,after-market,False
2026-07-31T21:55:00+00:00,744.73,744.73,744.58,744.58,624,after-market,False
2026-07-31T21:56:00+00:00,744.6,744.6,744.6,744.6,355,after-market,False
2026-07-31T21:57:00+00:00,744.73,744.73,744.58,744.58,5280,after-market,False
2026-07-31T21:58:00+00:00,744.58,744.58,744.57,744.58,5183,after-market,False
2026-07-31T21:59:00+00:00,744.6,744.72,744.6,744.72,370,after-market,False
2026-07-31T22:00:00+00:00,744.74,744.79,744.74,744.79,142,after-market,False
2026-07-31T22:01:00+00:00,744.76,744.79,744.76,744.79,180,after-market,False
2026-07-31T22:02:00+00:00,744.76,744.76,744.75,744.75,307,after-market,False
2026-07-31T22:03:00+00:00,744.75,744.75,744.75,744.75,210,after-market,False
2026-07-31T22:04:00+00:00,744.75,744.77,744.47,744.5,5043,after-market,False
2026-07-31T22:05:00+00:00,744.49,744.5,744.43,744.46,1059,after-market,False
2026-07-31T22:06:00+00:00,744.44,744.47,744.44,744.47,1038,after-market,False
2026-07-31T22:07:00+00:00,744.65,744.65,744.4,744.4,1277,after-market,False
2026-07-31T22:08:00+00:00,744.39,744.4,744.39,744.4,3452,after-market,False
2026-07-31T22:09:00+00:00,744.4,744.4,744.35,744.35,2119,after-market,False
2026-07-31T22:10:00+00:00,744.4,744.4,744.38,744.38,576,after-market,False
2026-07-31T22:11:00+00:00,744.37,744.37,744.36,744.37,217,after-market,False
2026-07-31T22:12:00+00:00,744.37,744.4,744.37,744.38,1671,after-market,False
2026-07-31T22:13:00+00:00,744.4,744.4,744.37,744.37,357,after-market,False
2026-07-31T22:14:00+00:00,744.37,744.39,744.36,744.39,1146,after-market,False
2026-07-31T22:15:00+00:00,744.38,744.39,744.38,744.39,507,after-market,False
2026-07-31T22:16:00+00:00,744.39,744.39,744.39,744.39,278,after-market,False
2026-07-31T22:17:00+00:00,744.36,744.36,744.36,744.36,140,after-market,False
2026-07-31T22:18:00+00:00,744.37,744.37,744.2,744.25,5621,after-market,False
2026-07-31T22:19:00+00:00,744.31,744.31,744.27,744.31,890,after-market,False
2026-07-31T22:20:00+00:00,744.35,744.35,744.35,744.35,690,after-market,False
2026-07-31T22:21:00+00:00,744.35,744.35,744.24,744.24,1907,after-market,False
2026-07-31T22:22:00+00:00,744.2,744.25,744.2,744.25,941,after-market,False
2026-07-31T22:23:00+00:00,744.25,744.25,744.25,744.25,0,after-market,False
2026-07-31T22:24:00+00:00,744.24,744.24,744.0,744.0,12449,after-market,False
2026-07-31T22:25:00+00:00,744.23,744.23,744.1,744.14,1078,after-market,False
2026-07-31T22:26:00+00:00,744.05,744.05,744.01,744.04,608,after-market,False
2026-07-31T22:27:00+00:00,744.04,744.2,744.04,744.08,1060,after-market,False
2026-07-31T22:28:00+00:00,744.15,744.15,744.1,744.1,507,after-market,False
2026-07-31T22:29:00+00:00,744.1,744.18,744.1,744.18,743,after-market,False
2026-07-31T22:30:00+00:00,744.17,744.2,744.15,744.2,497,after-market,False
2026-07-31T22:31:00+00:00,744.2,744.2,744.19,744.19,195,after-market,False
2026-07-31T22:32:00+00:00,744.2,744.3,744.2,744.29,1237,after-market,False
2026-07-31T22:33:00+00:00,744.33,744.39,744.33,744.37,6774,after-market,False
2026-07-31T22:34:00+00:00,744.36,744.36,744.36,744.36,41,after-market,False
2026-07-31T22:35:00+00:00,744.36,744.36,744.36,744.36,0,after-market,False
2026-07-31T22:36:00+00:00,744.36,744.36,744.36,744.36,0,after-market,False
2026-07-31T22:37:00+00:00,744.52,744.53,744.52,744.53,180,after-market,False
2026-07-31T22:38:00+00:00,744.63,744.7,744.56,744.67,5598,after-market,False
2026-07-31T22:39:00+00:00,744.66,744.68,744.57,744.6,495,after-market,False
2026-07-31T22:40:00+00:00,744.67,744.75,744.58,744.58,4452,after-market,False
2026-07-31T22:41:00+00:00,744.65,744.75,744.65,744.7,566,after-market,False
2026-07-31T22:42:00+00:00,744.6,744.7,744.6,744.67,1324,after-market,False
2026-07-31T22:43:00+00:00,744.7,744.75,744.5,744.5,556,after-market,False
2026-07-31T22:44:00+00:00,744.68,744.69,744.68,744.69,248,after-market,False
2026-07-31T22:45:00+00:00,744.69,744.69,744.69,744.69,0,after-market,False
2026-07-31T22:46:00+00:00,744.64,744.65,744.64,744.65,150,after-market,False
2026-07-31T22:47:00+00:00,744.52,744.52,744.52,744.52,45,after-market,False
2026-07-31T22:48:00+00:00,744.42,744.43,744.31,744.33,1904,after-market,False
2026-07-31T22:49:00+00:00,744.27,744.28,744.25,744.25,3457,after-market,False
2026-07-31T22:50:00+00:00,744.25,744.25,744.25,744.25,0,after-market,False
2026-07-31T22:51:00+00:00,744.25,744.25,744.25,744.25,0,after-market,False
2026-07-31T22:52:00+00:00,744.5,744.5,744.45,744.45,155,after-market,False
2026-07-31T22:53:00+00:00,744.52,744.6,744.52,744.6,148,after-market,False
2026-07-31T22:54:00+00:00,744.6,744.6,744.6,744.6,0,after-market,False
2026-07-31T22:55:00+00:00,744.6,744.6,744.6,744.6,0,after-market,False
2026-07-31T22:56:00+00:00,744.5,744.5,744.5,744.5,87,after-market,False
2026-07-31T22:57:00+00:00,744.5,744.66,744.5,744.53,250,after-market,False
2026-07-31T22:58:00+00:00,744.53,744.53,744.53,744.53,0,after-market,False
2026-07-31T22:59:00+00:00,744.57,744.57,744.35,744.35,1833,after-market,False
2026-07-31T23:00:00+00:00,744.3,744.32,744.3,744.3,2916,after-market,False
2026-07-31T23:01:00+00:00,744.28,744.28,744.28,744.28,69,after-market,False
2026-07-31T23:02:00+00:00,744.4,744.4,744.4,744.4,83,after-market,False
2026-07-31T23:03:00+00:00,744.4,744.4,744.4,744.4,0,after-market,False
2026-07-31T23:04:00+00:00,744.4,744.4,744.4,744.4,0,after-market,False
2026-07-31T23:05:00+00:00,744.5,744.5,744.46,744.48,664,after-market,False
2026-07-31T23:06:00+00:00,744.4,744.41,744.4,744.4,91,after-market,False
2026-07-31T23:07:00+00:00,744.43,744.6,744.43,744.6,612,after-market,False
2026-07-31T23:08:00+00:00,744.55,744.55,744.55,744.55,100,after-market,False
2026-07-31T23:09:00+00:00,744.53,744.59,744.53,744.59,100,after-market,False
2026-07-31T23:10:00+00:00,744.6,744.6,744.56,744.6,774,after-market,False
2026-07-31T23:11:00+00:00,744.6,744.6,744.46,744.46,923,after-market,False
2026-07-31T23:12:00+00:00,744.5,744.59,744.5,744.59,114,after-market,False
2026-07-31T23:13:00+00:00,744.6,744.6,744.49,744.59,567,after-market,False
2026-07-31T23:14:00+00:00,744.59,744.59,744.59,744.59,0,after-market,False
2026-07-31T23:15:00+00:00,744.48,744.48,744.48,744.48,47,after-market,False
2026-07-31T23:16:00+00:00,744.6,744.6,744.6,744.6,40,after-market,False
2026-07-31T23:17:00+00:00,744.55,744.55,744.55,744.55,254,after-market,False
2026-07-31T23:18:00+00:00,744.55,744.55,744.55,744.55,0,after-market,False
2026-07-31T23:19:00+00:00,744.55,744.55,744.55,744.55,0,after-market,False
2026-07-31T23:20:00+00:00,744.63,744.63,744.54,744.54,259,after-market,False
2026-07-31T23:21:00+00:00,744.64,744.64,744.62,744.64,1913,after-market,False
2026-07-31T23:22:00+00:00,744.64,744.64,744.55,744.55,551,after-market,False
2026-07-31T23:23:00+00:00,744.62,744.62,744.62,744.62,41,after-market,False
2026-07-31T23:24:00+00:00,744.55,744.55,744.53,744.53,457,after-market,False
2026-07-31T23:25:00+00:00,744.59,744.59,744.59,744.59,447,after-market,False
2026-07-31T23:26:00+00:00,744.59,744.59,744.59,744.59,0,after-market,False
2026-07-31T23:27:00+00:00,744.62,744.62,744.6,744.61,501,after-market,False
2026-07-31T23:28:00+00:00,744.62,744.62,744.55,744.57,594,after-market,False
2026-07-31T23:29:00+00:00,744.57,744.57,744.57,744.57,0,after-market,False
2026-07-31T23:30:00+00:00,744.62,744.62,744.62,744.62,89,after-market,False
2026-07-31T23:31:00+00:00,744.56,744.56,744.55,744.56,741,after-market,False
2026-07-31T23:32:00+00:00,744.54,744.54,744.45,744.45,130,after-market,False
2026-07-31T23:33:00+00:00,744.55,744.55,744.55,744.55,42,after-market,False
2026-07-31T23:34:00+00:00,744.55,744.55,744.55,744.55,0,after-market,False
2026-07-31T23:35:00+00:00,744.55,744.55,744.55,744.55,0,after-market,False
2026-07-31T23:36:00+00:00,744.55,744.55,744.55,744.55,800,after-market,False
2026-07-31T23:37:00+00:00,744.63,744.65,744.59,744.63,1336,after-market,False
2026-07-31T23:38:00+00:00,744.65,744.65,744.52,744.52,1324,after-market,False
2026-07-31T23:39:00+00:00,744.59,744.59,744.5,744.5,795,after-market,False
2026-07-31T23:40:00+00:00,744.5,744.5,744.45,744.45,614,after-market,False
2026-07-31T23:41:00+00:00,744.45,744.63,744.45,744.47,803,after-market,False
2026-07-31T23:42:00+00:00,744.51,744.52,744.51,744.51,150,after-market,False
2026-07-31T23:43:00+00:00,744.6,744.6,744.58,744.58,233,after-market,False
2026-07-31T23:44:00+00:00,744.6,744.6,744.43,744.56,349,after-market,False
2026-07-31T23:45:00+00:00,744.55,744.55,744.55,744.55,387,after-market,False
2026-07-31T23:46:00+00:00,744.61,744.65,744.61,744.61,386,after-market,False
2026-07-31T23:47:00+00:00,744.61,744.61,744.61,744.61,221,after-market,False
2026-07-31T23:48:00+00:00,744.61,744.61,744.61,744.61,50,after-market,False
2026-07-31T23:49:00+00:00,744.63,744.63,744.6,744.6,390,after-market,False
2026-07-31T23:50:00+00:00,744.6,744.6,744.6,744.6,0,after-market,False
2026-07-31T23:51:00+00:00,744.59,744.59,744.51,744.52,742,after-market,False
2026-07-31T23:52:00+00:00,744.52,744.52,744.52,744.52,0,after-market,False
2026-07-31T23:53:00+00:00,744.47,744.5,744.47,744.5,2068,after-market,False
2026-07-31T23:54:00+00:00,744.5,744.5,744.47,744.48,695,after-market,False
2026-07-31T23:55:00+00:00,744.48,744.48,744.39,744.39,464,after-market,False
2026-07-31T23:56:00+00:00,744.5,744.5,744.4,744.4,291,after-market,False
2026-07-31T23:57:00+00:00,744.54,744.54,744.47,744.47,248,after-market,False
2026-07-31T23:58:00+00:00,744.5,744.59,744.5,744.59,650,after-market,False
2026-07-31T23:59:00+00:00,744.59,744.6,744.2,744.2,7144,after-market,False
2026-08-03T08:00:00+00:00,750.07,751.45,749.72,750.75,5112,pre-market,False
2026-08-03T08:01:00+00:00,750.75,751.5,750.2,750.41,30348,pre-market,False
2026-08-03T08:02:00+00:00,750.51,750.81,750.18,750.41,25897,pre-market,False
2026-08-03T08:03:00+00:00,750.41,750.41,750.17,750.17,5615,pre-market,False
2026-08-03T08:04:00+00:00,750.17,750.22,750.05,750.05,6609,pre-market,False
2026-08-03T08:05:00+00:00,750.03,750.14,750.03,750.11,2072,pre-market,False
2026-08-03T08:06:00+00:00,750.08,751.35,750.05,750.25,2205,pre-market,False
2026-08-03T08:07:00+00:00,750.25,750.25,750.02,750.02,1693,pre-market,False
2026-08-03T08:08:00+00:00,750.01,750.04,749.93,749.98,2730,pre-market,False
2026-08-03T08:09:00+00:00,750.11,750.22,750.08,750.17,652,pre-market,False
2026-08-03T08:10:00+00:00,750.11,750.27,750.11,750.18,978,pre-market,False
2026-08-03T08:11:00+00:00,750.21,750.23,750.14,750.17,1579,pre-market,False
2026-08-03T08:12:00+00:00,750.3,750.34,750.3,750.34,2693,pre-market,False
2026-08-03T08:13:00+00:00,750.26,750.35,750.18,750.35,632,pre-market,False
2026-08-03T08:14:00+00:00,750.43,750.43,750.41,750.41,122,pre-market,False
2026-08-03T08:15:00+00:00,750.34,750.35,750.29,750.33,389,pre-market,False
2026-08-03T08:16:00+00:00,750.2,750.2,750.2,750.2,200,pre-market,False
2026-08-03T08:17:00+00:00,750.1,750.1,750.1,750.1,80,pre-market,False
2026-08-03T08:18:00+00:00,750.08,750.08,749.89,749.93,711,pre-market,False
2026-08-03T08:19:00+00:00,749.92,749.99,749.92,749.96,367,pre-market,False
2026-08-03T08:20:00+00:00,749.93,750.0,749.91,750.0,496,pre-market,False
2026-08-03T08:21:00+00:00,750.0,750.0,749.88,749.93,609,pre-market,False
2026-08-03T08:22:00+00:00,749.91,749.92,749.91,749.92,340,pre-market,False
2026-08-03T08:23:00+00:00,749.92,749.92,749.85,749.85,532,pre-market,False
2026-08-03T08:24:00+00:00,749.8,749.9,749.8,749.84,5464,pre-market,False
2026-08-03T08:25:00+00:00,749.86,749.88,749.8,749.83,1312,pre-market,False
2026-08-03T08:26:00+00:00,749.83,749.87,749.83,749.87,216,pre-market,False
2026-08-03T08:27:00+00:00,749.68,749.81,749.65,749.81,572,pre-market,False
2026-08-03T08:28:00+00:00,749.84,749.95,749.84,749.95,774,pre-market,False
2026-08-03T08:29:00+00:00,749.88,749.89,749.8,749.81,555,pre-market,False
2026-08-03T08:30:00+00:00,749.91,749.91,749.71,749.71,1380,pre-market,False
2026-08-03T08:31:00+00:00,749.8,749.9,749.8,749.9,1293,pre-market,False
2026-08-03T08:32:00+00:00,749.87,749.92,749.86,749.86,537,pre-market,False
2026-08-03T08:33:00+00:00,749.85,749.85,749.68,749.69,1534,pre-market,False
2026-08-03T08:34:00+00:00,749.67,749.7,749.67,749.7,107,pre-market,False
2026-08-03T08:35:00+00:00,749.77,749.8,749.77,749.8,144,pre-market,False
2026-08-03T08:36:00+00:00,750.02,750.33,750.02,750.33,243,pre-market,False
2026-08-03T08:37:00+00:00,750.4,750.41,750.21,750.21,566,pre-market,False
2026-08-03T08:38:00+00:00,750.33,750.37,750.29,750.29,651,pre-market,False
2026-08-03T08:39:00+00:00,750.34,750.47,750.34,750.41,400,pre-market,False
2026-08-03T08:40:00+00:00,750.45,750.47,750.43,750.45,382,pre-market,False
2026-08-03T08:41:00+00:00,750.37,750.38,750.37,750.37,9430,pre-market,False
2026-08-03T08:42:00+00:00,750.59,750.59,750.51,750.51,159,pre-market,False
2026-08-03T08:43:00+00:00,750.46,750.49,750.31,750.31,499,pre-market,False
2026-08-03T08:44:00+00:00,750.31,750.31,750.26,750.3,1220,pre-market,False
2026-08-03T08:45:00+00:00,750.32,750.33,750.31,750.33,1940,pre-market,False
2026-08-03T08:46:00+00:00,750.41,750.43,750.41,750.43,269,pre-market,False
2026-08-03T08:47:00+00:00,750.25,750.25,750.11,750.11,1700,pre-market,False
2026-08-03T08:48:00+00:00,750.17,750.17,750.12,750.13,305,pre-market,False
2026-08-03T08:49:00+00:00,750.23,750.32,750.2,750.32,1569,pre-market,False
2026-08-03T08:50:00+00:00,750.35,750.35,750.31,750.31,566,pre-market,False
2026-08-03T08:51:00+00:00,750.37,750.37,750.3,750.32,1249,pre-market,False
2026-08-03T08:52:00+00:00,750.42,750.42,750.39,750.39,333,pre-market,False
2026-08-03T08:53:00+00:00,750.33,750.33,750.33,750.33,50,pre-market,False
2026-08-03T08:54:00+00:00,750.33,750.33,750.33,750.33,0,pre-market,False
2026-08-03T08:55:00+00:00,750.46,750.48,750.46,750.48,80,pre-market,False
2026-08-03T08:56:00+00:00,750.52,750.73,750.52,750.73,1267,pre-market,False
2026-08-03T08:57:00+00:00,750.7,750.7,750.65,750.65,190,pre-market,False
2026-08-03T08:58:00+00:00,750.58,750.58,750.58,750.58,120,pre-market,False
2026-08-03T08:59:00+00:00,750.69,750.75,750.69,750.74,832,pre-market,False
2026-08-03T09:00:00+00:00,750.82,750.87,750.67,750.74,943,pre-market,False
2026-08-03T09:01:00+00:00,750.73,750.73,750.73,750.73,146,pre-market,False
2026-08-03T09:02:00+00:00,750.62,750.62,750.62,750.62,550,pre-market,False
2026-08-03T09:03:00+00:00,750.61,750.61,750.55,750.55,215,pre-market,False
2026-08-03T09:04:00+00:00,750.58,750.61,750.58,750.6,602,pre-market,False
2026-08-03T09:05:00+00:00,750.6,750.6,750.6,750.6,0,pre-market,False
2026-08-03T09:06:00+00:00,750.57,750.59,750.57,750.58,199,pre-market,False
2026-08-03T09:07:00+00:00,750.52,750.52,750.52,750.52,100,pre-market,False
2026-08-03T09:08:00+00:00,750.52,750.52,750.52,750.52,0,pre-market,False
2026-08-03T09:09:00+00:00,750.52,750.52,750.52,750.52,0,pre-market,False
2026-08-03T09:10:00+00:00,750.55,750.56,750.55,750.56,1039,pre-market,False
2026-08-03T09:11:00+00:00,750.45,750.45,750.27,750.27,202,pre-market,False
2026-08-03T09:12:00+00:00,750.27,750.29,750.25,750.28,530,pre-market,False
2026-08-03T09:13:00+00:00,750.27,750.42,750.27,750.42,198,pre-market,False
2026-08-03T09:14:00+00:00,750.4,750.46,750.39,750.46,488,pre-market,False
2026-08-03T09:15:00+00:00,750.46,750.46,750.46,750.46,0,pre-market,False
2026-08-03T09:16:00+00:00,750.45,750.55,750.42,750.55,604,pre-market,False
2026-08-03T09:17:00+00:00,750.66,750.66,750.66,750.66,119,pre-market,False
2026-08-03T09:18:00+00:00,750.5,750.5,750.5,750.5,486,pre-market,False
2026-08-03T09:19:00+00:00,750.74,750.74,750.63,750.63,138,pre-market,False
2026-08-03T09:20:00+00:00,750.64,750.64,750.64,750.64,60,pre-market,False
2026-08-03T09:21:00+00:00,750.64,750.64,750.58,750.59,560,pre-market,False
2026-08-03T09:22:00+00:00,750.65,750.65,750.61,750.61,120,pre-market,False
2026-08-03T09:23:00+00:00,750.64,750.64,750.64,750.64,9230,pre-market,False
2026-08-03T09:24:00+00:00,750.53,750.53,750.49,750.49,504,pre-market,False
2026-08-03T09:25:00+00:00,750.48,750.53,750.48,750.53,232,pre-market,False
2026-08-03T09:26:00+00:00,750.44,750.44,750.44,750.44,59,pre-market,False
2026-08-03T09:27:00+00:00,750.42,750.42,750.41,750.41,106,pre-market,False
2026-08-03T09:28:00+00:00,750.41,750.41,750.41,750.41,0,pre-market,False
2026-08-03T09:29:00+00:00,750.43,750.5,750.43,750.5,276,pre-market,False
2026-08-03T09:30:00+00:00,750.45,750.45,750.44,750.44,476,pre-market,False
2026-08-03T09:31:00+00:00,750.46,750.49,750.46,750.47,1160,pre-market,False
2026-08-03T09:32:00+00:00,750.64,750.64,750.64,750.64,714,pre-market,False
2026-08-03T09:33:00+00:00,750.59,750.59,750.53,750.53,976,pre-market,False
2026-08-03T09:34:00+00:00,750.53,750.53,750.53,750.53,0,pre-market,False
2026-08-03T09:35:00+00:00,750.57,750.71,750.56,750.71,889,pre-market,False
2026-08-03T09:36:00+00:00,750.75,750.75,750.63,750.63,1008,pre-market,False
2026-08-03T09:37:00+00:00,750.64,750.67,750.6,750.6,135,pre-market,False
2026-08-03T09:39:00+00:00,750.5,750.5,750.5,750.5,131,pre-market,False
2026-08-03T09:40:00+00:00,750.56,750.56,750.55,750.55,500,pre-market,False
2026-08-03T09:41:00+00:00,750.57,750.57,750.55,750.55,176,pre-market,False
2026-08-03T09:42:00+00:00,750.68,750.68,750.68,750.68,40,pre-market,False
2026-08-03T09:43:00+00:00,750.62,750.62,750.62,750.62,132,pre-market,False
2026-08-03T09:44:00+00:00,750.54,750.54,750.54,750.54,40,pre-market,False
2026-08-03T09:45:00+00:00,750.63,750.63,750.63,750.63,48,pre-market,False
2026-08-03T09:47:00+00:00,750.66,750.7,750.66,750.7,80,pre-market,False
2026-08-03T09:48:00+00:00,750.61,750.61,750.61,750.61,297,pre-market,False
2026-08-03T09:49:00+00:00,750.63,750.67,750.5,750.5,554,pre-market,False
2026-08-03T09:50:00+00:00,750.48,750.48,750.41,750.41,403,pre-market,False
2026-08-03T09:51:00+00:00,750.35,750.35,750.35,750.35,189,pre-market,False
2026-08-03T09:52:00+00:00,750.29,750.3,750.26,750.27,862,pre-market,False
2026-08-03T09:53:00+00:00,750.27,750.27,750.27,750.27,0,pre-market,False
2026-08-03T09:54:00+00:00,750.36,750.38,750.36,750.38,240,pre-market,False
2026-08-03T09:55:00+00:00,750.38,750.38,750.38,750.38,0,pre-market,False
2026-08-03T09:56:00+00:00,750.66,750.66,750.66,750.66,40,pre-market,False
2026-08-03T09:57:00+00:00,750.57,750.63,750.57,750.6,2301,pre-market,False
2026-08-03T09:58:00+00:00,750.58,750.58,750.58,750.58,45,pre-market,False
2026-08-03T09:59:00+00:00,750.58,750.58,750.58,750.58,0,pre-market,False
2026-08-03T10:00:00+00:00,750.6,750.6,750.6,750.6,75,pre-market,False
2026-08-03T10:01:00+00:00,750.56,750.56,750.5,750.5,306,pre-market,False
2026-08-03T10:02:00+00:00,750.48,750.49,750.48,750.49,80,pre-market,False
2026-08-03T10:03:00+00:00,750.49,750.51,750.49,750.51,214,pre-market,False
2026-08-03T10:04:00+00:00,750.61,750.69,750.6,750.69,2252,pre-market,False
2026-08-03T10:05:00+00:00,750.61,750.61,750.61,750.61,111,pre-market,False
2026-08-03T10:06:00+00:00,750.61,750.61,750.61,750.61,0,pre-market,False
2026-08-03T10:07:00+00:00,750.71,750.71,750.71,750.71,40,pre-market,False
2026-08-03T10:08:00+00:00,750.7,750.72,750.69,750.7,209,pre-market,False
2026-08-03T10:09:00+00:00,750.7,750.7,750.7,750.7,0,pre-market,False
2026-08-03T10:10:00+00:00,750.68,750.68,750.68,750.68,214,pre-market,False
2026-08-03T10:11:00+00:00,750.82,750.82,750.8,750.81,173,pre-market,False
2026-08-03T10:12:00+00:00,750.81,750.84,750.81,750.84,149,pre-market,False
2026-08-03T10:13:00+00:00,750.79,750.79,750.77,750.78,2911,pre-market,False
2026-08-03T10:14:00+00:00,750.75,750.75,750.7,750.75,900,pre-market,False
2026-08-03T10:15:00+00:00,750.76,750.82,750.75,750.8,339,pre-market,False
2026-08-03T10:16:00+00:00,750.84,750.86,750.83,750.86,121,pre-market,False
2026-08-03T10:17:00+00:00,750.79,750.79,750.79,750.79,80,pre-market,False
2026-08-03T10:18:00+00:00,750.79,750.89,750.76,750.87,695,pre-market,False
2026-08-03T10:19:00+00:00,750.87,750.87,750.83,750.83,1508,pre-market,False
2026-08-03T10:20:00+00:00,750.81,750.85,750.74,750.74,652,pre-market,False
2026-08-03T10:21:00+00:00,750.71,750.75,750.61,750.61,946,pre-market,False
2026-08-03T10:22:00+00:00,750.65,750.71,750.61,750.71,767,pre-market,False
2026-08-03T10:23:00+00:00,750.71,750.85,750.71,750.85,1514,pre-market,False
2026-08-03T10:24:00+00:00,750.75,750.76,750.68,750.68,286,pre-market,False
2026-08-03T10:25:00+00:00,750.79,750.8,750.71,750.76,1202,pre-market,False
2026-08-03T10:26:00+00:00,750.76,750.85,750.76,750.85,301,pre-market,False
2026-08-03T10:27:00+00:00,750.85,750.85,750.85,750.85,0,pre-market,False
2026-08-03T10:28:00+00:00,750.85,750.88,750.83,750.83,206,pre-market,False
2026-08-03T10:29:00+00:00,750.85,750.89,750.81,750.89,325,pre-market,False
2026-08-03T10:30:00+00:00,750.85,750.89,750.85,750.89,292,pre-market,False
2026-08-03T10:31:00+00:00,750.85,750.85,750.78,750.78,251,pre-market,False
2026-08-03T10:32:00+00:00,750.84,750.84,750.71,750.71,480,pre-market,False
2026-08-03T10:33:00+00:00,750.79,750.84,750.79,750.84,1422,pre-market,False
2026-08-03T10:34:00+00:00,750.9,750.9,750.9,750.9,400,pre-market,False
2026-08-03T10:35:00+00:00,750.93,750.93,750.91,750.91,575,pre-market,False
2026-08-03T10:36:00+00:00,750.91,750.91,750.91,750.91,0,pre-market,False
2026-08-03T10:37:00+00:00,750.88,750.91,750.88,750.91,13169,pre-market,False
2026-08-03T10:38:00+00:00,750.95,750.98,750.95,750.97,240,pre-market,False
2026-08-03T10:39:00+00:00,750.94,751.03,750.93,751.0,2042,pre-market,False
2026-08-03T10:40:00+00:00,751.0,751.02,750.99,751.0,2546,pre-market,False
2026-08-03T10:41:00+00:00,751.08,751.08,751.08,751.08,80,pre-market,False
2026-08-03T10:42:00+00:00,751.05,751.05,751.05,751.05,40,pre-market,False
2026-08-03T10:43:00+00:00,751.0,751.0,751.0,751.0,40,pre-market,False
2026-08-03T10:44:00+00:00,751.07,751.09,751.07,751.09,960,pre-market,False
2026-08-03T10:45:00+00:00,751.09,751.09,751.09,751.09,0,pre-market,False
2026-08-03T10:46:00+00:00,751.02,751.03,751.02,751.02,100,pre-market,False
2026-08-03T10:47:00+00:00,751.0,751.06,751.0,751.01,5252,pre-market,False
2026-08-03T10:48:00+00:00,751.05,751.05,751.02,751.03,288,pre-market,False
2026-08-03T10:49:00+00:00,751.07,751.11,751.03,751.03,299,pre-market,False
2026-08-03T10:50:00+00:00,751.0,751.01,750.95,750.95,6816,pre-market,False
2026-08-03T10:51:00+00:00,751.01,751.02,750.95,751.0,215,pre-market,False
2026-08-03T10:52:00+00:00,751.0,751.0,751.0,751.0,0,pre-market,False
2026-08-03T10:53:00+00:00,751.0,751.0,751.0,751.0,0,pre-market,False
2026-08-03T10:54:00+00:00,751.0,751.0,751.0,751.0,0,pre-market,False
2026-08-03T10:55:00+00:00,751.05,751.05,751.05,751.05,100,pre-market,False
2026-08-03T10:56:00+00:00,751.07,751.11,751.07,751.11,460,pre-market,False
2026-08-03T10:57:00+00:00,751.14,751.14,751.1,751.1,170,pre-market,False
2026-08-03T10:58:00+00:00,751.1,751.1,751.04,751.04,4880,pre-market,False
2026-08-03T10:59:00+00:00,751.08,751.12,751.07,751.12,190,pre-market,False
2026-08-03T11:00:00+00:00,751.11,751.17,751.01,751.01,6128,pre-market,False
2026-08-03T11:01:00+00:00,750.98,750.98,750.86,750.88,1784,pre-market,False
2026-08-03T11:02:00+00:00,750.9,750.94,750.82,750.94,4626,pre-market,False
2026-08-03T11:03:00+00:00,750.95,750.95,750.8,750.95,1336,pre-market,False
2026-08-03T11:04:00+00:00,750.94,750.94,750.82,750.9,775,pre-market,False
2026-08-03T11:05:00+00:00,750.87,750.9,750.86,750.86,595,pre-market,False
2026-08-03T11:06:00+00:00,750.86,750.86,750.75,750.75,1212,pre-market,False
2026-08-03T11:07:00+00:00,750.58,750.7,750.58,750.68,1150,pre-market,False
2026-08-03T11:08:00+00:00,750.65,750.66,750.64,750.64,200,pre-market,False
2026-08-03T11:09:00+00:00,750.75,750.75,750.74,750.74,615,pre-market,False
2026-08-03T11:10:00+00:00,750.8,750.8,750.8,750.8,916,pre-market,False
2026-08-03T11:11:00+00:00,750.77,750.81,750.77,750.81,144,pre-market,False
2026-08-03T11:12:00+00:00,750.76,750.85,750.76,750.82,4098,pre-market,False
2026-08-03T11:13:00+00:00,750.85,750.85,750.82,750.82,90,pre-market,False
2026-08-03T11:14:00+00:00,750.84,750.88,750.8,750.87,456,pre-market,False
2026-08-03T11:15:00+00:00,750.88,750.89,750.82,750.89,588,pre-market,False
2026-08-03T11:16:00+00:00,750.88,751.0,750.88,751.0,1100,pre-market,False
2026-08-03T11:17:00+00:00,751.0,751.14,751.0,751.14,775,pre-market,False
2026-08-03T11:18:00+00:00,751.14,751.14,751.14,751.14,0,pre-market,False
2026-08-03T11:19:00+00:00,751.08,751.14,751.0,751.13,11032,pre-market,False
2026-08-03T11:20:00+00:00,751.13,751.19,751.13,751.18,371,pre-market,False
2026-08-03T11:21:00+00:00,751.22,751.22,750.96,750.98,25846,pre-market,False
2026-08-03T11:22:00+00:00,751.0,751.18,751.0,751.07,978,pre-market,False
2026-08-03T11:23:00+00:00,751.08,751.12,751.03,751.03,1500,pre-market,False
2026-08-03T11:24:00+00:00,751.02,751.03,750.99,750.99,582,pre-market,False
2026-08-03T11:25:00+00:00,750.98,751.0,750.95,750.97,39275,pre-market,False
2026-08-03T11:26:00+00:00,750.97,751.08,750.96,751.08,12054,pre-market,False
2026-08-03T11:27:00+00:00,750.99,751.0,750.94,750.96,29872,pre-market,False
2026-08-03T11:28:00+00:00,751.0,751.0,750.99,750.99,540,pre-market,False
2026-08-03T11:29:00+00:00,751.09,751.1,751.01,751.01,389,pre-market,False
2026-08-03T11:30:00+00:00,751.01,751.55,750.97,751.4,6135,pre-market,False
2026-08-03T11:31:00+00:00,751.45,751.45,751.39,751.39,1423,pre-market,False
2026-08-03T11:32:00+00:00,751.39,751.4,751.39,751.4,150,pre-market,False
2026-08-03T11:33:00+00:00,751.37,751.43,751.36,751.4,2990,pre-market,False
2026-08-03T11:34:00+00:00,751.44,751.45,751.4,751.4,565,pre-market,False
2026-08-03T11:35:00+00:00,751.4,751.51,751.4,751.49,6490,pre-market,False
2026-08-03T11:36:00+00:00,751.41,751.46,751.35,751.35,25589,pre-market,False
2026-08-03T11:37:00+00:00,751.37,751.37,751.25,751.25,3509,pre-market,False
2026-08-03T11:38:00+00:00,751.2,751.2,751.02,751.03,1954,pre-market,False
2026-08-03T11:39:00+00:00,751.07,751.07,751.0,751.0,755,pre-market,False
2026-08-03T11:40:00+00:00,750.9,750.97,750.9,750.95,478,pre-market,False
2026-08-03T11:41:00+00:00,750.95,750.95,750.95,750.95,80,pre-market,False
2026-08-03T11:42:00+00:00,750.97,751.0,750.95,750.95,600,pre-market,False
2026-08-03T11:43:00+00:00,750.97,750.97,750.97,750.97,119,pre-market,False
2026-08-03T11:44:00+00:00,751.1,751.11,751.1,751.11,200,pre-market,False
2026-08-03T11:45:00+00:00,751.25,751.25,751.18,751.25,731,pre-market,False
2026-08-03T11:46:00+00:00,751.24,751.25,751.24,751.24,100,pre-market,False
2026-08-03T11:47:00+00:00,751.15,751.15,751.14,751.15,45,pre-market,False
2026-08-03T11:48:00+00:00,751.19,751.19,751.01,751.01,4544,pre-market,False
2026-08-03T11:49:00+00:00,751.01,751.2,751.01,751.12,1281,pre-market,False
2026-08-03T11:50:00+00:00,751.13,751.13,751.07,751.07,616,pre-market,False
2026-08-03T11:51:00+00:00,750.98,751.01,750.9,750.9,272,pre-market,False
2026-08-03T11:52:00+00:00,750.87,750.9,750.8,750.8,740,pre-market,False
2026-08-03T11:53:00+00:00,750.75,750.78,750.63,750.66,3929,pre-market,False
2026-08-03T11:54:00+00:00,750.74,750.75,750.59,750.59,8420,pre-market,False
2026-08-03T11:55:00+00:00,750.57,750.58,750.54,750.55,6845,pre-market,False
2026-08-03T11:56:00+00:00,750.44,750.51,750.44,750.48,12399,pre-market,False
2026-08-03T11:57:00+00:00,750.48,750.55,750.46,750.5,6644,pre-market,False
2026-08-03T11:58:00+00:00,750.56,750.56,750.45,750.51,341,pre-market,False
2026-08-03T11:59:00+00:00,750.51,750.6,750.45,750.6,2770,pre-market,False
2026-08-03T12:00:00+00:00,750.58,750.58,750.38,750.38,14878,pre-market,False
2026-08-03T12:01:00+00:00,750.36,750.38,750.35,750.37,2721,pre-market,False
2026-08-03T12:02:00+00:00,750.37,750.5,750.37,750.48,1429,pre-market,False
2026-08-03T12:03:00+00:00,750.4,750.46,750.35,750.35,727,pre-market,False
2026-08-03T12:04:00+00:00,750.4,750.51,750.35,750.35,19258,pre-market,False
2026-08-03T12:05:00+00:00,750.43,750.44,750.29,750.3,3688,pre-market,False
2026-08-03T12:06:00+00:00,750.34,750.4,750.3,750.3,12597,pre-market,False
2026-08-03T12:07:00+00:00,750.27,750.27,750.24,750.25,6765,pre-market,False
2026-08-03T12:08:00+00:00,750.31,750.4,750.31,750.4,859,pre-market,False
2026-08-03T12:09:00+00:00,750.4,750.42,750.35,750.35,6759,pre-market,False
2026-08-03T12:10:00+00:00,750.35,750.4,750.24,750.26,30953,pre-market,False
2026-08-03T12:11:00+00:00,750.24,750.26,750.2,750.24,795,pre-market,False
2026-08-03T12:12:00+00:00,750.28,750.31,750.24,750.28,753,pre-market,False
2026-08-03T12:13:00+00:00,750.26,750.49,750.26,750.49,2098,pre-market,False
2026-08-03T12:14:00+00:00,750.5,750.5,750.46,750.49,929,pre-market,False
2026-08-03T12:15:00+00:00,750.49,750.65,750.49,750.62,1458,pre-market,False
2026-08-03T12:16:00+00:00,750.63,750.73,750.44,750.44,14242,pre-market,False
2026-08-03T12:17:00+00:00,750.38,750.43,750.35,750.43,851,pre-market,False
2026-08-03T12:18:00+00:00,750.41,750.41,750.41,750.41,90,pre-market,False
2026-08-03T12:19:00+00:00,750.42,750.5,750.41,750.5,728,pre-market,False
2026-08-03T12:20:00+00:00,750.55,750.61,750.49,750.49,1240,pre-market,False
2026-08-03T12:21:00+00:00,750.63,750.69,750.63,750.69,1261,pre-market,False
2026-08-03T12:22:00+00:00,750.64,750.67,750.5,750.52,1807,pre-market,False
2026-08-03T12:23:00+00:00,750.38,750.46,750.3,750.3,3478,pre-market,False
2026-08-03T12:24:00+00:00,750.28,750.33,750.28,750.3,511,pre-market,False
2026-08-03T12:25:00+00:00,750.38,750.47,750.38,750.4,2979,pre-market,False
2026-08-03T12:26:00+00:00,750.51,750.51,750.45,750.48,3590,pre-market,False
2026-08-03T12:27:00+00:00,750.32,750.5,750.25,750.5,2503,pre-market,False
2026-08-03T12:28:00+00:00,750.52,750.68,750.52,750.68,1769,pre-market,False
2026-08-03T12:29:00+00:00,750.69,750.72,750.69,750.71,9502,pre-market,False
2026-08-03T12:30:00+00:00,750.7,750.83,750.69,750.77,46884,pre-market,False
2026-08-03T12:31:00+00:00,750.76,750.83,750.76,750.81,1195,pre-market,False
2026-08-03T12:32:00+00:00,750.85,750.88,750.8,750.81,1309,pre-market,False
2026-08-03T12:33:00+00:00,750.75,750.85,750.75,750.82,2384,pre-market,False
2026-08-03T12:34:00+00:00,750.76,750.89,750.76,750.89,863,pre-market,False
2026-08-03T12:35:00+00:00,750.93,750.99,750.8,750.8,26471,pre-market,False
2026-08-03T12:36:00+00:00,750.84,750.86,750.77,750.86,3168,pre-market,False
2026-08-03T12:37:00+00:00,750.88,750.88,750.82,750.84,941,pre-market,False
2026-08-03T12:38:00+00:00,750.85,750.9,750.85,750.88,494,pre-market,False
2026-08-03T12:39:00+00:00,750.92,751.05,750.92,750.99,13244,pre-market,False
2026-08-03T12:40:00+00:00,751.02,751.09,750.95,751.05,38958,pre-market,False
2026-08-03T12:41:00+00:00,751.0,751.14,750.99,751.14,2264,pre-market,False
2026-08-03T12:42:00+00:00,751.15,751.15,751.07,751.07,1566,pre-market,False
2026-08-03T12:43:00+00:00,751.1,751.28,751.07,751.23,17187,pre-market,False
2026-08-03T12:44:00+00:00,751.25,751.38,751.25,751.36,3720,pre-market,False
2026-08-03T12:45:00+00:00,751.37,751.45,751.35,751.36,4011,pre-market,False
2026-08-03T12:46:00+00:00,751.34,751.43,751.34,751.35,7167,pre-market,False
2026-08-03T12:47:00+00:00,751.31,751.31,751.23,751.25,1215,pre-market,False
2026-08-03T12:48:00+00:00,751.3,751.31,751.24,751.24,6862,pre-market,False
2026-08-03T12:49:00+00:00,751.26,751.29,751.2,751.2,13726,pre-market,False
2026-08-03T12:50:00+00:00,751.2,751.21,751.06,751.13,20978,pre-market,False
2026-08-03T12:51:00+00:00,751.09,751.31,751.06,751.27,9469,pre-market,False
2026-08-03T12:52:00+00:00,751.25,751.25,751.2,751.22,442,pre-market,False
2026-08-03T12:53:00+00:00,751.2,751.31,751.14,751.31,2023,pre-market,False
2026-08-03T12:54:00+00:00,751.29,751.35,751.29,751.29,1010,pre-market,False
2026-08-03T12:55:00+00:00,751.29,751.29,751.24,751.24,3091,pre-market,False
2026-08-03T12:56:00+00:00,751.27,751.31,751.24,751.28,3200,pre-market,False
2026-08-03T12:57:00+00:00,751.21,751.26,751.2,751.2,1005,pre-market,False
2026-08-03T12:58:00+00:00,751.15,751.2,751.11,751.2,609,pre-market,False
2026-08-03T12:59:00+00:00,751.14,751.15,751.11,751.15,725,pre-market,False
2026-08-03T13:00:00+00:00,751.14,751.26,751.1,751.1,2980,pre-market,False
2026-08-03T13:01:00+00:00,751.15,751.21,751.07,751.16,2628,pre-market,False
2026-08-03T13:02:00+00:00,751.17,751.17,751.01,751.03,16661,pre-market,False
2026-08-03T13:03:00+00:00,751.02,751.14,751.02,751.12,2221,pre-market,False
2026-08-03T13:04:00+00:00,751.09,751.13,751.07,751.13,1055,pre-market,False
2026-08-03T13:05:00+00:00,751.2,751.29,751.19,751.28,3185,pre-market,False
2026-08-03T13:06:00+00:00,751.28,751.28,751.17,751.17,1175,pre-market,False
2026-08-03T13:07:00+00:00,751.19,751.25,751.17,751.17,1072,pre-market,False
2026-08-03T13:08:00+00:00,751.17,751.18,751.05,751.05,527,pre-market,False
2026-08-03T13:09:00+00:00,751.07,751.12,751.07,751.08,1637,pre-market,False
2026-08-03T13:10:00+00:00,751.1,751.22,751.08,751.22,859,pre-market,False
2026-08-03T13:11:00+00:00,751.16,751.16,751.08,751.09,617,pre-market,False
2026-08-03T13:12:00+00:00,751.1,751.17,751.1,751.1,1539,pre-market,False
2026-08-03T13:13:00+00:00,751.14,751.14,751.05,751.05,1064,pre-market,False
2026-08-03T13:14:00+00:00,751.09,751.09,750.97,751.07,1861,pre-market,False
2026-08-03T13:31:00+00:00,749.75,749.99,749.59,749.95,189720,regular,False
2026-08-03T13:32:00+00:00,749.95,750.41,749.69,750.23,128243,regular,False
2026-08-03T13:33:00+00:00,750.23,750.77,750.06,750.72,182168,regular,False
2026-08-03T13:35:00+00:00,750.76,751.47,750.74,751.25,285328,regular,False
2026-08-03T13:38:00+00:00,751.57,751.63,751.29,751.58,137372,regular,False
2026-08-03T13:39:00+00:00,751.58,751.86,751.48,751.72,154675,regular,False
2026-08-03T13:40:00+00:00,751.7,751.83,751.09,751.58,228489,regular,False
2026-08-03T13:41:00+00:00,751.57,751.73,751.19,751.54,106699,regular,False
2026-08-03T13:42:00+00:00,751.53,751.64,751.06,751.11,109507,regular,False
2026-08-03T13:43:00+00:00,751.08,751.31,750.97,751.11,107382,regular,False
2026-08-03T13:44:00+00:00,751.13,751.6,751.12,751.58,149949,regular,False
2026-08-03T13:45:00+00:00,751.59,751.93,751.51,751.61,138777,regular,False
2026-08-03T13:46:00+00:00,751.62,751.75,751.37,751.42,118375,regular,False
2026-08-03T13:47:00+00:00,751.44,752.04,751.44,752.03,130945,regular,False
2026-08-03T13:48:00+00:00,752.03,752.33,751.66,751.85,294395,regular,False
2026-08-03T13:49:00+00:00,751.83,752.17,751.75,751.91,180248,regular,False
2026-08-03T13:50:00+00:00,751.92,752.14,751.6,751.89,123974,regular,False
2026-08-03T13:51:00+00:00,751.89,752.5,751.84,752.5,184894,regular,False
2026-08-03T13:52:00+00:00,752.5,752.57,752.29,752.56,171578,regular,False
2026-08-03T13:53:00+00:00,752.56,752.91,752.54,752.89,212997,regular,False
2026-08-03T13:54:00+00:00,752.89,752.95,752.61,752.76,174352,regular,False
2026-08-03T13:55:00+00:00,752.77,753.14,752.65,753.08,149470,regular,False
2026-08-03T13:56:00+00:00,753.08,753.16,752.93,753.04,143806,regular,False
2026-08-03T13:57:00+00:00,753.06,753.3,752.97,753.27,152213,regular,False
2026-08-03T13:58:00+00:00,753.26,753.49,753.04,753.42,144238,regular,False
2026-08-03T13:59:00+00:00,753.42,753.64,753.24,753.6,139820,regular,False
2026-08-03T14:00:00+00:00,753.62,753.63,753.19,753.4,157176,regular,False
2026-08-03T14:01:00+00:00,753.4,753.46,753.28,753.38,102222,regular,False
2026-08-03T14:02:00+00:00,753.39,753.77,753.38,753.76,106055,regular,False
2026-08-03T14:03:00+00:00,753.75,753.95,753.56,753.6,124627,regular,False
2026-08-03T14:04:00+00:00,753.58,753.61,753.0,753.41,132144,regular,False
2026-08-03T14:05:00+00:00,753.41,753.53,753.25,753.49,110574,regular,False
2026-08-03T14:06:00+00:00,753.5,753.63,753.43,753.53,106504,regular,False
2026-08-03T14:07:00+00:00,753.53,753.6,753.28,753.29,82931,regular,False
2026-08-03T14:08:00+00:00,753.29,753.62,753.17,753.47,113039,regular,False
2026-08-03T14:09:00+00:00,753.5,753.64,753.47,753.58,92580,regular,False
2026-08-03T14:10:00+00:00,753.57,753.93,753.55,753.84,112148,regular,False
2026-08-03T14:11:00+00:00,753.84,753.95,753.7,753.89,128301,regular,False
2026-08-03T14:12:00+00:00,753.91,754.05,753.8,753.93,169249,regular,False
2026-08-03T14:13:00+00:00,753.93,753.93,753.71,753.76,175257,regular,False
2026-08-03T14:14:00+00:00,753.76,753.92,753.57,753.9,109799,regular,False
2026-08-03T14:15:00+00:00,753.89,754.03,753.83,754.02,104939,regular,False
2026-08-03T14:16:00+00:00,754.03,754.38,754.03,754.31,178203,regular,False
2026-08-03T14:17:00+00:00,754.32,754.43,754.22,754.38,110960,regular,False
2026-08-03T14:18:00+00:00,754.38,754.54,754.34,754.45,112357,regular,False
2026-08-03T14:19:00+00:00,754.45,754.45,754.17,754.18,139096,regular,False
2026-08-03T14:20:00+00:00,754.19,754.39,754.16,754.33,121953,regular,False
2026-08-03T14:21:00+00:00,754.35,754.5,754.31,754.48,158540,regular,False
2026-08-03T14:22:00+00:00,754.49,754.53,754.37,754.47,169747,regular,False
2026-08-03T14:23:00+00:00,754.47,754.66,754.45,754.64,201176,regular,False
2026-08-03T14:24:00+00:00,754.65,754.78,754.58,754.62,140822,regular,False
2026-08-03T14:25:00+00:00,754.62,754.77,754.54,754.58,163466,regular,False
2026-08-03T14:26:00+00:00,754.59,754.6,754.42,754.6,227197,regular,False
2026-08-03T14:27:00+00:00,754.6,754.64,754.36,754.49,178419,regular,False
2026-08-03T14:28:00+00:00,754.5,754.61,754.41,754.48,92482,regular,False
2026-08-03T14:29:00+00:00,754.48,754.58,754.45,754.5,81233,regular,False
2026-08-03T14:30:00+00:00,754.5,754.56,754.39,754.46,116625,regular,False
2026-08-03T14:31:00+00:00,754.46,754.64,754.41,754.45,109851,regular,False
2026-08-03T14:32:00+00:00,754.45,754.55,754.36,754.42,139167,regular,False
2026-08-03T14:33:00+00:00,754.43,754.53,754.31,754.39,90060,regular,False
2026-08-03T14:34:00+00:00,754.41,754.53,754.31,754.51,76799,regular,False
2026-08-03T14:35:00+00:00,754.52,754.56,754.43,754.53,99033,regular,False
2026-08-03T14:36:00+00:00,754.53,754.73,754.48,754.7,83202,regular,False
2026-08-03T14:37:00+00:00,754.7,754.79,754.66,754.72,143125,regular,False
2026-08-03T14:38:00+00:00,754.72,754.77,754.67,754.72,114946,regular,False
2026-08-03T14:39:00+00:00,754.72,754.94,754.7,754.8,133527,regular,False
2026-08-03T14:40:00+00:00,754.79,755.07,754.75,755.06,131750,regular,False
2026-08-03T14:41:00+00:00,755.06,755.17,754.91,754.97,176783,regular,False
2026-08-03T14:42:00+00:00,754.95,755.0,754.8,754.96,108736,regular,False
2026-08-03T14:43:00+00:00,754.97,754.99,754.8,754.99,77040,regular,False
2026-08-03T14:44:00+00:00,754.99,755.02,754.85,754.9,68230,regular,False
2026-08-03T14:45:00+00:00,754.91,754.93,754.7,754.72,99779,regular,False
2026-08-03T14:46:00+00:00,754.72,754.95,754.71,754.87,153186,regular,False
2026-08-03T14:47:00+00:00,754.87,754.93,754.75,754.87,81396,regular,False
2026-08-03T14:48:00+00:00,754.87,754.96,754.8,754.84,92197,regular,False
2026-08-03T14:49:00+00:00,754.84,754.93,754.8,754.87,81138,regular,False
2026-08-03T14:50:00+00:00,754.87,754.97,754.81,754.96,70458,regular,False
2026-08-03T14:51:00+00:00,754.96,755.12,754.93,755.08,126541,regular,False
2026-08-03T14:52:00+00:00,755.08,755.1,754.91,754.97,87991,regular,False
2026-08-03T14:53:00+00:00,754.98,755.08,754.91,755.07,129991,regular,False
2026-08-03T14:54:00+00:00,755.07,755.14,754.9,754.92,122325,regular,False
2026-08-03T14:55:00+00:00,754.92,755.15,754.91,755.08,78057,regular,False
2026-08-03T14:56:00+00:00,755.08,755.41,755.07,755.28,122176,regular,False
2026-08-03T14:57:00+00:00,755.28,755.28,755.17,755.22,122043,regular,False
2026-08-03T14:58:00+00:00,755.23,755.31,755.15,755.3,90198,regular,False
2026-08-03T14:59:00+00:00,755.31,755.38,755.22,755.37,91646,regular,False
2026-08-03T15:00:00+00:00,755.38,755.43,755.29,755.29,100660,regular,False
2026-08-03T15:01:00+00:00,755.3,755.4,755.24,755.33,107818,regular,False
2026-08-03T15:02:00+00:00,755.33,755.37,755.27,755.29,77778,regular,False
2026-08-03T15:03:00+00:00,755.3,755.31,755.16,755.24,127768,regular,False
2026-08-03T15:04:00+00:00,755.24,755.27,755.09,755.24,110010,regular,False
2026-08-03T15:05:00+00:00,755.24,755.25,755.02,755.02,90222,regular,False
2026-08-03T15:06:00+00:00,755.03,755.03,754.79,755.02,99938,regular,False
2026-08-03T15:07:00+00:00,755.03,755.23,754.88,755.08,66443,regular,False
2026-08-03T15:08:00+00:00,755.07,755.11,754.92,754.99,59866,regular,False
2026-08-03T15:09:00+00:00,754.98,754.99,754.88,754.95,65636,regular,False
2026-08-03T15:10:00+00:00,754.94,754.99,754.8,754.92,107489,regular,False
2026-08-03T15:11:00+00:00,754.93,754.99,754.86,754.98,92135,regular,False
2026-08-03T15:12:00+00:00,754.99,755.1,754.83,755.1,90220,regular,False
2026-08-03T15:13:00+00:00,755.1,755.13,755.01,755.08,136030,regular,False
2026-08-03T15:14:00+00:00,755.08,755.08,754.95,755.06,78771,regular,False
2026-08-03T15:15:00+00:00,755.06,755.31,755.05,755.23,90546,regular,False
2026-08-03T15:16:00+00:00,755.23,755.3,755.18,755.25,89892,regular,False
2026-08-03T15:17:00+00:00,755.24,755.25,755.1,755.23,70635,regular,False
2026-08-03T15:18:00+00:00,755.23,755.33,755.21,755.32,49979,regular,False
2026-08-03T15:19:00+00:00,755.31,755.4,755.29,755.39,61368,regular,False
2026-08-03T15:20:00+00:00,755.4,755.59,755.4,755.59,92385,regular,False
2026-08-03T15:21:00+00:00,755.58,755.6,755.38,755.43,132834,regular,False
2026-08-03T15:22:00+00:00,755.43,755.61,755.39,755.6,79757,regular,False
2026-08-03T15:23:00+00:00,755.61,755.63,755.5,755.62,93813,regular,False
2026-08-03T15:24:00+00:00,755.62,755.69,755.54,755.58,85554,regular,False
2026-08-03T15:25:00+00:00,755.58,755.7,755.1,755.38,153019,regular,False
2026-08-03T15:26:00+00:00,755.39,755.56,755.21,755.42,254167,regular,False
2026-08-03T15:27:00+00:00,755.43,755.51,755.36,755.4,68459,regular,False
2026-08-03T15:28:00+00:00,755.42,755.45,755.02,755.14,107430,regular,False
2026-08-03T15:29:00+00:00,755.16,755.23,755.03,755.11,67658,regular,False
2026-08-03T15:30:00+00:00,755.12,755.41,755.07,755.26,127500,regular,False
2026-08-03T15:31:00+00:00,755.25,755.39,755.22,755.25,69344,regular,False
2026-08-03T15:32:00+00:00,755.27,755.34,755.21,755.27,58855,regular,False
2026-08-03T15:33:00+00:00,755.26,755.44,755.21,755.44,62135,regular,False
2026-08-03T15:34:00+00:00,755.44,755.47,755.29,755.3,73461,regular,False
2026-08-03T15:35:00+00:00,755.29,755.39,755.2,755.39,58509,regular,False
2026-08-03T15:36:00+00:00,755.39,755.45,755.29,755.35,64851,regular,False
2026-08-03T15:37:00+00:00,755.35,755.45,755.33,755.39,57842,regular,False
2026-08-03T15:38:00+00:00,755.37,755.54,755.33,755.48,85761,regular,False
2026-08-03T15:39:00+00:00,755.49,755.62,755.42,755.56,65546,regular,False
2026-08-03T15:40:00+00:00,755.55,755.76,755.53,755.7,80717,regular,False
2026-08-03T15:41:00+00:00,755.7,755.83,755.69,755.76,124375,regular,False
2026-08-03T15:42:00+00:00,755.76,755.76,755.68,755.7,74076,regular,False
2026-08-03T15:43:00+00:00,755.69,755.74,755.59,755.62,64780,regular,False
2026-08-03T15:44:00+00:00,755.62,755.67,755.58,755.64,43183,regular,False
2026-08-03T15:45:00+00:00,755.65,755.93,755.65,755.88,92046,regular,False
2026-08-03T15:46:00+00:00,755.88,756.02,755.87,755.95,227847,regular,False
2026-08-03T15:47:00+00:00,755.95,755.99,755.85,755.98,56931,regular,False
2026-08-03T15:48:00+00:00,755.98,755.98,755.88,755.89,124960,regular,False
2026-08-03T15:49:00+00:00,755.88,756.07,755.87,756.02,150344,regular,False
2026-08-03T15:50:00+00:00,756.03,756.13,756.0,756.03,76681,regular,False
2026-08-03T15:51:00+00:00,756.03,756.11,755.97,756.08,60046,regular,False
2026-08-03T15:52:00+00:00,756.08,756.14,756.02,756.04,44677,regular,False
2026-08-03T15:53:00+00:00,756.04,756.2,756.02,756.18,52252,regular,False
2026-08-03T15:54:00+00:00,756.18,756.21,756.14,756.18,58302,regular,False
2026-08-03T15:55:00+00:00,756.17,756.19,755.98,756.04,104078,regular,False
2026-08-03T15:56:00+00:00,756.03,756.14,755.94,755.98,61851,regular,False
2026-08-03T15:57:00+00:00,755.98,756.02,755.83,755.9,69060,regular,False
2026-08-03T15:58:00+00:00,755.89,756.02,755.82,755.96,53109,regular,False
2026-08-03T15:59:00+00:00,755.94,756.01,755.85,755.96,39335,regular,False
2026-08-03T16:00:00+00:00,755.96,756.17,755.95,756.0,51623,regular,False
2026-08-03T16:01:00+00:00,756.03,756.12,755.93,756.09,50058,regular,False
2026-08-03T16:02:00+00:00,756.09,756.13,755.98,756.05,60269,regular,False
2026-08-03T16:03:00+00:00,756.03,756.06,755.97,756.05,47616,regular,False
2026-08-03T16:04:00+00:00,756.05,756.14,755.99,756.0,59456,regular,False
2026-08-03T16:05:00+00:00,756.0,756.05,755.98,756.03,102547,regular,False
2026-08-03T16:06:00+00:00,756.03,756.04,755.94,755.97,55585,regular,False
2026-08-03T16:07:00+00:00,755.98,756.03,755.95,755.97,63870,regular,False
2026-08-03T16:08:00+00:00,755.97,756.09,755.88,755.88,55529,regular,False
2026-08-03T16:09:00+00:00,755.89,756.05,755.86,756.03,58712,regular,False
2026-08-03T16:10:00+00:00,756.05,756.05,755.87,755.88,52684,regular,False
2026-08-03T16:11:00+00:00,755.87,755.9,755.79,755.82,53895,regular,False
2026-08-03T16:12:00+00:00,755.81,755.93,755.8,755.92,42893,regular,False
2026-08-03T16:13:00+00:00,755.93,755.93,755.76,755.86,141788,regular,False
2026-08-03T16:14:00+00:00,755.87,756.03,755.83,755.99,73036,regular,False
2026-08-03T16:15:00+00:00,755.99,756.09,755.96,756.09,57624,regular,False
2026-08-03T16:16:00+00:00,756.09,756.26,756.08,756.18,71713,regular,False
2026-08-03T16:17:00+00:00,756.19,756.25,756.16,756.25,37715,regular,False
2026-08-03T16:18:00+00:00,756.25,756.26,756.15,756.19,72438,regular,False
2026-08-03T16:19:00+00:00,756.19,756.27,756.19,756.24,62218,regular,False
2026-08-03T16:20:00+00:00,756.24,756.26,756.09,756.09,55060,regular,False
2026-08-03T16:21:00+00:00,756.1,756.19,756.07,756.16,55834,regular,False
2026-08-03T16:22:00+00:00,756.17,756.25,756.16,756.25,42278,regular,False
2026-08-03T16:23:00+00:00,756.26,756.29,756.18,756.2,51782,regular,False
2026-08-03T16:24:00+00:00,756.2,756.26,756.18,756.26,39336,regular,False
2026-08-03T16:25:00+00:00,756.26,756.31,756.22,756.29,103081,regular,False
2026-08-03T16:26:00+00:00,756.29,756.36,756.18,756.24,97564,regular,False
2026-08-03T16:27:00+00:00,756.25,756.47,756.22,756.44,53731,regular,False
2026-08-03T16:28:00+00:00,756.44,756.57,756.4,756.48,56019,regular,False
2026-08-03T16:29:00+00:00,756.47,756.6,756.44,756.57,45010,regular,False
2026-08-03T16:30:00+00:00,756.57,756.57,756.46,756.48,65285,regular,False
2026-08-03T16:31:00+00:00,756.48,756.59,756.46,756.47,62804,regular,False
2026-08-03T16:32:00+00:00,756.47,756.62,756.32,756.47,104235,regular,False
2026-08-03T16:33:00+00:00,756.46,756.48,756.41,756.45,67486,regular,False
2026-08-03T16:34:00+00:00,756.45,756.58,756.43,756.44,79639,regular,False
2026-08-03T16:35:00+00:00,756.43,756.43,756.25,756.34,54018,regular,False
2026-08-03T16:36:00+00:00,756.34,756.36,756.27,756.33,54639,regular,False
2026-08-03T16:37:00+00:00,756.32,756.43,756.3,756.36,38438,regular,False
2026-08-03T16:38:00+00:00,756.36,756.41,756.29,756.39,62508,regular,False
2026-08-03T16:39:00+00:00,756.39,756.42,756.21,756.29,39045,regular,False
2026-08-03T16:40:00+00:00,756.29,756.42,756.29,756.37,41925,regular,False
2026-08-03T16:41:00+00:00,756.37,756.39,756.3,756.32,40684,regular,False
2026-08-03T16:42:00+00:00,756.32,756.32,756.23,756.27,39129,regular,False
2026-08-03T16:43:00+00:00,756.26,756.42,756.23,756.41,43560,regular,False
2026-08-03T16:44:00+00:00,756.42,756.51,756.41,756.47,49990,regular,False
2026-08-03T16:45:00+00:00,756.48,756.49,756.38,756.39,155398,regular,False
2026-08-03T16:46:00+00:00,756.39,756.5,756.38,756.46,47677,regular,False
2026-08-03T16:47:00+00:00,756.46,756.46,756.35,756.37,39770,regular,False
2026-08-03T16:48:00+00:00,756.37,756.4,756.31,756.32,56301,regular,False
2026-08-03T16:49:00+00:00,756.33,756.38,756.3,756.31,49737,regular,False
2026-08-03T16:50:00+00:00,756.32,756.38,756.29,756.35,38956,regular,False
2026-08-03T16:51:00+00:00,756.36,756.37,756.14,756.15,85380,regular,False
2026-08-03T16:52:00+00:00,756.15,756.16,756.04,756.06,84115,regular,False
2026-08-03T16:53:00+00:00,756.06,756.19,756.05,756.17,41865,regular,False
2026-08-03T16:54:00+00:00,756.18,756.23,756.03,756.05,32387,regular,False
2026-08-03T16:55:00+00:00,756.05,756.1,756.01,756.04,49801,regular,False
2026-08-03T16:56:00+00:00,756.04,756.15,756.04,756.15,72332,regular,False
2026-08-03T16:57:00+00:00,756.14,756.34,756.14,756.34,43502,regular,False
2026-08-03T16:58:00+00:00,756.34,756.35,756.21,756.21,55360,regular,False
2026-08-03T16:59:00+00:00,756.22,756.24,756.16,756.22,40326,regular,False
2026-08-03T17:00:00+00:00,756.22,756.3,756.09,756.1,63627,regular,False
2026-08-03T17:01:00+00:00,756.11,756.26,756.09,756.2,45749,regular,False
2026-08-03T17:02:00+00:00,756.2,756.29,756.14,756.18,53891,regular,False
2026-08-03T17:03:00+00:00,756.18,756.18,756.03,756.11,58687,regular,False
2026-08-03T17:04:00+00:00,756.1,756.21,756.07,756.21,69228,regular,False
2026-08-03T17:05:00+00:00,756.21,756.3,756.09,756.15,65111,regular,False
2026-08-03T17:06:00+00:00,756.14,756.14,756.02,756.07,72198,regular,False
2026-08-03T17:07:00+00:00,756.07,756.07,755.98,756.04,66159,regular,False
2026-08-03T17:08:00+00:00,756.04,756.1,756.02,756.1,64612,regular,False
2026-08-03T17:09:00+00:00,756.09,756.28,756.09,756.22,69138,regular,False
2026-08-03T17:10:00+00:00,756.21,756.43,756.21,756.43,41415,regular,False
2026-08-03T17:11:00+00:00,756.43,756.61,756.43,756.54,59145,regular,False
2026-08-03T17:12:00+00:00,756.54,756.6,756.49,756.53,74947,regular,False
2026-08-03T17:13:00+00:00,756.53,756.56,756.48,756.55,39991,regular,False
2026-08-03T17:14:00+00:00,756.55,756.56,756.49,756.51,65367,regular,False
2026-08-03T17:15:00+00:00,756.51,756.67,756.49,756.52,119356,regular,False
2026-08-03T17:16:00+00:00,756.52,756.6,756.51,756.56,38773,regular,False
2026-08-03T17:17:00+00:00,756.57,756.65,756.52,756.63,63260,regular,False
2026-08-03T17:18:00+00:00,756.64,756.73,756.58,756.68,77076,regular,False
2026-08-03T17:19:00+00:00,756.69,756.79,756.63,756.77,52887,regular,False
2026-08-03T17:20:00+00:00,756.77,756.79,756.67,756.68,62877,regular,False
2026-08-03T17:21:00+00:00,756.69,756.82,756.68,756.8,86822,regular,False
2026-08-03T17:22:00+00:00,756.8,756.97,756.78,756.94,57864,regular,False
2026-08-03T17:23:00+00:00,756.95,756.96,756.91,756.94,61138,regular,False
2026-08-03T17:24:00+00:00,756.93,757.02,756.9,756.97,86363,regular,False
2026-08-03T17:25:00+00:00,756.97,757.01,756.89,756.89,44458,regular,False
2026-08-03T17:26:00+00:00,756.89,756.98,756.84,756.98,44747,regular,False
2026-08-03T17:27:00+00:00,756.99,757.16,756.97,757.04,50055,regular,False
2026-08-03T17:28:00+00:00,757.04,757.14,757.01,757.04,73066,regular,False
2026-08-03T17:29:00+00:00,757.05,757.09,757.02,757.09,52710,regular,False
2026-08-03T17:30:00+00:00,757.08,757.15,757.06,757.14,40057,regular,False
2026-08-03T17:31:00+00:00,757.14,757.15,757.02,757.09,53458,regular,False
2026-08-03T17:32:00+00:00,757.09,757.1,757.01,757.09,34707,regular,False
2026-08-03T17:33:00+00:00,757.09,757.24,757.07,757.19,47425,regular,False
2026-08-03T17:34:00+00:00,757.2,757.36,757.15,757.36,61293,regular,False
2026-08-03T17:36:00+00:00,757.35,757.39,757.28,757.29,65747,regular,False
2026-08-03T17:37:00+00:00,757.29,757.34,757.23,757.24,47793,regular,False
2026-08-03T17:38:00+00:00,757.24,757.26,757.12,757.18,75628,regular,False
2026-08-03T17:39:00+00:00,757.18,757.25,757.12,757.21,41259,regular,False
2026-08-03T17:40:00+00:00,757.23,757.27,757.16,757.25,31569,regular,False
2026-08-03T17:41:00+00:00,757.25,757.28,757.22,757.22,32768,regular,False
2026-08-03T17:42:00+00:00,757.23,757.29,757.21,757.27,37299,regular,False
2026-08-03T17:43:00+00:00,757.26,757.3,757.22,757.23,28653,regular,False
2026-08-03T17:44:00+00:00,757.25,757.34,757.22,757.33,38509,regular,False
2026-08-03T17:45:00+00:00,757.32,757.46,757.32,757.44,49970,regular,False
2026-08-03T17:46:00+00:00,757.44,757.52,757.43,757.47,104604,regular,False
2026-08-03T17:47:00+00:00,757.47,757.49,757.42,757.44,107942,regular,False
2026-08-03T17:48:00+00:00,757.46,757.46,757.37,757.44,137513,regular,False
2026-08-03T17:49:00+00:00,757.44,757.45,757.38,757.44,64948,regular,False
2026-08-03T17:50:00+00:00,757.45,757.54,757.41,757.44,156472,regular,False
2026-08-03T17:51:00+00:00,757.44,757.53,757.42,757.5,102139,regular,False
2026-08-03T17:52:00+00:00,757.5,757.51,757.45,757.49,50542,regular,False
2026-08-03T17:53:00+00:00,757.48,757.54,757.45,757.52,31390,regular,False
2026-08-03T17:54:00+00:00,757.53,757.62,757.52,757.6,57898,regular,False
2026-08-03T17:55:00+00:00,757.6,757.74,757.6,757.65,68228,regular,False
2026-08-03T17:56:00+00:00,757.65,757.7,757.56,757.63,88205,regular,False
2026-08-03T17:57:00+00:00,757.63,757.75,757.62,757.75,68498,regular,False
2026-08-03T17:58:00+00:00,757.75,757.78,757.73,757.75,44113,regular,False
2026-08-03T17:59:00+00:00,757.74,757.77,757.64,757.65,73395,regular,False
2026-08-03T18:00:00+00:00,757.65,757.82,757.64,757.73,142522,regular,False
2026-08-03T18:01:00+00:00,757.72,757.82,757.66,757.67,87948,regular,False
2026-08-03T18:02:00+00:00,757.68,757.79,757.68,757.79,113808,regular,False
2026-08-03T18:03:00+00:00,757.79,757.95,757.78,757.94,92698,regular,False
2026-08-03T18:04:00+00:00,757.94,758.14,757.93,758.14,97191,regular,False
2026-08-03T18:05:00+00:00,758.14,758.29,758.1,758.27,114153,regular,False
2026-08-03T18:06:00+00:00,758.27,758.28,758.15,758.24,93526,regular,False
2026-08-03T18:07:00+00:00,758.24,758.29,758.14,758.15,71501,regular,False
2026-08-03T18:08:00+00:00,758.15,758.23,758.08,758.22,87484,regular,False
2026-08-03T18:09:00+00:00,758.23,758.32,758.22,758.31,53775,regular,False
2026-08-03T18:10:00+00:00,758.31,758.33,758.23,758.32,82191,regular,False
2026-08-03T18:11:00+00:00,758.32,758.32,757.96,757.98,127978,regular,False
2026-08-03T18:12:00+00:00,757.99,758.05,757.86,757.99,95254,regular,False
2026-08-03T18:13:00+00:00,758.0,758.14,757.96,758.05,78502,regular,False
2026-08-03T18:14:00+00:00,758.05,758.09,758.01,758.01,60319,regular,False
2026-08-03T18:15:00+00:00,758.02,758.24,758.01,758.2,91331,regular,False
2026-08-03T18:16:00+00:00,758.2,758.28,758.15,758.24,60197,regular,False
2026-08-03T18:17:00+00:00,758.24,758.31,758.11,758.11,61806,regular,False
2026-08-03T18:18:00+00:00,758.11,758.14,758.01,758.05,49138,regular,False
2026-08-03T18:19:00+00:00,758.05,758.05,757.9,757.96,44005,regular,False
2026-08-03T18:20:00+00:00,757.97,757.97,757.8,757.91,94217,regular,False
2026-08-03T18:21:00+00:00,757.92,758.07,757.86,758.06,56269,regular,False
2026-08-03T18:22:00+00:00,758.08,758.17,758.01,758.14,44421,regular,False
2026-08-03T18:23:00+00:00,758.14,758.16,758.07,758.14,59172,regular,False
2026-08-03T18:24:00+00:00,758.15,758.15,757.93,757.95,41179,regular,False
2026-08-03T18:25:00+00:00,757.94,758.05,757.85,757.89,45650,regular,False
2026-08-03T18:26:00+00:00,757.9,757.9,757.8,757.8,57653,regular,False
2026-08-03T18:27:00+00:00,757.81,757.81,757.63,757.69,94653,regular,False
2026-08-03T18:28:00+00:00,757.7,757.72,757.48,757.51,73704,regular,False
2026-08-03T18:29:00+00:00,757.51,757.63,757.5,757.57,78947,regular,False
2026-08-03T18:30:00+00:00,757.58,757.82,757.53,757.54,83527,regular,False
2026-08-03T18:31:00+00:00,757.54,757.61,757.48,757.61,74446,regular,False
2026-08-03T18:32:00+00:00,757.59,757.71,757.56,757.64,76358,regular,False
2026-08-03T18:33:00+00:00,757.65,757.68,757.34,757.4,107468,regular,False
2026-08-03T18:34:00+00:00,757.39,757.59,757.34,757.51,94949,regular,False
2026-08-03T18:35:00+00:00,757.52,757.69,757.49,757.66,59343,regular,False
2026-08-03T18:36:00+00:00,757.67,757.72,757.48,757.56,60200,regular,False
2026-08-03T18:37:00+00:00,757.57,757.67,757.48,757.67,65077,regular,False
2026-08-03T18:38:00+00:00,757.67,757.8,757.58,757.8,44622,regular,False
2026-08-03T18:39:00+00:00,757.79,757.81,757.63,757.67,46310,regular,False
2026-08-03T18:40:00+00:00,757.67,757.7,757.58,757.68,75640,regular,False
2026-08-03T18:41:00+00:00,757.67,757.85,757.63,757.85,75684,regular,False
2026-08-03T18:42:00+00:00,757.86,757.95,757.85,757.9,98126,regular,False
2026-08-03T18:43:00+00:00,757.9,758.01,757.88,757.98,62770,regular,False
2026-08-03T18:44:00+00:00,757.99,758.11,757.96,758.09,49689,regular,False
2026-08-03T18:45:00+00:00,758.09,758.19,757.98,757.99,121945,regular,False
2026-08-03T18:46:00+00:00,757.99,758.0,757.76,757.98,98150,regular,False
2026-08-03T18:47:00+00:00,757.98,757.98,757.83,757.88,64818,regular,False
2026-08-03T18:48:00+00:00,757.89,757.97,757.87,757.97,49513,regular,False
2026-08-03T18:49:00+00:00,757.96,758.12,757.92,758.11,62201,regular,False
2026-08-03T18:50:00+00:00,758.11,758.16,757.93,757.96,98702,regular,False
2026-08-03T18:51:00+00:00,757.95,758.04,757.92,758.03,46501,regular,False
2026-08-03T18:52:00+00:00,758.03,758.15,758.01,758.05,38024,regular,False
2026-08-03T18:53:00+00:00,758.05,758.29,758.03,758.26,98650,regular,False
2026-08-03T18:54:00+00:00,758.27,758.27,758.06,758.08,67632,regular,False
2026-08-03T18:55:00+00:00,758.08,758.15,758.07,758.09,56717,regular,False
2026-08-03T18:56:00+00:00,758.11,758.13,757.99,758.02,53639,regular,False
2026-08-03T18:57:00+00:00,758.02,758.13,758.0,758.12,50845,regular,False
2026-08-03T18:58:00+00:00,758.13,758.23,758.1,758.16,33395,regular,False
2026-08-03T18:59:00+00:00,758.17,758.17,757.92,757.94,104008,regular,False
2026-08-03T19:00:00+00:00,757.94,758.3,757.94,758.24,66612,regular,False
2026-08-03T19:01:00+00:00,758.24,758.48,758.19,758.4,105484,regular,False
2026-08-03T19:02:00+00:00,758.4,758.58,758.38,758.55,83923,regular,False
2026-08-03T19:03:00+00:00,758.52,758.55,758.43,758.5,92943,regular,False
2026-08-03T19:04:00+00:00,758.5,758.52,758.45,758.5,45336,regular,False
2026-08-03T19:05:00+00:00,758.5,758.54,758.28,758.38,111675,regular,False
2026-08-03T19:06:00+00:00,758.38,758.42,758.24,758.38,70169,regular,False
2026-08-03T19:07:00+00:00,758.38,758.39,758.22,758.23,79591,regular,False
2026-08-03T19:08:00+00:00,758.22,758.24,758.07,758.22,53882,regular,False
2026-08-03T19:09:00+00:00,758.21,758.22,758.14,758.19,40926,regular,False
2026-08-03T19:10:00+00:00,758.2,758.36,758.18,758.28,59373,regular,False
2026-08-03T19:11:00+00:00,758.27,758.41,758.26,758.37,55721,regular,False
2026-08-03T19:12:00+00:00,758.37,758.38,758.28,758.32,71634,regular,False
2026-08-03T19:13:00+00:00,758.3,758.31,758.08,758.2,56088,regular,False
2026-08-03T19:14:00+00:00,758.18,758.27,758.15,758.18,99514,regular,False
2026-08-03T19:15:00+00:00,758.18,758.33,758.18,758.29,119102,regular,False
2026-08-03T19:16:00+00:00,758.3,758.4,758.23,758.3,67036,regular,False
2026-08-03T19:17:00+00:00,758.29,758.41,758.22,758.4,58453,regular,False
2026-08-03T19:18:00+00:00,758.39,758.43,758.32,758.32,51809,regular,False
2026-08-03T19:19:00+00:00,758.3,758.44,758.29,758.34,120553,regular,False
2026-08-03T19:20:00+00:00,758.35,758.4,758.23,758.24,97551,regular,False
2026-08-03T19:21:00+00:00,758.24,758.34,758.22,758.33,96481,regular,False
2026-08-03T19:22:00+00:00,758.32,758.4,758.28,758.3,40659,regular,False
2026-08-03T19:23:00+00:00,758.31,758.37,758.28,758.34,62379,regular,False
2026-08-03T19:24:00+00:00,758.33,758.45,758.33,758.42,90303,regular,False
2026-08-03T19:25:00+00:00,758.42,758.49,758.35,758.44,93346,regular,False
2026-08-03T19:26:00+00:00,758.44,758.52,758.41,758.43,89886,regular,False
2026-08-03T19:27:00+00:00,758.44,758.5,758.41,758.5,79020,regular,False
2026-08-03T19:28:00+00:00,758.49,758.55,758.29,758.29,114590,regular,False
2026-08-03T19:29:00+00:00,758.3,758.41,758.26,758.34,69763,regular,False
2026-08-03T19:30:00+00:00,758.35,758.51,758.33,758.38,89709,regular,False
2026-08-03T19:31:00+00:00,758.39,758.47,758.35,758.44,68989,regular,False
2026-08-03T19:32:00+00:00,758.44,758.5,758.36,758.36,106953,regular,False
2026-08-03T19:33:00+00:00,758.38,758.39,758.26,758.27,182395,regular,False
2026-08-03T19:34:00+00:00,758.26,758.38,758.2,758.34,106898,regular,False
2026-08-03T19:35:00+00:00,758.36,758.45,758.34,758.4,101272,regular,False
2026-08-03T19:36:00+00:00,758.41,758.46,758.09,758.11,275507,regular,False
2026-08-03T19:37:00+00:00,758.11,758.15,757.96,758.08,144394,regular,False
2026-08-03T19:38:00+00:00,758.08,758.13,757.99,758.0,134591,regular,False
2026-08-03T19:39:00+00:00,758.0,758.11,757.96,758.0,99106,regular,False
2026-08-03T19:40:00+00:00,758.01,758.07,757.86,758.05,226224,regular,False
2026-08-03T19:41:00+00:00,758.05,758.17,757.91,757.94,146747,regular,False
2026-08-03T19:42:00+00:00,757.96,758.02,757.91,757.98,144097,regular,False
2026-08-03T19:43:00+00:00,757.98,758.04,757.92,757.92,146567,regular,False
2026-08-03T19:44:00+00:00,757.94,758.17,757.94,758.07,156782,regular,False
2026-08-03T19:45:00+00:00,758.07,758.15,758.02,758.1,191745,regular,False
2026-08-03T19:46:00+00:00,758.1,758.15,757.94,758.01,199502,regular,False
2026-08-03T19:47:00+00:00,758.01,758.14,757.93,758.14,229397,regular,False
2026-08-03T19:48:00+00:00,758.14,758.25,758.08,758.1,249216,regular,False
2026-08-03T19:49:00+00:00,758.1,758.19,758.08,758.14,152610,regular,False
2026-08-03T19:50:00+00:00,758.15,758.33,757.96,758.02,294098,regular,False
2026-08-03T19:51:00+00:00,758.02,758.38,758.0,758.27,237704,regular,False
2026-08-03T19:52:00+00:00,758.26,758.41,758.25,758.29,217465,regular,False
2026-08-03T19:53:00+00:00,758.28,758.37,758.01,758.02,274356,regular,False
2026-08-03T19:54:00+00:00,758.02,758.02,757.64,757.78,325848,regular,False
2026-08-03T19:55:00+00:00,757.77,757.82,757.55,757.67,462755,regular,False
2026-08-03T19:56:00+00:00,757.66,757.76,757.5,757.73,387256,regular,False
2026-08-03T19:57:00+00:00,757.74,757.89,757.73,757.75,456842,regular,False
2026-08-03T19:58:00+00:00,757.75,757.88,757.67,757.79,711764,regular,False
2026-08-03T19:59:00+00:00,757.78,757.99,757.43,757.67,855482,regular,False
2026-08-03T20:01:00+00:00,757.39,757.49,757.36,757.48,75292,after-market,False
2026-08-03T20:02:00+00:00,757.46,757.71,757.43,757.69,16375,after-market,False
2026-08-03T20:03:00+00:00,757.71,757.72,757.57,757.6,14698,after-market,False
2026-08-03T20:04:00+00:00,757.6,757.77,757.55,757.72,16432,after-market,False
2026-08-03T20:05:00+00:00,757.68,757.91,757.66,757.79,39780,after-market,False
2026-08-03T20:06:00+00:00,757.77,757.84,757.71,757.78,26693,after-market,False
2026-08-03T20:07:00+00:00,757.86,757.96,757.82,757.95,30955,after-market,False
2026-08-03T20:08:00+00:00,757.95,757.96,757.86,757.92,18481,after-market,False
2026-08-03T20:09:00+00:00,757.95,758.04,757.81,757.99,38883,after-market,False
2026-08-03T20:10:00+00:00,757.99,758.02,757.9,757.91,11374,after-market,False
2026-08-03T20:11:00+00:00,757.91,758.04,757.91,757.97,24172,after-market,False
2026-08-03T20:12:00+00:00,757.97,757.98,757.92,757.93,33046,after-market,False
2026-08-03T20:13:00+00:00,757.93,758.04,757.93,757.96,22321,after-market,False
2026-08-03T20:14:00+00:00,758.0,758.11,757.93,758.0,25870,after-market,False
2026-08-03T20:15:00+00:00,758.04,758.16,758.04,758.14,11803,after-market,False
2026-08-03T20:16:00+00:00,758.13,758.19,758.11,758.16,1514,after-market,False
2026-08-03T20:17:00+00:00,758.19,758.26,758.15,758.22,22188,after-market,False
2026-08-03T20:18:00+00:00,758.17,758.24,758.0,758.22,40277,after-market,False
2026-08-03T20:19:00+00:00,758.18,758.22,758.18,758.22,1836,after-market,False
2026-08-03T20:20:00+00:00,758.21,758.36,758.21,758.34,19525,after-market,False
2026-08-03T20:21:00+00:00,758.35,758.44,758.34,758.35,24767,after-market,False
2026-08-03T20:22:00+00:00,758.35,758.35,758.32,758.32,1453,after-market,False
2026-08-03T20:23:00+00:00,758.28,758.29,758.23,758.24,1619,after-market,False
2026-08-03T20:24:00+00:00,758.29,758.29,758.2,758.21,777,after-market,False
2026-08-03T20:25:00+00:00,758.21,758.23,758.17,758.18,400,after-market,False
2026-08-03T20:26:00+00:00,758.19,758.2,758.16,758.2,823,after-market,False
2026-08-03T20:27:00+00:00,758.19,758.23,758.19,758.21,8197,after-market,False
2026-08-03T20:28:00+00:00,758.21,758.22,758.2,758.2,3339,after-market,False
2026-08-03T20:29:00+00:00,758.13,758.14,758.11,758.11,1342,after-market,False
2026-08-03T20:30:00+00:00,758.13,758.18,758.13,758.16,4438,after-market,False
2026-08-03T20:31:00+00:00,758.17,758.2,758.17,758.2,3687,after-market,False
2026-08-03T20:32:00+00:00,758.21,758.21,758.16,758.17,5240,after-market,False
2026-08-03T20:33:00+00:00,758.17,758.19,758.11,758.11,6747,after-market,False
2026-08-03T20:34:00+00:00,758.14,758.19,758.11,758.19,8288,after-market,False
2026-08-03T20:35:00+00:00,758.22,758.23,758.19,758.23,1191,after-market,False
2026-08-03T20:36:00+00:00,758.23,758.26,758.22,758.25,1290,after-market,False
2026-08-03T20:37:00+00:00,758.24,758.26,758.21,758.26,1369,after-market,False
2026-08-03T20:38:00+00:00,758.28,758.37,758.27,758.28,3955,after-market,False
2026-08-03T20:39:00+00:00,758.3,758.32,758.28,758.3,3033,after-market,False
2026-08-03T20:40:00+00:00,758.32,758.36,758.29,758.31,20483,after-market,False
2026-08-03T20:41:00+00:00,758.36,758.5,758.36,758.45,36046,after-market,False
2026-08-03T20:42:00+00:00,758.43,758.45,758.43,758.44,3119,after-market,False
2026-08-03T20:43:00+00:00,758.42,758.42,758.41,758.41,90,after-market,False
2026-08-03T20:44:00+00:00,758.35,758.35,758.34,758.35,332,after-market,False
2026-08-03T20:45:00+00:00,758.35,758.39,758.35,758.39,118,after-market,False
2026-08-03T20:46:00+00:00,758.33,758.35,758.33,758.34,514,after-market,False
2026-08-03T20:47:00+00:00,758.3,758.3,758.3,758.3,3086,after-market,False
2026-08-03T20:48:00+00:00,758.26,758.26,758.17,758.17,1090,after-market,False
2026-08-03T20:49:00+00:00,758.17,758.17,758.08,758.08,3081,after-market,False
2026-08-03T20:50:00+00:00,758.11,758.11,758.11,758.11,239,after-market,False
2026-08-03T20:51:00+00:00,758.08,758.08,758.04,758.05,2093,after-market,False
2026-08-03T20:52:00+00:00,758.01,758.01,758.0,758.0,640,after-market,False
2026-08-03T20:53:00+00:00,758.0,758.05,758.0,758.05,10621,after-market,False
2026-08-03T20:54:00+00:00,758.02,758.02,757.94,757.95,3334,after-market,False
2026-08-03T20:55:00+00:00,758.0,758.05,758.0,758.0,169,after-market,False
2026-08-03T20:56:00+00:00,758.03,758.03,758.01,758.02,184,after-market,False
2026-08-03T20:57:00+00:00,757.98,757.99,757.97,757.98,1632,after-market,False
2026-08-03T20:58:00+00:00,757.98,757.98,757.98,757.98,906,after-market,False
2026-08-03T20:59:00+00:00,757.98,758.01,757.95,758.01,290,after-market,False
2026-08-03T21:00:00+00:00,758.04,758.04,758.04,758.04,52,after-market,False
2026-08-03T21:01:00+00:00,757.92,757.95,757.91,757.95,383,after-market,False
2026-08-03T21:02:00+00:00,757.95,758.03,757.95,758.03,539,after-market,False
2026-08-03T21:03:00+00:00,757.95,757.95,757.95,757.95,65,after-market,False
2026-08-03T21:04:00+00:00,757.91,757.91,757.91,757.91,346,after-market,False
2026-08-03T21:05:00+00:00,758.03,758.03,758.02,758.02,1000,after-market,False
2026-08-03T21:06:00+00:00,757.91,757.92,757.91,757.91,77,after-market,False
2026-08-03T21:07:00+00:00,757.95,757.95,757.95,757.95,100,after-market,False
2026-08-03T21:08:00+00:00,757.95,757.95,757.95,757.95,49,after-market,False
2026-08-03T21:09:00+00:00,757.95,757.95,757.92,757.92,2416,after-market,False
2026-08-03T21:10:00+00:00,757.92,757.93,757.92,757.93,977,after-market,False
2026-08-03T21:11:00+00:00,758.01,758.02,757.95,757.95,658,after-market,False
2026-08-03T21:12:00+00:00,758.02,758.1,757.95,757.99,1010,after-market,False
2026-08-03T21:13:00+00:00,758.1,758.1,758.03,758.03,143,after-market,False
2026-08-03T21:14:00+00:00,758.03,758.1,758.02,758.09,1527,after-market,False
2026-08-03T21:15:00+00:00,758.09,758.09,758.09,758.09,0,after-market,False
2026-08-03T21:16:00+00:00,758.05,758.05,758.04,758.05,80,after-market,False
2026-08-03T21:17:00+00:00,758.04,758.05,758.04,758.05,441,after-market,False
2026-08-03T21:18:00+00:00,758.04,758.17,758.04,758.05,1211,after-market,False
2026-08-03T21:19:00+00:00,758.05,758.05,758.05,758.05,1051,after-market,False
2026-08-03T21:20:00+00:00,758.04,758.04,758.04,758.04,60,after-market,False
2026-08-03T21:21:00+00:00,758.03,758.04,758.01,758.01,367,after-market,False
2026-08-03T21:22:00+00:00,758.02,758.02,758.02,758.02,80,after-market,False
2026-08-03T21:23:00+00:00,758.03,758.07,758.03,758.07,1280,after-market,False
2026-08-03T21:24:00+00:00,758.03,758.04,758.03,758.03,106,after-market,False
2026-08-03T21:25:00+00:00,758.03,758.03,758.03,758.03,0,after-market,False
2026-08-03T21:26:00+00:00,758.06,758.06,758.06,758.06,46,after-market,False
2026-08-03T21:27:00+00:00,758.05,758.05,758.05,758.05,587,after-market,False
2026-08-03T21:28:00+00:00,758.03,758.06,757.95,758.05,4723,after-market,False
2026-08-03T21:29:00+00:00,758.05,758.05,758.05,758.05,0,after-market,False
2026-08-03T21:30:00+00:00,758.05,758.05,758.05,758.05,0,after-market,False
2026-08-03T21:31:00+00:00,757.95,757.95,757.95,757.95,263,after-market,False
2026-08-03T21:32:00+00:00,757.95,757.95,757.95,757.95,0,after-market,False
2026-08-03T21:33:00+00:00,757.95,757.95,757.95,757.95,0,after-market,False
2026-08-03T21:34:00+00:00,757.97,758.05,757.95,758.05,733,after-market,False
2026-08-03T21:35:00+00:00,758.01,758.01,758.0,758.0,161,after-market,False
2026-08-03T21:36:00+00:00,758.0,758.0,758.0,758.0,247,after-market,False
2026-08-03T21:37:00+00:00,757.92,757.97,757.9,757.97,707,after-market,False
2026-08-03T21:38:00+00:00,757.89,757.93,757.8,757.82,696,after-market,False
2026-08-03T21:39:00+00:00,757.82,757.91,757.82,757.91,80,after-market,False
2026-08-03T21:40:00+00:00,757.83,757.91,757.83,757.91,820,after-market,False
2026-08-03T21:41:00+00:00,757.83,757.9,757.8,757.9,1489,after-market,False
2026-08-03T21:42:00+00:00,757.9,757.9,757.9,757.9,0,after-market,False
2026-08-03T21:43:00+00:00,757.9,757.9,757.9,757.9,0,after-market,False
2026-08-03T21:44:00+00:00,757.94,758.0,757.93,757.94,5383,after-market,False
2026-08-03T21:45:00+00:00,757.95,757.95,757.91,757.91,197,after-market,False
2026-08-03T21:46:00+00:00,757.99,757.99,757.94,757.94,180,after-market,False
2026-08-03T21:47:00+00:00,757.97,758.0,757.97,758.0,409,after-market,False
2026-08-03T21:48:00+00:00,758.0,758.0,758.0,758.0,0,after-market,False
2026-08-03T21:49:00+00:00,758.0,758.0,758.0,758.0,0,after-market,False
2026-08-03T21:50:00+00:00,758.0,758.0,758.0,758.0,0,after-market,False
2026-08-03T21:51:00+00:00,757.95,757.99,757.93,757.99,2447,after-market,False
2026-08-03T21:52:00+00:00,757.96,758.0,757.96,757.99,279,after-market,False
2026-08-03T21:53:00+00:00,757.99,757.99,757.99,757.99,300,after-market,False
2026-08-03T21:54:00+00:00,757.95,757.95,757.95,757.95,200,after-market,False
2026-08-03T21:55:00+00:00,757.94,757.94,757.94,757.94,100,after-market,False
2026-08-03T21:56:00+00:00,757.94,757.94,757.94,757.94,0,after-market,False
2026-08-03T21:57:00+00:00,757.86,757.95,757.86,757.95,234,after-market,False
2026-08-03T21:58:00+00:00,757.95,757.95,757.95,757.95,181,after-market,False
2026-08-03T21:59:00+00:00,757.95,757.95,757.95,757.95,720,after-market,False
2026-08-03T22:00:00+00:00,757.81,758.16,757.81,758.12,4950,after-market,False
2026-08-03T22:01:00+00:00,758.04,758.14,758.04,758.05,549,after-market,False
2026-08-03T22:02:00+00:00,758.1,758.15,758.1,758.15,390,after-market,False
2026-08-03T22:03:00+00:00,757.92,757.94,757.89,757.89,1008,after-market,False
2026-08-03T22:04:00+00:00,758.04,758.04,758.02,758.02,220,after-market,False
2026-08-03T22:05:00+00:00,758.12,758.12,758.08,758.08,550,after-market,False
2026-08-03T22:06:00+00:00,758.03,758.03,758.03,758.03,100,after-market,False
2026-08-03T22:07:00+00:00,758.03,758.23,758.03,758.23,2011,after-market,False
2026-08-03T22:08:00+00:00,758.24,758.28,758.24,758.27,1210,after-market,False
2026-08-03T22:09:00+00:00,758.26,758.31,758.26,758.31,575,after-market,False
2026-08-03T22:10:00+00:00,758.29,758.33,758.29,758.33,109,after-market,False
2026-08-03T22:11:00+00:00,758.4,758.4,758.31,758.36,600,after-market,False
2026-08-03T22:12:00+00:00,758.33,758.34,758.33,758.34,263,after-market,False
2026-08-03T22:13:00+00:00,758.34,758.34,758.28,758.28,117,after-market,False
2026-08-03T22:14:00+00:00,758.12,758.12,758.0,758.03,1126,after-market,False
2026-08-03T22:15:00+00:00,758.13,758.32,758.13,758.32,1248,after-market,False
2026-08-03T22:16:00+00:00,758.32,758.32,758.28,758.29,650,after-market,False
2026-08-03T22:17:00+00:00,758.26,758.27,758.26,758.26,50,after-market,False
2026-08-03T22:18:00+00:00,758.26,758.26,758.26,758.26,0,after-market,False
2026-08-03T22:19:00+00:00,758.16,758.16,758.16,758.16,41,after-market,False
2026-08-03T22:20:00+00:00,758.22,758.31,758.18,758.18,989,after-market,False
2026-08-03T22:21:00+00:00,758.24,758.24,758.24,758.24,71,after-market,False
2026-08-03T22:22:00+00:00,758.17,758.18,758.17,758.17,200,after-market,False
2026-08-03T22:23:00+00:00,758.24,758.24,758.24,758.24,40,after-market,False
2026-08-03T22:24:00+00:00,758.24,758.24,758.22,758.22,776,after-market,False
2026-08-03T22:25:00+00:00,758.24,758.24,758.23,758.24,206,after-market,False
2026-08-03T22:26:00+00:00,758.23,758.23,758.22,758.23,1136,after-market,False
2026-08-03T22:27:00+00:00,758.21,758.21,758.21,758.21,197,after-market,False
2026-08-03T22:28:00+00:00,758.24,758.24,758.24,758.24,75,after-market,False
2026-08-03T22:29:00+00:00,758.23,758.23,758.23,758.23,127,after-market,False
2026-08-03T22:30:00+00:00,758.23,758.23,758.23,758.23,0,after-market,False
2026-08-03T22:31:00+00:00,758.22,758.22,758.22,758.22,40,after-market,False
2026-08-03T22:32:00+00:00,758.2,758.2,758.16,758.19,282,after-market,False
2026-08-03T22:33:00+00:00,758.19,758.19,758.19,758.19,0,after-market,False
2026-08-03T22:34:00+00:00,758.24,758.37,758.24,758.37,3310,after-market,False
2026-08-03T22:35:00+00:00,758.3,758.3,758.29,758.3,100,after-market,False
2026-08-03T22:36:00+00:00,758.31,758.49,758.31,758.31,4162,after-market,False
2026-08-03T22:37:00+00:00,758.35,758.35,758.35,758.35,45,after-market,False
2026-08-03T22:38:00+00:00,758.36,758.36,758.29,758.29,241,after-market,False
2026-08-03T22:39:00+00:00,758.29,758.29,758.29,758.29,0,after-market,False
2026-08-03T22:40:00+00:00,758.47,758.47,758.44,758.44,85,after-market,False
2026-08-03T22:41:00+00:00,758.41,758.42,758.41,758.41,90,after-market,False
2026-08-03T22:42:00+00:00,758.43,758.44,758.43,758.44,265,after-market,False
2026-08-03T22:43:00+00:00,758.44,758.44,758.44,758.44,0,after-market,False
2026-08-03T22:44:00+00:00,758.45,758.47,758.41,758.47,720,after-market,False
2026-08-03T22:45:00+00:00,758.44,758.44,758.29,758.31,556,after-market,False
2026-08-03T22:46:00+00:00,758.33,758.36,758.33,758.35,174,after-market,False
2026-08-03T22:47:00+00:00,758.27,758.32,758.26,758.32,145,after-market,False
2026-08-03T22:48:00+00:00,758.38,758.38,758.37,758.37,116,after-market,False
2026-08-03T22:49:00+00:00,758.38,758.4,758.32,758.4,770,after-market,False
2026-08-03T22:50:00+00:00,758.31,758.36,758.31,758.36,164,after-market,False
2026-08-03T22:51:00+00:00,758.36,758.36,758.36,758.36,49,after-market,False
2026-08-03T22:52:00+00:00,758.36,758.38,758.36,758.38,116,after-market,False
2026-08-03T22:53:00+00:00,758.37,758.4,758.36,758.36,356,after-market,False
2026-08-03T22:54:00+00:00,758.35,758.36,758.32,758.36,476,after-market,False
2026-08-03T22:55:00+00:00,758.39,758.4,758.39,758.4,200,after-market,False
2026-08-03T22:56:00+00:00,758.39,758.4,758.36,758.4,356,after-market,False
2026-08-03T22:57:00+00:00,758.39,758.39,758.35,758.37,304,after-market,False
2026-08-03T22:58:00+00:00,758.33,758.34,758.33,758.34,802,after-market,False
2026-08-03T22:59:00+00:00,758.34,758.34,758.34,758.34,60,after-market,False
2026-08-03T23:00:00+00:00,758.36,758.36,758.32,758.32,146,after-market,False
2026-08-03T23:01:00+00:00,758.34,758.37,758.27,758.29,454,after-market,False
2026-08-03T23:02:00+00:00,758.25,758.35,758.25,758.35,1091,after-market,False
2026-08-03T23:03:00+00:00,758.36,758.36,758.36,758.36,2218,after-market,False
2026-08-03T23:04:00+00:00,758.35,758.36,758.3,758.33,359,after-market,False
2026-08-03T23:05:00+00:00,758.32,758.33,758.3,758.3,3169,after-market,False
2026-08-03T23:06:00+00:00,758.29,758.3,758.23,758.23,412,after-market,False
2026-08-03T23:07:00+00:00,758.19,758.22,758.18,758.22,741,after-market,False
2026-08-03T23:08:00+00:00,758.17,758.19,758.17,758.18,116,after-market,False
2026-08-03T23:09:00+00:00,758.18,758.22,758.17,758.17,1041,after-market,False
2026-08-03T23:10:00+00:00,758.17,758.24,758.17,758.23,800,after-market,False
2026-08-03T23:11:00+00:00,758.23,758.24,758.22,758.23,294,after-market,False
2026-08-03T23:12:00+00:00,758.19,758.19,758.19,758.19,66,after-market,False
2026-08-03T23:13:00+00:00,758.19,758.2,758.19,758.2,336,after-market,False
2026-08-03T23:14:00+00:00,758.22,758.24,758.21,758.24,674,after-market,False
2026-08-03T23:15:00+00:00,758.27,758.27,758.27,758.27,66,after-market,False
2026-08-03T23:16:00+00:00,758.27,758.36,758.27,758.36,3360,after-market,False
2026-08-03T23:17:00+00:00,758.36,758.38,758.34,758.38,1128,after-market,False
2026-08-03T23:18:00+00:00,758.38,758.38,758.38,758.38,90,after-market,False
2026-08-03T23:19:00+00:00,758.36,758.4,758.35,758.39,1429,after-market,False
2026-08-03T23:20:00+00:00,758.39,758.39,758.39,758.39,0,after-market,False
2026-08-03T23:21:00+00:00,758.39,758.39,758.39,758.39,0,after-market,False
2026-08-03T23:22:00+00:00,758.4,758.4,758.4,758.4,85,after-market,False
2026-08-03T23:23:00+00:00,758.33,758.36,758.33,758.36,100,after-market,False
2026-08-03T23:24:00+00:00,758.38,758.38,758.32,758.32,190,after-market,False
2026-08-03T23:25:00+00:00,758.27,758.31,758.27,758.27,883,after-market,False
2026-08-03T23:26:00+00:00,758.28,758.34,758.24,758.33,333,after-market,False
2026-08-03T23:27:00+00:00,758.3,758.33,758.3,758.33,1100,after-market,False
2026-08-03T23:28:00+00:00,758.33,758.34,758.33,758.33,40,after-market,False
2026-08-03T23:29:00+00:00,758.28,758.28,758.28,758.28,340,after-market,False
2026-08-03T23:30:00+00:00,758.3,758.3,758.24,758.24,500,after-market,False
2026-08-03T23:31:00+00:00,758.23,758.26,758.23,758.26,441,after-market,False
2026-08-03T23:32:00+00:00,758.23,758.37,758.23,758.37,7576,after-market,False
2026-08-03T23:33:00+00:00,758.35,758.35,758.27,758.33,332,after-market,False
2026-08-03T23:34:00+00:00,758.38,758.41,758.38,758.41,418,after-market,False
2026-08-03T23:35:00+00:00,758.4,758.4,758.35,758.35,803,after-market,False
2026-08-03T23:36:00+00:00,758.35,758.36,758.35,758.35,295,after-market,False
2026-08-03T23:37:00+00:00,758.35,758.35,758.32,758.34,1480,after-market,False
2026-08-03T23:38:00+00:00,758.26,758.3,758.13,758.13,2648,after-market,False
2026-08-03T23:39:00+00:00,758.12,758.13,758.12,758.13,198,after-market,False
2026-08-03T23:40:00+00:00,758.13,758.15,758.12,758.13,3909,after-market,False
2026-08-03T23:41:00+00:00,758.14,758.14,758.14,758.14,66,after-market,False
2026-08-03T23:42:00+00:00,758.14,758.16,758.14,758.14,3348,after-market,False
2026-08-03T23:43:00+00:00,758.14,758.14,758.14,758.14,0,after-market,False
2026-08-03T23:44:00+00:00,758.13,758.13,758.11,758.11,461,after-market,False
2026-08-03T23:45:00+00:00,758.11,758.23,758.11,758.22,1344,after-market,False
2026-08-03T23:46:00+00:00,758.21,758.29,758.21,758.29,279,after-market,False
2026-08-03T23:47:00+00:00,758.3,758.37,758.3,758.35,1265,after-market,False
2026-08-03T23:48:00+00:00,758.35,758.36,758.28,758.28,1348,after-market,False
2026-08-03T23:49:00+00:00,758.29,758.29,758.24,758.28,948,after-market,False
2026-08-03T23:50:00+00:00,758.28,758.38,758.27,758.32,1360,after-market,False
2026-08-03T23:51:00+00:00,758.3,758.33,758.22,758.27,1809,after-market,False
2026-08-03T23:52:00+00:00,758.3,758.33,758.21,758.22,763,after-market,False
2026-08-03T23:53:00+00:00,758.22,758.23,758.14,758.15,2413,after-market,False
2026-08-03T23:54:00+00:00,758.19,758.2,758.15,758.15,651,after-market,False
2026-08-03T23:55:00+00:00,758.16,758.18,758.16,758.18,1688,after-market,False
2026-08-03T23:56:00+00:00,758.2,758.29,758.19,758.29,569,after-market,False
2026-08-03T23:57:00+00:00,758.3,758.31,758.23,758.31,388,after-market,False
2026-08-03T23:58:00+00:00,758.26,758.26,758.25,758.26,429,after-market,False
2026-08-03T23:59:00+00:00,758.28,758.33,758.25,758.33,5347,after-market,False
2026-08-04T08:00:00+00:00,759.21,759.87,759.18,759.25,1815,pre-market,False
2026-08-04T08:01:00+00:00,759.18,759.87,759.08,759.76,14578,pre-market,False
2026-08-04T08:02:00+00:00,759.87,759.88,759.14,759.4,7980,pre-market,False
2026-08-04T08:03:00+00:00,759.34,759.42,759.3,759.3,244,pre-market,False
2026-08-04T08:04:00+00:00,759.49,759.49,759.31,759.31,390,pre-market,False
2026-08-04T08:05:00+00:00,759.23,759.28,759.23,759.25,430,pre-market,False
2026-08-04T08:06:00+00:00,759.27,759.35,759.25,759.35,195,pre-market,False
2026-08-04T08:07:00+00:00,759.34,759.43,759.34,759.38,1284,pre-market,False
2026-08-04T08:08:00+00:00,759.38,759.38,759.28,759.36,426,pre-market,False
2026-08-04T08:09:00+00:00,759.23,759.23,759.23,759.23,40,pre-market,False
2026-08-04T08:10:00+00:00,759.22,759.22,759.11,759.11,205,pre-market,False
2026-08-04T08:11:00+00:00,759.17,759.2,759.17,759.2,95,pre-market,False
2026-08-04T08:12:00+00:00,759.26,759.28,759.26,759.28,229,pre-market,False
2026-08-04T08:13:00+00:00,759.23,759.26,759.23,759.26,144,pre-market,False
2026-08-04T08:14:00+00:00,759.26,759.26,759.26,759.26,0,pre-market,False
2026-08-04T08:15:00+00:00,759.29,759.41,759.29,759.41,1526,pre-market,False
2026-08-04T08:16:00+00:00,759.39,759.41,759.39,759.39,1211,pre-market,False
2026-08-04T08:17:00+00:00,759.46,759.46,759.37,759.37,1650,pre-market,False
2026-08-04T08:18:00+00:00,759.4,759.46,759.39,759.45,279,pre-market,False
2026-08-04T08:19:00+00:00,759.39,759.39,759.39,759.39,120,pre-market,False
2026-08-04T08:20:00+00:00,759.49,759.5,759.45,759.48,247,pre-market,False
2026-08-04T08:21:00+00:00,759.5,759.51,759.48,759.49,337,pre-market,False
2026-08-04T08:22:00+00:00,759.5,759.5,759.41,759.41,586,pre-market,False
2026-08-04T08:23:00+00:00,759.41,759.41,759.41,759.41,0,pre-market,False
2026-08-04T08:24:00+00:00,759.31,759.31,759.25,759.25,180,pre-market,False
2026-08-04T08:25:00+00:00,759.26,759.26,759.24,759.24,140,pre-market,False
2026-08-04T08:26:00+00:00,759.24,759.25,759.21,759.22,456,pre-market,False
2026-08-04T08:27:00+00:00,759.22,759.25,759.12,759.15,4586,pre-market,False
2026-08-04T08:28:00+00:00,759.16,759.21,759.14,759.17,357,pre-market,False
2026-08-04T08:29:00+00:00,759.19,759.24,759.19,759.24,180,pre-market,False
2026-08-04T08:30:00+00:00,759.2,759.2,759.16,759.2,260,pre-market,False
2026-08-04T08:31:00+00:00,759.14,759.22,759.1,759.19,1102,pre-market,False
2026-08-04T08:32:00+00:00,759.15,759.15,759.0,759.0,3200,pre-market,False
2026-08-04T08:33:00+00:00,759.02,759.02,759.0,759.0,350,pre-market,False
2026-08-04T08:34:00+00:00,758.91,758.91,758.8,758.82,312,pre-market,False
2026-08-04T08:35:00+00:00,758.89,758.89,758.89,758.89,851,pre-market,False
2026-08-04T08:36:00+00:00,758.84,758.84,758.73,758.75,1103,pre-market,False
2026-08-04T08:37:00+00:00,758.77,758.77,758.77,758.77,205,pre-market,False
2026-08-04T08:38:00+00:00,758.83,758.84,758.81,758.81,101,pre-market,False
2026-08-04T08:39:00+00:00,758.79,758.83,758.79,758.83,145,pre-market,False
2026-08-04T08:40:00+00:00,758.87,758.87,758.84,758.84,140,pre-market,False
2026-08-04T08:41:00+00:00,758.84,758.84,758.84,758.84,0,pre-market,False
2026-08-04T08:42:00+00:00,758.68,758.7,758.67,758.68,211,pre-market,False
2026-08-04T08:43:00+00:00,758.66,758.67,758.64,758.64,120,pre-market,False
2026-08-04T08:44:00+00:00,758.75,758.75,758.75,758.75,80,pre-market,False
2026-08-04T08:45:00+00:00,758.62,758.62,758.55,758.61,677,pre-market,False
2026-08-04T08:46:00+00:00,758.47,758.49,758.47,758.48,1104,pre-market,False
2026-08-04T08:47:00+00:00,758.5,758.57,758.45,758.57,1278,pre-market,False
2026-08-04T08:48:00+00:00,758.63,758.63,758.63,758.63,123,pre-market,False
2026-08-04T08:49:00+00:00,758.63,758.63,758.63,758.63,0,pre-market,False
2026-08-04T08:50:00+00:00,758.63,758.63,758.63,758.63,0,pre-market,False
2026-08-04T08:51:00+00:00,758.52,758.52,758.52,758.52,40,pre-market,False
2026-08-04T08:52:00+00:00,758.51,758.51,758.48,758.48,513,pre-market,False
2026-08-04T08:53:00+00:00,758.57,758.57,758.56,758.57,247,pre-market,False
2026-08-04T08:54:00+00:00,758.57,758.57,758.57,758.57,0,pre-market,False
2026-08-04T08:55:00+00:00,758.64,758.68,758.64,758.67,140,pre-market,False
2026-08-04T08:56:00+00:00,758.67,758.67,758.67,758.67,0,pre-market,False
2026-08-04T08:57:00+00:00,758.74,758.74,758.68,758.73,1295,pre-market,False
2026-08-04T08:58:00+00:00,758.73,758.73,758.63,758.65,378,pre-market,False
2026-08-04T08:59:00+00:00,758.64,758.64,758.64,758.64,65,pre-market,False
2026-08-04T09:00:00+00:00,758.58,758.58,758.58,758.58,40,pre-market,False
2026-08-04T09:01:00+00:00,758.55,758.57,758.51,758.56,631,pre-market,False
2026-08-04T09:02:00+00:00,758.5,758.5,758.45,758.45,295,pre-market,False
2026-08-04T09:03:00+00:00,758.45,758.45,758.45,758.45,0,pre-market,False
2026-08-04T09:04:00+00:00,758.45,758.47,758.37,758.47,564,pre-market,False
2026-08-04T09:05:00+00:00,758.47,758.47,758.37,758.37,304,pre-market,False
2026-08-04T09:06:00+00:00,758.35,758.35,758.3,758.35,940,pre-market,False
2026-08-04T09:07:00+00:00,758.35,758.35,758.25,758.25,132,pre-market,False
2026-08-04T09:08:00+00:00,758.25,758.27,758.24,758.25,385,pre-market,False
2026-08-04T09:09:00+00:00,758.27,758.29,758.21,758.24,10295,pre-market,False
2026-08-04T09:10:00+00:00,758.24,758.3,758.21,758.3,912,pre-market,False
2026-08-04T09:11:00+00:00,758.22,758.22,758.2,758.2,351,pre-market,False
2026-08-04T09:12:00+00:00,758.3,758.3,758.24,758.24,124,pre-market,False
2026-08-04T09:13:00+00:00,758.25,758.26,758.15,758.19,1616,pre-market,False
2026-08-04T09:14:00+00:00,758.35,758.35,758.3,758.31,90,pre-market,False
2026-08-04T09:15:00+00:00,758.34,758.34,758.23,758.3,5319,pre-market,False
2026-08-04T09:16:00+00:00,758.25,758.25,758.12,758.22,1521,pre-market,False
2026-08-04T09:17:00+00:00,758.18,758.21,758.15,758.15,852,pre-market,False
2026-08-04T09:18:00+00:00,758.16,758.19,758.11,758.13,7572,pre-market,False
2026-08-04T09:19:00+00:00,758.2,758.25,758.2,758.25,444,pre-market,False
2026-08-04T09:20:00+00:00,758.26,758.31,758.21,758.31,772,pre-market,False
2026-08-04T09:21:00+00:00,758.23,758.23,758.2,758.2,5100,pre-market,False
2026-08-04T09:22:00+00:00,758.2,758.2,758.2,758.2,0,pre-market,False
2026-08-04T09:23:00+00:00,758.2,758.2,758.2,758.2,0,pre-market,False
2026-08-04T09:24:00+00:00,758.25,758.25,758.2,758.2,372,pre-market,False
2026-08-04T09:25:00+00:00,758.2,758.2,758.2,758.2,0,pre-market,False
2026-08-04T09:26:00+00:00,758.19,758.2,758.18,758.19,404,pre-market,False
2026-08-04T09:27:00+00:00,758.28,758.3,758.22,758.22,510,pre-market,False
2026-08-04T09:28:00+00:00,758.2,758.3,758.14,758.27,1517,pre-market,False
2026-08-04T09:29:00+00:00,758.29,758.3,758.27,758.3,290,pre-market,False
2026-08-04T09:30:00+00:00,758.37,758.45,758.36,758.36,465,pre-market,False
2026-08-04T09:31:00+00:00,758.36,758.47,758.36,758.47,387,pre-market,False
2026-08-04T09:32:00+00:00,758.45,758.45,758.4,758.4,117,pre-market,False
2026-08-04T09:33:00+00:00,758.4,758.4,758.4,758.4,0,pre-market,False
2026-08-04T09:34:00+00:00,758.45,758.47,758.45,758.47,81,pre-market,False
2026-08-04T09:35:00+00:00,758.48,758.54,758.47,758.54,1161,pre-market,False
2026-08-04T09:36:00+00:00,758.54,758.54,758.54,758.54,0,pre-market,False
2026-08-04T09:37:00+00:00,758.49,758.5,758.48,758.49,185,pre-market,False
2026-08-04T09:38:00+00:00,758.55,758.55,758.55,758.55,52,pre-market,False
2026-08-04T09:39:00+00:00,758.55,758.55,758.55,758.55,0,pre-market,False
2026-08-04T09:40:00+00:00,758.69,758.7,758.69,758.7,496,pre-market,False
2026-08-04T09:41:00+00:00,758.73,758.73,758.73,758.73,43,pre-market,False
2026-08-04T09:42:00+00:00,758.71,758.71,758.71,758.71,57,pre-market,False
2026-08-04T09:43:00+00:00,758.75,758.75,758.69,758.72,149,pre-market,False
2026-08-04T09:44:00+00:00,758.73,758.73,758.68,758.68,145,pre-market,False
2026-08-04T09:45:00+00:00,758.7,758.73,758.64,758.7,5740,pre-market,False
2026-08-04T09:46:00+00:00,758.62,758.62,758.52,758.52,1040,pre-market,False
2026-08-04T09:47:00+00:00,758.65,758.65,758.65,758.65,448,pre-market,False
2026-08-04T09:48:00+00:00,758.65,758.65,758.65,758.65,0,pre-market,False
2026-08-04T09:49:00+00:00,758.65,758.65,758.65,758.65,86,pre-market,False
2026-08-04T09:50:00+00:00,758.69,758.69,758.67,758.67,140,pre-market,False
2026-08-04T09:51:00+00:00,758.58,758.59,758.47,758.47,297,pre-market,False
2026-08-04T09:52:00+00:00,758.47,758.47,758.47,758.47,0,pre-market,False
2026-08-04T09:53:00+00:00,758.51,758.51,758.51,758.51,118,pre-market,False
2026-08-04T09:54:00+00:00,758.51,758.51,758.51,758.51,0,pre-market,False
2026-08-04T09:55:00+00:00,758.51,758.51,758.51,758.51,0,pre-market,False
2026-08-04T09:56:00+00:00,758.42,758.44,758.41,758.44,116,pre-market,False
2026-08-04T09:57:00+00:00,758.44,758.44,758.44,758.44,0,pre-market,False
2026-08-04T09:58:00+00:00,758.51,758.51,758.51,758.51,45,pre-market,False
2026-08-04T09:59:00+00:00,758.57,758.64,758.53,758.64,5456,pre-market,False
2026-08-04T10:00:00+00:00,758.64,758.64,758.64,758.64,0,pre-market,False
2026-08-04T10:01:00+00:00,758.64,758.64,758.62,758.63,84,pre-market,False
2026-08-04T10:02:00+00:00,758.63,758.68,758.62,758.68,217,pre-market,False
2026-08-04T10:03:00+00:00,758.68,758.68,758.68,758.68,40,pre-market,False
2026-08-04T10:04:00+00:00,758.68,758.68,758.68,758.68,0,pre-market,False
2026-08-04T10:05:00+00:00,758.57,758.6,758.57,758.6,340,pre-market,False
2026-08-04T10:06:00+00:00,758.6,758.6,758.6,758.6,0,pre-market,False
2026-08-04T10:07:00+00:00,758.6,758.6,758.6,758.6,0,pre-market,False
2026-08-04T10:08:00+00:00,758.6,758.6,758.6,758.6,0,pre-market,False
2026-08-04T10:09:00+00:00,758.6,758.6,758.6,758.6,0,pre-market,False
2026-08-04T10:10:00+00:00,758.67,758.67,758.67,758.67,43,pre-market,False
2026-08-04T10:11:00+00:00,758.67,758.67,758.67,758.67,0,pre-market,False
2026-08-04T10:12:00+00:00,758.85,758.85,758.85,758.85,40,pre-market,False
2026-08-04T10:13:00+00:00,758.8,758.8,758.8,758.8,40,pre-market,False
2026-08-04T10:14:00+00:00,758.74,758.74,758.71,758.72,2648,pre-market,False
2026-08-04T10:15:00+00:00,758.7,758.7,758.65,758.65,2604,pre-market,False
2026-08-04T10:16:00+00:00,758.59,758.59,758.59,758.59,45,pre-market,False
2026-08-04T10:17:00+00:00,758.54,758.6,758.54,758.6,80,pre-market,False
2026-08-04T10:18:00+00:00,758.64,758.64,758.58,758.58,129,pre-market,False
2026-08-04T10:19:00+00:00,758.64,758.64,758.58,758.62,160,pre-market,False
2026-08-04T10:20:00+00:00,758.61,758.63,758.56,758.63,204,pre-market,False
2026-08-04T10:21:00+00:00,758.55,758.62,758.55,758.62,330,pre-market,False
2026-08-04T10:22:00+00:00,758.62,758.62,758.62,758.62,0,pre-market,False
2026-08-04T10:23:00+00:00,758.62,758.62,758.62,758.62,0,pre-market,False
2026-08-04T10:24:00+00:00,758.7,758.7,758.7,758.7,100,pre-market,False
2026-08-04T10:25:00+00:00,758.68,758.72,758.68,758.71,873,pre-market,False
2026-08-04T10:26:00+00:00,758.67,758.72,758.67,758.7,4902,pre-market,False
2026-08-04T10:27:00+00:00,758.7,758.72,758.65,758.68,1572,pre-market,False
2026-08-04T10:28:00+00:00,758.66,758.68,758.58,758.58,2686,pre-market,False
2026-08-04T10:29:00+00:00,758.57,758.65,758.53,758.6,3506,pre-market,False
2026-08-04T10:30:00+00:00,758.54,759.02,758.47,759.02,19240,pre-market,False
2026-08-04T10:31:00+00:00,758.97,759.0,758.89,758.93,3629,pre-market,False
2026-08-04T10:32:00+00:00,758.93,758.98,758.88,758.93,1096,pre-market,False
2026-08-04T10:33:00+00:00,759.03,759.05,759.02,759.04,814,pre-market,False
2026-08-04T10:34:00+00:00,759.04,759.08,759.0,759.01,442,pre-market,False
2026-08-04T10:35:00+00:00,758.91,758.92,758.9,758.9,209,pre-market,False
2026-08-04T10:36:00+00:00,758.86,758.87,758.75,758.75,942,pre-market,False
2026-08-04T10:37:00+00:00,758.89,758.92,758.89,758.92,118,pre-market,False
2026-08-04T10:38:00+00:00,758.82,758.86,758.8,758.84,476,pre-market,False
2026-08-04T10:39:00+00:00,758.8,758.86,758.78,758.79,3644,pre-market,False
2026-08-04T10:40:00+00:00,758.81,758.84,758.79,758.82,237,pre-market,False
2026-08-04T10:41:00+00:00,758.84,758.84,758.79,758.79,718,pre-market,False
2026-08-04T10:42:00+00:00,758.77,758.81,758.77,758.81,160,pre-market,False
2026-08-04T10:43:00+00:00,758.75,758.81,758.74,758.81,274,pre-market,False
2026-08-04T10:44:00+00:00,758.85,759.32,758.84,759.32,3187,pre-market,False
2026-08-04T10:45:00+00:00,759.32,759.46,759.32,759.41,1895,pre-market,False
2026-08-04T10:46:00+00:00,759.51,759.63,759.42,759.54,1801,pre-market,False
2026-08-04T10:47:00+00:00,759.55,759.68,759.48,759.63,2942,pre-market,False
2026-08-04T10:48:00+00:00,759.67,759.67,759.52,759.52,811,pre-market,False
2026-08-04T10:49:00+00:00,759.42,759.56,759.39,759.55,1232,pre-market,False
2026-08-04T10:50:00+00:00,759.24,759.24,759.2,759.21,413,pre-market,False
2026-08-04T10:51:00+00:00,759.15,759.15,759.15,759.15,1075,pre-market,False
2026-08-04T10:52:00+00:00,759.2,759.38,759.2,759.38,262,pre-market,False
2026-08-04T10:53:00+00:00,759.38,759.38,759.38,759.38,0,pre-market,False
2026-08-04T10:54:00+00:00,759.25,759.25,759.25,759.25,85,pre-market,False
2026-08-04T10:55:00+00:00,759.3,759.3,759.28,759.29,364,pre-market,False
2026-08-04T10:56:00+00:00,759.28,759.28,759.18,759.18,323,pre-market,False
2026-08-04T10:57:00+00:00,759.17,759.17,759.17,759.17,40,pre-market,False
2026-08-04T10:58:00+00:00,759.29,759.3,759.29,759.3,1147,pre-market,False
2026-08-04T10:59:00+00:00,759.28,759.31,759.25,759.25,2138,pre-market,False
2026-08-04T11:00:00+00:00,759.19,759.32,759.16,759.21,1212,pre-market,False
2026-08-04T11:01:00+00:00,759.16,759.23,759.13,759.23,486,pre-market,False
2026-08-04T11:02:00+00:00,759.25,759.3,759.22,759.26,984,pre-market,False
2026-08-04T11:03:00+00:00,759.36,759.4,759.36,759.38,1268,pre-market,False
2026-08-04T11:04:00+00:00,759.4,759.4,759.3,759.3,782,pre-market,False
2026-08-04T11:05:00+00:00,759.28,759.28,759.22,759.22,140,pre-market,False
2026-08-04T11:06:00+00:00,759.28,759.28,759.25,759.26,226,pre-market,False
2026-08-04T11:07:00+00:00,759.27,759.27,759.24,759.25,229,pre-market,False
2026-08-04T11:08:00+00:00,759.2,759.2,759.16,759.18,335,pre-market,False
2026-08-04T11:09:00+00:00,759.15,759.15,759.11,759.15,748,pre-market,False
2026-08-04T11:10:00+00:00,759.17,759.18,759.17,759.17,50,pre-market,False
2026-08-04T11:11:00+00:00,759.18,759.18,759.1,759.12,891,pre-market,False
2026-08-04T11:12:00+00:00,759.15,759.24,759.13,759.24,166,pre-market,False
2026-08-04T11:13:00+00:00,759.22,759.22,759.18,759.18,174,pre-market,False
2026-08-04T11:14:00+00:00,759.3,759.34,759.26,759.26,829,pre-market,False
2026-08-04T11:15:00+00:00,759.29,759.36,759.27,759.35,9328,pre-market,False
2026-08-04T11:16:00+00:00,759.3,759.3,759.3,759.3,50,pre-market,False
2026-08-04T11:17:00+00:00,759.3,759.3,759.3,759.3,40,pre-market,False
2026-08-04T11:18:00+00:00,759.3,759.3,759.3,759.3,0,pre-market,False
2026-08-04T11:19:00+00:00,759.37,759.37,759.37,759.37,51,pre-market,False
2026-08-04T11:20:00+00:00,759.35,759.41,759.35,759.41,453,pre-market,False
2026-08-04T11:21:00+00:00,759.41,759.57,759.41,759.57,1303,pre-market,False
2026-08-04T11:22:00+00:00,759.6,759.6,759.55,759.55,2181,pre-market,False
2026-08-04T11:23:00+00:00,759.53,759.53,759.36,759.46,648,pre-market,False
2026-08-04T11:24:00+00:00,759.5,759.53,759.46,759.46,540,pre-market,False
2026-08-04T11:25:00+00:00,759.46,759.46,759.45,759.46,120,pre-market,False
2026-08-04T11:26:00+00:00,759.55,759.55,759.52,759.55,348,pre-market,False
2026-08-04T11:27:00+00:00,759.54,759.64,759.54,759.63,755,pre-market,False
2026-08-04T11:28:00+00:00,759.67,759.78,759.64,759.74,881,pre-market,False
2026-08-04T11:29:00+00:00,759.74,759.78,759.7,759.71,6139,pre-market,False
2026-08-04T11:30:00+00:00,759.75,759.75,759.63,759.64,1648,pre-market,False
2026-08-04T11:31:00+00:00,759.66,759.69,759.66,759.68,227,pre-market,False
2026-08-04T11:32:00+00:00,759.73,759.73,759.66,759.71,240,pre-market,False
2026-08-04T11:33:00+00:00,759.7,759.7,759.67,759.68,615,pre-market,False
2026-08-04T11:34:00+00:00,759.7,759.7,759.7,759.7,642,pre-market,False
2026-08-04T11:35:00+00:00,759.64,759.64,759.6,759.6,300,pre-market,False
2026-08-04T11:36:00+00:00,759.7,759.73,759.61,759.61,1796,pre-market,False
2026-08-04T11:37:00+00:00,759.61,759.65,759.61,759.61,3931,pre-market,False
2026-08-04T11:38:00+00:00,759.69,759.7,759.58,759.58,641,pre-market,False
2026-08-04T11:39:00+00:00,759.61,759.7,759.61,759.7,203,pre-market,False
2026-08-04T11:40:00+00:00,759.59,759.6,759.46,759.46,473,pre-market,False
2026-08-04T11:41:00+00:00,759.45,759.53,759.45,759.53,1306,pre-market,False
2026-08-04T11:42:00+00:00,759.5,759.6,759.5,759.6,3104,pre-market,False
2026-08-04T11:43:00+00:00,759.59,760.25,759.58,760.2,35730,pre-market,False
2026-08-04T11:44:00+00:00,760.19,760.55,759.8,760.36,37822,pre-market,False
2026-08-04T11:45:00+00:00,760.37,760.4,760.1,760.24,9765,pre-market,False
2026-08-04T11:46:00+00:00,760.27,760.28,760.2,760.21,5647,pre-market,False
2026-08-04T11:47:00+00:00,760.2,760.35,760.18,760.19,31517,pre-market,False
2026-08-04T11:48:00+00:00,760.22,760.35,760.2,760.28,7406,pre-market,False
2026-08-04T11:49:00+00:00,760.28,760.36,760.18,760.33,2146,pre-market,False
2026-08-04T11:50:00+00:00,760.31,760.41,760.23,760.25,7655,pre-market,False
2026-08-04T11:51:00+00:00,760.33,760.58,760.32,760.58,9348,pre-market,False
2026-08-04T11:52:00+00:00,760.55,760.64,760.55,760.58,5040,pre-market,False
2026-08-04T11:53:00+00:00,760.58,760.61,760.49,760.61,9230,pre-market,False
2026-08-04T11:54:00+00:00,760.59,760.59,760.46,760.48,1713,pre-market,False
2026-08-04T11:55:00+00:00,760.44,760.53,760.4,760.48,49237,pre-market,False
2026-08-04T11:56:00+00:00,760.47,760.48,760.38,760.4,2192,pre-market,False
2026-08-04T11:57:00+00:00,760.43,760.43,760.13,760.2,15649,pre-market,False
2026-08-04T11:58:00+00:00,760.26,760.32,760.21,760.31,19098,pre-market,False
2026-08-04T11:59:00+00:00,760.29,760.35,760.28,760.29,385,pre-market,False
2026-08-04T12:00:00+00:00,760.33,760.38,760.26,760.37,7431,pre-market,False
2026-08-04T12:01:00+00:00,760.27,760.33,760.17,760.17,2108,pre-market,False
2026-08-04T12:02:00+00:00,760.19,760.27,760.18,760.22,13961,pre-market,False
2026-08-04T12:03:00+00:00,760.27,760.3,760.24,760.27,1456,pre-market,False
2026-08-04T12:04:00+00:00,760.26,760.34,760.26,760.34,240,pre-market,False
2026-08-04T12:05:00+00:00,760.32,760.32,760.3,760.3,120,pre-market,False
2026-08-04T12:06:00+00:00,760.29,760.29,760.2,760.2,1183,pre-market,False
2026-08-04T12:07:00+00:00,760.17,760.24,760.07,760.22,4140,pre-market,False
2026-08-04T12:08:00+00:00,760.24,761.0,760.23,760.36,37851,pre-market,False
2026-08-04T12:09:00+00:00,760.36,760.36,760.25,760.32,1182,pre-market,False
2026-08-04T12:10:00+00:00,760.38,760.39,760.31,760.32,1508,pre-market,False
2026-08-04T12:11:00+00:00,760.34,760.35,760.25,760.35,7200,pre-market,False
2026-08-04T12:12:00+00:00,760.29,760.32,760.29,760.32,683,pre-market,False
2026-08-04T12:13:00+00:00,760.3,760.3,760.25,760.25,120,pre-market,False
2026-08-04T12:14:00+00:00,760.24,760.24,760.11,760.12,1571,pre-market,False
2026-08-04T12:15:00+00:00,760.13,760.14,760.09,760.12,4035,pre-market,False
2026-08-04T12:16:00+00:00,760.12,760.16,760.12,760.15,978,pre-market,False
2026-08-04T12:17:00+00:00,760.16,760.22,760.0,760.1,24440,pre-market,False
2026-08-04T12:18:00+00:00,760.08,760.19,760.07,760.19,392,pre-market,False
2026-08-04T12:19:00+00:00,760.19,760.32,760.19,760.32,506,pre-market,False
2026-08-04T12:20:00+00:00,760.33,760.4,760.32,760.35,1712,pre-market,False
2026-08-04T12:21:00+00:00,760.34,760.38,760.34,760.37,770,pre-market,False
2026-08-04T12:22:00+00:00,760.38,760.44,760.37,760.4,2422,pre-market,False
2026-08-04T12:23:00+00:00,760.4,760.4,760.35,760.35,614,pre-market,False
2026-08-04T12:24:00+00:00,760.36,760.45,760.36,760.39,2589,pre-market,False
2026-08-04T12:25:00+00:00,760.4,760.43,760.39,760.4,1622,pre-market,False
2026-08-04T12:26:00+00:00,760.41,760.41,760.38,760.4,2492,pre-market,False
2026-08-04T12:27:00+00:00,760.45,760.45,760.39,760.41,2147,pre-market,False
2026-08-04T12:28:00+00:00,760.38,760.44,760.33,760.33,4737,pre-market,False
2026-08-04T12:29:00+00:00,760.34,760.37,760.31,760.33,2132,pre-market,False
2026-08-04T12:30:00+00:00,760.35,760.36,760.31,760.34,1945,pre-market,False
2026-08-04T12:31:00+00:00,760.34,760.35,760.19,760.21,1912,pre-market,False
2026-08-04T12:32:00+00:00,760.15,760.27,760.15,760.23,290,pre-market,False
2026-08-04T12:33:00+00:00,760.25,760.36,760.25,760.3,5925,pre-market,False
2026-08-04T12:34:00+00:00,760.36,760.37,760.3,760.36,820,pre-market,False
2026-08-04T12:35:00+00:00,760.37,760.43,760.36,760.4,2863,pre-market,False
2026-08-04T12:36:00+00:00,760.43,760.44,760.35,760.35,3159,pre-market,False
2026-08-04T12:37:00+00:00,760.35,760.4,760.31,760.35,595,pre-market,False
2026-08-04T12:38:00+00:00,760.4,760.4,760.34,760.34,1963,pre-market,False
2026-08-04T12:39:00+00:00,760.4,760.43,760.4,760.43,926,pre-market,False
2026-08-04T12:40:00+00:00,760.36,760.42,760.35,760.42,2174,pre-market,False
2026-08-04T12:41:00+00:00,760.4,760.4,760.36,760.39,845,pre-market,False
2026-08-04T12:42:00+00:00,760.4,760.4,760.38,760.4,559,pre-market,False
2026-08-04T12:43:00+00:00,760.4,760.45,760.37,760.37,2094,pre-market,False
2026-08-04T12:44:00+00:00,760.37,760.46,760.37,760.46,2369,pre-market,False
2026-08-04T12:45:00+00:00,760.43,760.43,760.37,760.37,1472,pre-market,False
2026-08-04T12:46:00+00:00,760.37,760.4,760.33,760.33,7149,pre-market,False
2026-08-04T12:47:00+00:00,760.35,760.36,760.28,760.28,242,pre-market,False
2026-08-04T12:48:00+00:00,760.2,760.2,760.09,760.09,4513,pre-market,False
2026-08-04T12:49:00+00:00,760.06,760.1,760.04,760.06,1918,pre-market,False
2026-08-04T12:50:00+00:00,760.1,760.1,760.08,760.08,240,pre-market,False
2026-08-04T12:51:00+00:00,760.2,760.22,760.2,760.22,240,pre-market,False
2026-08-04T12:52:00+00:00,760.26,760.26,760.15,760.19,1432,pre-market,False
2026-08-04T12:53:00+00:00,760.12,760.12,760.12,760.12,100,pre-market,False
2026-08-04T12:54:00+00:00,760.14,760.17,760.14,760.16,981,pre-market,False
2026-08-04T12:55:00+00:00,760.13,760.13,760.09,760.09,999,pre-market,False
2026-08-04T12:56:00+00:00,760.14,760.14,760.08,760.09,662,pre-market,False
2026-08-04T12:57:00+00:00,760.08,760.2,760.07,760.2,1181,pre-market,False
2026-08-04T12:58:00+00:00,760.16,760.17,760.07,760.14,2818,pre-market,False
2026-08-04T12:59:00+00:00,760.13,760.13,760.05,760.05,3064,pre-market,False
2026-08-04T13:00:00+00:00,760.02,760.04,759.86,759.96,4711,pre-market,False
2026-08-04T13:01:00+00:00,759.88,760.08,759.87,760.08,1997,pre-market,False
2026-08-04T13:02:00+00:00,760.04,760.13,760.03,760.09,13136,pre-market,False
2026-08-04T13:03:00+00:00,760.09,760.21,760.08,760.21,3206,pre-market,False
2026-08-04T13:04:00+00:00,760.16,760.17,760.07,760.1,1036,pre-market,False
2026-08-04T13:05:00+00:00,760.13,760.22,760.13,760.21,549,pre-market,False
2026-08-04T13:06:00+00:00,760.21,760.27,760.21,760.25,1282,pre-market,False
2026-08-04T13:07:00+00:00,760.28,760.3,760.26,760.26,1848,pre-market,False
2026-08-04T13:08:00+00:00,760.26,760.32,760.25,760.27,11346,pre-market,False
2026-08-04T13:09:00+00:00,760.27,760.33,760.26,760.26,653,pre-market,False
2026-08-04T13:10:00+00:00,760.28,760.29,760.24,760.28,1303,pre-market,False
2026-08-04T13:11:00+00:00,760.3,760.3,760.24,760.25,579,pre-market,False
2026-08-04T13:12:00+00:00,760.24,760.28,760.24,760.24,1179,pre-market,False
2026-08-04T13:13:00+00:00,760.25,760.3,760.22,760.22,267,pre-market,False
2026-08-04T13:14:00+00:00,760.22,760.29,760.22,760.26,2109,pre-market,False
2026-08-04T13:31:00+00:00,761.37,761.57,761.22,761.53,222984,regular,False
2026-08-04T13:32:00+00:00,761.54,761.87,761.52,761.84,185838,regular,False
2026-08-04T13:33:00+00:00,761.85,761.88,761.69,761.77,97169,regular,False
2026-08-04T13:34:00+00:00,761.76,761.86,761.63,761.85,185251,regular,False
2026-08-04T13:35:00+00:00,761.83,762.08,761.79,762.06,223009,regular,False
2026-08-04T13:36:00+00:00,762.06,762.19,761.89,761.91,185764,regular,False
2026-08-04T13:38:00+00:00,761.85,762.05,761.54,761.61,87860,regular,False
2026-08-04T13:39:00+00:00,761.61,761.96,761.58,761.95,68197,regular,False
2026-08-04T13:40:00+00:00,761.96,762.05,761.68,761.88,140206,regular,False
2026-08-04T13:41:00+00:00,761.9,762.16,761.85,762.07,113497,regular,False
2026-08-04T13:42:00+00:00,762.06,762.21,761.9,762.15,87144,regular,False
2026-08-04T13:43:00+00:00,762.15,762.2,762.02,762.04,91214,regular,False
2026-08-04T13:44:00+00:00,762.04,762.04,761.62,761.85,148171,regular,False
2026-08-04T13:45:00+00:00,761.86,762.48,761.86,762.47,211401,regular,False
2026-08-04T13:46:00+00:00,762.48,762.52,762.16,762.16,147225,regular,False
2026-08-04T13:47:00+00:00,762.17,762.35,761.96,762.0,124357,regular,False
2026-08-04T13:48:00+00:00,762.01,762.41,761.98,762.3,133650,regular,False
2026-08-04T13:49:00+00:00,762.29,762.54,762.23,762.53,164146,regular,False
2026-08-04T13:50:00+00:00,762.54,763.08,762.4,762.94,216697,regular,False
2026-08-04T13:51:00+00:00,762.95,763.11,762.89,762.92,170734,regular,False
2026-08-04T13:52:00+00:00,762.93,763.1,762.9,763.04,87962,regular,False
2026-08-04T13:53:00+00:00,763.05,763.23,762.94,763.22,133718,regular,False
2026-08-04T13:54:00+00:00,763.22,763.48,763.18,763.42,119309,regular,False
2026-08-04T13:55:00+00:00,763.44,763.44,762.93,762.93,199884,regular,False
2026-08-04T13:56:00+00:00,762.94,762.97,762.66,762.87,174096,regular,False
2026-08-04T13:57:00+00:00,762.86,763.07,762.77,762.86,110813,regular,False
2026-08-04T13:58:00+00:00,762.84,763.25,762.84,763.2,116981,regular,False
2026-08-04T13:59:00+00:00,763.2,763.39,762.96,763.39,125229,regular,False
2026-08-04T14:00:00+00:00,763.37,763.46,763.09,763.45,209276,regular,False
2026-08-04T14:01:00+00:00,763.45,763.78,763.39,763.76,206630,regular,False
2026-08-04T14:02:00+00:00,763.77,764.1,763.72,763.98,213538,regular,False
2026-08-04T14:03:00+00:00,763.98,764.1,763.74,764.08,203724,regular,False
2026-08-04T14:04:00+00:00,764.09,764.13,763.86,763.87,108798,regular,False
2026-08-04T14:05:00+00:00,763.88,764.36,763.8,764.27,144908,regular,False
2026-08-04T14:06:00+00:00,764.29,764.45,764.22,764.35,162340,regular,False
2026-08-04T14:07:00+00:00,764.34,764.52,764.24,764.51,166456,regular,False
2026-08-04T14:08:00+00:00,764.52,764.55,764.3,764.52,96443,regular,False
2026-08-04T14:09:00+00:00,764.51,764.54,764.27,764.34,122038,regular,False
2026-08-04T14:10:00+00:00,764.34,764.5,764.31,764.47,79602,regular,False
2026-08-04T14:11:00+00:00,764.48,764.51,764.33,764.43,82660,regular,False
2026-08-04T14:12:00+00:00,764.44,764.63,764.41,764.61,90905,regular,False
2026-08-04T14:13:00+00:00,764.61,764.75,764.61,764.68,145477,regular,False
2026-08-04T14:14:00+00:00,764.69,764.86,764.67,764.86,78052,regular,False
2026-08-04T14:15:00+00:00,764.85,765.05,764.82,765.03,122541,regular,False
2026-08-04T14:16:00+00:00,765.03,765.04,764.77,764.92,134268,regular,False
2026-08-04T14:17:00+00:00,764.9,765.29,764.84,765.29,118932,regular,False
2026-08-04T14:18:00+00:00,765.3,765.37,765.11,765.24,108619,regular,False
2026-08-04T14:19:00+00:00,765.23,765.39,765.13,765.25,140186,regular,False
2026-08-04T14:20:00+00:00,765.25,765.28,764.68,764.85,158903,regular,False
2026-08-04T14:21:00+00:00,764.85,764.85,764.48,764.6,228591,regular,False
2026-08-04T14:22:00+00:00,764.56,764.78,764.34,764.48,165658,regular,False
2026-08-04T14:23:00+00:00,764.49,764.57,764.2,764.56,147466,regular,False
2026-08-04T14:24:00+00:00,764.57,764.62,764.17,764.33,131753,regular,False
2026-08-04T14:25:00+00:00,764.33,764.7,764.31,764.7,128440,regular,False
2026-08-04T14:26:00+00:00,764.71,764.85,764.62,764.68,93216,regular,False
2026-08-04T14:27:00+00:00,764.68,764.81,764.6,764.73,72837,regular,False
2026-08-04T14:28:00+00:00,764.73,764.84,764.49,764.51,102457,regular,False
2026-08-04T14:29:00+00:00,764.52,764.68,764.38,764.49,82573,regular,False
2026-08-04T14:30:00+00:00,764.49,764.5,764.1,764.15,128263,regular,False
2026-08-04T14:31:00+00:00,764.17,764.49,764.11,764.33,113437,regular,False
2026-08-04T14:32:00+00:00,764.33,764.8,764.29,764.79,90372,regular,False
2026-08-04T14:33:00+00:00,764.8,764.98,764.7,764.94,108342,regular,False
2026-08-04T14:34:00+00:00,764.93,765.02,764.88,764.94,88207,regular,False
2026-08-04T14:35:00+00:00,764.93,765.11,764.93,765.08,77210,regular,False
2026-08-04T14:36:00+00:00,765.09,765.1,764.89,764.9,124918,regular,False
2026-08-04T14:37:00+00:00,764.89,765.16,764.76,765.09,111875,regular,False
2026-08-04T14:38:00+00:00,765.09,765.72,764.97,765.04,273938,regular,False
2026-08-04T14:39:00+00:00,765.04,765.16,764.95,765.16,74640,regular,False
2026-08-04T14:40:00+00:00,765.17,765.34,765.09,765.27,87463,regular,False
2026-08-04T14:41:00+00:00,765.26,765.28,765.13,765.28,66343,regular,False
2026-08-04T14:42:00+00:00,765.28,765.5,765.26,765.46,69995,regular,False
2026-08-04T14:43:00+00:00,765.45,765.68,765.4,765.65,190064,regular,False
2026-08-04T14:44:00+00:00,765.66,765.86,765.6,765.79,192254,regular,False
2026-08-04T14:47:00+00:00,765.68,765.81,765.6,765.8,84075,regular,False
2026-08-04T14:48:00+00:00,765.78,765.82,765.62,765.81,65333,regular,False
2026-08-04T14:49:00+00:00,765.82,765.96,765.79,765.92,77224,regular,False
2026-08-04T14:50:00+00:00,765.92,766.03,765.71,765.73,73414,regular,False
2026-08-04T14:51:00+00:00,765.73,765.81,765.64,765.75,97332,regular,False
2026-08-04T14:52:00+00:00,765.75,765.92,765.72,765.9,92428,regular,False
2026-08-04T14:53:00+00:00,765.87,765.92,765.78,765.83,69809,regular,False
2026-08-04T14:54:00+00:00,765.82,765.99,765.72,765.9,117868,regular,False
2026-08-04T14:55:00+00:00,765.9,765.94,765.81,765.91,102519,regular,False
2026-08-04T14:56:00+00:00,765.94,766.1,765.9,765.99,88757,regular,False
2026-08-04T14:57:00+00:00,765.98,766.15,765.95,766.01,63382,regular,False
2026-08-04T14:58:00+00:00,766.0,766.23,766.0,766.19,100429,regular,False
2026-08-04T14:59:00+00:00,766.19,766.42,766.18,766.3,129857,regular,False
2026-08-04T15:00:00+00:00,766.33,766.41,766.2,766.21,87491,regular,False
2026-08-04T15:01:00+00:00,766.2,766.64,766.17,766.54,78441,regular,False
2026-08-04T15:02:00+00:00,766.53,766.72,766.48,766.69,111041,regular,False
2026-08-04T15:03:00+00:00,766.69,766.84,766.61,766.73,90861,regular,False
2026-08-04T15:04:00+00:00,766.74,766.89,766.72,766.85,130396,regular,False
2026-08-04T15:05:00+00:00,766.86,766.87,766.69,766.75,144499,regular,False
2026-08-04T15:06:00+00:00,766.75,766.75,766.54,766.71,62169,regular,False
2026-08-04T15:07:00+00:00,766.71,766.78,766.57,766.58,204690,regular,False
2026-08-04T15:08:00+00:00,766.59,766.59,766.39,766.53,175805,regular,False
2026-08-04T15:09:00+00:00,766.51,766.86,766.51,766.85,60010,regular,False
2026-08-04T15:10:00+00:00,766.86,766.88,766.72,766.8,66126,regular,False
2026-08-04T15:11:00+00:00,766.81,766.86,766.73,766.86,41125,regular,False
2026-08-04T15:12:00+00:00,766.85,767.02,766.83,766.99,131816,regular,False
2026-08-04T15:13:00+00:00,766.99,767.16,766.92,767.14,81394,regular,False
2026-08-04T15:14:00+00:00,767.12,767.16,766.9,766.91,60350,regular,False
2026-08-04T15:15:00+00:00,766.92,767.21,766.89,767.2,74475,regular,False
2026-08-04T15:16:00+00:00,767.2,767.29,767.17,767.23,97103,regular,False
2026-08-04T15:17:00+00:00,767.23,767.29,767.12,767.17,97887,regular,False
2026-08-04T15:18:00+00:00,767.16,767.33,767.16,767.28,116312,regular,False
2026-08-04T15:19:00+00:00,767.28,767.35,767.25,767.33,89365,regular,False
2026-08-04T15:20:00+00:00,767.33,767.42,767.28,767.42,94716,regular,False
2026-08-04T15:21:00+00:00,767.42,767.42,767.31,767.36,80635,regular,False
2026-08-04T15:22:00+00:00,767.36,767.49,767.2,767.3,103765,regular,False
2026-08-04T15:23:00+00:00,767.3,767.64,767.3,767.62,130807,regular,False
2026-08-04T15:24:00+00:00,767.63,767.76,767.61,767.74,128852,regular,False
2026-08-04T15:25:00+00:00,767.75,767.87,767.7,767.78,122025,regular,False
2026-08-04T15:26:00+00:00,767.79,767.83,767.7,767.73,75211,regular,False
2026-08-04T15:27:00+00:00,767.74,767.77,767.37,767.43,122602,regular,False
2026-08-04T15:28:00+00:00,767.42,767.49,767.28,767.45,114594,regular,False
2026-08-04T15:29:00+00:00,767.45,767.49,767.31,767.35,92973,regular,False
2026-08-04T15:30:00+00:00,767.34,767.56,767.31,767.49,65244,regular,False
2026-08-04T15:31:00+00:00,767.5,767.57,767.33,767.55,56049,regular,False
2026-08-04T15:32:00+00:00,767.55,767.57,767.43,767.44,41910,regular,False
2026-08-04T15:33:00+00:00,767.44,767.48,767.16,767.18,55564,regular,False
2026-08-04T15:34:00+00:00,767.18,767.28,767.17,767.26,55182,regular,False
2026-08-04T15:35:00+00:00,767.27,767.54,767.22,767.43,83563,regular,False
2026-08-04T15:36:00+00:00,767.44,767.49,767.36,767.43,56731,regular,False
2026-08-04T15:37:00+00:00,767.44,767.5,767.37,767.46,33307,regular,False
2026-08-04T15:38:00+00:00,767.45,768.03,767.35,767.91,169889,regular,False
2026-08-04T15:39:00+00:00,767.92,768.09,767.71,767.8,111859,regular,False
2026-08-04T15:40:00+00:00,767.78,767.97,767.73,767.79,79893,regular,False
2026-08-04T15:41:00+00:00,767.77,768.0,767.77,767.88,73829,regular,False
2026-08-04T15:42:00+00:00,767.88,768.01,767.78,767.99,60326,regular,False
2026-08-04T15:43:00+00:00,767.99,768.15,767.98,768.11,118096,regular,False
2026-08-04T15:44:00+00:00,768.13,768.34,768.08,768.28,178987,regular,False
2026-08-04T15:45:00+00:00,768.28,768.5,768.26,768.45,179462,regular,False
2026-08-04T15:46:00+00:00,768.45,768.57,768.45,768.57,129789,regular,False
2026-08-04T15:47:00+00:00,768.55,768.63,768.41,768.58,101076,regular,False
2026-08-04T15:48:00+00:00,768.58,768.7,768.57,768.7,85056,regular,False
2026-08-04T15:49:00+00:00,768.69,768.7,768.62,768.65,66551,regular,False
2026-08-04T15:50:00+00:00,768.64,768.86,768.6,768.82,86007,regular,False
2026-08-04T15:51:00+00:00,768.82,768.86,768.75,768.79,62439,regular,False
2026-08-04T15:52:00+00:00,768.8,768.9,768.76,768.82,61918,regular,False
2026-08-04T15:53:00+00:00,768.83,768.84,768.34,768.35,99262,regular,False
2026-08-04T15:54:00+00:00,768.34,768.39,768.18,768.27,166364,regular,False
2026-08-04T15:55:00+00:00,768.27,768.5,768.19,768.47,80800,regular,False
2026-08-04T15:56:00+00:00,768.49,768.56,768.38,768.43,55246,regular,False
2026-08-04T15:57:00+00:00,768.43,768.58,768.37,768.58,82888,regular,False
2026-08-04T15:58:00+00:00,768.57,768.64,768.53,768.56,56271,regular,False
2026-08-04T15:59:00+00:00,768.57,768.57,768.4,768.44,47998,regular,False
2026-08-04T16:00:00+00:00,768.45,768.73,768.41,768.73,58326,regular,False
2026-08-04T16:01:00+00:00,768.71,768.82,768.62,768.81,92324,regular,False
2026-08-04T16:02:00+00:00,768.81,768.86,768.73,768.8,78177,regular,False
2026-08-04T16:03:00+00:00,768.81,768.83,768.76,768.79,56556,regular,False
2026-08-04T16:04:00+00:00,768.8,768.86,768.72,768.73,60826,regular,False
2026-08-04T16:05:00+00:00,768.73,768.94,768.72,768.82,89460,regular,False
2026-08-04T16:06:00+00:00,768.82,768.82,768.53,768.55,105302,regular,False
2026-08-04T16:07:00+00:00,768.55,768.67,768.54,768.57,78142,regular,False
2026-08-04T16:08:00+00:00,768.57,768.66,768.4,768.43,94880,regular,False
2026-08-04T16:09:00+00:00,768.43,768.44,768.34,768.38,57614,regular,False
2026-08-04T16:10:00+00:00,768.4,768.52,768.39,768.5,41039,regular,False
2026-08-04T16:11:00+00:00,768.49,768.49,768.23,768.23,72940,regular,False
2026-08-04T16:12:00+00:00,768.23,768.34,768.14,768.3,67279,regular,False
2026-08-04T16:13:00+00:00,768.31,768.49,768.24,768.43,55617,regular,False
2026-08-04T16:14:00+00:00,768.43,768.44,768.25,768.26,35663,regular,False
2026-08-04T16:15:00+00:00,768.27,768.44,768.24,768.44,63134,regular,False
2026-08-04T16:16:00+00:00,768.43,768.59,768.41,768.57,67335,regular,False
2026-08-04T16:17:00+00:00,768.55,768.63,768.51,768.58,48579,regular,False
2026-08-04T16:18:00+00:00,768.59,768.71,768.55,768.64,72709,regular,False
2026-08-04T16:19:00+00:00,768.64,768.79,768.63,768.75,52859,regular,False
2026-08-04T16:20:00+00:00,768.76,768.89,768.72,768.85,59163,regular,False
2026-08-04T16:21:00+00:00,768.86,769.08,768.83,769.02,88323,regular,False
2026-08-04T16:22:00+00:00,769.03,769.16,769.02,769.13,79812,regular,False
2026-08-04T16:23:00+00:00,769.11,769.21,769.08,769.2,70784,regular,False
2026-08-04T16:24:00+00:00,769.2,769.28,769.18,769.22,52397,regular,False
2026-08-04T16:25:00+00:00,769.22,769.23,769.02,769.2,108786,regular,False
2026-08-04T16:26:00+00:00,769.21,769.27,769.13,769.24,51424,regular,False
2026-08-04T16:27:00+00:00,769.24,769.26,769.14,769.23,44272,regular,False
2026-08-04T16:28:00+00:00,769.23,769.34,769.22,769.3,48597,regular,False
2026-08-04T16:29:00+00:00,769.3,769.31,769.19,769.24,42033,regular,False
2026-08-04T16:30:00+00:00,769.22,769.27,769.0,769.21,104694,regular,False
2026-08-04T16:31:00+00:00,769.21,769.32,769.2,769.3,47577,regular,False
2026-08-04T16:32:00+00:00,769.31,769.5,769.3,769.46,114651,regular,False
2026-08-04T16:33:00+00:00,769.46,769.57,769.4,769.56,184803,regular,False
2026-08-04T16:34:00+00:00,769.56,769.6,769.46,769.48,80010,regular,False
2026-08-04T16:35:00+00:00,769.48,769.59,769.45,769.52,94140,regular,False
2026-08-04T16:36:00+00:00,769.52,769.61,769.45,769.6,92000,regular,False
2026-08-04T16:37:00+00:00,769.6,769.68,769.49,769.51,98700,regular,False
2026-08-04T16:38:00+00:00,769.5,769.5,769.24,769.38,86446,regular,False
2026-08-04T16:39:00+00:00,769.36,769.53,769.36,769.49,65210,regular,False
2026-08-04T16:40:00+00:00,769.49,769.55,769.44,769.48,81877,regular,False
2026-08-04T16:41:00+00:00,769.48,769.51,769.39,769.46,86428,regular,False
2026-08-04T16:42:00+00:00,769.46,769.6,769.46,769.59,95063,regular,False
2026-08-04T16:43:00+00:00,769.57,769.71,769.57,769.69,86720,regular,False
2026-08-04T16:44:00+00:00,769.69,770.01,769.69,769.98,246494,regular,False
2026-08-04T16:45:00+00:00,769.99,770.17,769.98,770.12,115909,regular,False
2026-08-04T16:46:00+00:00,770.13,770.18,770.04,770.07,78744,regular,False
2026-08-04T16:47:00+00:00,770.07,770.14,769.98,770.13,83192,regular,False
2026-08-04T16:48:00+00:00,770.13,770.18,770.0,770.0,62535,regular,False
2026-08-04T16:49:00+00:00,770.01,770.23,769.99,770.2,61456,regular,False
2026-08-04T16:50:00+00:00,770.19,770.21,770.1,770.18,65759,regular,False
2026-08-04T16:51:00+00:00,770.18,770.28,770.12,770.17,64533,regular,False
2026-08-04T16:52:00+00:00,770.17,770.27,770.11,770.14,68485,regular,False
2026-08-04T16:53:00+00:00,770.15,770.26,770.05,770.25,71042,regular,False
2026-08-04T16:54:00+00:00,770.26,770.32,770.17,770.19,62995,regular,False
2026-08-04T16:55:00+00:00,770.19,770.25,770.1,770.12,64246,regular,False
2026-08-04T16:56:00+00:00,770.1,770.15,770.05,770.13,63521,regular,False
2026-08-04T16:57:00+00:00,770.14,770.24,770.13,770.22,43990,regular,False
2026-08-04T16:58:00+00:00,770.21,770.27,770.1,770.13,58837,regular,False
2026-08-04T16:59:00+00:00,770.12,770.27,770.09,770.27,57601,regular,False
2026-08-04T17:00:00+00:00,770.27,770.56,770.16,770.56,138224,regular,False
2026-08-04T17:01:00+00:00,770.57,770.82,770.56,770.76,127845,regular,False
2026-08-04T17:02:00+00:00,770.77,770.85,770.7,770.73,94712,regular,False
2026-08-04T17:03:00+00:00,770.72,770.9,770.71,770.89,114658,regular,False
2026-08-04T17:04:00+00:00,770.9,771.03,770.89,771.01,128326,regular,False
2026-08-04T17:05:00+00:00,771.01,771.29,770.9,770.9,257116,regular,False
2026-08-04T17:06:00+00:00,770.89,770.91,770.73,770.85,84471,regular,False
2026-08-04T17:07:00+00:00,770.84,771.17,770.84,771.17,78187,regular,False
2026-08-04T17:08:00+00:00,771.17,771.2,771.06,771.18,54095,regular,False
2026-08-04T17:09:00+00:00,771.19,771.2,770.97,771.05,63316,regular,False
2026-08-04T17:10:00+00:00,771.04,771.14,770.99,771.0,83667,regular,False
2026-08-04T17:11:00+00:00,771.0,771.19,770.92,771.12,97354,regular,False
2026-08-04T17:12:00+00:00,771.12,771.22,771.08,771.2,48152,regular,False
2026-08-04T17:13:00+00:00,771.19,771.21,770.93,771.09,94292,regular,False
2026-08-04T17:14:00+00:00,771.09,771.23,771.05,771.22,66352,regular,False
2026-08-04T17:15:00+00:00,771.23,771.41,771.22,771.41,170444,regular,False
2026-08-04T17:16:00+00:00,771.4,771.42,771.24,771.28,203564,regular,False
2026-08-04T17:17:00+00:00,771.29,771.61,771.26,771.48,108491,regular,False
2026-08-04T17:18:00+00:00,771.48,771.52,771.29,771.34,113782,regular,False
2026-08-04T17:19:00+00:00,771.33,771.44,771.31,771.37,65895,regular,False
2026-08-04T17:20:00+00:00,771.38,771.41,771.1,771.1,57022,regular,False
2026-08-04T17:21:00+00:00,771.1,771.17,771.05,771.13,71482,regular,False
2026-08-04T17:22:00+00:00,771.13,771.14,770.95,771.01,102468,regular,False
2026-08-04T17:23:00+00:00,771.02,771.25,770.95,771.19,57467,regular,False
2026-08-04T17:24:00+00:00,771.2,771.25,771.11,771.21,73591,regular,False
2026-08-04T17:25:00+00:00,771.21,771.27,771.13,771.25,74875,regular,False
2026-08-04T17:26:00+00:00,771.27,771.47,771.25,771.3,94592,regular,False
2026-08-04T17:27:00+00:00,771.3,771.44,771.19,771.39,80802,regular,False
2026-08-04T17:28:00+00:00,771.4,771.48,771.28,771.3,62712,regular,False
2026-08-04T17:29:00+00:00,771.28,771.31,771.2,771.28,41277,regular,False
2026-08-04T17:30:00+00:00,771.28,771.29,770.98,771.12,130341,regular,False
2026-08-04T17:31:00+00:00,771.13,771.16,770.96,771.13,64153,regular,False
2026-08-04T17:32:00+00:00,771.13,771.37,771.12,771.37,56659,regular,False
2026-08-04T17:33:00+00:00,771.37,771.4,771.2,771.24,93489,regular,False
2026-08-04T17:34:00+00:00,771.25,771.38,771.17,771.38,69998,regular,False
2026-08-04T17:35:00+00:00,771.36,771.49,771.34,771.49,73453,regular,False
2026-08-04T17:36:00+00:00,771.46,771.69,771.45,771.69,59633,regular,False
2026-08-04T17:37:00+00:00,771.69,771.79,771.67,771.69,89721,regular,False
2026-08-04T17:38:00+00:00,771.71,771.87,771.67,771.78,108739,regular,False
2026-08-04T17:39:00+00:00,771.79,771.91,771.73,771.86,51365,regular,False
2026-08-04T17:40:00+00:00,771.86,772.09,771.86,772.07,89296,regular,False
2026-08-04T17:41:00+00:00,772.09,772.16,772.03,772.1,118691,regular,False
2026-08-04T17:42:00+00:00,772.11,772.22,772.11,772.22,92640,regular,False
2026-08-04T17:43:00+00:00,772.19,772.2,772.05,772.14,65044,regular,False
2026-08-04T17:44:00+00:00,772.13,772.35,772.12,772.33,81232,regular,False
2026-08-04T17:45:00+00:00,772.33,772.51,772.32,772.47,90918,regular,False
2026-08-04T17:46:00+00:00,772.47,772.59,772.38,772.55,117355,regular,False
2026-08-04T17:47:00+00:00,772.55,772.74,772.54,772.71,164249,regular,False
2026-08-04T17:48:00+00:00,772.7,773.05,772.68,773.05,126853,regular,False
2026-08-04T17:49:00+00:00,773.04,773.09,772.66,772.73,177306,regular,False
2026-08-04T17:50:00+00:00,772.72,772.72,772.04,772.07,133542,regular,False
2026-08-04T17:51:00+00:00,772.06,772.11,771.66,771.73,164014,regular,False
2026-08-04T17:52:00+00:00,771.73,771.97,771.64,771.95,86458,regular,False
2026-08-04T17:53:00+00:00,771.92,772.15,771.88,772.11,69146,regular,False
2026-08-04T17:54:00+00:00,772.13,772.14,771.86,771.87,91707,regular,False
2026-08-04T17:55:00+00:00,771.88,772.05,771.73,772.0,133646,regular,False
2026-08-04T17:56:00+00:00,772.0,772.15,771.9,772.0,46031,regular,False
2026-08-04T17:57:00+00:00,772.0,772.01,771.87,772.01,107331,regular,False
2026-08-04T17:58:00+00:00,772.01,772.09,771.96,771.96,47112,regular,False
2026-08-04T17:59:00+00:00,771.96,771.98,771.57,771.57,108789,regular,False
2026-08-04T18:00:00+00:00,771.57,771.73,771.08,771.28,277360,regular,False
2026-08-04T18:01:00+00:00,771.27,771.74,771.24,771.7,157509,regular,False
2026-08-04T18:02:00+00:00,771.7,771.99,771.64,771.8,105809,regular,False
2026-08-04T18:03:00+00:00,771.82,771.84,771.63,771.76,86490,regular,False
2026-08-04T18:04:00+00:00,771.76,771.76,771.27,771.33,63177,regular,False
2026-08-04T18:05:00+00:00,771.34,771.85,771.27,771.84,75031,regular,False
2026-08-04T18:06:00+00:00,771.84,771.87,771.44,771.68,74918,regular,False
2026-08-04T18:07:00+00:00,771.69,771.99,771.69,771.78,64424,regular,False
2026-08-04T18:08:00+00:00,771.79,771.82,771.64,771.75,62019,regular,False
2026-08-04T18:09:00+00:00,771.73,771.98,771.68,771.85,52199,regular,False
2026-08-04T18:10:00+00:00,771.85,772.09,771.79,771.91,128758,regular,False
2026-08-04T18:11:00+00:00,771.91,772.01,771.76,771.83,44546,regular,False
2026-08-04T18:12:00+00:00,771.84,771.91,771.71,771.84,49652,regular,False
2026-08-04T18:13:00+00:00,771.84,772.0,771.72,771.98,55510,regular,False
2026-08-04T18:14:00+00:00,771.96,772.24,771.87,772.18,103310,regular,False
2026-08-04T18:15:00+00:00,772.2,772.37,772.19,772.28,81769,regular,False
2026-08-04T18:16:00+00:00,772.28,772.28,772.05,772.14,67051,regular,False
2026-08-04T18:17:00+00:00,772.13,772.22,772.0,772.03,55633,regular,False
2026-08-04T18:18:00+00:00,772.01,772.22,771.98,772.17,48891,regular,False
2026-08-04T18:19:00+00:00,772.17,772.21,772.06,772.11,47408,regular,False
2026-08-04T18:20:00+00:00,772.11,772.31,772.07,772.31,84224,regular,False
2026-08-04T18:21:00+00:00,772.31,772.34,772.05,772.14,69430,regular,False
2026-08-04T18:22:00+00:00,772.15,772.45,772.14,772.24,101156,regular,False
2026-08-04T18:23:00+00:00,772.25,772.41,772.25,772.29,102600,regular,False
2026-08-04T18:24:00+00:00,772.29,772.31,772.09,772.13,186567,regular,False
2026-08-04T18:25:00+00:00,772.12,772.29,772.12,772.16,59487,regular,False
2026-08-04T18:26:00+00:00,772.15,772.24,772.02,772.13,54433,regular,False
2026-08-04T18:27:00+00:00,772.12,772.2,772.01,772.06,62971,regular,False
2026-08-04T18:28:00+00:00,772.08,772.23,772.05,772.23,58582,regular,False
2026-08-04T18:29:00+00:00,772.24,772.38,772.19,772.37,52609,regular,False
2026-08-04T18:30:00+00:00,772.38,772.48,772.33,772.46,54876,regular,False
2026-08-04T18:31:00+00:00,772.47,772.47,772.23,772.28,62343,regular,False
2026-08-04T18:32:00+00:00,772.27,772.44,772.26,772.39,52668,regular,False
2026-08-04T18:33:00+00:00,772.39,772.39,772.18,772.28,61366,regular,False
2026-08-04T18:34:00+00:00,772.27,772.34,772.12,772.17,70927,regular,False
2026-08-04T18:35:00+00:00,772.17,772.32,772.12,772.18,53592,regular,False
2026-08-04T18:36:00+00:00,772.2,772.32,772.18,772.27,46317,regular,False
2026-08-04T18:37:00+00:00,772.26,772.27,771.87,771.98,86906,regular,False
2026-08-04T18:39:00+00:00,771.87,771.93,771.79,771.89,61365,regular,False
2026-08-04T18:40:00+00:00,771.88,771.88,771.56,771.63,107722,regular,False
2026-08-04T18:41:00+00:00,771.63,771.9,771.6,771.83,89642,regular,False
2026-08-04T18:42:00+00:00,771.83,771.84,771.52,771.54,71208,regular,False
2026-08-04T18:43:00+00:00,771.55,771.62,771.41,771.61,79946,regular,False
2026-08-04T18:44:00+00:00,771.61,771.8,771.59,771.72,60358,regular,False
2026-08-04T18:45:00+00:00,771.73,772.0,771.72,771.89,132806,regular,False
2026-08-04T18:46:00+00:00,771.89,772.09,771.87,772.08,413891,regular,False
2026-08-04T18:47:00+00:00,772.08,772.13,771.97,772.11,95990,regular,False
2026-08-04T18:48:00+00:00,772.13,772.24,772.07,772.16,79427,regular,False
2026-08-04T18:49:00+00:00,772.2,772.28,772.05,772.07,47349,regular,False
2026-08-04T18:50:00+00:00,772.05,772.27,772.04,772.26,90079,regular,False
2026-08-04T18:51:00+00:00,772.24,772.29,772.11,772.19,61398,regular,False
2026-08-04T18:52:00+00:00,772.18,772.26,772.09,772.17,78996,regular,False
2026-08-04T18:53:00+00:00,772.16,772.18,772.03,772.11,84572,regular,False
2026-08-04T18:54:00+00:00,772.1,772.2,771.92,771.99,76626,regular,False
2026-08-04T18:55:00+00:00,772.0,772.13,771.93,771.99,49940,regular,False
2026-08-04T18:56:00+00:00,771.99,772.13,771.97,772.07,68688,regular,False
2026-08-04T18:57:00+00:00,772.08,772.13,772.01,772.08,55015,regular,False
2026-08-04T18:58:00+00:00,772.09,772.13,772.04,772.07,66791,regular,False
2026-08-04T18:59:00+00:00,772.05,772.12,771.95,772.07,93548,regular,False
2026-08-04T19:00:00+00:00,772.09,772.5,772.05,772.48,167308,regular,False
2026-08-04T19:01:00+00:00,772.5,772.85,772.49,772.73,96921,regular,False
2026-08-04T19:02:00+00:00,772.75,772.85,772.66,772.78,106223,regular,False
2026-08-04T19:03:00+00:00,772.79,772.96,772.77,772.95,91745,regular,False
2026-08-04T19:04:00+00:00,772.96,772.96,772.73,772.78,71846,regular,False
2026-08-04T19:05:00+00:00,772.77,772.97,772.65,772.71,101535,regular,False
2026-08-04T19:06:00+00:00,772.68,772.9,772.55,772.85,79603,regular,False
2026-08-04T19:07:00+00:00,772.84,772.86,772.69,772.75,95526,regular,False
2026-08-04T19:08:00+00:00,772.77,772.89,772.64,772.87,75059,regular,False
2026-08-04T19:09:00+00:00,772.87,773.02,772.83,773.02,95539,regular,False
2026-08-04T19:10:00+00:00,773.0,773.04,772.92,772.93,87390,regular,False
2026-08-04T19:11:00+00:00,772.94,773.0,772.88,772.95,102633,regular,False
2026-08-04T19:12:00+00:00,772.93,772.95,772.75,772.75,98515,regular,False
2026-08-04T19:13:00+00:00,772.75,772.9,772.72,772.88,82366,regular,False
2026-08-04T19:14:00+00:00,772.88,772.94,772.84,772.88,96366,regular,False
2026-08-04T19:15:00+00:00,772.88,773.03,772.81,772.83,111441,regular,False
2026-08-04T19:16:00+00:00,772.83,773.03,772.75,773.02,116413,regular,False
2026-08-04T19:17:00+00:00,773.04,773.08,772.93,773.0,66484,regular,False
2026-08-04T19:18:00+00:00,773.0,773.03,772.9,772.95,90096,regular,False
2026-08-04T19:19:00+00:00,772.94,773.0,772.85,773.0,127048,regular,False
2026-08-04T19:20:00+00:00,773.0,773.1,773.0,773.09,100577,regular,False
2026-08-04T19:21:00+00:00,773.08,773.12,772.95,772.96,105737,regular,False
2026-08-04T19:22:00+00:00,772.96,773.04,772.89,772.92,109656,regular,False
2026-08-04T19:23:00+00:00,772.91,773.01,772.7,772.85,93524,regular,False
2026-08-04T19:24:00+00:00,772.84,772.96,772.82,772.83,76553,regular,False
2026-08-04T19:25:00+00:00,772.83,772.92,772.54,772.62,183706,regular,False
2026-08-04T19:26:00+00:00,772.63,772.63,772.44,772.47,103279,regular,False
2026-08-04T19:27:00+00:00,772.49,772.58,772.42,772.44,80383,regular,False
2026-08-04T19:28:00+00:00,772.44,772.47,772.25,772.26,83416,regular,False
2026-08-04T19:29:00+00:00,772.26,772.32,772.12,772.32,119973,regular,False
2026-08-04T19:30:00+00:00,772.31,772.45,772.12,772.45,161386,regular,False
2026-08-04T19:31:00+00:00,772.45,772.62,772.31,772.62,143973,regular,False
2026-08-04T19:32:00+00:00,772.62,772.63,772.35,772.5,162639,regular,False
2026-08-04T19:33:00+00:00,772.51,772.57,772.47,772.5,102907,regular,False
2026-08-04T19:34:00+00:00,772.52,772.59,772.42,772.59,99437,regular,False
2026-08-04T19:35:00+00:00,772.59,772.64,772.32,772.5,169636,regular,False
2026-08-04T19:36:00+00:00,772.51,772.57,772.33,772.56,106305,regular,False
2026-08-04T19:37:00+00:00,772.56,772.84,772.56,772.79,135519,regular,False
2026-08-04T19:38:00+00:00,772.79,772.89,772.76,772.78,133852,regular,False
2026-08-04T19:39:00+00:00,772.77,772.91,772.73,772.78,97533,regular,False
2026-08-04T19:40:00+00:00,772.78,772.91,772.76,772.91,99799,regular,False
2026-08-04T19:41:00+00:00,772.91,773.06,772.89,772.99,118346,regular,False
2026-08-04T19:42:00+00:00,772.99,773.06,772.91,773.05,122508,regular,False
2026-08-04T19:43:00+00:00,773.05,773.2,772.84,773.19,177915,regular,False
2026-08-04T19:44:00+00:00,773.18,773.33,773.15,773.25,127096,regular,False
2026-08-04T19:45:00+00:00,773.26,773.27,773.09,773.24,180108,regular,False
2026-08-04T19:46:00+00:00,773.25,773.41,773.18,773.23,147025,regular,False
2026-08-04T19:47:00+00:00,773.23,773.25,772.97,773.0,148092,regular,False
2026-08-04T19:48:00+00:00,773.0,773.01,772.74,772.98,395778,regular,False
2026-08-04T19:49:00+00:00,772.96,772.96,772.79,772.91,124112,regular,False
2026-08-04T19:50:00+00:00,772.91,773.03,772.35,772.37,520202,regular,False
2026-08-04T19:51:00+00:00,772.36,772.48,772.24,772.31,419638,regular,False
2026-08-04T19:52:00+00:00,772.3,772.51,772.22,772.38,408199,regular,False
2026-08-04T19:53:00+00:00,772.35,772.44,772.04,772.12,463778,regular,False
2026-08-04T19:54:00+00:00,772.12,772.17,771.75,771.75,438681,regular,False
2026-08-04T19:55:00+00:00,771.74,771.88,771.35,771.48,578380,regular,False
2026-08-04T19:56:00+00:00,771.47,771.51,771.17,771.23,512379,regular,False
2026-08-04T19:57:00+00:00,771.24,771.46,771.15,771.37,537897,regular,False
2026-08-04T20:00:00+00:00,771.25,772.15,771.22,771.7,2154622,after-market,False
2026-08-04T20:01:00+00:00,771.7,772.29,771.7,772.18,123272,after-market,False
2026-08-04T20:02:00+00:00,772.14,772.3,771.99,772.29,50329,after-market,False
2026-08-04T20:03:00+00:00,772.24,772.25,772.04,772.11,35970,after-market,False
2026-08-04T20:04:00+00:00,772.11,772.33,772.06,772.33,61440,after-market,False
2026-08-04T20:05:00+00:00,772.23,772.84,772.23,772.81,93363,after-market,False
2026-08-04T20:06:00+00:00,772.76,772.96,772.67,772.67,28122,after-market,False
2026-08-04T20:07:00+00:00,772.62,772.69,772.49,772.59,39246,after-market,False
2026-08-04T20:08:00+00:00,772.58,772.61,772.42,772.43,156812,after-market,False
2026-08-04T20:09:00+00:00,772.41,772.48,771.23,772.31,226792,after-market,False
2026-08-04T20:10:00+00:00,772.3,772.4,772.27,772.3,26280,after-market,False
2026-08-04T20:11:00+00:00,772.29,772.3,771.99,772.0,72852,after-market,False
2026-08-04T20:12:00+00:00,771.97,772.19,771.96,772.05,20408,after-market,False
2026-08-04T20:13:00+00:00,772.07,772.2,772.05,772.17,18475,after-market,False
2026-08-04T20:14:00+00:00,772.12,772.42,772.12,772.25,18163,after-market,False
2026-08-04T20:15:00+00:00,772.13,772.13,771.26,771.51,71809,after-market,False
2026-08-04T20:16:00+00:00,771.57,771.58,771.03,771.23,43410,after-market,False
2026-08-04T20:17:00+00:00,771.1,771.46,771.0,771.34,30809,after-market,False
2026-08-04T20:18:00+00:00,771.38,771.66,771.31,771.31,19454,after-market,False
2026-08-04T20:19:00+00:00,771.33,771.36,771.1,771.22,29681,after-market,False
2026-08-04T20:20:00+00:00,771.32,771.44,771.17,771.28,1828,after-market,False
2026-08-04T20:21:00+00:00,771.47,771.65,771.38,771.65,10620,after-market,False
2026-08-04T20:22:00+00:00,771.62,771.72,771.52,771.67,4058,after-market,False
2026-08-04T20:23:00+00:00,771.76,771.93,771.68,771.79,81040,after-market,False
2026-08-04T20:24:00+00:00,771.79,771.79,771.5,771.55,35590,after-market,False
2026-08-04T20:25:00+00:00,771.6,771.85,771.56,771.74,11243,after-market,False
2026-08-04T20:26:00+00:00,771.8,771.9,771.7,771.84,10328,after-market,False
2026-08-04T20:27:00+00:00,771.81,771.81,771.71,771.71,3807,after-market,False
2026-08-04T20:28:00+00:00,771.58,771.58,771.4,771.42,5366,after-market,False
2026-08-04T20:29:00+00:00,771.42,771.68,771.42,771.53,3305,after-market,False
2026-08-04T20:30:00+00:00,771.54,771.67,771.52,771.55,1520,after-market,False
2026-08-04T20:31:00+00:00,771.57,771.64,771.54,771.63,6266,after-market,False
2026-08-04T20:32:00+00:00,771.62,771.64,771.45,771.46,2016,after-market,False
2026-08-04T20:33:00+00:00,771.53,771.6,771.42,771.6,3504,after-market,False
2026-08-04T20:34:00+00:00,771.52,771.52,771.4,771.41,6201,after-market,False
2026-08-04T20:35:00+00:00,771.48,771.55,771.45,771.55,19253,after-market,False
2026-08-04T20:36:00+00:00,771.43,771.65,771.38,771.65,2097,after-market,False
2026-08-04T20:37:00+00:00,771.61,771.62,771.43,771.43,8373,after-market,False
2026-08-04T20:38:00+00:00,771.45,771.58,771.45,771.58,834,after-market,False
2026-08-04T20:39:00+00:00,771.6,771.6,771.48,771.49,2120,after-market,False
2026-08-04T20:40:00+00:00,771.49,771.81,771.47,771.81,5498,after-market,False
2026-08-04T20:41:00+00:00,771.81,771.95,771.78,771.89,4110,after-market,False
2026-08-04T20:42:00+00:00,771.98,771.98,771.86,771.86,2535,after-market,False
2026-08-04T20:43:00+00:00,771.92,772.07,771.82,771.82,11210,after-market,False
2026-08-04T20:44:00+00:00,771.85,771.92,771.85,771.88,1058,after-market,False
2026-08-04T20:45:00+00:00,771.95,771.98,771.9,771.9,1019,after-market,False
2026-08-04T20:46:00+00:00,772.0,772.1,771.95,772.1,2833,after-market,False
2026-08-04T20:47:00+00:00,772.09,772.32,772.09,772.32,7224,after-market,False
2026-08-04T20:48:00+00:00,772.25,772.25,772.15,772.21,9214,after-market,False
2026-08-04T20:49:00+00:00,772.15,772.18,772.1,772.11,5818,after-market,False
2026-08-04T20:50:00+00:00,772.13,772.13,772.0,772.0,5382,after-market,False
2026-08-04T20:51:00+00:00,771.94,771.94,771.88,771.89,11679,after-market,False
2026-08-04T20:52:00+00:00,771.88,772.01,771.88,772.01,654,after-market,False
2026-08-04T20:53:00+00:00,772.02,772.09,772.01,772.09,3509,after-market,False
2026-08-04T20:54:00+00:00,772.12,772.14,772.12,772.12,5320,after-market,False
2026-08-04T20:55:00+00:00,772.07,772.08,772.02,772.02,1333,after-market,False
2026-08-04T20:56:00+00:00,772.18,772.23,772.14,772.16,11819,after-market,False
2026-08-04T20:57:00+00:00,772.13,772.29,772.13,772.29,1415,after-market,False
2026-08-04T20:58:00+00:00,772.18,772.19,772.12,772.18,5029,after-market,False
2026-08-04T20:59:00+00:00,772.3,772.3,772.02,772.27,2487,after-market,False
2026-08-04T21:00:00+00:00,772.08,772.11,772.06,772.1,349,after-market,False
2026-08-04T21:01:00+00:00,772.1,772.2,772.1,772.14,1967,after-market,False
2026-08-04T21:02:00+00:00,772.2,772.2,772.15,772.19,843,after-market,False
2026-08-04T21:03:00+00:00,772.12,772.18,772.12,772.18,15153,after-market,False
2026-08-04T21:04:00+00:00,772.17,772.17,772.0,772.0,4229,after-market,False
2026-08-04T21:05:00+00:00,772.0,772.0,771.93,772.0,602,after-market,False
2026-08-04T21:06:00+00:00,772.0,772.03,772.0,772.03,10730,after-market,False
2026-08-04T21:07:00+00:00,772.03,772.14,772.0,772.0,15679,after-market,False
2026-08-04T21:08:00+00:00,772.1,772.11,772.0,772.01,356,after-market,False
2026-08-04T21:09:00+00:00,772.0,772.02,771.98,772.0,1657,after-market,False
2026-08-04T21:10:00+00:00,771.95,772.1,771.95,771.98,23433,after-market,False
2026-08-04T21:11:00+00:00,772.05,772.1,771.97,772.1,10379,after-market,False
2026-08-04T21:12:00+00:00,772.1,772.11,772.01,772.01,1772,after-market,False
2026-08-04T21:13:00+00:00,772.0,772.01,771.97,772.0,14937,after-market,False
2026-08-04T21:14:00+00:00,772.1,772.1,771.98,772.0,1032,after-market,False
2026-08-04T21:15:00+00:00,772.03,772.2,772.01,772.02,13401,after-market,False
2026-08-04T21:16:00+00:00,772.02,772.1,772.01,772.06,5008,after-market,False
2026-08-04T21:17:00+00:00,772.01,772.03,771.95,771.96,7101,after-market,False
2026-08-04T21:18:00+00:00,771.97,772.1,771.97,772.03,317,after-market,False
2026-08-04T21:19:00+00:00,771.98,772.05,771.98,772.0,337,after-market,False
2026-08-04T21:20:00+00:00,772.04,772.04,772.03,772.04,80,after-market,False
2026-08-04T21:21:00+00:00,772.01,772.01,771.99,772.0,365,after-market,False
2026-08-04T21:22:00+00:00,771.99,772.01,771.99,772.0,238,after-market,False
2026-08-04T21:23:00+00:00,772.0,772.06,772.0,772.06,424,after-market,False
2026-08-04T21:24:00+00:00,772.05,772.11,772.05,772.1,8745,after-market,False
2026-08-04T21:25:00+00:00,772.11,772.12,772.1,772.1,4648,after-market,False
2026-08-04T21:26:00+00:00,772.11,772.11,772.11,772.11,3000,after-market,False
2026-08-04T21:27:00+00:00,772.14,772.14,772.13,772.13,191,after-market,False
2026-08-04T21:28:00+00:00,772.05,772.06,772.05,772.05,210,after-market,False
2026-08-04T21:29:00+00:00,772.1,772.13,772.1,772.13,3085,after-market,False
2026-08-04T21:30:00+00:00,772.13,772.27,772.13,772.27,1265,after-market,False
2026-08-04T21:31:00+00:00,772.17,772.19,772.16,772.16,884,after-market,False
2026-08-04T21:32:00+00:00,772.16,772.19,772.16,772.19,400,after-market,False
2026-08-04T21:33:00+00:00,772.1,772.12,772.02,772.1,2544,after-market,False
2026-08-04T21:34:00+00:00,772.1,772.1,772.1,772.1,0,after-market,False
2026-08-04T21:35:00+00:00,772.15,772.15,771.99,771.99,129,after-market,False
2026-08-04T21:36:00+00:00,772.07,772.08,772.07,772.08,285,after-market,False
2026-08-04T21:37:00+00:00,772.08,772.08,772.04,772.04,812,after-market,False
2026-08-04T21:38:00+00:00,772.02,772.03,772.02,772.02,367,after-market,False
2026-08-04T21:39:00+00:00,772.07,772.14,772.06,772.07,1019,after-market,False
2026-08-04T21:40:00+00:00,772.18,772.18,772.15,772.15,180,after-market,False
2026-08-04T21:41:00+00:00,772.16,772.17,772.16,772.17,595,after-market,False
2026-08-04T21:42:00+00:00,772.17,772.17,772.17,772.17,0,after-market,False
2026-08-04T21:43:00+00:00,772.11,772.21,772.11,772.21,202,after-market,False
2026-08-04T21:44:00+00:00,772.26,772.26,772.26,772.26,100,after-market,False
2026-08-04T21:45:00+00:00,772.26,772.26,772.13,772.13,164,after-market,False
2026-08-04T21:46:00+00:00,772.26,772.28,772.26,772.28,448,after-market,False
2026-08-04T21:47:00+00:00,772.21,772.27,772.13,772.26,602,after-market,False
2026-08-04T21:48:00+00:00,772.25,772.25,772.25,772.25,100,after-market,False
2026-08-04T21:49:00+00:00,772.17,772.22,772.0,772.0,8916,after-market,False
2026-08-04T21:50:00+00:00,772.0,772.02,772.0,772.02,14209,after-market,False
2026-08-04T21:51:00+00:00,772.01,772.01,772.0,772.0,195,after-market,False
2026-08-04T21:52:00+00:00,772.03,772.14,772.02,772.14,426,after-market,False
2026-08-04T21:53:00+00:00,772.12,772.13,772.12,772.12,488,after-market,False
2026-08-04T21:54:00+00:00,772.03,772.07,772.03,772.05,454,after-market,False
2026-08-04T21:55:00+00:00,772.05,772.1,772.05,772.08,2312,after-market,False
2026-08-04T21:56:00+00:00,772.13,772.15,772.06,772.06,847,after-market,False
2026-08-04T21:57:00+00:00,772.08,772.12,772.03,772.03,980,after-market,False
2026-08-04T21:58:00+00:00,772.02,772.09,772.02,772.03,210,after-market,False
2026-08-04T21:59:00+00:00,772.12,772.12,772.12,772.12,340,after-market,False
2026-08-04T22:00:00+00:00,772.14,772.27,772.14,772.27,1345,after-market,False
2026-08-04T22:01:00+00:00,772.22,772.23,772.0,772.0,5665,after-market,False
2026-08-04T22:02:00+00:00,772.06,772.18,771.97,771.97,6937,after-market,False
2026-08-04T22:03:00+00:00,771.95,772.02,771.92,772.01,2330,after-market,False
2026-08-04T22:04:00+00:00,772.08,772.13,772.06,772.1,7304,after-market,False
2026-08-04T22:05:00+00:00,772.19,772.37,772.19,772.31,3111,after-market,False
2026-08-04T22:06:00+00:00,772.34,772.34,772.34,772.34,360,after-market,False
2026-08-04T22:07:00+00:00,772.43,772.44,772.35,772.42,1300,after-market,False
2026-08-04T22:08:00+00:00,772.5,772.61,772.45,772.49,2314,after-market,False
2026-08-04T22:09:00+00:00,772.5,772.5,772.34,772.4,400,after-market,False
2026-08-04T22:10:00+00:00,772.4,772.49,772.4,772.44,791,after-market,False
2026-08-04T22:11:00+00:00,772.47,772.51,772.46,772.51,310,after-market,False
2026-08-04T22:12:00+00:00,772.43,772.56,772.43,772.47,2182,after-market,False
2026-08-04T22:13:00+00:00,772.55,772.55,772.5,772.55,10046,after-market,False
2026-08-04T22:14:00+00:00,772.55,772.55,772.54,772.54,701,after-market,False
2026-08-04T22:15:00+00:00,772.59,772.61,772.59,772.59,300,after-market,False
2026-08-04T22:16:00+00:00,772.59,772.62,772.48,772.48,1117,after-market,False
2026-08-04T22:17:00+00:00,772.59,772.61,772.59,772.59,1338,after-market,False
2026-08-04T22:18:00+00:00,772.6,772.6,772.6,772.6,100,after-market,False
2026-08-04T22:19:00+00:00,772.61,772.73,772.61,772.68,2085,after-market,False
2026-08-04T22:20:00+00:00,772.73,772.86,772.73,772.83,2721,after-market,False
2026-08-04T22:21:00+00:00,772.76,772.79,772.76,772.79,1092,after-market,False
2026-08-04T22:22:00+00:00,772.77,772.78,772.66,772.66,243,after-market,False
2026-08-04T22:23:00+00:00,772.63,772.63,772.63,772.63,1000,after-market,False
2026-08-04T22:24:00+00:00,772.59,772.59,772.59,772.59,200,after-market,False
2026-08-04T22:25:00+00:00,772.56,772.56,772.56,772.56,91,after-market,False
2026-08-04T22:26:00+00:00,772.59,772.62,772.52,772.62,2913,after-market,False
2026-08-04T22:27:00+00:00,772.7,772.7,772.69,772.7,150,after-market,False
2026-08-04T22:28:00+00:00,772.82,772.82,772.77,772.77,179,after-market,False
2026-08-04T22:29:00+00:00,772.75,772.75,772.75,772.75,80,after-market,False
2026-08-04T22:30:00+00:00,772.78,772.78,772.74,772.75,472,after-market,False
2026-08-04T22:31:00+00:00,772.75,772.83,772.75,772.82,10069,after-market,False
2026-08-04T22:32:00+00:00,772.85,772.87,772.85,772.87,767,after-market,False
2026-08-04T22:33:00+00:00,772.92,772.93,772.85,772.92,254,after-market,False
2026-08-04T22:34:00+00:00,772.95,772.95,772.94,772.94,211,after-market,False
2026-08-04T22:35:00+00:00,772.88,772.98,772.88,772.98,898,after-market,False
2026-08-04T22:36:00+00:00,772.99,773.0,772.95,772.95,725,after-market,False
2026-08-04T22:37:00+00:00,772.9,772.91,772.9,772.9,40,after-market,False
2026-08-04T22:38:00+00:00,772.83,772.9,772.83,772.89,1200,after-market,False
2026-08-04T22:39:00+00:00,772.87,772.87,772.77,772.77,400,after-market,False
2026-08-04T22:40:00+00:00,772.86,772.87,772.76,772.76,618,after-market,False
2026-08-04T22:41:00+00:00,772.78,772.79,772.64,772.64,287,after-market,False
2026-08-04T22:42:00+00:00,772.74,772.75,772.74,772.75,150,after-market,False
2026-08-04T22:43:00+00:00,772.6,772.6,772.6,772.6,200,after-market,False
2026-08-04T22:44:00+00:00,772.53,772.56,772.53,772.55,479,after-market,False
2026-08-04T22:45:00+00:00,772.56,772.56,772.56,772.56,110,after-market,False
2026-08-04T22:46:00+00:00,772.65,772.65,772.65,772.65,968,after-market,False
2026-08-04T22:47:00+00:00,772.63,772.66,772.58,772.58,1210,after-market,False
2026-08-04T22:48:00+00:00,772.52,772.6,772.51,772.59,1358,after-market,False
2026-08-04T22:49:00+00:00,772.59,772.59,772.59,772.59,0,after-market,False
2026-08-04T22:50:00+00:00,772.59,772.59,772.59,772.59,0,after-market,False
2026-08-04T22:51:00+00:00,772.65,772.65,772.61,772.61,525,after-market,False
2026-08-04T22:52:00+00:00,772.61,772.61,772.61,772.61,0,after-market,False
2026-08-04T22:53:00+00:00,772.6,772.6,772.57,772.57,342,after-market,False
2026-08-04T22:54:00+00:00,772.6,772.6,772.57,772.57,200,after-market,False
2026-08-04T22:55:00+00:00,772.57,772.57,772.57,772.57,0,after-market,False
2026-08-04T22:56:00+00:00,772.63,772.63,772.63,772.63,99,after-market,False
2026-08-04T22:57:00+00:00,772.6,772.67,772.6,772.67,1703,after-market,False
2026-08-04T22:58:00+00:00,772.77,772.8,772.76,772.8,802,after-market,False
2026-08-04T22:59:00+00:00,772.8,772.8,772.8,772.8,100,after-market,False
2026-08-04T23:00:00+00:00,772.84,772.84,772.77,772.78,808,after-market,False
2026-08-04T23:01:00+00:00,772.78,772.78,772.78,772.78,0,after-market,False
2026-08-04T23:02:00+00:00,772.78,772.78,772.78,772.78,0,after-market,False
2026-08-04T23:03:00+00:00,772.77,772.86,772.71,772.86,1080,after-market,False
2026-08-04T23:04:00+00:00,772.86,773.03,772.86,773.0,2708,after-market,False
2026-08-04T23:05:00+00:00,772.95,772.96,772.95,772.95,50,after-market,False
2026-08-04T23:06:00+00:00,772.95,773.0,772.95,773.0,197,after-market,False
2026-08-04T23:07:00+00:00,772.98,773.0,772.97,773.0,1377,after-market,False
2026-08-04T23:08:00+00:00,772.99,773.0,772.98,772.99,395,after-market,False
2026-08-04T23:09:00+00:00,773.01,773.01,772.97,772.97,90,after-market,False
2026-08-04T23:10:00+00:00,772.98,772.98,772.95,772.95,1199,after-market,False
2026-08-04T23:11:00+00:00,772.96,772.97,772.96,772.97,82,after-market,False
2026-08-04T23:12:00+00:00,772.9,772.9,772.9,772.9,790,after-market,False
2026-08-04T23:13:00+00:00,773.0,773.0,772.99,772.99,171,after-market,False
2026-08-04T23:14:00+00:00,772.96,772.99,772.94,772.94,858,after-market,False
2026-08-04T23:15:00+00:00,772.97,772.98,772.96,772.97,170,after-market,False
2026-08-04T23:16:00+00:00,772.99,773.0,772.98,772.98,375,after-market,False
2026-08-04T23:17:00+00:00,772.94,772.95,772.94,772.94,100,after-market,False
2026-08-04T23:18:00+00:00,773.0,773.0,773.0,773.0,90,after-market,False
2026-08-04T23:19:00+00:00,772.97,772.97,772.96,772.96,963,after-market,False
2026-08-04T23:20:00+00:00,772.96,772.96,772.96,772.96,50,after-market,False
2026-08-04T23:21:00+00:00,772.93,772.93,772.93,772.93,497,after-market,False
2026-08-04T23:22:00+00:00,772.9,772.9,772.87,772.87,344,after-market,False
2026-08-04T23:23:00+00:00,772.87,772.87,772.85,772.85,100,after-market,False
2026-08-04T23:24:00+00:00,772.88,772.88,772.88,772.88,44,after-market,False
2026-08-04T23:25:00+00:00,772.78,772.8,772.76,772.76,165,after-market,False
2026-08-04T23:26:00+00:00,772.75,772.75,772.74,772.75,100,after-market,False
2026-08-04T23:27:00+00:00,772.73,772.75,772.73,772.75,100,after-market,False
2026-08-04T23:28:00+00:00,772.82,772.82,772.82,772.82,483,after-market,False
2026-08-04T23:29:00+00:00,772.75,772.75,772.69,772.69,404,after-market,False
2026-08-04T23:30:00+00:00,772.65,772.65,772.61,772.62,800,after-market,False
2026-08-04T23:31:00+00:00,772.64,772.65,772.63,772.63,1322,after-market,False
2026-08-04T23:32:00+00:00,772.62,772.68,772.61,772.68,756,after-market,False
2026-08-04T23:33:00+00:00,772.68,772.68,772.59,772.59,3198,after-market,False
2026-08-04T23:34:00+00:00,772.5,772.5,772.45,772.46,639,after-market,False
2026-08-04T23:35:00+00:00,772.45,772.45,772.45,772.45,522,after-market,False
2026-08-04T23:36:00+00:00,772.43,772.44,772.4,772.44,357,after-market,False
2026-08-04T23:37:00+00:00,772.44,772.46,772.42,772.45,773,after-market,False
2026-08-04T23:38:00+00:00,772.42,772.42,772.39,772.39,196,after-market,False
2026-08-04T23:39:00+00:00,772.5,772.52,772.5,772.52,408,after-market,False
2026-08-04T23:40:00+00:00,772.49,772.78,772.4,772.78,860,after-market,False
2026-08-04T23:41:00+00:00,772.69,772.7,772.69,772.69,72,after-market,False
2026-08-04T23:42:00+00:00,772.77,772.77,772.68,772.68,90,after-market,False
2026-08-04T23:43:00+00:00,772.66,772.67,772.56,772.56,2516,after-market,False
2026-08-04T23:44:00+00:00,772.63,772.63,772.63,772.63,470,after-market,False
2026-08-04T23:45:00+00:00,772.65,772.73,772.61,772.73,879,after-market,False
2026-08-04T23:46:00+00:00,772.77,772.78,772.77,772.78,480,after-market,False
2026-08-04T23:47:00+00:00,772.67,772.67,772.65,772.65,372,after-market,False
2026-08-04T23:48:00+00:00,772.62,772.62,772.49,772.56,1886,after-market,False
2026-08-04T23:49:00+00:00,772.57,772.57,772.56,772.57,100,after-market,False
2026-08-04T23:50:00+00:00,772.6,772.73,772.6,772.73,600,after-market,False
2026-08-04T23:51:00+00:00,772.7,772.73,772.7,772.73,2177,after-market,False
2026-08-04T23:52:00+00:00,772.7,772.72,772.67,772.67,8738,after-market,False
2026-08-04T23:53:00+00:00,772.74,772.74,772.59,772.59,709,after-market,False
2026-08-04T23:54:00+00:00,772.6,772.6,772.59,772.6,50,after-market,False
2026-08-04T23:55:00+00:00,772.67,772.72,772.67,772.72,540,after-market,False
2026-08-04T23:56:00+00:00,772.72,772.72,772.72,772.72,0,after-market,False
2026-08-04T23:57:00+00:00,772.58,772.62,772.56,772.62,676,after-market,False
2026-08-04T23:58:00+00:00,772.77,772.82,772.73,772.82,639,after-market,False
2026-08-04T23:59:00+00:00,772.8,772.8,772.68,772.68,2054,after-market,False
2026-08-05T08:00:00+00:00,773.73,774.59,773.16,774.09,8565,pre-market,False
2026-08-05T08:01:00+00:00,774.13,774.82,773.69,774.35,26645,pre-market,False
2026-08-05T08:02:00+00:00,774.29,774.79,773.75,774.38,11942,pre-market,False
2026-08-05T08:03:00+00:00,774.36,774.45,774.3,774.41,834,pre-market,False
2026-08-05T08:04:00+00:00,774.37,774.5,774.37,774.5,1213,pre-market,False
2026-08-05T08:05:00+00:00,774.51,774.72,774.42,774.72,1527,pre-market,False
2026-08-05T08:06:00+00:00,774.49,774.5,774.49,774.49,40,pre-market,False
2026-08-05T08:07:00+00:00,774.4,774.5,774.37,774.38,1743,pre-market,False
2026-08-05T08:08:00+00:00,774.4,774.49,774.25,774.28,2993,pre-market,False
2026-08-05T08:09:00+00:00,774.27,774.28,774.15,774.15,1497,pre-market,False
2026-08-05T08:10:00+00:00,774.07,774.07,773.9,774.02,9495,pre-market,False
2026-08-05T08:11:00+00:00,773.96,774.04,773.91,773.91,627,pre-market,False
2026-08-05T08:12:00+00:00,773.9,773.9,773.72,773.77,759,pre-market,False
2026-08-05T08:13:00+00:00,773.76,773.76,773.71,773.73,393,pre-market,False
2026-08-05T08:14:00+00:00,773.76,773.79,773.49,773.64,5315,pre-market,False
2026-08-05T08:15:00+00:00,773.68,773.68,773.51,773.63,700,pre-market,False
2026-08-05T08:16:00+00:00,773.6,773.75,773.6,773.73,384,pre-market,False
2026-08-05T08:17:00+00:00,773.73,773.77,773.7,773.76,339,pre-market,False
2026-08-05T08:18:00+00:00,773.6,773.6,773.59,773.59,159,pre-market,False
2026-08-05T08:19:00+00:00,773.56,773.62,773.54,773.54,427,pre-market,False
2026-08-05T08:20:00+00:00,773.58,773.62,773.52,773.58,816,pre-market,False
2026-08-05T08:21:00+00:00,773.46,773.46,773.33,773.33,821,pre-market,False
2026-08-05T08:22:00+00:00,773.34,773.38,773.25,773.25,354,pre-market,False
2026-08-05T08:23:00+00:00,773.2,773.2,773.2,773.2,40,pre-market,False
2026-08-05T08:24:00+00:00,773.2,773.26,773.2,773.2,383,pre-market,False
2026-08-05T08:25:00+00:00,773.19,773.24,773.1,773.23,3226,pre-market,False
2026-08-05T08:26:00+00:00,773.14,773.23,773.14,773.23,370,pre-market,False
2026-08-05T08:27:00+00:00,773.18,773.18,773.18,773.18,394,pre-market,False
2026-08-05T08:28:00+00:00,773.32,773.32,773.26,773.26,900,pre-market,False
2026-08-05T08:29:00+00:00,773.37,773.37,773.34,773.34,986,pre-market,False
2026-08-05T08:30:00+00:00,773.4,773.4,773.14,773.14,192,pre-market,False
2026-08-05T08:31:00+00:00,773.22,773.23,773.1,773.1,1445,pre-market,False
2026-08-05T08:32:00+00:00,773.09,773.1,773.08,773.09,600,pre-market,False
2026-08-05T08:33:00+00:00,773.08,773.14,773.08,773.13,495,pre-market,False
2026-08-05T08:34:00+00:00,773.16,773.16,773.16,773.16,40,pre-market,False
2026-08-05T08:35:00+00:00,773.16,773.26,773.11,773.26,1125,pre-market,False
2026-08-05T08:36:00+00:00,773.4,773.4,773.35,773.36,80,pre-market,False
2026-08-05T08:37:00+00:00,773.31,773.32,773.3,773.31,382,pre-market,False
2026-08-05T08:38:00+00:00,773.26,773.29,773.25,773.28,632,pre-market,False
2026-08-05T08:39:00+00:00,773.08,773.08,773.08,773.08,43,pre-market,False
2026-08-05T08:40:00+00:00,773.13,773.2,773.12,773.13,337,pre-market,False
2026-08-05T08:41:00+00:00,773.09,773.2,773.05,773.2,328,pre-market,False
2026-08-05T08:42:00+00:00,773.18,773.21,773.18,773.19,155,pre-market,False
2026-08-05T08:43:00+00:00,773.05,773.06,772.98,773.06,4798,pre-market,False
2026-08-05T08:44:00+00:00,773.11,773.17,773.05,773.11,195,pre-market,False
2026-08-05T08:45:00+00:00,773.12,773.12,772.97,772.98,408,pre-market,False
2026-08-05T08:46:00+00:00,773.01,773.1,773.0,773.06,811,pre-market,False
2026-08-05T08:47:00+00:00,773.1,773.17,773.08,773.13,2148,pre-market,False
2026-08-05T08:48:00+00:00,773.13,773.19,773.11,773.19,336,pre-market,False
2026-08-05T08:49:00+00:00,773.19,773.19,773.1,773.18,488,pre-market,False
2026-08-05T08:50:00+00:00,773.24,773.3,773.23,773.25,628,pre-market,False
2026-08-05T08:51:00+00:00,773.27,773.31,773.19,773.27,686,pre-market,False
2026-08-05T08:52:00+00:00,773.26,773.29,773.16,773.16,317,pre-market,False
2026-08-05T08:53:00+00:00,773.17,773.17,773.11,773.11,562,pre-market,False
2026-08-05T08:54:00+00:00,773.06,773.06,773.06,773.06,322,pre-market,False
2026-08-05T08:55:00+00:00,773.14,773.14,773.14,773.14,41,pre-market,False
2026-08-05T08:56:00+00:00,773.34,773.34,773.32,773.32,455,pre-market,False
2026-08-05T08:57:00+00:00,773.3,773.3,773.3,773.3,73,pre-market,False
2026-08-05T08:58:00+00:00,773.25,773.25,773.21,773.21,196,pre-market,False
2026-08-05T08:59:00+00:00,773.3,773.3,773.3,773.3,80,pre-market,False
2026-08-05T09:00:00+00:00,773.32,773.37,773.31,773.37,434,pre-market,False
2026-08-05T09:01:00+00:00,773.42,773.42,773.22,773.24,332,pre-market,False
2026-08-05T09:02:00+00:00,773.22,773.24,773.17,773.24,387,pre-market,False
2026-08-05T09:03:00+00:00,773.3,773.3,773.3,773.3,52,pre-market,False
2026-08-05T09:04:00+00:00,773.37,773.37,773.36,773.37,200,pre-market,False
2026-08-05T09:05:00+00:00,773.42,773.42,773.36,773.36,144,pre-market,False
2026-08-05T09:06:00+00:00,773.37,773.46,773.36,773.46,180,pre-market,False
2026-08-05T09:07:00+00:00,773.49,773.53,773.49,773.51,667,pre-market,False
2026-08-05T09:08:00+00:00,773.49,773.52,773.45,773.47,427,pre-market,False
2026-08-05T09:09:00+00:00,773.56,773.58,773.55,773.58,204,pre-market,False
2026-08-05T09:10:00+00:00,773.55,773.56,773.54,773.56,1104,pre-market,False
2026-08-05T09:11:00+00:00,773.56,773.56,773.56,773.56,0,pre-market,False
2026-08-05T09:12:00+00:00,773.52,773.56,773.51,773.56,245,pre-market,False
2026-08-05T09:13:00+00:00,773.56,773.56,773.56,773.56,0,pre-market,False
2026-08-05T09:14:00+00:00,773.56,773.56,773.56,773.56,0,pre-market,False
2026-08-05T09:15:00+00:00,773.49,773.49,773.36,773.36,996,pre-market,False
2026-08-05T09:16:00+00:00,773.35,773.35,773.3,773.3,622,pre-market,False
2026-08-05T09:17:00+00:00,773.29,773.43,773.29,773.42,345,pre-market,False
2026-08-05T09:18:00+00:00,773.3,773.35,773.26,773.3,2096,pre-market,False
2026-08-05T09:19:00+00:00,773.3,773.33,773.27,773.33,1278,pre-market,False
2026-08-05T09:20:00+00:00,773.46,773.46,773.46,773.46,64,pre-market,False
2026-08-05T09:21:00+00:00,773.58,773.58,773.47,773.47,423,pre-market,False
2026-08-05T09:22:00+00:00,773.57,773.6,773.57,773.6,80,pre-market,False
2026-08-05T09:23:00+00:00,773.6,773.64,773.54,773.55,356,pre-market,False
2026-08-05T09:24:00+00:00,773.62,773.62,773.62,773.62,500,pre-market,False
2026-08-05T09:25:00+00:00,773.59,773.7,773.59,773.69,425,pre-market,False
2026-08-05T09:26:00+00:00,773.6,773.61,773.54,773.59,966,pre-market,False
2026-08-05T09:27:00+00:00,773.62,773.62,773.61,773.61,89,pre-market,False
2026-08-05T09:28:00+00:00,773.7,773.7,773.7,773.7,214,pre-market,False
2026-08-05T09:29:00+00:00,773.7,773.7,773.7,773.7,0,pre-market,False
2026-08-05T09:30:00+00:00,773.77,773.84,773.77,773.84,256,pre-market,False
2026-08-05T09:31:00+00:00,773.82,773.87,773.82,773.87,676,pre-market,False
2026-08-05T09:32:00+00:00,773.84,773.94,773.84,773.87,601,pre-market,False
2026-08-05T09:33:00+00:00,773.86,773.91,773.81,773.91,9481,pre-market,False
2026-08-05T09:34:00+00:00,773.91,773.91,773.91,773.91,0,pre-market,False
2026-08-05T09:35:00+00:00,773.91,773.91,773.91,773.91,0,pre-market,False
2026-08-05T09:36:00+00:00,773.91,773.91,773.91,773.91,0,pre-market,False
2026-08-05T09:37:00+00:00,774.06,774.06,774.0,774.02,6455,pre-market,False
2026-08-05T09:38:00+00:00,774.04,774.04,774.0,774.01,480,pre-market,False
2026-08-05T09:39:00+00:00,773.97,773.97,773.85,773.85,386,pre-market,False
2026-08-05T09:40:00+00:00,773.82,773.82,773.71,773.71,280,pre-market,False
2026-08-05T09:41:00+00:00,773.74,773.8,773.73,773.77,189,pre-market,False
2026-08-05T09:42:00+00:00,773.77,773.77,773.77,773.77,0,pre-market,False
2026-08-05T09:43:00+00:00,773.83,773.83,773.77,773.77,1347,pre-market,False
2026-08-05T09:44:00+00:00,773.81,773.93,773.81,773.93,632,pre-market,False
2026-08-05T09:45:00+00:00,773.79,773.91,773.79,773.91,329,pre-market,False
2026-08-05T09:46:00+00:00,773.85,773.85,773.85,773.85,250,pre-market,False
2026-08-05T09:47:00+00:00,773.85,773.85,773.78,773.85,893,pre-market,False
2026-08-05T09:48:00+00:00,773.86,773.86,773.74,773.74,642,pre-market,False
2026-08-05T09:49:00+00:00,773.65,773.65,773.6,773.6,494,pre-market,False
2026-08-05T09:50:00+00:00,773.65,773.65,773.62,773.63,81,pre-market,False
2026-08-05T09:51:00+00:00,773.75,773.75,773.7,773.7,1459,pre-market,False
2026-08-05T09:52:00+00:00,773.72,773.74,773.72,773.73,816,pre-market,False
2026-08-05T09:53:00+00:00,773.7,773.77,773.7,773.77,792,pre-market,False
2026-08-05T09:54:00+00:00,773.77,773.77,773.77,773.77,273,pre-market,False
2026-08-05T09:55:00+00:00,773.79,773.79,773.76,773.76,100,pre-market,False
2026-08-05T09:56:00+00:00,773.76,773.76,773.76,773.76,0,pre-market,False
2026-08-05T09:57:00+00:00,773.73,773.73,773.73,773.73,44,pre-market,False
2026-08-05T09:58:00+00:00,773.77,773.79,773.76,773.79,262,pre-market,False
2026-08-05T09:59:00+00:00,773.79,773.8,773.77,773.77,445,pre-market,False
2026-08-05T10:00:00+00:00,773.72,773.73,773.72,773.73,100,pre-market,False
2026-08-05T10:01:00+00:00,773.73,773.77,773.73,773.77,237,pre-market,False
2026-08-05T10:02:00+00:00,773.77,773.77,773.72,773.73,328,pre-market,False
2026-08-05T10:03:00+00:00,773.83,773.84,773.83,773.83,1100,pre-market,False
2026-08-05T10:04:00+00:00,773.83,773.83,773.82,773.83,280,pre-market,False
2026-08-05T10:05:00+00:00,773.8,773.83,773.77,773.81,588,pre-market,False
2026-08-05T10:06:00+00:00,773.83,773.83,773.81,773.81,627,pre-market,False
2026-08-05T10:07:00+00:00,773.79,773.79,773.78,773.78,104,pre-market,False
2026-08-05T10:08:00+00:00,773.76,773.81,773.73,773.78,1112,pre-market,False
2026-08-05T10:09:00+00:00,773.76,773.83,773.76,773.8,1952,pre-market,False
2026-08-05T10:10:00+00:00,773.79,773.82,773.66,773.67,568,pre-market,False
2026-08-05T10:11:00+00:00,773.68,773.7,773.66,773.7,272,pre-market,False
2026-08-05T10:12:00+00:00,773.68,773.68,773.68,773.68,40,pre-market,False
2026-08-05T10:13:00+00:00,773.66,773.68,773.66,773.67,466,pre-market,False
2026-08-05T10:14:00+00:00,773.71,773.74,773.71,773.74,1074,pre-market,False
2026-08-05T10:15:00+00:00,773.74,773.74,773.74,773.74,0,pre-market,False
2026-08-05T10:16:00+00:00,773.74,773.74,773.74,773.74,0,pre-market,False
2026-08-05T10:17:00+00:00,773.88,774.03,773.88,774.03,2985,pre-market,False
2026-08-05T10:18:00+00:00,774.03,774.03,774.03,774.03,0,pre-market,False
2026-08-05T10:19:00+00:00,773.9,773.94,773.89,773.94,229,pre-market,False
2026-08-05T10:20:00+00:00,773.94,773.94,773.89,773.89,861,pre-market,False
2026-08-05T10:21:00+00:00,773.92,773.92,773.92,773.92,40,pre-market,False
2026-08-05T10:22:00+00:00,773.92,773.92,773.92,773.92,0,pre-market,False
2026-08-05T10:23:00+00:00,773.9,773.91,773.87,773.9,262,pre-market,False
2026-08-05T10:24:00+00:00,773.92,774.04,773.92,774.04,156,pre-market,False
2026-08-05T10:25:00+00:00,774.05,774.05,774.05,774.05,100,pre-market,False
2026-08-05T10:26:00+00:00,774.09,774.09,774.09,774.09,81,pre-market,False
2026-08-05T10:27:00+00:00,774.18,774.18,774.18,774.18,40,pre-market,False
2026-08-05T10:28:00+00:00,774.13,774.16,774.13,774.16,172,pre-market,False
2026-08-05T10:29:00+00:00,774.13,774.15,774.13,774.15,598,pre-market,False
2026-08-05T10:30:00+00:00,774.17,774.17,774.1,774.12,343,pre-market,False
2026-08-05T10:31:00+00:00,774.05,774.06,774.05,774.05,2146,pre-market,False
2026-08-05T10:32:00+00:00,774.2,774.25,774.2,774.25,557,pre-market,False
2026-08-05T10:33:00+00:00,774.29,774.29,774.2,774.2,572,pre-market,False
2026-08-05T10:34:00+00:00,774.22,774.3,774.18,774.3,4261,pre-market,False
2026-08-05T10:35:00+00:00,774.3,774.3,774.3,774.3,0,pre-market,False
2026-08-05T10:36:00+00:00,774.32,774.33,774.25,774.25,480,pre-market,False
2026-08-05T10:37:00+00:00,774.19,774.19,774.19,774.19,78,pre-market,False
2026-08-05T10:38:00+00:00,774.19,774.19,774.19,774.19,0,pre-market,False
2026-08-05T10:39:00+00:00,774.17,774.22,774.16,774.22,740,pre-market,False
2026-08-05T10:40:00+00:00,774.12,774.18,774.12,774.18,326,pre-market,False
2026-08-05T10:41:00+00:00,774.2,774.21,774.15,774.16,988,pre-market,False
2026-08-05T10:42:00+00:00,774.13,774.16,774.13,774.15,650,pre-market,False
2026-08-05T10:43:00+00:00,774.15,774.15,774.15,774.15,1606,pre-market,False
2026-08-05T10:44:00+00:00,774.13,774.13,774.13,774.13,500,pre-market,False
2026-08-05T10:45:00+00:00,774.2,774.5,774.2,774.32,20771,pre-market,False
2026-08-05T10:46:00+00:00,774.32,774.32,774.23,774.23,10328,pre-market,False
2026-08-05T10:47:00+00:00,774.22,774.23,774.22,774.23,90,pre-market,False
2026-08-05T10:48:00+00:00,774.21,774.22,774.1,774.22,2726,pre-market,False
2026-08-05T10:49:00+00:00,774.17,774.17,774.17,774.17,64,pre-market,False
2026-08-05T10:50:00+00:00,774.27,774.27,774.18,774.2,10354,pre-market,False
2026-08-05T10:51:00+00:00,774.28,774.28,774.19,774.22,616,pre-market,False
2026-08-05T10:52:00+00:00,774.19,774.48,774.19,774.48,988,pre-market,False
2026-08-05T10:53:00+00:00,774.49,774.58,774.49,774.58,1784,pre-market,False
2026-08-05T10:54:00+00:00,774.65,774.66,774.54,774.54,1620,pre-market,False
2026-08-05T10:55:00+00:00,774.58,774.59,774.58,774.59,80,pre-market,False
2026-08-05T10:56:00+00:00,774.56,774.56,774.51,774.51,309,pre-market,False
2026-08-05T10:57:00+00:00,774.51,774.51,774.51,774.51,0,pre-market,False
2026-08-05T10:58:00+00:00,774.51,774.51,774.51,774.51,0,pre-market,False
2026-08-05T10:59:00+00:00,774.59,774.59,774.57,774.57,1131,pre-market,False
2026-08-05T11:00:00+00:00,774.59,774.64,774.48,774.6,2958,pre-market,False
2026-08-05T11:01:00+00:00,774.64,774.64,774.43,774.44,2620,pre-market,False
2026-08-05T11:02:00+00:00,774.47,774.5,774.42,774.5,17802,pre-market,False
2026-08-05T11:03:00+00:00,774.52,774.52,774.44,774.47,1480,pre-market,False
2026-08-05T11:04:00+00:00,774.45,774.5,774.43,774.49,1545,pre-market,False
2026-08-05T11:05:00+00:00,774.56,774.57,774.52,774.57,348,pre-market,False
2026-08-05T11:06:00+00:00,774.56,774.56,774.51,774.51,320,pre-market,False
2026-08-05T11:07:00+00:00,774.49,774.5,774.44,774.49,904,pre-market,False
2026-08-05T11:08:00+00:00,774.47,774.52,774.37,774.52,1661,pre-market,False
2026-08-05T11:09:00+00:00,774.69,774.75,774.69,774.75,4196,pre-market,False
2026-08-05T11:10:00+00:00,774.73,774.75,774.47,774.48,2079,pre-market,False
2026-08-05T11:11:00+00:00,774.57,774.58,774.55,774.55,680,pre-market,False
2026-08-05T11:12:00+00:00,774.56,774.62,774.51,774.62,2432,pre-market,False
2026-08-05T11:13:00+00:00,774.6,774.64,774.59,774.6,1708,pre-market,False
2026-08-05T11:14:00+00:00,774.65,774.65,774.6,774.6,539,pre-market,False
2026-08-05T11:15:00+00:00,774.59,774.68,774.57,774.68,5315,pre-market,False
2026-08-05T11:16:00+00:00,774.71,774.72,774.61,774.61,14583,pre-market,False
2026-08-05T11:17:00+00:00,774.61,774.62,774.51,774.59,13312,pre-market,False
2026-08-05T11:18:00+00:00,774.59,774.62,774.59,774.6,13148,pre-market,False
2026-08-05T11:19:00+00:00,774.61,774.62,774.61,774.62,2837,pre-market,False
2026-08-05T11:20:00+00:00,774.61,774.63,774.6,774.61,1197,pre-market,False
2026-08-05T11:21:00+00:00,774.59,774.66,774.59,774.65,6361,pre-market,False
2026-08-05T11:22:00+00:00,774.65,774.65,774.64,774.65,480,pre-market,False
2026-08-05T11:23:00+00:00,774.66,774.68,774.64,774.67,1466,pre-market,False
2026-08-05T11:24:00+00:00,774.7,774.71,774.7,774.71,104,pre-market,False
2026-08-05T11:25:00+00:00,774.67,774.7,774.65,774.66,2124,pre-market,False
2026-08-05T11:26:00+00:00,774.71,774.77,774.71,774.77,654,pre-market,False
2026-08-05T11:27:00+00:00,774.8,774.8,774.71,774.76,382,pre-market,False
2026-08-05T11:28:00+00:00,774.76,774.76,774.65,774.65,12647,pre-market,False
2026-08-05T11:29:00+00:00,774.6,774.6,774.3,774.3,16426,pre-market,False
2026-08-05T11:30:00+00:00,774.3,774.3,774.17,774.25,6086,pre-market,False
2026-08-05T11:31:00+00:00,774.24,774.43,774.2,774.43,6239,pre-market,False
2026-08-05T11:32:00+00:00,774.4,774.46,774.38,774.45,6654,pre-market,False
2026-08-05T11:33:00+00:00,774.44,774.63,774.44,774.61,5760,pre-market,False
2026-08-05T11:34:00+00:00,774.6,774.66,774.58,774.65,6283,pre-market,False
2026-08-05T11:35:00+00:00,774.61,774.61,774.6,774.61,354,pre-market,False
2026-08-05T11:36:00+00:00,774.63,774.63,774.6,774.6,208,pre-market,False
2026-08-05T11:37:00+00:00,774.62,774.62,774.56,774.59,1236,pre-market,False
2026-08-05T11:38:00+00:00,774.58,774.59,774.55,774.59,1552,pre-market,False
2026-08-05T11:39:00+00:00,774.56,774.56,774.49,774.49,701,pre-market,False
2026-08-05T11:40:00+00:00,774.54,774.55,774.51,774.51,340,pre-market,False
2026-08-05T11:41:00+00:00,774.53,774.53,774.5,774.5,820,pre-market,False
2026-08-05T11:42:00+00:00,774.46,774.49,774.46,774.49,149,pre-market,False
2026-08-05T11:43:00+00:00,774.48,774.5,774.42,774.42,507,pre-market,False
2026-08-05T11:44:00+00:00,774.42,774.42,774.35,774.35,2153,pre-market,False
2026-08-05T11:45:00+00:00,774.26,774.32,774.0,774.12,19966,pre-market,False
2026-08-05T11:46:00+00:00,774.18,774.25,774.18,774.22,4001,pre-market,False
2026-08-05T11:47:00+00:00,774.32,774.32,774.3,774.3,181,pre-market,False
2026-08-05T11:48:00+00:00,774.36,774.43,774.36,774.36,1025,pre-market,False
2026-08-05T11:49:00+00:00,774.44,774.54,774.44,774.53,840,pre-market,False
2026-08-05T11:50:00+00:00,774.58,774.64,774.52,774.62,1942,pre-market,False
2026-08-05T11:51:00+00:00,774.6,774.67,774.57,774.65,3713,pre-market,False
2026-08-05T11:52:00+00:00,774.64,774.64,774.48,774.48,5870,pre-market,False
2026-08-05T11:53:00+00:00,774.48,774.51,774.47,774.51,763,pre-market,False
2026-08-05T11:54:00+00:00,774.49,775.0,774.45,774.5,27627,pre-market,False
2026-08-05T11:55:00+00:00,774.5,774.58,774.5,774.54,627,pre-market,False
2026-08-05T11:56:00+00:00,774.56,774.56,774.52,774.53,1474,pre-market,False
2026-08-05T11:57:00+00:00,774.54,774.64,774.54,774.64,1426,pre-market,False
2026-08-05T11:58:00+00:00,774.67,774.68,774.66,774.67,1339,pre-market,False
2026-08-05T11:59:00+00:00,774.66,774.68,774.63,774.67,2700,pre-market,False
2026-08-05T12:00:00+00:00,774.68,774.73,774.61,774.7,1063,pre-market,False
2026-08-05T12:01:00+00:00,774.61,774.73,774.61,774.7,1005,pre-market,False
2026-08-05T12:02:00+00:00,774.72,774.85,774.66,774.85,2779,pre-market,False
2026-08-05T12:03:00+00:00,774.75,775.03,774.75,775.03,13741,pre-market,False
2026-08-05T12:04:00+00:00,775.01,775.03,774.8,774.82,2805,pre-market,False
2026-08-05T12:05:00+00:00,774.75,774.85,774.74,774.8,2020,pre-market,False
2026-08-05T12:06:00+00:00,774.81,774.89,774.79,774.87,1458,pre-market,False
2026-08-05T12:07:00+00:00,774.84,774.91,774.83,774.87,1777,pre-market,False
2026-08-05T12:08:00+00:00,774.8,774.8,774.68,774.72,1228,pre-market,False
2026-08-05T12:09:00+00:00,774.71,774.73,774.68,774.68,912,pre-market,False
2026-08-05T12:10:00+00:00,774.71,774.71,774.68,774.69,558,pre-market,False
2026-08-05T12:11:00+00:00,774.81,774.81,774.81,774.81,444,pre-market,False
2026-08-05T12:12:00+00:00,774.85,774.87,774.81,774.87,1054,pre-market,False
2026-08-05T12:13:00+00:00,774.9,775.09,774.9,775.06,3373,pre-market,False
2026-08-05T12:14:00+00:00,775.06,775.06,774.99,774.99,12292,pre-market,False
2026-08-05T12:15:00+00:00,775.0,775.02,774.86,774.92,3487,pre-market,False
2026-08-05T12:16:00+00:00,774.94,775.13,774.94,775.1,1870,pre-market,False
2026-08-05T12:17:00+00:00,775.09,775.11,775.02,775.02,10603,pre-market,False
2026-08-05T12:18:00+00:00,775.0,775.02,774.9,774.98,1564,pre-market,False
2026-08-05T12:19:00+00:00,775.03,775.03,775.03,775.03,80,pre-market,False
2026-08-05T12:20:00+00:00,775.04,775.09,775.03,775.03,425,pre-market,False
2026-08-05T12:21:00+00:00,775.06,775.09,775.02,775.09,1412,pre-market,False
2026-08-05T12:22:00+00:00,775.09,775.26,774.98,774.98,4972,pre-market,False
2026-08-05T12:23:00+00:00,775.05,775.23,775.05,775.19,1238,pre-market,False
2026-08-05T12:24:00+00:00,775.19,775.21,775.14,775.17,3532,pre-market,False
2026-08-05T12:25:00+00:00,775.1,775.19,775.1,775.18,8588,pre-market,False
2026-08-05T12:26:00+00:00,775.18,775.26,775.04,775.2,17039,pre-market,False
2026-08-05T12:27:00+00:00,775.21,775.42,775.21,775.3,3764,pre-market,False
2026-08-05T12:28:00+00:00,775.29,775.31,775.25,775.29,3741,pre-market,False
2026-08-05T12:29:00+00:00,775.2,775.24,775.18,775.19,1899,pre-market,False
2026-08-05T12:30:00+00:00,775.26,775.27,774.99,775.0,4386,pre-market,False
2026-08-05T12:31:00+00:00,775.0,775.01,774.55,774.64,8860,pre-market,False
2026-08-05T12:32:00+00:00,774.56,774.7,774.46,774.63,23570,pre-market,False
2026-08-05T12:33:00+00:00,774.64,774.7,774.63,774.64,2196,pre-market,False
2026-08-05T12:34:00+00:00,774.69,774.99,774.69,774.97,17085,pre-market,False
2026-08-05T12:35:00+00:00,774.99,775.18,774.99,775.18,2710,pre-market,False
2026-08-05T12:36:00+00:00,775.18,775.18,775.12,775.18,1135,pre-market,False
2026-08-05T12:37:00+00:00,775.16,775.22,775.12,775.22,1910,pre-market,False
2026-08-05T12:38:00+00:00,775.26,775.26,775.13,775.17,1920,pre-market,False
2026-08-05T12:39:00+00:00,775.12,775.12,775.05,775.05,325,pre-market,False
2026-08-05T12:40:00+00:00,775.03,775.03,774.92,775.01,890,pre-market,False
2026-08-05T12:41:00+00:00,775.04,775.08,775.0,775.04,1136,pre-market,False
2026-08-05T12:42:00+00:00,775.07,775.07,775.04,775.04,1066,pre-market,False
2026-08-05T12:43:00+00:00,775.07,775.07,775.07,775.07,300,pre-market,False
2026-08-05T12:44:00+00:00,775.07,775.09,775.07,775.09,125,pre-market,False
2026-08-05T12:45:00+00:00,775.12,775.15,775.12,775.15,200,pre-market,False
2026-08-05T12:46:00+00:00,775.16,775.17,775.07,775.07,948,pre-market,False
2026-08-05T12:47:00+00:00,775.11,775.11,774.89,775.09,7863,pre-market,False
2026-08-05T12:48:00+00:00,775.12,775.14,775.07,775.07,418,pre-market,False
2026-08-05T12:49:00+00:00,775.14,775.15,775.13,775.15,385,pre-market,False
2026-08-05T12:50:00+00:00,775.12,775.12,775.08,775.08,824,pre-market,False
2026-08-05T12:51:00+00:00,775.07,775.07,775.01,775.01,1397,pre-market,False
2026-08-05T12:52:00+00:00,775.03,775.03,774.95,774.95,10690,pre-market,False
2026-08-05T12:53:00+00:00,774.92,774.93,774.86,774.89,1400,pre-market,False
2026-08-05T12:54:00+00:00,774.86,774.88,774.85,774.85,1330,pre-market,False
2026-08-05T12:55:00+00:00,774.86,774.86,774.75,774.79,5253,pre-market,False
2026-08-05T12:56:00+00:00,774.81,774.86,774.76,774.81,2682,pre-market,False
2026-08-05T12:57:00+00:00,774.84,774.9,774.78,774.83,1227,pre-market,False
2026-08-05T12:58:00+00:00,774.79,774.9,774.79,774.9,1615,pre-market,False
2026-08-05T12:59:00+00:00,774.93,774.97,774.81,774.81,6604,pre-market,False
2026-08-05T13:00:00+00:00,774.86,775.0,774.86,774.96,1951,pre-market,False
2026-08-05T13:01:00+00:00,774.96,775.05,774.96,775.04,2017,pre-market,False
2026-08-05T13:02:00+00:00,775.05,775.22,775.05,775.22,3061,pre-market,False
2026-08-05T13:03:00+00:00,775.19,775.27,775.19,775.26,3108,pre-market,False
2026-08-05T13:04:00+00:00,775.26,775.27,775.2,775.24,4741,pre-market,False
2026-08-05T13:05:00+00:00,775.24,775.41,775.19,775.41,7321,pre-market,False
2026-08-05T13:06:00+00:00,775.43,775.55,775.38,775.55,6989,pre-market,False
2026-08-05T13:07:00+00:00,775.55,775.6,775.41,775.41,8472,pre-market,False
2026-08-05T13:08:00+00:00,775.44,775.67,775.44,775.6,19466,pre-market,False
2026-08-05T13:09:00+00:00,775.61,775.65,775.58,775.64,4599,pre-market,False
2026-08-05T13:10:00+00:00,775.6,775.7,775.46,775.47,12990,pre-market,False
2026-08-05T13:11:00+00:00,775.53,775.66,775.53,775.64,7477,pre-market,False
2026-08-05T13:12:00+00:00,775.65,775.67,775.53,775.56,1918,pre-market,False
2026-08-05T13:13:00+00:00,775.55,775.58,775.51,775.55,2685,pre-market,False
2026-08-05T13:14:00+00:00,775.51,775.53,775.45,775.5,2041,pre-market,False
2026-08-05T13:31:00+00:00,776.26,776.79,776.11,776.19,310377,regular,False
2026-08-05T13:32:00+00:00,776.21,776.23,775.26,775.65,202822,regular,False
2026-08-05T13:33:00+00:00,775.66,776.03,775.6,775.81,103426,regular,False
2026-08-05T13:34:00+00:00,775.83,776.2,775.67,776.2,113084,regular,False
2026-08-05T13:35:00+00:00,776.19,776.5,775.97,776.27,113485,regular,False
2026-08-05T13:36:00+00:00,776.31,776.33,775.3,775.57,135573,regular,False
2026-08-05T13:37:00+00:00,775.54,775.84,775.43,775.58,111136,regular,False
2026-08-05T13:38:00+00:00,775.58,776.14,775.54,775.92,120482,regular,False
2026-08-05T13:39:00+00:00,775.9,776.85,775.55,776.51,130866,regular,False
2026-08-05T13:40:00+00:00,776.53,776.81,776.19,776.33,109575,regular,False
2026-08-05T13:41:00+00:00,776.31,776.51,776.15,776.44,99163,regular,False
2026-08-05T13:42:00+00:00,776.43,776.46,776.25,776.36,73467,regular,False
2026-08-05T13:43:00+00:00,776.36,776.46,775.95,776.24,119141,regular,False
2026-08-05T13:44:00+00:00,776.28,776.55,775.86,776.48,99848,regular,False
2026-08-05T13:45:00+00:00,776.54,776.66,775.53,775.53,155891,regular,False
2026-08-05T13:46:00+00:00,775.52,775.84,775.38,775.49,96066,regular,False
2026-08-05T13:47:00+00:00,775.48,775.87,775.43,775.84,167038,regular,False
2026-08-05T13:48:00+00:00,775.84,776.19,775.74,775.82,95682,regular,False
2026-08-05T13:49:00+00:00,775.81,775.87,775.34,775.39,118707,regular,False
2026-08-05T13:50:00+00:00,775.4,775.42,774.39,774.72,282801,regular,False
2026-08-05T13:51:00+00:00,774.73,775.0,774.5,774.92,176540,regular,False
2026-08-05T13:52:00+00:00,774.91,775.38,774.89,775.19,170314,regular,False
2026-08-05T13:53:00+00:00,775.18,775.74,775.02,775.38,82896,regular,False
2026-08-05T13:54:00+00:00,775.42,775.89,775.01,775.89,61949,regular,False
2026-08-05T13:55:00+00:00,775.88,775.98,775.44,775.65,103850,regular,False
2026-08-05T13:56:00+00:00,775.68,775.85,775.36,775.62,142883,regular,False
2026-08-05T13:57:00+00:00,775.62,776.18,775.59,776.16,115575,regular,False
2026-08-05T13:58:00+00:00,776.15,776.63,776.11,776.62,120755,regular,False
2026-08-05T13:59:00+00:00,776.62,776.71,776.36,776.7,97004,regular,False
2026-08-05T14:00:00+00:00,776.67,776.7,775.57,776.04,161315,regular,False
2026-08-05T14:01:00+00:00,776.01,776.08,775.45,775.6,85460,regular,False
2026-08-05T14:02:00+00:00,775.6,775.61,774.95,775.27,116765,regular,False
2026-08-05T14:03:00+00:00,775.26,775.93,775.26,775.82,93219,regular,False
2026-08-05T14:04:00+00:00,775.83,775.98,775.36,775.79,149123,regular,False
2026-08-05T14:05:00+00:00,775.81,776.55,775.77,775.98,96463,regular,False
2026-08-05T14:06:00+00:00,775.98,776.24,775.62,776.0,150590,regular,False
2026-08-05T14:07:00+00:00,775.99,776.27,775.74,775.88,100571,regular,False
2026-08-05T14:08:00+00:00,775.89,776.23,775.87,775.88,57716,regular,False
2026-08-05T14:09:00+00:00,775.88,776.35,775.85,776.06,75486,regular,False
2026-08-05T14:10:00+00:00,776.07,776.33,775.81,776.3,66816,regular,False
2026-08-05T14:11:00+00:00,776.35,776.39,775.83,775.95,92054,regular,False
2026-08-05T14:12:00+00:00,775.93,776.15,775.81,775.87,45683,regular,False
2026-08-05T14:13:00+00:00,775.87,776.24,775.8,776.18,50733,regular,False
2026-08-05T14:14:00+00:00,776.18,776.51,776.07,776.16,46899,regular,False
2026-08-05T14:15:00+00:00,776.18,776.46,776.12,776.24,38113,regular,False
2026-08-05T14:16:00+00:00,776.25,776.36,775.87,775.88,48961,regular,False
2026-08-05T14:17:00+00:00,775.87,776.19,775.87,776.19,39305,regular,False
2026-08-05T14:18:00+00:00,776.2,776.28,776.01,776.28,39872,regular,False
2026-08-05T14:19:00+00:00,776.26,776.29,775.66,775.67,63288,regular,False
2026-08-05T14:20:00+00:00,775.68,775.74,775.4,775.62,71968,regular,False
2026-08-05T14:21:00+00:00,775.63,775.82,775.28,775.41,73613,regular,False
2026-08-05T14:22:00+00:00,775.42,775.47,775.07,775.2,66600,regular,False
2026-08-05T14:23:00+00:00,775.22,775.26,774.77,774.99,77945,regular,False
2026-08-05T14:24:00+00:00,775.02,775.77,774.96,775.76,59675,regular,False
2026-08-05T14:25:00+00:00,775.76,776.18,775.61,775.64,97395,regular,False
2026-08-05T14:26:00+00:00,775.66,775.78,775.35,775.37,76998,regular,False
2026-08-05T14:27:00+00:00,775.39,775.56,775.3,775.56,54862,regular,False
2026-08-05T14:28:00+00:00,775.55,775.55,775.04,775.08,87344,regular,False
2026-08-05T14:29:00+00:00,775.08,775.21,774.75,774.78,39564,regular,False
2026-08-05T14:30:00+00:00,774.78,774.85,774.38,774.74,110206,regular,False
2026-08-05T14:31:00+00:00,774.75,774.89,774.23,774.27,96340,regular,False
2026-08-05T14:32:00+00:00,774.25,774.67,774.23,774.62,128994,regular,False
2026-08-05T14:33:00+00:00,774.62,775.02,774.51,774.89,101734,regular,False
2026-08-05T14:34:00+00:00,774.91,775.03,774.49,774.6,123310,regular,False
2026-08-05T14:35:00+00:00,774.57,774.83,774.44,774.6,51408,regular,False
2026-08-05T14:36:00+00:00,774.58,774.58,774.09,774.29,125388,regular,False
2026-08-05T14:37:00+00:00,774.3,774.55,773.94,773.96,88124,regular,False
2026-08-05T14:38:00+00:00,773.98,774.34,773.84,774.28,96561,regular,False
2026-08-05T14:39:00+00:00,774.32,774.49,773.91,773.92,69585,regular,False
2026-08-05T14:40:00+00:00,773.92,774.21,773.75,773.78,197367,regular,False
2026-08-05T14:41:00+00:00,773.78,774.08,773.62,774.04,82808,regular,False
2026-08-05T14:42:00+00:00,774.05,774.43,773.78,774.28,134674,regular,False
2026-08-05T14:43:00+00:00,774.28,774.36,773.93,774.2,63473,regular,False
2026-08-05T14:44:00+00:00,774.21,774.33,773.73,774.04,66254,regular,False
2026-08-05T14:45:00+00:00,774.03,774.28,773.84,773.99,53486,regular,False
2026-08-05T14:46:00+00:00,774.0,774.59,773.99,774.46,129181,regular,False
2026-08-05T14:47:00+00:00,774.43,774.55,774.31,774.35,55410,regular,False
2026-08-05T14:48:00+00:00,774.34,774.43,774.2,774.32,84677,regular,False
2026-08-05T14:49:00+00:00,774.33,774.72,774.25,774.58,69903,regular,False
2026-08-05T14:50:00+00:00,774.6,774.84,774.26,774.33,98476,regular,False
2026-08-05T14:51:00+00:00,774.31,774.38,773.78,773.91,84175,regular,False
2026-08-05T14:52:00+00:00,773.92,773.96,773.44,773.6,113628,regular,False
2026-08-05T14:53:00+00:00,773.63,773.64,772.54,772.9,198235,regular,False
2026-08-05T14:54:00+00:00,772.9,773.16,772.75,773.13,138273,regular,False
2026-08-05T14:55:00+00:00,773.16,773.2,772.73,773.1,106545,regular,False
2026-08-05T14:56:00+00:00,773.09,773.18,772.79,773.18,80135,regular,False
2026-08-05T14:57:00+00:00,773.18,773.76,773.11,773.53,128252,regular,False
2026-08-05T14:58:00+00:00,773.52,773.71,773.11,773.14,99855,regular,False
2026-08-05T14:59:00+00:00,773.14,773.65,773.13,773.47,42529,regular,False
2026-08-05T15:00:00+00:00,773.46,773.94,773.41,773.86,62868,regular,False
2026-08-05T15:01:00+00:00,773.84,773.93,773.35,773.56,62236,regular,False
2026-08-05T15:02:00+00:00,773.58,773.95,773.56,773.77,63431,regular,False
2026-08-05T15:03:00+00:00,773.72,773.75,773.4,773.5,93862,regular,False
2026-08-05T15:04:00+00:00,773.5,773.64,773.35,773.63,56757,regular,False
2026-08-05T15:05:00+00:00,773.63,773.75,773.38,773.4,84390,regular,False
2026-08-05T15:06:00+00:00,773.36,773.62,773.16,773.52,87669,regular,False
2026-08-05T15:07:00+00:00,773.52,773.74,773.49,773.55,81902,regular,False
2026-08-05T15:08:00+00:00,773.56,773.59,773.29,773.31,62372,regular,False
2026-08-05T15:09:00+00:00,773.31,773.87,773.28,773.63,59528,regular,False
2026-08-05T15:10:00+00:00,773.63,773.78,773.46,773.78,74280,regular,False
2026-08-05T15:11:00+00:00,773.77,773.92,773.38,773.46,48533,regular,False
2026-08-05T15:12:00+00:00,773.45,773.71,773.41,773.41,42621,regular,False
2026-08-05T15:13:00+00:00,773.4,773.41,773.03,773.05,60998,regular,False
2026-08-05T15:14:00+00:00,773.05,773.22,773.01,773.06,42377,regular,False
2026-08-05T15:15:00+00:00,773.07,773.16,772.53,772.54,80292,regular,False
2026-08-05T15:16:00+00:00,772.54,772.67,772.35,772.67,91474,regular,False
2026-08-05T15:17:00+00:00,772.65,772.68,772.07,772.08,142140,regular,False
2026-08-05T15:18:00+00:00,772.08,772.1,771.0,771.81,367639,regular,False
2026-08-05T15:19:00+00:00,771.82,772.45,771.78,772.42,122480,regular,False
2026-08-05T15:20:00+00:00,772.41,772.49,772.09,772.49,92561,regular,False
2026-08-05T15:21:00+00:00,772.49,772.67,772.34,772.63,67278,regular,False
2026-08-05T15:22:00+00:00,772.62,772.63,772.32,772.34,35920,regular,False
2026-08-05T15:23:00+00:00,772.35,772.57,772.21,772.22,45810,regular,False
2026-08-05T15:24:00+00:00,772.21,772.59,772.08,772.27,54394,regular,False
2026-08-05T15:25:00+00:00,772.15,772.25,771.86,771.96,81599,regular,False
2026-08-05T15:26:00+00:00,771.95,772.12,771.87,772.01,76648,regular,False
2026-08-05T15:27:00+00:00,772.01,772.22,771.91,772.01,126711,regular,False
2026-08-05T15:28:00+00:00,772.01,772.01,771.55,771.58,107293,regular,False
2026-08-05T15:29:00+00:00,771.57,771.92,771.52,771.71,92667,regular,False
2026-08-05T15:30:00+00:00,771.7,772.11,771.68,772.1,53410,regular,False
2026-08-05T15:31:00+00:00,772.11,772.52,772.07,772.34,77167,regular,False
2026-08-05T15:32:00+00:00,772.34,772.5,772.29,772.39,41027,regular,False
2026-08-05T15:33:00+00:00,772.38,772.45,772.18,772.32,35140,regular,False
2026-08-05T15:34:00+00:00,772.31,772.39,771.81,771.88,56288,regular,False
2026-08-05T15:35:00+00:00,771.88,772.1,771.85,772.04,61573,regular,False
2026-08-05T15:36:00+00:00,772.07,772.07,771.83,772.02,47408,regular,False
2026-08-05T15:37:00+00:00,772.02,772.21,771.92,772.1,59799,regular,False
2026-08-05T15:38:00+00:00,772.11,772.13,771.88,771.9,54875,regular,False
2026-08-05T15:39:00+00:00,771.9,772.3,771.81,772.15,58490,regular,False
2026-08-05T15:40:00+00:00,772.15,772.26,771.94,771.98,50183,regular,False
2026-08-05T15:41:00+00:00,771.98,772.03,771.67,772.03,63447,regular,False
2026-08-05T15:42:00+00:00,772.01,772.2,771.86,772.2,51943,regular,False
2026-08-05T15:43:00+00:00,772.2,772.2,771.86,771.98,26986,regular,False
2026-08-05T15:44:00+00:00,772.0,772.01,771.83,772.01,41010,regular,False
2026-08-05T15:45:00+00:00,772.02,772.03,771.59,771.82,42433,regular,False
2026-08-05T15:46:00+00:00,771.8,771.85,771.58,771.75,34722,regular,False
2026-08-05T15:47:00+00:00,771.73,771.78,771.55,771.59,45991,regular,False
2026-08-05T15:48:00+00:00,771.63,771.75,771.52,771.72,40972,regular,False
2026-08-05T15:49:00+00:00,771.73,771.78,771.25,771.34,97884,regular,False
2026-08-05T15:50:00+00:00,771.34,771.55,771.25,771.4,57405,regular,False
2026-08-05T15:51:00+00:00,771.4,771.43,771.17,771.22,58142,regular,False
2026-08-05T15:52:00+00:00,771.2,771.32,771.13,771.2,68227,regular,False
2026-08-05T15:53:00+00:00,771.19,771.58,771.18,771.47,81839,regular,False
2026-08-05T15:54:00+00:00,771.45,771.57,771.2,771.25,43781,regular,False
2026-08-05T15:55:00+00:00,771.25,771.25,771.08,771.13,57784,regular,False
2026-08-05T15:56:00+00:00,771.11,771.14,770.44,770.88,109688,regular,False
2026-08-05T15:57:00+00:00,770.85,770.85,770.33,770.66,202477,regular,False
2026-08-05T15:58:00+00:00,770.65,771.04,770.6,770.95,141454,regular,False
2026-08-05T15:59:00+00:00,770.94,771.13,770.64,770.65,79281,regular,False
2026-08-05T16:00:00+00:00,770.63,770.81,770.54,770.68,143013,regular,False
2026-08-05T16:01:00+00:00,770.67,770.73,770.51,770.52,81237,regular,False
2026-08-05T16:02:00+00:00,770.52,770.56,770.08,770.26,201383,regular,False
2026-08-05T16:03:00+00:00,770.27,770.55,770.13,770.52,131408,regular,False
2026-08-05T16:04:00+00:00,770.51,771.02,770.5,770.84,64189,regular,False
2026-08-05T16:05:00+00:00,770.84,770.87,770.57,770.73,73723,regular,False
2026-08-05T16:06:00+00:00,770.79,770.83,770.33,770.43,78168,regular,False
2026-08-05T16:07:00+00:00,770.43,770.67,770.36,770.4,100588,regular,False
2026-08-05T16:08:00+00:00,770.45,770.47,770.02,770.03,96657,regular,False
2026-08-05T16:09:00+00:00,770.02,770.29,769.91,770.24,130847,regular,False
2026-08-05T16:10:00+00:00,770.24,770.37,770.09,770.16,58289,regular,False
2026-08-05T16:11:00+00:00,770.14,770.36,770.07,770.27,69042,regular,False
2026-08-05T16:12:00+00:00,770.29,770.35,769.92,770.21,89394,regular,False
2026-08-05T16:13:00+00:00,770.19,770.32,770.04,770.17,60393,regular,False
2026-08-05T16:14:00+00:00,770.17,770.47,770.03,770.44,64458,regular,False
2026-08-05T16:15:00+00:00,770.45,770.57,770.23,770.49,63356,regular,False
2026-08-05T16:16:00+00:00,770.5,771.12,770.47,770.97,128985,regular,False
2026-08-05T16:17:00+00:00,770.97,771.06,770.75,770.88,97656,regular,False
2026-08-05T16:18:00+00:00,770.89,770.91,770.65,770.76,75621,regular,False
2026-08-05T16:19:00+00:00,770.77,770.81,770.5,770.61,49972,regular,False
2026-08-05T16:20:00+00:00,770.62,771.37,770.56,771.35,95244,regular,False
2026-08-05T16:21:00+00:00,771.34,771.76,771.34,771.6,193691,regular,False
2026-08-05T16:22:00+00:00,771.6,771.7,771.44,771.6,86752,regular,False
2026-08-05T16:23:00+00:00,771.61,771.64,771.24,771.24,74628,regular,False
2026-08-05T16:24:00+00:00,771.25,771.37,770.91,771.08,51412,regular,False
2026-08-05T16:25:00+00:00,771.08,771.48,771.06,771.48,93919,regular,False
2026-08-05T16:26:00+00:00,771.48,771.79,771.41,771.78,100713,regular,False
2026-08-05T16:27:00+00:00,771.77,772.09,771.72,771.72,157899,regular,False
2026-08-05T16:28:00+00:00,771.71,771.84,771.63,771.83,71506,regular,False
2026-08-05T16:29:00+00:00,771.83,772.12,771.83,772.1,92490,regular,False
2026-08-05T16:30:00+00:00,772.09,772.22,771.73,771.74,168663,regular,False
2026-08-05T16:31:00+00:00,771.74,771.77,771.52,771.57,69697,regular,False
2026-08-05T16:32:00+00:00,771.59,771.84,771.52,771.78,48365,regular,False
2026-08-05T16:33:00+00:00,771.77,771.78,771.2,771.33,41984,regular,False
2026-08-05T16:34:00+00:00,771.31,771.73,771.3,771.69,50563,regular,False
2026-08-05T16:35:00+00:00,771.69,771.7,771.36,771.54,53402,regular,False
2026-08-05T16:36:00+00:00,771.54,771.61,771.34,771.55,43311,regular,False
2026-08-05T16:37:00+00:00,771.55,771.62,771.45,771.57,50225,regular,False
2026-08-05T16:38:00+00:00,771.58,771.79,771.52,771.78,30502,regular,False
2026-08-05T16:39:00+00:00,771.79,771.84,771.5,771.56,37423,regular,False
2026-08-05T16:40:00+00:00,771.55,771.81,771.53,771.8,41559,regular,False
2026-08-05T16:41:00+00:00,771.81,772.0,771.75,771.76,50793,regular,False
2026-08-05T16:42:00+00:00,771.75,771.76,771.39,771.43,46352,regular,False
2026-08-05T16:43:00+00:00,771.44,771.72,771.37,771.7,69661,regular,False
2026-08-05T16:44:00+00:00,771.71,771.83,771.57,771.59,77173,regular,False
2026-08-05T16:45:00+00:00,771.58,771.75,771.41,771.68,70523,regular,False
2026-08-05T16:46:00+00:00,771.67,771.69,771.38,771.44,12699,regular,False
2026-08-05T16:47:00+00:00,771.46,771.62,771.45,771.48,37095,regular,False
2026-08-05T16:48:00+00:00,771.43,771.55,771.29,771.5,25616,regular,False
2026-08-05T16:49:00+00:00,771.48,771.52,771.35,771.43,19911,regular,False
2026-08-05T16:50:00+00:00,771.4,771.89,771.38,771.89,77573,regular,False
2026-08-05T16:51:00+00:00,771.86,771.94,771.67,771.75,53609,regular,False
2026-08-05T16:52:00+00:00,771.74,771.95,771.69,771.76,93720,regular,False
2026-08-05T16:53:00+00:00,771.77,772.06,771.71,772.04,75582,regular,False
2026-08-05T16:54:00+00:00,772.04,772.08,771.88,772.01,68919,regular,False
2026-08-05T16:55:00+00:00,772.01,772.06,771.87,771.94,41971,regular,False
2026-08-05T16:56:00+00:00,771.93,772.08,771.86,771.9,53590,regular,False
2026-08-05T16:57:00+00:00,771.89,772.13,771.88,772.06,81361,regular,False
2026-08-05T16:58:00+00:00,772.05,772.17,771.78,771.85,50893,regular,False
2026-08-05T16:59:00+00:00,771.85,771.92,771.7,771.85,32242,regular,False
2026-08-05T17:00:00+00:00,771.89,772.07,771.64,771.85,46461,regular,False
2026-08-05T17:01:00+00:00,771.88,772.16,771.87,772.1,46171,regular,False
2026-08-05T17:02:00+00:00,772.1,772.1,771.52,771.56,34976,regular,False
2026-08-05T17:03:00+00:00,771.56,771.69,771.41,771.63,32223,regular,False
2026-08-05T17:04:00+00:00,771.63,771.65,771.3,771.41,44761,regular,False
2026-08-05T17:05:00+00:00,771.41,771.57,771.29,771.51,44058,regular,False
2026-08-05T17:06:00+00:00,771.53,771.6,771.07,771.19,49471,regular,False
2026-08-05T17:07:00+00:00,771.16,771.51,771.12,771.34,76300,regular,False
2026-08-05T17:08:00+00:00,771.33,771.51,771.26,771.43,21040,regular,False
2026-08-05T17:09:00+00:00,771.43,771.47,771.27,771.32,21488,regular,False
2026-08-05T17:10:00+00:00,771.33,771.39,771.12,771.12,59353,regular,False
2026-08-05T17:11:00+00:00,771.1,771.58,771.04,771.58,113567,regular,False
2026-08-05T17:12:00+00:00,771.58,771.75,771.48,771.65,63053,regular,False
2026-08-05T17:13:00+00:00,771.67,771.67,771.39,771.48,21162,regular,False
2026-08-05T17:14:00+00:00,771.44,771.64,771.41,771.5,123118,regular,False
2026-08-05T17:15:00+00:00,771.48,771.76,771.24,771.73,49970,regular,False
2026-08-05T17:16:00+00:00,771.72,771.81,771.5,771.52,67979,regular,False
2026-08-05T17:17:00+00:00,771.51,771.56,771.23,771.4,39717,regular,False
2026-08-05T17:18:00+00:00,771.42,771.52,771.31,771.52,26238,regular,False
2026-08-05T17:19:00+00:00,771.5,771.57,771.36,771.38,30339,regular,False
2026-08-05T17:20:00+00:00,771.41,771.46,771.31,771.42,27519,regular,False
2026-08-05T17:21:00+00:00,771.4,771.44,771.29,771.38,29579,regular,False
2026-08-05T17:22:00+00:00,771.39,771.43,771.07,771.09,37300,regular,False
2026-08-05T17:23:00+00:00,771.07,771.32,771.01,771.21,30938,regular,False
2026-08-05T17:24:00+00:00,771.21,771.44,771.17,771.43,24008,regular,False
2026-08-05T17:25:00+00:00,771.43,771.49,771.27,771.47,21874,regular,False
2026-08-05T17:26:00+00:00,771.49,771.75,771.49,771.73,27917,regular,False
2026-08-05T17:27:00+00:00,771.71,771.81,771.57,771.6,34180,regular,False
2026-08-05T17:28:00+00:00,771.6,771.66,771.49,771.54,17994,regular,False
2026-08-05T17:29:00+00:00,771.55,771.55,771.26,771.34,26758,regular,False
2026-08-05T17:30:00+00:00,771.33,771.33,771.12,771.23,27334,regular,False
2026-08-05T17:31:00+00:00,771.23,771.29,771.07,771.27,33319,regular,False
2026-08-05T17:32:00+00:00,771.29,771.49,771.2,771.44,24338,regular,False
2026-08-05T17:33:00+00:00,771.44,771.58,771.29,771.57,32667,regular,False
2026-08-05T17:34:00+00:00,771.58,771.73,771.45,771.59,28434,regular,False
2026-08-05T17:35:00+00:00,771.59,771.78,771.49,771.73,38658,regular,False
2026-08-05T17:36:00+00:00,771.74,771.76,771.51,771.62,29013,regular,False
2026-08-05T17:37:00+00:00,771.61,771.77,771.46,771.68,37045,regular,False
2026-08-05T17:38:00+00:00,771.68,771.7,771.54,771.63,20979,regular,False
2026-08-05T17:39:00+00:00,771.63,771.67,771.56,771.66,25134,regular,False
2026-08-05T17:40:00+00:00,771.66,772.01,771.66,771.95,43960,regular,False
2026-08-05T17:41:00+00:00,771.93,771.95,771.71,771.76,26500,regular,False
2026-08-05T17:42:00+00:00,771.73,771.89,771.69,771.79,34523,regular,False
2026-08-05T17:43:00+00:00,771.79,771.88,771.69,771.84,27973,regular,False
2026-08-05T17:44:00+00:00,771.85,771.86,771.7,771.7,27490,regular,False
2026-08-05T17:45:00+00:00,771.7,771.71,771.33,771.52,25188,regular,False
2026-08-05T17:46:00+00:00,771.55,771.59,771.43,771.57,23641,regular,False
2026-08-05T17:47:00+00:00,771.56,771.73,771.43,771.7,22885,regular,False
2026-08-05T17:48:00+00:00,771.68,771.74,771.56,771.73,16403,regular,False
2026-08-05T17:49:00+00:00,771.76,771.93,771.75,771.83,24742,regular,False
2026-08-05T17:50:00+00:00,771.83,771.95,771.72,771.73,62854,regular,False
2026-08-05T17:51:00+00:00,771.73,771.96,771.69,771.93,43063,regular,False
2026-08-05T17:52:00+00:00,771.95,771.95,771.71,771.85,30570,regular,False
2026-08-05T17:53:00+00:00,771.82,771.82,771.64,771.76,60116,regular,False
2026-08-05T17:54:00+00:00,771.74,771.79,771.59,771.64,42416,regular,False
2026-08-05T17:55:00+00:00,771.63,771.64,771.46,771.59,35428,regular,False
2026-08-05T17:56:00+00:00,771.6,771.8,771.56,771.78,36467,regular,False
2026-08-05T17:57:00+00:00,771.78,771.78,771.61,771.76,20363,regular,False
2026-08-05T17:58:00+00:00,771.75,771.84,771.66,771.68,27049,regular,False
2026-08-05T17:59:00+00:00,771.68,771.73,771.52,771.56,25043,regular,False
2026-08-05T18:00:00+00:00,771.56,771.77,771.54,771.61,60914,regular,False
2026-08-05T18:01:00+00:00,771.61,771.72,771.58,771.6,125941,regular,False
2026-08-05T18:02:00+00:00,771.55,771.82,771.54,771.77,95119,regular,False
2026-08-05T18:03:00+00:00,771.79,771.96,771.73,771.93,111220,regular,False
2026-08-05T18:04:00+00:00,771.92,772.17,771.85,772.12,85575,regular,False
2026-08-05T18:05:00+00:00,772.12,772.21,772.01,772.19,61452,regular,False
2026-08-05T18:06:00+00:00,772.21,772.25,771.83,771.93,59591,regular,False
2026-08-05T18:07:00+00:00,771.92,771.94,771.72,771.81,97944,regular,False
2026-08-05T18:08:00+00:00,771.79,771.9,771.68,771.9,35402,regular,False
2026-08-05T18:09:00+00:00,771.89,771.98,771.78,771.91,34435,regular,False
2026-08-05T18:10:00+00:00,771.96,772.02,771.85,771.88,48675,regular,False
2026-08-05T18:11:00+00:00,771.86,772.11,771.85,772.08,51253,regular,False
2026-08-05T18:12:00+00:00,772.07,772.1,771.96,772.0,57704,regular,False
2026-08-05T18:13:00+00:00,772.0,772.03,771.88,771.91,36954,regular,False
2026-08-05T18:14:00+00:00,771.93,771.97,771.76,771.79,26484,regular,False
2026-08-05T18:15:00+00:00,771.8,772.07,771.67,772.06,74552,regular,False
2026-08-05T18:16:00+00:00,772.05,772.06,771.96,772.02,28471,regular,False
2026-08-05T18:17:00+00:00,772.02,772.08,771.82,771.84,36399,regular,False
2026-08-05T18:18:00+00:00,771.83,771.97,771.8,771.97,35365,regular,False
2026-08-05T18:19:00+00:00,771.96,772.1,771.94,772.04,31011,regular,False
2026-08-05T18:20:00+00:00,772.04,772.06,771.9,772.02,72657,regular,False
2026-08-05T18:21:00+00:00,772.01,772.02,771.91,771.93,29506,regular,False
2026-08-05T18:22:00+00:00,771.92,771.97,771.74,771.82,28482,regular,False
2026-08-05T18:23:00+00:00,771.85,771.91,771.77,771.91,18321,regular,False
2026-08-05T18:24:00+00:00,771.92,771.96,771.83,771.86,55450,regular,False
2026-08-05T18:25:00+00:00,771.85,772.07,771.85,772.06,57195,regular,False
2026-08-05T18:26:00+00:00,772.06,772.12,771.97,771.99,118599,regular,False
2026-08-05T18:27:00+00:00,771.99,772.02,771.9,771.91,40098,regular,False
2026-08-05T18:28:00+00:00,771.91,771.93,771.81,771.87,21875,regular,False
2026-08-05T18:29:00+00:00,771.87,771.97,771.86,771.94,27015,regular,False
2026-08-05T18:30:00+00:00,771.93,771.94,771.45,771.52,111681,regular,False
2026-08-05T18:31:00+00:00,771.55,771.55,771.26,771.3,47999,regular,False
2026-08-05T18:32:00+00:00,771.3,771.38,771.2,771.27,51510,regular,False
2026-08-05T18:33:00+00:00,771.25,771.4,771.25,771.36,114762,regular,False
2026-08-05T18:34:00+00:00,771.35,771.48,771.23,771.36,29215,regular,False
2026-08-05T18:35:00+00:00,771.36,771.56,771.34,771.54,34777,regular,False
2026-08-05T18:36:00+00:00,771.53,771.69,771.5,771.56,75125,regular,False
2026-08-05T18:37:00+00:00,771.58,771.63,771.44,771.6,55454,regular,False
2026-08-05T18:38:00+00:00,771.6,771.71,771.48,771.6,26542,regular,False
2026-08-05T18:39:00+00:00,771.61,771.67,771.46,771.46,26988,regular,False
2026-08-05T18:40:00+00:00,771.47,771.67,771.42,771.52,82837,regular,False
2026-08-05T18:41:00+00:00,771.5,771.56,771.39,771.54,45828,regular,False
2026-08-05T18:42:00+00:00,771.53,771.67,771.45,771.67,34059,regular,False
2026-08-05T18:43:00+00:00,771.66,771.66,771.51,771.55,40031,regular,False
2026-08-05T18:44:00+00:00,771.56,771.63,771.5,771.58,54496,regular,False
2026-08-05T18:45:00+00:00,771.57,771.81,771.51,771.78,102289,regular,False
2026-08-05T18:46:00+00:00,771.78,771.81,771.63,771.79,43341,regular,False
2026-08-05T18:47:00+00:00,771.79,771.87,771.74,771.79,44650,regular,False
2026-08-05T18:48:00+00:00,771.79,771.95,771.77,771.81,38576,regular,False
2026-08-05T18:49:00+00:00,771.8,771.84,771.73,771.81,19836,regular,False
2026-08-05T18:50:00+00:00,771.81,771.96,771.76,771.9,40539,regular,False
2026-08-05T18:51:00+00:00,771.89,771.92,771.7,771.75,30878,regular,False
2026-08-05T18:52:00+00:00,771.73,771.77,771.64,771.68,38348,regular,False
2026-08-05T18:53:00+00:00,771.7,771.78,771.63,771.7,49948,regular,False
2026-08-05T18:54:00+00:00,771.72,771.83,771.64,771.73,61535,regular,False
2026-08-05T18:55:00+00:00,771.73,771.78,771.55,771.57,137275,regular,False
2026-08-05T18:56:00+00:00,771.55,771.55,771.4,771.44,58830,regular,False
2026-08-05T18:57:00+00:00,771.44,771.59,771.36,771.58,102041,regular,False
2026-08-05T18:58:00+00:00,771.58,771.63,771.5,771.53,38750,regular,False
2026-08-05T18:59:00+00:00,771.52,771.55,771.34,771.39,62044,regular,False
2026-08-05T19:00:00+00:00,771.4,771.49,771.24,771.41,51664,regular,False
2026-08-05T19:01:00+00:00,771.41,771.62,771.36,771.57,51963,regular,False
2026-08-05T19:02:00+00:00,771.58,771.62,771.43,771.48,95959,regular,False
2026-08-05T19:03:00+00:00,771.49,771.56,771.36,771.52,53845,regular,False
2026-08-05T19:04:00+00:00,771.51,771.63,771.51,771.63,58477,regular,False
2026-08-05T19:05:00+00:00,771.61,771.84,771.56,771.76,41589,regular,False
2026-08-05T19:06:00+00:00,771.76,771.76,771.56,771.58,45894,regular,False
2026-08-05T19:07:00+00:00,771.59,771.85,771.52,771.8,78817,regular,False
2026-08-05T19:08:00+00:00,771.8,771.82,771.66,771.76,33148,regular,False
2026-08-05T19:09:00+00:00,771.74,771.75,771.64,771.69,40477,regular,False
2026-08-05T19:10:00+00:00,771.7,771.72,771.56,771.69,97193,regular,False
2026-08-05T19:11:00+00:00,771.67,771.69,771.54,771.63,57136,regular,False
2026-08-05T19:12:00+00:00,771.64,771.69,771.61,771.66,37687,regular,False
2026-08-05T19:13:00+00:00,771.66,771.78,771.62,771.68,53510,regular,False
2026-08-05T19:14:00+00:00,771.68,771.77,771.63,771.73,70273,regular,False
2026-08-05T19:15:00+00:00,771.74,771.84,771.66,771.8,48256,regular,False
2026-08-05T19:16:00+00:00,771.79,771.89,771.73,771.83,33459,regular,False
2026-08-05T19:17:00+00:00,771.82,771.86,771.74,771.81,18125,regular,False
2026-08-05T19:18:00+00:00,771.8,771.88,771.76,771.88,79677,regular,False
2026-08-05T19:19:00+00:00,771.87,771.92,771.75,771.82,93173,regular,False
2026-08-05T19:20:00+00:00,771.83,771.99,771.83,771.88,68315,regular,False
2026-08-05T19:21:00+00:00,771.88,771.88,771.65,771.73,56844,regular,False
2026-08-05T19:22:00+00:00,771.73,771.84,771.7,771.72,91605,regular,False
2026-08-05T19:23:00+00:00,771.73,771.95,771.72,771.89,61066,regular,False
2026-08-05T19:24:00+00:00,771.89,771.91,771.82,771.87,95487,regular,False
2026-08-05T19:25:00+00:00,771.86,771.93,771.76,771.82,102788,regular,False
2026-08-05T19:26:00+00:00,771.81,771.96,771.8,771.94,48311,regular,False
2026-08-05T19:27:00+00:00,771.93,771.97,771.87,771.91,52294,regular,False
2026-08-05T19:28:00+00:00,771.91,771.94,771.81,771.87,54947,regular,False
2026-08-05T19:29:00+00:00,771.87,771.91,771.77,771.8,73037,regular,False
2026-08-05T19:30:00+00:00,771.78,771.89,771.73,771.83,77720,regular,False
2026-08-05T19:31:00+00:00,771.81,771.81,771.58,771.61,86071,regular,False
2026-08-05T19:32:00+00:00,771.61,771.73,771.57,771.66,84137,regular,False
2026-08-05T19:33:00+00:00,771.65,771.67,771.36,771.47,99741,regular,False
2026-08-05T19:34:00+00:00,771.47,771.59,771.45,771.54,60134,regular,False
2026-08-05T19:35:00+00:00,771.54,771.54,771.25,771.34,143302,regular,False
2026-08-05T19:36:00+00:00,771.34,771.4,771.25,771.38,132309,regular,False
2026-08-05T19:37:00+00:00,771.38,771.52,771.32,771.38,107873,regular,False
2026-08-05T19:38:00+00:00,771.38,771.49,771.32,771.32,88398,regular,False
2026-08-05T19:39:00+00:00,771.31,771.36,771.26,771.31,63512,regular,False
2026-08-05T19:40:00+00:00,771.3,771.54,771.27,771.53,73374,regular,False
2026-08-05T19:41:00+00:00,771.53,771.56,771.4,771.49,55742,regular,False
2026-08-05T19:42:00+00:00,771.51,771.63,771.47,771.56,45944,regular,False
2026-08-05T19:43:00+00:00,771.56,771.58,771.45,771.49,64752,regular,False
2026-08-05T19:44:00+00:00,771.49,771.52,771.4,771.5,68902,regular,False
2026-08-05T19:45:00+00:00,771.48,771.65,771.45,771.54,155154,regular,False
2026-08-05T19:46:00+00:00,771.55,771.55,771.2,771.25,79570,regular,False
2026-08-05T19:47:00+00:00,771.26,771.48,771.26,771.47,87819,regular,False
2026-08-05T19:48:00+00:00,771.48,771.48,771.21,771.25,70597,regular,False
2026-08-05T19:49:00+00:00,771.25,771.49,771.24,771.49,139053,regular,False
2026-08-05T19:50:00+00:00,771.49,771.7,771.36,771.39,132050,regular,False
2026-08-05T19:51:00+00:00,771.39,771.56,771.38,771.51,133142,regular,False
2026-08-05T19:52:00+00:00,771.51,771.58,771.39,771.44,91618,regular,False
2026-08-05T19:53:00+00:00,771.44,771.6,771.37,771.59,123134,regular,False
2026-08-05T19:54:00+00:00,771.6,771.6,771.42,771.5,150015,regular,False
2026-08-05T19:55:00+00:00,771.51,771.59,771.35,771.35,271507,regular,False
2026-08-05T19:56:00+00:00,771.35,771.36,771.09,771.19,189791,regular,False
2026-08-05T19:57:00+00:00,771.18,771.21,770.96,771.13,274389,regular,False
2026-08-05T19:58:00+00:00,771.12,771.14,770.88,770.94,413942,regular,False
2026-08-05T19:59:00+00:00,770.94,770.94,769.51,769.74,957798,regular,False
2026-08-05T20:00:00+00:00,769.74,769.85,769.61,769.84,1028466,after-market,False
2026-08-05T20:01:00+00:00,769.84,770.2,769.84,770.1,117346,after-market,False
2026-08-05T20:02:00+00:00,770.02,770.16,769.79,770.13,68949,after-market,False
2026-08-05T20:03:00+00:00,770.17,770.33,770.12,770.24,33291,after-market,False
2026-08-05T20:04:00+00:00,770.23,770.32,770.2,770.24,29460,after-market,False
2026-08-05T20:05:00+00:00,770.19,770.3,769.79,770.3,155434,after-market,False
2026-08-05T20:06:00+00:00,770.32,770.35,769.92,770.13,49452,after-market,False
2026-08-05T20:07:00+00:00,770.1,770.33,770.08,770.25,32180,after-market,False
2026-08-05T20:08:00+00:00,770.26,770.41,770.19,770.35,18568,after-market,False
2026-08-05T20:09:00+00:00,770.36,770.43,770.23,770.39,57837,after-market,False
2026-08-05T20:10:00+00:00,770.38,770.6,770.3,770.59,56634,after-market,False
2026-08-05T20:11:00+00:00,770.59,770.72,770.54,770.67,27039,after-market,False
2026-08-05T20:12:00+00:00,770.66,770.66,770.51,770.59,14680,after-market,False
2026-08-05T20:13:00+00:00,770.59,770.8,770.55,770.8,42107,after-market,False
2026-08-05T20:14:00+00:00,770.79,770.97,770.79,770.94,40056,after-market,False
2026-08-05T20:15:00+00:00,770.84,770.95,770.8,770.81,14395,after-market,False
2026-08-05T20:16:00+00:00,770.87,770.93,770.64,770.64,9218,after-market,False
2026-08-05T20:17:00+00:00,770.55,770.6,770.45,770.6,18314,after-market,False
2026-08-05T20:18:00+00:00,770.61,770.61,770.54,770.56,702,after-market,False
2026-08-05T20:19:00+00:00,770.49,770.5,770.43,770.46,3688,after-market,False
2026-08-05T20:20:00+00:00,770.45,770.52,770.45,770.5,31895,after-market,False
2026-08-05T20:21:00+00:00,770.59,770.62,770.49,770.6,2334,after-market,False
2026-08-05T20:22:00+00:00,770.6,770.65,770.57,770.59,874,after-market,False
2026-08-05T20:23:00+00:00,770.57,770.57,770.53,770.54,3262,after-market,False
2026-08-05T20:24:00+00:00,770.71,770.79,770.71,770.77,9354,after-market,False
2026-08-05T20:25:00+00:00,770.73,770.74,770.66,770.7,4126,after-market,False
2026-08-05T20:26:00+00:00,770.64,770.64,770.56,770.57,6319,after-market,False
2026-08-05T20:27:00+00:00,770.59,770.63,770.59,770.62,11709,after-market,False
2026-08-05T20:28:00+00:00,770.62,770.73,770.59,770.73,16134,after-market,False
2026-08-05T20:29:00+00:00,770.73,770.73,770.62,770.62,7785,after-market,False
2026-08-05T20:30:00+00:00,770.63,770.7,770.63,770.67,14822,after-market,False
2026-08-05T20:31:00+00:00,770.73,770.74,770.7,770.71,4431,after-market,False
2026-08-05T20:32:00+00:00,770.71,770.72,770.63,770.69,8065,after-market,False
2026-08-05T20:33:00+00:00,770.74,770.88,770.74,770.84,3583,after-market,False
2026-08-05T20:34:00+00:00,770.84,770.95,770.81,770.92,2612,after-market,False
2026-08-05T20:35:00+00:00,770.91,770.96,770.88,770.88,8162,after-market,False
2026-08-05T20:36:00+00:00,770.9,770.96,770.84,770.84,2614,after-market,False
2026-08-05T20:37:00+00:00,770.86,770.94,770.84,770.88,8319,after-market,False
2026-08-05T20:38:00+00:00,770.88,770.89,770.81,770.81,1906,after-market,False
2026-08-05T20:39:00+00:00,770.81,770.87,770.8,770.83,4884,after-market,False
2026-08-05T20:40:00+00:00,770.85,770.9,770.82,770.9,5955,after-market,False
2026-08-05T20:41:00+00:00,770.9,770.96,770.9,770.91,1629,after-market,False
2026-08-05T20:42:00+00:00,770.91,771.02,770.87,771.02,3371,after-market,False
2026-08-05T20:43:00+00:00,770.98,771.04,770.98,771.02,630,after-market,False
2026-08-05T20:44:00+00:00,771.05,771.05,771.0,771.0,1007,after-market,False
2026-08-05T20:45:00+00:00,771.04,771.09,771.02,771.02,37025,after-market,False
2026-08-05T20:46:00+00:00,771.03,771.06,770.94,770.94,1493,after-market,False
2026-08-05T20:47:00+00:00,770.94,770.94,770.84,770.84,2922,after-market,False
2026-08-05T20:48:00+00:00,770.83,770.9,770.8,770.9,4240,after-market,False
2026-08-05T20:49:00+00:00,770.84,770.97,770.84,770.91,3028,after-market,False
2026-08-05T20:50:00+00:00,770.91,770.96,770.87,770.87,3415,after-market,False
2026-08-05T20:51:00+00:00,770.85,770.89,770.8,770.8,3166,after-market,False
2026-08-05T20:52:00+00:00,770.82,770.85,770.81,770.85,289,after-market,False
2026-08-05T20:53:00+00:00,770.81,770.81,770.8,770.8,139,after-market,False
2026-08-05T20:54:00+00:00,770.89,770.89,770.85,770.85,2245,after-market,False
2026-08-05T20:55:00+00:00,770.9,770.91,770.89,770.9,8911,after-market,False
2026-08-05T20:56:00+00:00,770.91,771.04,770.91,770.96,16043,after-market,False
2026-08-05T20:57:00+00:00,771.0,771.01,770.93,770.94,3295,after-market,False
2026-08-05T20:58:00+00:00,770.95,770.98,770.77,770.84,6975,after-market,False
2026-08-05T20:59:00+00:00,770.81,770.89,770.77,770.83,1478,after-market,False
2026-08-05T21:00:00+00:00,770.76,770.76,770.75,770.75,115,after-market,False
2026-08-05T21:01:00+00:00,770.8,770.82,770.8,770.82,150,after-market,False
2026-08-05T21:02:00+00:00,770.85,770.85,770.82,770.85,910,after-market,False
2026-08-05T21:03:00+00:00,770.84,770.89,770.82,770.85,4892,after-market,False
2026-08-05T21:04:00+00:00,770.84,770.86,770.84,770.85,5632,after-market,False
2026-08-05T21:05:00+00:00,770.89,771.0,770.88,770.96,10926,after-market,False
2026-08-05T21:06:00+00:00,770.93,770.93,770.84,770.84,761,after-market,False
2026-08-05T21:07:00+00:00,770.87,770.89,770.84,770.86,9661,after-market,False
2026-08-05T21:08:00+00:00,770.85,770.87,770.82,770.83,1578,after-market,False
2026-08-05T21:09:00+00:00,770.83,770.83,770.73,770.73,1755,after-market,False
2026-08-05T21:10:00+00:00,770.73,770.74,770.73,770.74,3363,after-market,False
2026-08-05T21:11:00+00:00,770.7,770.71,770.63,770.63,13348,after-market,False
2026-08-05T21:12:00+00:00,770.64,770.77,770.64,770.65,9756,after-market,False
2026-08-05T21:13:00+00:00,770.65,770.66,770.65,770.66,5128,after-market,False
2026-08-05T21:14:00+00:00,770.65,770.66,770.55,770.57,3752,after-market,False
2026-08-05T21:15:00+00:00,770.57,770.57,770.55,770.57,2070,after-market,False
2026-08-05T21:16:00+00:00,770.55,770.56,770.54,770.56,3280,after-market,False
2026-08-05T21:17:00+00:00,770.5,770.65,770.5,770.65,186,after-market,False
2026-08-05T21:18:00+00:00,770.63,770.63,770.6,770.6,589,after-market,False
2026-08-05T21:19:00+00:00,770.53,770.57,770.53,770.57,2180,after-market,False
2026-08-05T21:20:00+00:00,770.58,770.58,770.56,770.58,2980,after-market,False
2026-08-05T21:21:00+00:00,770.58,770.66,770.41,770.66,8307,after-market,False
2026-08-05T21:22:00+00:00,770.64,770.75,770.61,770.75,3993,after-market,False
2026-08-05T21:23:00+00:00,770.71,770.71,770.7,770.7,1035,after-market,False
2026-08-05T21:24:00+00:00,770.62,770.62,770.58,770.58,1192,after-market,False
2026-08-05T21:25:00+00:00,770.55,770.55,770.51,770.55,1120,after-market,False
2026-08-05T21:26:00+00:00,770.6,770.6,770.6,770.6,100,after-market,False
2026-08-05T21:27:00+00:00,770.65,770.65,770.65,770.65,99,after-market,False
2026-08-05T21:28:00+00:00,770.57,770.66,770.56,770.66,6053,after-market,False
2026-08-05T21:29:00+00:00,770.66,770.67,770.66,770.66,40,after-market,False
2026-08-05T21:30:00+00:00,770.66,770.66,770.65,770.65,236,after-market,False
2026-08-05T21:31:00+00:00,770.64,770.64,770.64,770.64,293,after-market,False
2026-08-05T21:32:00+00:00,770.64,770.66,770.6,770.6,2683,after-market,False
2026-08-05T21:33:00+00:00,770.6,770.66,770.57,770.65,1292,after-market,False
2026-08-05T21:34:00+00:00,770.66,770.66,770.57,770.63,1262,after-market,False
2026-08-05T21:35:00+00:00,770.62,770.64,770.62,770.64,226,after-market,False
2026-08-05T21:36:00+00:00,770.63,770.63,770.58,770.63,380,after-market,False
2026-08-05T21:37:00+00:00,770.56,770.61,770.56,770.61,373,after-market,False
2026-08-05T21:38:00+00:00,770.56,770.56,770.55,770.55,231,after-market,False
2026-08-05T21:39:00+00:00,770.55,770.55,770.55,770.55,0,after-market,False
2026-08-05T21:40:00+00:00,770.61,770.61,770.52,770.52,165,after-market,False
2026-08-05T21:41:00+00:00,770.59,770.6,770.59,770.6,2490,after-market,False
2026-08-05T21:42:00+00:00,770.59,770.66,770.51,770.65,1160,after-market,False
2026-08-05T21:43:00+00:00,770.66,770.66,770.47,770.47,2412,after-market,False
2026-08-05T21:44:00+00:00,770.48,770.48,770.47,770.47,2440,after-market,False
2026-08-05T21:45:00+00:00,770.55,770.55,770.4,770.4,1469,after-market,False
2026-08-05T21:46:00+00:00,770.36,770.36,770.36,770.36,50,after-market,False
2026-08-05T21:47:00+00:00,770.4,770.41,770.4,770.41,482,after-market,False
2026-08-05T21:48:00+00:00,770.41,770.45,770.4,770.45,592,after-market,False
2026-08-05T21:49:00+00:00,770.44,770.45,770.44,770.44,70,after-market,False
2026-08-05T21:50:00+00:00,770.45,770.45,770.44,770.45,90,after-market,False
2026-08-05T21:51:00+00:00,770.5,770.5,770.5,770.5,76,after-market,False
2026-08-05T21:52:00+00:00,770.5,770.55,770.5,770.55,1585,after-market,False
2026-08-05T21:53:00+00:00,770.54,770.54,770.46,770.54,1141,after-market,False
2026-08-05T21:54:00+00:00,770.52,770.55,770.4,770.4,2721,after-market,False
2026-08-05T21:55:00+00:00,770.41,770.41,770.35,770.4,753,after-market,False
2026-08-05T21:56:00+00:00,770.41,770.41,770.41,770.41,80,after-market,False
2026-08-05T21:57:00+00:00,770.47,770.5,770.47,770.5,2000,after-market,False
2026-08-05T21:58:00+00:00,770.42,770.51,770.42,770.51,784,after-market,False
2026-08-05T21:59:00+00:00,770.47,770.5,770.47,770.5,1000,after-market,False
2026-08-05T22:00:00+00:00,770.61,770.94,770.59,770.89,4495,after-market,False
2026-08-05T22:01:00+00:00,770.86,770.86,770.7,770.7,1238,after-market,False
2026-08-05T22:02:00+00:00,770.84,770.95,770.84,770.95,3996,after-market,False
2026-08-05T22:03:00+00:00,770.94,771.0,770.94,771.0,515,after-market,False
2026-08-05T22:04:00+00:00,771.0,771.0,770.88,770.88,1177,after-market,False
2026-08-05T22:05:00+00:00,770.7,770.78,770.7,770.72,527,after-market,False
2026-08-05T22:06:00+00:00,770.69,770.71,770.69,770.7,1252,after-market,False
2026-08-05T22:07:00+00:00,770.77,770.9,770.77,770.9,842,after-market,False
2026-08-05T22:08:00+00:00,770.73,770.8,770.73,770.8,300,after-market,False
2026-08-05T22:09:00+00:00,770.75,770.76,770.71,770.73,426,after-market,False
2026-08-05T22:10:00+00:00,770.63,770.66,770.63,770.66,392,after-market,False
2026-08-05T22:11:00+00:00,770.69,770.7,770.69,770.69,770,after-market,False
2026-08-05T22:12:00+00:00,770.69,770.69,770.69,770.69,0,after-market,False
2026-08-05T22:13:00+00:00,770.67,770.68,770.67,770.67,1000,after-market,False
2026-08-05T22:14:00+00:00,770.7,770.7,770.7,770.7,400,after-market,False
2026-08-05T22:15:00+00:00,770.75,770.76,770.75,770.75,77,after-market,False
2026-08-05T22:16:00+00:00,770.8,770.83,770.8,770.83,780,after-market,False
2026-08-05T22:17:00+00:00,770.83,770.83,770.83,770.83,0,after-market,False
2026-08-05T22:18:00+00:00,770.89,771.09,770.89,771.09,8987,after-market,False
2026-08-05T22:19:00+00:00,771.1,771.1,771.1,771.1,2956,after-market,False
2026-08-05T22:20:00+00:00,771.12,771.12,771.12,771.12,79,after-market,False
2026-08-05T22:21:00+00:00,771.2,771.25,771.2,771.25,860,after-market,False
2026-08-05T22:22:00+00:00,771.35,771.38,771.35,771.38,1198,after-market,False
2026-08-05T22:23:00+00:00,771.44,771.6,771.44,771.59,526,after-market,False
2026-08-05T22:24:00+00:00,771.6,771.64,771.6,771.64,565,after-market,False
2026-08-05T22:25:00+00:00,771.56,771.63,771.53,771.59,1183,after-market,False
2026-08-05T22:26:00+00:00,771.57,771.63,771.57,771.63,1049,after-market,False
2026-08-05T22:27:00+00:00,771.63,771.63,771.58,771.58,177,after-market,False
2026-08-05T22:28:00+00:00,771.58,771.61,771.58,771.61,7763,after-market,False
2026-08-05T22:29:00+00:00,771.63,771.63,771.59,771.59,737,after-market,False
2026-08-05T22:30:00+00:00,771.59,771.59,771.59,771.59,0,after-market,False
2026-08-05T22:31:00+00:00,771.63,771.63,771.62,771.63,100,after-market,False
2026-08-05T22:32:00+00:00,771.63,771.84,771.63,771.82,2026,after-market,False
2026-08-05T22:33:00+00:00,771.79,771.96,771.79,771.96,631,after-market,False
2026-08-05T22:34:00+00:00,771.95,771.97,771.91,771.95,711,after-market,False
2026-08-05T22:35:00+00:00,771.94,771.94,771.92,771.92,260,after-market,False
2026-08-05T22:36:00+00:00,771.96,771.96,771.93,771.93,894,after-market,False
2026-08-05T22:37:00+00:00,771.94,771.94,771.89,771.89,340,after-market,False
2026-08-05T22:38:00+00:00,771.87,771.9,771.87,771.9,637,after-market,False
2026-08-05T22:39:00+00:00,771.9,771.9,771.9,771.9,0,after-market,False
2026-08-05T22:40:00+00:00,771.87,771.88,771.87,771.88,121,after-market,False
2026-08-05T22:41:00+00:00,771.86,771.86,771.85,771.86,314,after-market,False
2026-08-05T22:42:00+00:00,771.81,771.87,771.81,771.86,190,after-market,False
2026-08-05T22:43:00+00:00,771.83,771.83,771.82,771.82,106,after-market,False
2026-08-05T22:44:00+00:00,771.76,771.77,771.76,771.76,2399,after-market,False
2026-08-05T22:45:00+00:00,771.78,771.86,771.78,771.86,618,after-market,False
2026-08-05T22:46:00+00:00,771.86,771.86,771.86,771.86,0,after-market,False
2026-08-05T22:47:00+00:00,771.93,771.97,771.93,771.97,477,after-market,False
2026-08-05T22:48:00+00:00,771.79,771.79,771.79,771.79,82,after-market,False
2026-08-05T22:49:00+00:00,771.77,771.77,771.71,771.73,509,after-market,False
2026-08-05T22:50:00+00:00,771.71,771.71,771.67,771.68,989,after-market,False
2026-08-05T22:51:00+00:00,771.65,771.65,771.61,771.61,180,after-market,False
2026-08-05T22:52:00+00:00,771.6,771.6,771.53,771.53,883,after-market,False
2026-08-05T22:53:00+00:00,771.53,771.55,771.48,771.48,325,after-market,False
2026-08-05T22:54:00+00:00,771.46,771.48,771.46,771.48,188,after-market,False
2026-08-05T22:55:00+00:00,771.49,771.49,771.45,771.45,91,after-market,False
2026-08-05T22:56:00+00:00,771.4,771.44,771.4,771.44,1388,after-market,False
2026-08-05T22:57:00+00:00,771.44,771.44,771.44,771.44,0,after-market,False
2026-08-05T22:58:00+00:00,771.4,771.4,771.35,771.35,585,after-market,False
2026-08-05T22:59:00+00:00,771.35,771.35,771.35,771.35,0,after-market,False
2026-08-05T23:00:00+00:00,771.35,771.35,771.35,771.35,0,after-market,False
2026-08-05T23:01:00+00:00,771.35,771.35,771.35,771.35,0,after-market,False
2026-08-05T23:02:00+00:00,771.33,771.33,771.33,771.33,252,after-market,False
2026-08-05T23:03:00+00:00,771.38,771.43,771.38,771.43,491,after-market,False
2026-08-05T23:04:00+00:00,771.33,771.37,771.33,771.36,429,after-market,False
2026-08-05T23:05:00+00:00,771.32,771.32,771.3,771.3,100,after-market,False
2026-08-05T23:06:00+00:00,771.4,771.4,771.4,771.4,100,after-market,False
2026-08-05T23:07:00+00:00,771.4,771.4,771.4,771.4,0,after-market,False
2026-08-05T23:08:00+00:00,771.4,771.4,771.4,771.4,0,after-market,False
2026-08-05T23:09:00+00:00,771.4,771.4,771.4,771.4,59,after-market,False
2026-08-05T23:10:00+00:00,771.44,771.44,771.44,771.44,112,after-market,False
2026-08-05T23:11:00+00:00,771.44,771.44,771.44,771.44,55,after-market,False
2026-08-05T23:12:00+00:00,771.44,771.44,771.44,771.44,236,after-market,False
2026-08-05T23:13:00+00:00,771.49,771.49,771.49,771.49,40,after-market,False
2026-08-05T23:14:00+00:00,771.49,771.49,771.49,771.49,0,after-market,False
2026-08-05T23:15:00+00:00,771.5,771.5,771.49,771.5,400,after-market,False
2026-08-05T23:16:00+00:00,771.5,771.5,771.5,771.5,0,after-market,False
2026-08-05T23:17:00+00:00,771.48,771.48,771.47,771.47,280,after-market,False
2026-08-05T23:18:00+00:00,771.49,771.49,771.46,771.47,427,after-market,False
2026-08-05T23:19:00+00:00,771.46,771.46,771.42,771.42,140,after-market,False
2026-08-05T23:20:00+00:00,771.44,771.45,771.44,771.44,40,after-market,False
2026-08-05T23:21:00+00:00,771.44,771.44,771.44,771.44,0,after-market,False
2026-08-05T23:22:00+00:00,771.44,771.44,771.44,771.44,0,after-market,False
2026-08-05T23:23:00+00:00,771.53,771.53,771.53,771.53,191,after-market,False
2026-08-05T23:24:00+00:00,771.55,771.57,771.55,771.57,477,after-market,False
2026-08-05T23:25:00+00:00,771.56,771.59,771.54,771.54,1291,after-market,False
2026-08-05T23:26:00+00:00,771.54,771.69,771.54,771.64,507,after-market,False
2026-08-05T23:27:00+00:00,771.61,771.71,771.61,771.71,265,after-market,False
2026-08-05T23:28:00+00:00,771.68,771.69,771.68,771.68,100,after-market,False
2026-08-05T23:29:00+00:00,771.52,771.52,771.48,771.48,258,after-market,False
2026-08-05T23:30:00+00:00,771.46,771.46,771.46,771.46,80,after-market,False
2026-08-05T23:31:00+00:00,771.52,771.52,771.52,771.52,80,after-market,False
2026-08-05T23:32:00+00:00,771.46,771.46,771.4,771.4,1172,after-market,False
2026-08-05T23:33:00+00:00,771.26,771.26,771.26,771.26,41,after-market,False
2026-08-05T23:34:00+00:00,771.26,771.29,771.21,771.29,1312,after-market,False
2026-08-05T23:35:00+00:00,771.2,771.35,771.2,771.35,212,after-market,False
2026-08-05T23:36:00+00:00,771.35,771.35,771.35,771.35,0,after-market,False
2026-08-05T23:37:00+00:00,771.33,771.33,771.1,771.13,1111,after-market,False
2026-08-05T23:38:00+00:00,771.25,771.25,771.15,771.21,958,after-market,False
2026-08-05T23:39:00+00:00,771.31,771.31,771.31,771.31,137,after-market,False
2026-08-05T23:40:00+00:00,771.31,771.31,771.31,771.31,0,after-market,False
2026-08-05T23:41:00+00:00,771.35,771.36,771.33,771.34,402,after-market,False
2026-08-05T23:42:00+00:00,771.34,771.35,771.3,771.3,240,after-market,False
2026-08-05T23:43:00+00:00,771.3,771.3,771.3,771.3,0,after-market,False
2026-08-05T23:44:00+00:00,771.3,771.31,771.3,771.31,80,after-market,False
2026-08-05T23:45:00+00:00,771.25,771.25,771.2,771.2,102,after-market,False
2026-08-05T23:46:00+00:00,771.13,771.13,771.0,771.0,800,after-market,False
2026-08-05T23:47:00+00:00,771.02,771.1,771.02,771.03,535,after-market,False
2026-08-05T23:48:00+00:00,771.08,771.08,771.01,771.01,751,after-market,False
2026-08-05T23:49:00+00:00,771.01,771.01,771.01,771.01,0,after-market,False
2026-08-05T23:50:00+00:00,771.01,771.01,771.01,771.01,0,after-market,False
2026-08-05T23:51:00+00:00,771.08,771.09,771.06,771.07,783,after-market,False
2026-08-05T23:52:00+00:00,771.07,771.07,771.07,771.07,0,after-market,False
2026-08-05T23:53:00+00:00,771.1,771.11,771.1,771.11,300,after-market,False
2026-08-05T23:54:00+00:00,771.12,771.12,771.11,771.11,400,after-market,False
2026-08-05T23:55:00+00:00,771.12,771.12,771.12,771.12,100,after-market,False
2026-08-05T23:56:00+00:00,771.02,771.07,771.02,771.07,1100,after-market,False
2026-08-05T23:57:00+00:00,771.11,771.11,771.11,771.11,50,after-market,False
2026-08-05T23:58:00+00:00,771.01,771.01,771.01,771.01,100,after-market,False
2026-08-05T23:59:00+00:00,771.0,771.12,771.0,771.12,540,after-market,False
