timestamp,open,high,low,close,volume,session,incomplete
2026-07-28T08:00:00+00:00,737.79,739.09,736.2595,737.34,0,pre-market,False
2026-07-28T08:01:00+00:00,737.36,738.28,736.15,736.9,0,pre-market,False
2026-07-28T08:02:00+00:00,736.76,738.08,736.35,737.85,0,pre-market,False
2026-07-28T08:03:00+00:00,737.74,737.93,737.69,737.73,0,pre-market,False
2026-07-28T08:04:00+00:00,737.75,737.78,737.65,737.69,0,pre-market,False
2026-07-28T08:05:00+00:00,737.68,737.82,737.68,737.72,0,pre-market,False
2026-07-28T08:06:00+00:00,737.72,737.98,737.23,737.98,0,pre-market,False
2026-07-28T08:07:00+00:00,737.7,737.7,737.44,737.5,0,pre-market,False
2026-07-28T08:08:00+00:00,737.49,737.57,737.4,737.4,0,pre-market,False
2026-07-28T08:09:00+00:00,737.25,737.31,737.2,737.22,0,pre-market,False
2026-07-28T08:10:00+00:00,737.2,737.23,736.95,736.95,0,pre-market,False
2026-07-28T08:11:00+00:00,736.94,736.97,736.86,736.9,0,pre-market,False
2026-07-28T08:12:00+00:00,736.93,737.04,736.9,736.9,0,pre-market,False
2026-07-28T08:13:00+00:00,736.9,736.95,736.88,736.9,0,pre-market,False
2026-07-28T08:14:00+00:00,736.9,736.97,736.83,736.86,0,pre-market,False
2026-07-28T08:15:00+00:00,736.91,737.5,736.84,737.5,0,pre-market,False
2026-07-28T08:16:00+00:00,737.62,737.63,737.39,737.52,0,pre-market,False
2026-07-28T08:17:00+00:00,737.53,737.61,737.49,737.5182,0,pre-market,False
2026-07-28T08:18:00+00:00,737.5,737.73,737.5,737.73,0,pre-market,False
2026-07-28T08:19:00+00:00,737.64,738.0,737.64,737.9,0,pre-market,False
2026-07-28T08:20:00+00:00,738.02,738.06,737.93,737.93,0,pre-market,False
2026-07-28T08:21:00+00:00,738.06,738.27,738.06,738.14,0,pre-market,False
2026-07-28T08:22:00+00:00,738.12,738.16,738.0,738.16,0,pre-market,False
2026-07-28T08:23:00+00:00,737.9787,738.2912,737.95,738.2912,0,pre-market,False
2026-07-28T08:24:00+00:00,738.33,738.74,738.33,738.7,0,pre-market,False
2026-07-28T08:25:00+00:00,738.58,738.58,738.4,738.41,0,pre-market,False
2026-07-28T08:26:00+00:00,738.3287,738.3817,738.32,738.3817,0,pre-market,False
2026-07-28T08:27:00+00:00,738.4552,738.47,738.4552,738.46,0,pre-market,False
2026-07-28T08:28:00+00:00,738.46,738.46,738.33,738.37,0,pre-market,False
2026-07-28T08:29:00+00:00,738.4612,738.52,738.449,738.52,0,pre-market,False
2026-07-28T08:30:00+00:00,738.49,738.5,738.17,738.17,0,pre-market,False
2026-07-28T08:31:00+00:00,738.3288,738.36,738.289,738.289,0,pre-market,False
2026-07-28T08:32:00+00:00,738.29,738.29,738.21,738.21,0,pre-market,False
2026-07-28T08:33:00+00:00,738.23,738.39,738.23,738.3888,0,pre-market,False
2026-07-28T08:34:00+00:00,738.28,738.55,738.2704,738.55,0,pre-market,False
2026-07-28T08:35:00+00:00,738.53,738.5696,738.455,738.53,0,pre-market,False
2026-07-28T08:36:00+00:00,738.48,738.52,738.3537,738.44,0,pre-market,False
2026-07-28T08:37:00+00:00,738.4491,738.47,738.33,738.47,0,pre-market,False
2026-07-28T08:38:00+00:00,738.5612,738.7305,738.56,738.68,0,pre-market,False
2026-07-28T08:39:00+00:00,738.57,738.6,738.57,738.6,0,pre-market,False
2026-07-28T08:40:00+00:00,738.59,738.77,738.58,738.75,0,pre-market,False
2026-07-28T08:41:00+00:00,738.84,738.9,738.8,738.9,0,pre-market,False
2026-07-28T08:42:00+00:00,738.87,738.87,738.75,738.76,0,pre-market,False
2026-07-28T08:43:00+00:00,738.82,738.9,738.81,738.89,0,pre-market,False
2026-07-28T08:44:00+00:00,738.9,738.91,738.76,738.76,0,pre-market,False
2026-07-28T08:45:00+00:00,738.78,738.799,738.681,738.72,0,pre-market,False
2026-07-28T08:46:00+00:00,738.6731,738.77,738.6427,738.77,0,pre-market,False
2026-07-28T08:47:00+00:00,738.71,739.11,738.71,738.9036,0,pre-market,False
2026-07-28T08:48:00+00:00,738.9,738.9488,738.8332,738.8332,0,pre-market,False
2026-07-28T08:49:00+00:00,738.92,738.92,738.85,738.9,0,pre-market,False
2026-07-28T08:50:00+00:00,738.8512,739.17,738.85,739.17,0,pre-market,False
2026-07-28T08:51:00+00:00,739.0,739.0,738.7819,738.7819,0,pre-market,False
2026-07-28T08:52:00+00:00,738.8,738.846,738.7344,738.74,0,pre-market,False
2026-07-28T08:53:00+00:00,738.73,738.73,738.63,738.63,0,pre-market,False
2026-07-28T08:54:00+00:00,738.605,738.6362,738.53,738.53,0,pre-market,False
2026-07-28T08:55:00+00:00,738.55,738.55,738.35,738.35,0,pre-market,False
2026-07-28T08:56:00+00:00,738.4,738.48,738.4,738.48,0,pre-market,False
2026-07-28T08:57:00+00:00,738.47,738.484,738.3341,738.3341,0,pre-market,False
2026-07-28T08:58:00+00:00,738.43,738.43,738.43,738.43,0,pre-market,False
2026-07-28T08:59:00+00:00,738.45,738.52,738.4,738.45,0,pre-market,False
2026-07-28T09:00:00+00:00,738.45,738.5285,738.39,738.5,0,pre-market,False
2026-07-28T09:01:00+00:00,738.44,738.62,738.44,738.62,0,pre-market,False
2026-07-28T09:02:00+00:00,738.52,738.5515,738.5034,738.5515,0,pre-market,False
2026-07-28T09:03:00+00:00,738.65,738.66,738.4,738.4,0,pre-market,False
2026-07-28T09:04:00+00:00,738.43,738.46,738.3235,738.46,0,pre-market,False
2026-07-28T09:05:00+00:00,738.43,738.59,738.43,738.521,0,pre-market,False
2026-07-28T09:06:00+00:00,738.56,738.69,738.51,738.59,0,pre-market,False
2026-07-28T09:07:00+00:00,738.52,738.5245,738.5087,738.5245,0,pre-market,False
2026-07-28T09:08:00+00:00,738.65,738.6782,738.6382,738.64,0,pre-market,False
2026-07-28T09:09:00+00:00,738.57,738.57,738.53,738.53,0,pre-market,False
2026-07-28T09:10:00+00:00,738.59,738.79,738.589,738.63,0,pre-market,False
2026-07-28T09:11:00+00:00,738.69,738.69,738.655,738.6741,0,pre-market,False
2026-07-28T09:12:00+00:00,738.7248,738.81,738.6,738.65,0,pre-market,False
2026-07-28T09:13:00+00:00,738.6,738.6,738.48,738.48,0,pre-market,False
2026-07-28T09:14:00+00:00,738.38,738.447,738.37,738.447,0,pre-market,False
2026-07-28T09:15:00+00:00,738.447,738.55,738.447,738.55,0,pre-market,False
2026-07-28T09:16:00+00:00,738.51,738.69,738.5,738.69,0,pre-market,False
2026-07-28T09:17:00+00:00,738.57,738.6707,738.57,738.57,0,pre-market,False
2026-07-28T09:18:00+00:00,738.4755,738.5305,738.42,738.5305,0,pre-market,False
2026-07-28T09:19:00+00:00,738.55,738.56,738.54,738.56,0,pre-market,False
2026-07-28T09:20:00+00:00,738.621,738.69,738.621,738.6284,0,pre-market,False
2026-07-28T09:21:00+00:00,738.66,738.66,738.63,738.65,0,pre-market,False
2026-07-28T09:22:00+00:00,738.74,738.74,738.74,738.74,0,pre-market,False
2026-07-28T09:23:00+00:00,738.65,738.69,738.65,738.69,0,pre-market,False
2026-07-28T09:24:00+00:00,738.68,738.7187,738.68,738.68,0,pre-market,False
2026-07-28T09:25:00+00:00,738.67,738.71,738.625,738.66,0,pre-market,False
2026-07-28T09:26:00+00:00,738.64,738.75,738.64,738.7,0,pre-market,False
2026-07-28T09:27:00+00:00,738.69,738.7243,738.69,738.7243,0,pre-market,False
2026-07-28T09:28:00+00:00,738.7488,738.79,738.7488,738.79,0,pre-market,False
2026-07-28T09:29:00+00:00,738.79,738.85,738.79,738.85,0,pre-market,False
2026-07-28T09:30:00+00:00,738.85,738.85,738.6,738.6,0,pre-market,False
2026-07-28T09:31:00+00:00,738.68,738.68,738.68,738.68,0,pre-market,False
2026-07-28T09:32:00+00:00,738.66,738.66,738.62,738.64,0,pre-market,False
2026-07-28T09:33:00+00:00,738.601,738.601,738.56,738.6,0,pre-market,False
2026-07-28T09:35:00+00:00,738.59,738.61,738.51,738.51,0,pre-market,False
2026-07-28T09:36:00+00:00,738.52,738.52,738.49,738.49,0,pre-market,False
2026-07-28T09:37:00+00:00,738.49,738.49,738.47,738.47,0,pre-market,False
2026-07-28T09:38:00+00:00,738.49,738.5788,738.49,738.53,0,pre-market,False
2026-07-28T09:39:00+00:00,738.59,738.6,738.55,738.58,0,pre-market,False
2026-07-28T09:40:00+00:00,738.62,738.62,738.5,738.55,0,pre-market,False
2026-07-28T09:41:00+00:00,738.63,738.63,738.62,738.62,0,pre-market,False
2026-07-28T09:42:00+00:00,738.59,738.77,738.59,738.77,0,pre-market,False
2026-07-28T09:43:00+00:00,738.67,738.7,738.67,738.7,0,pre-market,False
2026-07-28T09:44:00+00:00,738.6566,738.6585,738.47,738.54,0,pre-market,False
2026-07-28T09:45:00+00:00,738.51,738.59,738.51,738.59,0,pre-market,False
2026-07-28T09:46:00+00:00,738.56,738.59,738.55,738.55,0,pre-market,False
2026-07-28T09:47:00+00:00,738.52,738.56,738.5043,738.5043,0,pre-market,False
2026-07-28T09:48:00+00:00,738.53,738.56,738.46,738.48,0,pre-market,False
2026-07-28T09:49:00+00:00,738.56,738.59,738.52,738.59,0,pre-market,False
2026-07-28T09:50:00+00:00,738.66,738.72,738.66,738.6891,0,pre-market,False
2026-07-28T09:51:00+00:00,738.603,738.603,738.6,738.6,0,pre-market,False
2026-07-28T09:52:00+00:00,738.58,738.59,738.5,738.5,0,pre-market,False
2026-07-28T09:53:00+00:00,738.59,738.6012,738.52,738.52,0,pre-market,False
2026-07-28T09:54:00+00:00,738.48,738.48,738.44,738.45,0,pre-market,False
2026-07-28T09:55:00+00:00,738.46,738.5,738.45,738.45,0,pre-market,False
2026-07-28T09:56:00+00:00,738.451,738.451,738.36,738.4,0,pre-market,False
2026-07-28T09:57:00+00:00,738.4,738.4,738.16,738.22,0,pre-market,False
2026-07-28T09:58:00+00:00,738.15,738.22,738.1,738.22,0,pre-market,False
2026-07-28T09:59:00+00:00,738.191,738.26,738.191,738.26,0,pre-market,False
2026-07-28T10:00:00+00:00,738.2,738.3,738.15,738.27,0,pre-market,False
2026-07-28T10:01:00+00:00,738.3,738.3577,738.25,738.3,0,pre-market,False
2026-07-28T10:02:00+00:00,738.36,738.37,738.35,738.37,0,pre-market,False
2026-07-28T10:03:00+00:00,738.3,738.3,738.2587,738.2587,0,pre-market,False
2026-07-28T10:04:00+00:00,738.3687,738.4,738.3157,738.3157,0,pre-market,False
2026-07-28T10:05:00+00:00,738.35,738.35,738.349,738.349,0,pre-market,False
2026-07-28T10:06:00+00:00,738.22,738.32,738.22,738.32,0,pre-market,False
2026-07-28T10:07:00+00:00,738.201,738.31,738.201,738.31,0,pre-market,False
2026-07-28T10:08:00+00:00,738.2322,738.2322,738.1,738.1,0,pre-market,False
2026-07-28T10:09:00+00:00,738.1,738.28,738.1,738.28,0,pre-market,False
2026-07-28T10:10:00+00:00,738.2653,738.2653,738.1961,738.24,0,pre-market,False
2026-07-28T10:11:00+00:00,738.09,738.2027,738.06,738.2027,0,pre-market,False
2026-07-28T10:12:00+00:00,738.28,738.32,738.28,738.32,0,pre-market,False
2026-07-28T10:13:00+00:00,738.29,738.35,738.26,738.26,0,pre-market,False
2026-07-28T10:14:00+00:00,738.22,738.26,738.2,738.2,0,pre-market,False
2026-07-28T10:15:00+00:00,738.2,738.2,738.179,738.179,0,pre-market,False
2026-07-28T10:16:00+00:00,738.15,738.44,738.15,738.44,0,pre-market,False
2026-07-28T10:17:00+00:00,738.35,738.45,738.32,738.45,0,pre-market,False
2026-07-28T10:18:00+00:00,738.4,738.44,738.4,738.44,0,pre-market,False
2026-07-28T10:19:00+00:00,738.45,738.5,738.45,738.5,0,pre-market,False
2026-07-28T10:20:00+00:00,738.3982,738.41,738.3982,738.41,0,pre-market,False
2026-07-28T10:21:00+00:00,738.25,738.25,738.05,738.16,0,pre-market,False
2026-07-28T10:22:00+00:00,738.179,738.179,738.13,738.165,0,pre-market,False
2026-07-28T10:23:00+00:00,738.1273,738.1273,738.08,738.08,0,pre-market,False
2026-07-28T10:24:00+00:00,738.12,738.21,738.1,738.21,0,pre-market,False
2026-07-28T10:25:00+00:00,738.1552,738.18,738.1,738.109,0,pre-market,False
2026-07-28T10:26:00+00:00,738.08,738.08,737.965,737.965,0,pre-market,False
2026-07-28T10:27:00+00:00,738.09,738.09,738.09,738.09,0,pre-market,False
2026-07-28T10:28:00+00:00,738.25,738.38,738.25,738.36,0,pre-market,False
2026-07-28T10:29:00+00:00,738.4241,738.51,738.39,738.5,0,pre-market,False
2026-07-28T10:30:00+00:00,738.51,738.65,738.47,738.6,0,pre-market,False
2026-07-28T10:31:00+00:00,738.63,738.7,738.6,738.6,0,pre-market,False
2026-07-28T10:32:00+00:00,738.62,738.62,738.599,738.599,0,pre-market,False
2026-07-28T10:33:00+00:00,738.47,738.47,738.45,738.45,0,pre-market,False
2026-07-28T10:34:00+00:00,738.4985,738.4985,738.17,738.31,0,pre-market,False
2026-07-28T10:35:00+00:00,738.3062,738.3062,737.84,738.12,0,pre-market,False
2026-07-28T10:36:00+00:00,738.0,738.01,737.92,738.0,0,pre-market,False
2026-07-28T10:37:00+00:00,738.22,738.29,738.18,738.19,0,pre-market,False
2026-07-28T10:38:00+00:00,738.1646,738.195,738.07,738.07,0,pre-market,False
2026-07-28T10:39:00+00:00,738.149,738.149,737.92,737.92,0,pre-market,False
2026-07-28T10:40:00+00:00,737.9,737.9,737.69,737.74,0,pre-market,False
2026-07-28T10:41:00+00:00,737.74,737.84,737.7,737.76,0,pre-market,False
2026-07-28T10:42:00+00:00,737.75,737.91,737.75,737.83,0,pre-market,False
2026-07-28T10:43:00+00:00,737.8025,737.82,737.79,737.79,0,pre-market,False
2026-07-28T10:44:00+00:00,737.83,737.99,737.83,737.96,0,pre-market,False
2026-07-28T10:45:00+00:00,737.94,738.01,737.93,737.95,0,pre-market,False
2026-07-28T10:46:00+00:00,738.0068,738.0815,738.0068,738.0815,0,pre-market,False
2026-07-28T10:47:00+00:00,738.13,738.23,738.13,738.23,0,pre-market,False
2026-07-28T10:48:00+00:00,738.18,738.36,738.18,738.36,0,pre-market,False
2026-07-28T10:49:00+00:00,738.36,738.36,738.2,738.2,0,pre-market,False
2026-07-28T10:50:00+00:00,738.17,738.18,738.15,738.15,0,pre-market,False
2026-07-28T10:51:00+00:00,738.16,738.2596,738.16,738.2596,0,pre-market,False
2026-07-28T10:52:00+00:00,738.2085,738.2085,738.1,738.13,0,pre-market,False
2026-07-28T10:53:00+00:00,738.1217,738.32,738.1217,738.32,0,pre-market,False
2026-07-28T10:54:00+00:00,738.32,738.37,738.32,738.33,0,pre-market,False
2026-07-28T10:55:00+00:00,738.44,738.47,738.3415,738.4047,0,pre-market,False
2026-07-28T10:56:00+00:00,738.3812,738.39,738.38,738.39,0,pre-market,False
2026-07-28T10:57:00+00:00,738.39,738.4,738.35,738.3787,0,pre-market,False
2026-07-28T10:58:00+00:00,738.4,738.4,738.4,738.4,0,pre-market,False
2026-07-28T10:59:00+00:00,738.31,738.52,738.25,738.4823,0,pre-market,False
2026-07-28T11:00:00+00:00,738.471,738.91,738.3,738.6511,0,pre-market,False
2026-07-28T11:01:00+00:00,738.7166,738.7166,738.4286,738.4286,0,pre-market,False
2026-07-28T11:02:00+00:00,738.4,739.09,738.31,738.3611,0,pre-market,False
2026-07-28T11:03:00+00:00,738.34,739.09,738.2,738.2,0,pre-market,False
2026-07-28T11:04:00+00:00,738.16,739.09,738.13,738.19,0,pre-market,False
2026-07-28T11:05:00+00:00,738.21,738.3366,738.01,738.3366,0,pre-market,False
2026-07-28T11:06:00+00:00,738.34,738.391,738.25,738.391,0,pre-market,False
2026-07-28T11:07:00+00:00,738.3054,738.3054,738.0,738.06,0,pre-market,False
2026-07-28T11:08:00+00:00,738.0423,738.2,738.03,738.1879,0,pre-market,False
2026-07-28T11:09:00+00:00,738.12,738.1559,738.05,738.05,0,pre-market,False
2026-07-28T11:10:00+00:00,738.02,738.0885,737.95,738.0,0,pre-market,False
2026-07-28T11:11:00+00:00,737.96,737.96,737.77,737.8,0,pre-market,False
2026-07-28T11:12:00+00:00,737.79,737.94,737.76,737.79,0,pre-market,False
2026-07-28T11:13:00+00:00,737.75,737.75,737.62,737.7286,0,pre-market,False
2026-07-28T11:14:00+00:00,737.6173,737.76,737.56,737.6415,0,pre-market,False
2026-07-28T11:15:00+00:00,737.63,738.74,737.63,738.5447,0,pre-market,False
2026-07-28T11:16:00+00:00,738.46,738.4826,738.34,738.39,0,pre-market,False
2026-07-28T11:17:00+00:00,738.37,738.52,738.3339,738.4797,0,pre-market,False
2026-07-28T11:18:00+00:00,738.48,739.16,738.44,738.92,0,pre-market,False
2026-07-28T11:19:00+00:00,738.93,739.04,738.8673,738.99,0,pre-market,False
2026-07-28T11:20:00+00:00,738.9622,739.08,738.7332,738.7661,0,pre-market,False
2026-07-28T11:21:00+00:00,738.75,738.83,738.71,738.71,0,pre-market,False
2026-07-28T11:22:00+00:00,738.6873,738.78,738.5737,738.78,0,pre-market,False
2026-07-28T11:23:00+00:00,738.83,738.87,738.7504,738.7893,0,pre-market,False
2026-07-28T11:24:00+00:00,738.8085,738.9,738.5999,738.5999,0,pre-market,False
2026-07-28T11:25:00+00:00,738.57,738.57,738.39,738.44,0,pre-market,False
2026-07-28T11:26:00+00:00,738.4,738.4196,738.25,738.25,0,pre-market,False
2026-07-28T11:27:00+00:00,738.25,738.3,738.11,738.19,0,pre-market,False
2026-07-28T11:28:00+00:00,738.17,738.2688,738.06,738.17,0,pre-market,False
2026-07-28T11:29:00+00:00,738.2393,738.34,738.11,738.1389,0,pre-market,False
2026-07-28T11:30:00+00:00,738.1,738.16,737.9,737.9825,0,pre-market,False
2026-07-28T11:31:00+00:00,737.9943,738.11,737.98,738.0507,0,pre-market,False
2026-07-28T11:32:00+00:00,738.12,738.2,738.0539,738.1466,0,pre-market,False
2026-07-28T11:33:00+00:00,738.1341,738.25,738.0787,738.25,0,pre-market,False
2026-07-28T11:34:00+00:00,738.23,738.2777,738.12,738.12,0,pre-market,False
2026-07-28T11:35:00+00:00,738.08,738.2548,738.08,738.2548,0,pre-market,False
2026-07-28T11:36:00+00:00,738.21,739.23,738.1897,738.8392,0,pre-market,False
2026-07-28T11:37:00+00:00,738.8,738.8,738.63,738.63,0,pre-market,False
2026-07-28T11:38:00+00:00,738.6947,738.7756,738.48,738.48,0,pre-market,False
2026-07-28T11:39:00+00:00,738.3984,738.3984,738.07,738.07,0,pre-market,False
2026-07-28T11:40:00+00:00,738.07,738.07,737.6995,737.6995,0,pre-market,False
2026-07-28T11:41:00+00:00,737.7794,737.7992,737.6696,737.72,0,pre-market,False
2026-07-28T11:42:00+00:00,737.71,737.7489,737.6241,737.6776,0,pre-market,False
2026-07-28T11:43:00+00:00,737.71,737.98,737.71,737.95,0,pre-market,False
2026-07-28T11:44:00+00:00,737.95,738.16,737.89,737.96,0,pre-market,False
2026-07-28T11:45:00+00:00,738.01,738.3,738.01,738.3,0,pre-market,False
2026-07-28T11:46:00+00:00,738.312,738.4954,738.3,738.47,0,pre-market,False
2026-07-28T11:47:00+00:00,738.47,738.7543,738.43,738.7543,0,pre-market,False
2026-07-28T11:48:00+00:00,738.75,738.9,738.7,738.88,0,pre-market,False
2026-07-28T11:49:00+00:00,738.84,738.91,738.6104,738.6485,0,pre-market,False
2026-07-28T11:50:00+00:00,738.6247,738.67,738.5,738.5036,0,pre-market,False
2026-07-28T11:51:00+00:00,738.59,738.81,738.59,738.8,0,pre-market,False
2026-07-28T11:52:00+00:00,738.82,738.8658,738.7029,738.7389,0,pre-market,False
2026-07-28T11:53:00+00:00,738.73,738.81,738.6313,738.7619,0,pre-market,False
2026-07-28T11:54:00+00:00,738.79,738.8,738.7,738.75,0,pre-market,False
2026-07-28T11:55:00+00:00,738.77,738.88,738.7532,738.8399,0,pre-market,False
2026-07-28T11:56:00+00:00,738.84,739.06,738.8,739.05,0,pre-market,False
2026-07-28T11:57:00+00:00,739.0533,739.1,739.02,739.02,0,pre-market,False
2026-07-28T11:58:00+00:00,739.001,739.37,739.001,739.345,0,pre-market,False
2026-07-28T11:59:00+00:00,739.37,739.49,739.34,739.4053,0,pre-market,False
2026-07-28T12:00:00+00:00,739.39,739.5,739.3409,739.45,0,pre-market,False
2026-07-28T12:01:00+00:00,739.4,739.4,739.22,739.23,0,pre-market,False
2026-07-28T12:02:00+00:00,739.2278,739.27,739.1605,739.27,0,pre-market,False
2026-07-28T12:03:00+00:00,739.3,739.355,739.25,739.35,0,pre-market,False
2026-07-28T12:04:00+00:00,739.37,739.64,739.33,739.55,0,pre-market,False
2026-07-28T12:05:00+00:00,739.5,739.65,739.5,739.65,0,pre-market,False
2026-07-28T12:06:00+00:00,739.59,739.75,739.4695,739.5038,0,pre-market,False
2026-07-28T12:07:00+00:00,739.4714,739.5859,739.4668,739.4954,0,pre-market,False
2026-07-28T12:08:00+00:00,739.4394,739.5311,739.39,739.4108,0,pre-market,False
2026-07-28T12:09:00+00:00,739.4415,739.61,739.41,739.549,0,pre-market,False
2026-07-28T12:10:00+00:00,739.53,739.56,739.22,739.2801,0,pre-market,False
2026-07-28T12:11:00+00:00,739.3282,739.3293,739.23,739.2896,0,pre-market,False
2026-07-28T12:12:00+00:00,739.28,739.35,739.22,739.29,0,pre-market,False
2026-07-28T12:13:00+00:00,739.29,739.34,739.15,739.3005,0,pre-market,False
2026-07-28T12:14:00+00:00,739.32,739.3779,739.3,739.36,0,pre-market,False
2026-07-28T12:15:00+00:00,739.37,739.3929,739.2,739.2097,0,pre-market,False
2026-07-28T12:16:00+00:00,739.25,739.3584,739.1312,739.32,0,pre-market,False
2026-07-28T12:17:00+00:00,739.3,739.31,739.19,739.19,0,pre-market,False
2026-07-28T12:18:00+00:00,739.21,739.3027,739.21,739.28,0,pre-market,False
2026-07-28T12:19:00+00:00,739.2734,739.35,739.21,739.34937,0,pre-market,False
2026-07-28T12:20:00+00:00,739.3703,739.39,739.2477,739.3,0,pre-market,False
2026-07-28T12:21:00+00:00,739.3,739.51,739.3,739.51,0,pre-market,False
2026-07-28T12:22:00+00:00,739.5046,739.519,737.51,739.41,0,pre-market,False
2026-07-28T12:23:00+00:00,739.4,739.6,739.4,739.47,0,pre-market,False
2026-07-28T12:24:00+00:00,739.43,739.62,739.3,739.6186,0,pre-market,False
2026-07-28T12:25:00+00:00,739.59,739.82,739.56,739.78,0,pre-market,False
2026-07-28T12:26:00+00:00,739.7711,739.86,739.71,739.8496,0,pre-market,False
2026-07-28T12:27:00+00:00,739.8582,740.06,739.83,739.9943,0,pre-market,False
2026-07-28T12:28:00+00:00,739.94,739.9701,739.78,739.8087,0,pre-market,False
2026-07-28T12:29:00+00:00,739.7795,739.97,739.75,739.95,0,pre-market,False
2026-07-28T12:30:00+00:00,739.99,740.23,739.92,740.13,0,pre-market,False
2026-07-28T12:31:00+00:00,740.1577,740.2006,739.85,739.85,0,pre-market,False
2026-07-28T12:32:00+00:00,739.9092,740.1,739.9,740.02,0,pre-market,False
2026-07-28T12:33:00+00:00,740.105,740.1081,739.84,739.84,0,pre-market,False
2026-07-28T12:34:00+00:00,739.89,739.93,739.28,739.7,0,pre-market,False
2026-07-28T12:35:00+00:00,739.7,739.849,739.63,739.7885,0,pre-market,False
2026-07-28T12:36:00+00:00,739.78,740.0093,739.6508,740.0,0,pre-market,False
2026-07-28T12:37:00+00:00,739.98,740.0484,739.71,739.71,0,pre-market,False
2026-07-28T12:38:00+00:00,739.7344,739.97,739.7344,739.82,0,pre-market,False
2026-07-28T12:39:00+00:00,739.8268,739.8268,739.6661,739.67,0,pre-market,False
2026-07-28T12:40:00+00:00,739.7456,739.805,739.65,739.69,0,pre-market,False
2026-07-28T12:41:00+00:00,739.6232,739.6604,739.48,739.53,0,pre-market,False
2026-07-28T12:42:00+00:00,739.53,739.95,739.53,739.9,0,pre-market,False
2026-07-28T12:43:00+00:00,739.96,740.21,739.93,740.0741,0,pre-market,False
2026-07-28T12:44:00+00:00,740.13,740.279,740.08,740.2315,0,pre-market,False
2026-07-28T12:45:00+00:00,740.23,740.31,740.17,740.19,0,pre-market,False
2026-07-28T12:46:00+00:00,740.22,741.0,740.22,740.4,0,pre-market,False
2026-07-28T12:47:00+00:00,740.3338,740.4102,739.09,740.27,0,pre-market,False
2026-07-28T12:48:00+00:00,740.27,740.3,740.17,740.1923,0,pre-market,False
2026-07-28T12:49:00+00:00,740.21,740.41,740.17,740.295,0,pre-market,False
2026-07-28T12:50:00+00:00,740.251,740.251,739.93,739.93,0,pre-market,False
2026-07-28T12:51:00+00:00,739.9,739.98,739.85,739.98,0,pre-market,False
2026-07-28T12:52:00+00:00,739.98,740.02,739.94,739.95,0,pre-market,False
2026-07-28T12:53:00+00:00,739.94,739.96,739.81,739.81,0,pre-market,False
2026-07-28T12:54:00+00:00,739.8,740.2,739.8,740.16,0,pre-market,False
2026-07-28T12:55:00+00:00,740.16,740.2305,740.03,740.04,0,pre-market,False
2026-07-28T12:56:00+00:00,740.05,740.15,740.04,740.06,0,pre-market,False
2026-07-28T12:57:00+00:00,740.09,740.1327,739.99,739.99,0,pre-market,False
2026-07-28T12:58:00+00:00,740.02,740.02,739.85,739.89,0,pre-market,False
2026-07-28T12:59:00+00:00,739.88,739.9426,739.86,739.88,0,pre-market,False
2026-07-28T13:00:00+00:00,739.94,739.97,739.66,739.66,0,pre-market,False
2026-07-28T13:01:00+00:00,739.6693,739.67,739.58,739.64,0,pre-market,False
2026-07-28T13:02:00+00:00,739.62,739.7,739.52,739.6,0,pre-market,False
2026-07-28T13:03:00+00:00,739.62,739.75,739.5981,739.67,0,pre-market,False
2026-07-28T13:04:00+00:00,739.64,739.72,739.62,739.64,0,pre-market,False
2026-07-28T13:05:00+00:00,739.64,739.71,739.62,739.6701,0,pre-market,False
2026-07-28T13:06:00+00:00,739.69,740.039,739.69,740.01,0,pre-market,False
2026-07-28T13:07:00+00:00,739.99,740.0501,739.96,740.03,0,pre-market,False
2026-07-28T13:08:00+00:00,740.03,740.1314,739.97,740.03,0,pre-market,False
2026-07-28T13:09:00+00:00,740.0456,740.1483,740.04,740.07,0,pre-market,False
2026-07-28T13:10:00+00:00,740.09,740.0909,740.0,740.0495,0,pre-market,False
2026-07-28T13:11:00+00:00,740.05,740.05,739.84,739.84,0,pre-market,False
2026-07-28T13:12:00+00:00,739.86,739.95,739.77,739.89,0,pre-market,False
2026-07-28T13:13:00+00:00,739.91,739.97,739.86,739.96,0,pre-market,False
2026-07-28T13:14:00+00:00,739.96,739.96,739.8,739.886,0,pre-market,False
2026-07-28T13:30:00+00:00,739.1900024414062,739.47998046875,738.8300170898438,738.8300170898438,1711317,regular,False
2026-07-28T13:31:00+00:00,738.8300170898438,738.9000244140625,738.2899780273438,738.4000244140625,417509,regular,False
2026-07-28T13:32:00+00:00,738.4000244140625,738.52001953125,738.030029296875,738.219970703125,279035,regular,False
2026-07-28T13:33:00+00:00,738.2199096679688,738.5999755859375,738.0900268554688,738.280029296875,264406,regular,False
2026-07-28T13:34:00+00:00,738.2999877929688,738.5,738.0499877929688,738.155029296875,165710,regular,False
2026-07-28T13:35:00+00:00,738.1599731445312,739.0599975585938,738.1599731445312,738.989990234375,182819,regular,False
2026-07-28T13:36:00+00:00,738.9949951171875,739.0650024414062,738.3499755859375,738.4650268554688,132748,regular,False
2026-07-28T13:37:00+00:00,738.510009765625,738.760009765625,738.0700073242188,738.2100219726562,218843,regular,False
2026-07-28T13:38:00+00:00,738.2000122070312,738.4600219726562,738.010009765625,738.030029296875,157596,regular,False
2026-07-28T13:39:00+00:00,738.02001953125,738.1199951171875,737.760009765625,737.7899780273438,132049,regular,False
2026-07-28T13:40:00+00:00,737.7899780273438,738.3200073242188,737.6901245117188,738.010009765625,212952,regular,False
2026-07-28T13:41:00+00:00,738.0,738.3400268554688,737.7000122070312,737.7849731445312,117374,regular,False
2026-07-28T13:42:00+00:00,737.7899780273438,737.8599853515625,737.1799926757812,737.2650146484375,208153,regular,False
2026-07-28T13:43:00+00:00,737.27001953125,737.3699951171875,736.5599975585938,736.64501953125,254462,regular,False
2026-07-28T13:44:00+00:00,736.6400146484375,737.1400146484375,736.6400146484375,737.0499877929688,248162,regular,False
2026-07-28T13:45:00+00:00,737.0499877929688,737.3300170898438,736.760009765625,736.8201293945312,199961,regular,False
2026-07-28T13:46:00+00:00,736.780029296875,736.8099975585938,736.260009765625,736.4299926757812,161061,regular,False
2026-07-28T13:47:00+00:00,736.4299926757812,736.4600219726562,735.989990234375,736.0198974609375,166216,regular,False
2026-07-28T13:48:00+00:00,736.010009765625,737.2000122070312,735.97998046875,737.1599731445312,189245,regular,False
2026-07-28T13:49:00+00:00,737.1599731445312,737.6099853515625,737.0,737.530029296875,177017,regular,False
2026-07-28T13:50:00+00:00,737.530029296875,738.1749877929688,737.1500244140625,737.1500244140625,198624,regular,False
2026-07-28T13:51:00+00:00,737.1599731445312,737.4000244140625,736.8699951171875,737.1799926757812,170297,regular,False
2026-07-28T13:52:00+00:00,737.1799926757812,737.9000244140625,737.0700073242188,737.5,129349,regular,False
2026-07-28T13:53:00+00:00,737.5,737.530029296875,736.72998046875,737.2899780273438,152154,regular,False
2026-07-28T13:54:00+00:00,737.2999877929688,737.5900268554688,737.0,737.0598754882812,98544,regular,False
2026-07-28T13:55:00+00:00,737.0399780273438,737.25,736.6500244140625,736.72998046875,86003,regular,False
2026-07-28T13:56:00+00:00,736.719970703125,737.0999755859375,736.5650024414062,737.0499877929688,123661,regular,False
2026-07-28T13:57:00+00:00,737.0399780273438,737.1599731445312,736.6400146484375,736.77001953125,84280,regular,False
2026-07-28T13:58:00+00:00,736.719970703125,736.75,736.3699951171875,736.4299926757812,117133,regular,False
2026-07-28T13:59:00+00:00,736.4400024414062,736.739990234375,736.1599731445312,736.5,109857,regular,False
2026-07-28T14:00:00+00:00,736.489990234375,737.52001953125,736.4500122070312,737.4500122070312,129952,regular,False
2026-07-28T14:01:00+00:00,737.4500122070312,737.5700073242188,737.0700073242188,737.1099853515625,69414,regular,False
2026-07-28T14:02:00+00:00,737.1199951171875,737.7100219726562,737.0900268554688,737.4299926757812,67169,regular,False
2026-07-28T14:03:00+00:00,737.4299926757812,737.5999755859375,737.2100219726562,737.3400268554688,70773,regular,False
2026-07-28T14:04:00+00:00,737.3250122070312,737.52001953125,737.0900268554688,737.260009765625,64992,regular,False
2026-07-28T14:05:00+00:00,737.239990234375,737.9600219726562,737.155029296875,737.9600219726562,74605,regular,False
2026-07-28T14:06:00+00:00,737.9249877929688,738.0700073242188,737.5700073242188,738.0700073242188,106761,regular,False
2026-07-28T14:07:00+00:00,738.0700073242188,738.2150268554688,737.4600219726562,737.469970703125,123601,regular,False
2026-07-28T14:08:00+00:00,737.4829711914062,737.5,736.8800048828125,737.3699951171875,108195,regular,False
2026-07-28T14:09:00+00:00,737.4099731445312,737.489990234375,737.0900268554688,737.0900268554688,87116,regular,False
2026-07-28T14:10:00+00:00,737.0399780273438,737.6900024414062,736.989990234375,737.4400024414062,77795,regular,False
2026-07-28T14:11:00+00:00,737.4500122070312,737.6599731445312,737.3071899414062,737.64501953125,81173,regular,False
2026-07-28T14:12:00+00:00,737.6500244140625,737.8099975585938,736.8200073242188,736.8200073242188,79016,regular,False
2026-07-28T14:13:00+00:00,736.8400268554688,737.1063232421875,736.6599731445312,736.6900024414062,56979,regular,False
2026-07-28T14:14:00+00:00,736.6900024414062,736.7000122070312,736.27001953125,736.5900268554688,159594,regular,False
2026-07-28T14:15:00+00:00,736.6099853515625,737.1400146484375,736.6099853515625,737.0599975585938,122391,regular,False
2026-07-28T14:16:00+00:00,737.0900268554688,737.1599731445312,736.5499877929688,736.5999755859375,93773,regular,False
2026-07-28T14:17:00+00:00,736.6099853515625,736.8699951171875,736.4400024414062,736.659912109375,73904,regular,False
2026-07-28T14:18:00+00:00,736.6699829101562,737.1099853515625,736.5850219726562,736.9600219726562,450325,regular,False
2026-07-28T14:19:00+00:00,736.9650268554688,737.0399780273438,736.5599975585938,736.6099853515625,48754,regular,False
2026-07-28T14:20:00+00:00,736.6300048828125,736.969970703125,736.5599975585938,736.5900268554688,59802,regular,False
2026-07-28T14:21:00+00:00,736.5900268554688,737.260009765625,736.3699951171875,737.2100219726562,81933,regular,False
2026-07-28T14:22:00+00:00,737.239990234375,737.4400024414062,736.530029296875,736.64501953125,91087,regular,False
2026-07-28T14:23:00+00:00,736.6400146484375,737.5800170898438,736.5700073242188,737.5700073242188,107606,regular,False
2026-07-28T14:24:00+00:00,737.6099853515625,737.8779907226562,737.1900024414062,737.3049926757812,142885,regular,False
2026-07-28T14:25:00+00:00,737.3099975585938,737.5700073242188,737.1500244140625,737.4099731445312,53578,regular,False
2026-07-28T14:26:00+00:00,737.4400024414062,737.5800170898438,737.1699829101562,737.4000244140625,86785,regular,False
2026-07-28T14:27:00+00:00,737.4400024414062,737.719970703125,737.2899780273438,737.3300170898438,57392,regular,False
2026-07-28T14:28:00+00:00,737.3624877929688,737.5800170898438,737.239990234375,737.239990234375,181144,regular,False
2026-07-28T14:29:00+00:00,737.22998046875,737.75,737.1599731445312,737.7000122070312,84447,regular,False
2026-07-28T14:30:00+00:00,737.719970703125,738.0,737.2999877929688,737.4500122070312,69535,regular,False
2026-07-28T14:31:00+00:00,737.47998046875,737.8900146484375,737.3300170898438,737.6799926757812,92217,regular,False
2026-07-28T14:32:00+00:00,737.6950073242188,737.9600219726562,737.405029296875,737.6099853515625,72373,regular,False
2026-07-28T14:33:00+00:00,737.6400146484375,737.75,737.3900146484375,737.75,85414,regular,False
2026-07-28T14:34:00+00:00,737.739990234375,737.9400024414062,737.2100219726562,737.2449951171875,228680,regular,False
2026-07-28T14:35:00+00:00,737.239990234375,737.9099731445312,737.1500244140625,737.9099731445312,83688,regular,False
2026-07-28T14:36:00+00:00,737.9000244140625,738.489990234375,737.8499755859375,738.3300170898438,116071,regular,False
2026-07-28T14:37:00+00:00,738.3400268554688,738.6199951171875,738.1300048828125,738.4099731445312,130009,regular,False
2026-07-28T14:38:00+00:00,738.4099731445312,738.4550170898438,737.6799926757812,737.6998901367188,118274,regular,False
2026-07-28T14:39:00+00:00,737.6799926757812,737.7000122070312,737.3499755859375,737.530029296875,87841,regular,False
2026-07-28T14:40:00+00:00,737.5399780273438,738.02001953125,737.4000244140625,738.010009765625,72673,regular,False
2026-07-28T14:41:00+00:00,737.989990234375,738.4000244140625,737.9400024414062,738.3900146484375,132950,regular,False
2026-07-28T14:42:00+00:00,738.3699951171875,738.4000244140625,737.969970703125,738.25,132739,regular,False
2026-07-28T14:43:00+00:00,738.25,738.6099853515625,738.0800170898438,738.4199829101562,203239,regular,False
2026-07-28T14:44:00+00:00,738.4199829101562,738.5499877929688,738.22998046875,738.27001953125,134553,regular,False
2026-07-28T14:45:00+00:00,738.25,738.510009765625,737.8599853515625,737.9500122070312,135109,regular,False
2026-07-28T14:46:00+00:00,737.9199829101562,738.3800048828125,737.8900146484375,738.3699951171875,88102,regular,False
2026-07-28T14:47:00+00:00,738.3400268554688,738.77001953125,738.3400268554688,738.719970703125,182581,regular,False
2026-07-28T14:48:00+00:00,738.719970703125,739.22998046875,738.7000122070312,739.219970703125,150829,regular,False
2026-07-28T14:49:00+00:00,739.1699829101562,739.4099731445312,739.110107421875,739.3099975585938,103956,regular,False
2026-07-28T14:50:00+00:00,739.2999877929688,739.6099853515625,739.280029296875,739.4400024414062,115953,regular,False
2026-07-28T14:51:00+00:00,739.47998046875,739.7849731445312,739.3900146484375,739.7000122070312,106982,regular,False
2026-07-28T14:52:00+00:00,739.7100219726562,739.77001953125,739.1500244140625,739.2550048828125,246216,regular,False
2026-07-28T14:53:00+00:00,739.27001953125,739.75,739.260009765625,739.52001953125,95370,regular,False
2026-07-28T14:54:00+00:00,739.52001953125,739.52001953125,739.2999877929688,739.4199829101562,61876,regular,False
2026-07-28T14:55:00+00:00,739.4299926757812,739.8200073242188,739.27001953125,739.6099243164062,61946,regular,False
2026-07-28T14:56:00+00:00,739.6099853515625,739.6500244140625,739.260009765625,739.3400268554688,78207,regular,False
2026-07-28T14:57:00+00:00,739.3300170898438,739.3300170898438,738.8599853515625,738.9849853515625,69235,regular,False
2026-07-28T14:58:00+00:00,738.9749755859375,738.989990234375,738.75,738.8099975585938,68441,regular,False
2026-07-28T14:59:00+00:00,738.8099975585938,738.9691162109375,738.5800170898438,738.6400146484375,86400,regular,False
2026-07-28T15:00:00+00:00,738.7000122070312,739.1300048828125,738.625,739.1099853515625,69689,regular,False
2026-07-28T15:01:00+00:00,739.1104736328125,739.1799926757812,738.8250122070312,739.0,65667,regular,False
2026-07-28T15:02:00+00:00,738.989990234375,739.010009765625,738.6400146484375,738.72998046875,31490,regular,False
2026-07-28T15:03:00+00:00,738.7150268554688,738.7150268554688,738.2899780273438,738.3099975585938,447733,regular,False
2026-07-28T15:04:00+00:00,738.3280029296875,738.47998046875,738.1400146484375,738.1500244140625,62788,regular,False
2026-07-28T15:05:00+00:00,738.1599731445312,738.375,738.010009765625,738.375,68331,regular,False
2026-07-28T15:06:00+00:00,738.3800048828125,738.8400268554688,738.3499755859375,738.510009765625,57081,regular,False
2026-07-28T15:07:00+00:00,738.530029296875,738.530029296875,738.1599731445312,738.4000244140625,39963,regular,False
2026-07-28T15:08:00+00:00,738.4299926757812,738.55419921875,738.25,738.3200073242188,37876,regular,False
2026-07-28T15:09:00+00:00,738.3400268554688,738.8099975585938,738.3150024414062,738.7999877929688,50820,regular,False
2026-07-28T15:10:00+00:00,738.77001953125,739.5800170898438,738.6300048828125,738.739990234375,141403,regular,False
2026-07-28T15:11:00+00:00,738.780029296875,738.9400024414062,738.4600219726562,738.8699951171875,34483,regular,False
2026-07-28T15:12:00+00:00,738.8200073242188,739.7100219726562,738.7750244140625,739.5,94707,regular,False
2026-07-28T15:13:00+00:00,739.530029296875,739.5499877929688,739.139892578125,739.3621215820312,93099,regular,False
2026-07-28T15:14:00+00:00,739.39501953125,739.6699829101562,739.3400268554688,739.3400268554688,56488,regular,False
2026-07-28T15:15:00+00:00,739.3800048828125,739.5900268554688,739.1901245117188,739.530029296875,62488,regular,False
2026-07-28T15:16:00+00:00,739.5599975585938,739.9000244140625,739.5599975585938,739.6300048828125,118020,regular,False
2026-07-28T15:17:00+00:00,739.6599731445312,739.9000244140625,739.3200073242188,739.8599853515625,94167,regular,False
2026-07-28T15:18:00+00:00,739.8599853515625,740.5700073242188,739.780029296875,740.47998046875,260326,regular,False
2026-07-28T15:19:00+00:00,740.4600219726562,740.5700073242188,740.260009765625,740.5700073242188,123226,regular,False
2026-07-28T15:20:00+00:00,740.5700073242188,741.1699829101562,740.5449829101562,741.010009765625,136397,regular,False
2026-07-28T15:21:00+00:00,741.0280151367188,741.1300048828125,740.8200073242188,741.0,115288,regular,False
2026-07-28T15:22:00+00:00,741.0,741.219970703125,740.8400268554688,740.9299926757812,88790,regular,False
2026-07-28T15:23:00+00:00,740.9400024414062,741.1599731445312,740.9099731445312,741.0900268554688,147570,regular,False
2026-07-28T15:24:00+00:00,741.0800170898438,741.3800048828125,741.010009765625,741.3800048828125,214509,regular,False
2026-07-28T15:25:00+00:00,741.3599853515625,741.530029296875,741.3099975585938,741.375,84727,regular,False
2026-07-28T15:26:00+00:00,741.3699951171875,741.9000244140625,741.3699951171875,741.77001953125,187329,regular,False
2026-07-28T15:27:00+00:00,741.780029296875,741.7849731445312,741.2899780273438,741.3300170898438,114607,regular,False
2026-07-28T15:28:00+00:00,741.3300170898438,741.3300170898438,741.0999755859375,741.27001953125,219984,regular,False
2026-07-28T15:29:00+00:00,741.2999877929688,741.3200073242188,741.0399780273438,741.2000122070312,58130,regular,False
2026-07-28T15:30:00+00:00,741.1699829101562,741.469970703125,741.030029296875,741.1300048828125,56701,regular,False
2026-07-28T15:31:00+00:00,741.1099243164062,741.2000122070312,740.9910278320312,741.1799926757812,52635,regular,False
2026-07-28T15:32:00+00:00,741.1900024414062,741.375,741.1400146484375,741.1799926757812,44728,regular,False
2026-07-28T15:33:00+00:00,741.1699829101562,741.4400024414062,741.135009765625,741.4199829101562,46900,regular,False
2026-07-28T15:34:00+00:00,741.4299926757812,741.47998046875,741.22998046875,741.25,32484,regular,False
2026-07-28T15:35:00+00:00,741.3099975585938,741.5599975585938,741.239990234375,741.52001953125,47878,regular,False
2026-07-28T15:36:00+00:00,741.52001953125,741.7249755859375,741.510009765625,741.655029296875,49110,regular,False
2026-07-28T15:37:00+00:00,741.6400146484375,741.739990234375,741.4500122070312,741.7349853515625,30209,regular,False
2026-07-28T15:38:00+00:00,741.72998046875,741.9000244140625,741.6799926757812,741.739990234375,81777,regular,False
2026-07-28T15:39:00+00:00,741.75,741.7999877929688,741.5999755859375,741.6199951171875,40042,regular,False
2026-07-28T15:40:00+00:00,741.5999755859375,741.7000122070312,741.4199829101562,741.5499877929688,78427,regular,False
2026-07-28T15:41:00+00:00,741.5894775390625,741.7899780273438,741.5399780273438,741.6649780273438,29941,regular,False
2026-07-28T15:42:00+00:00,741.6799926757812,741.72998046875,741.5499877929688,741.6799926757812,30680,regular,False
2026-07-28T15:43:00+00:00,741.6599731445312,741.919677734375,741.5800170898438,741.89990234375,47000,regular,False
2026-07-28T15:44:00+00:00,741.885009765625,742.0900268554688,741.8800048828125,742.0700073242188,102504,regular,False
2026-07-28T15:45:00+00:00,742.0700073242188,742.219970703125,741.9600219726562,742.0599975585938,64046,regular,False
2026-07-28T15:46:00+00:00,742.0549926757812,742.3099975585938,742.0499877929688,742.27001953125,70615,regular,False
2026-07-28T15:47:00+00:00,742.27001953125,742.280029296875,742.1699829101562,742.1900024414062,51907,regular,False
2026-07-28T15:48:00+00:00,742.1799926757812,742.3900146484375,742.1699829101562,742.3900146484375,46123,regular,False
2026-07-28T15:49:00+00:00,742.3900146484375,742.4500122070312,742.2650146484375,742.3200073242188,114356,regular,False
2026-07-28T15:50:00+00:00,742.3200073242188,742.3900146484375,741.8400268554688,741.9000244140625,107651,regular,False
2026-07-28T15:51:00+00:00,741.898681640625,742.0599975585938,741.7899780273438,742.02001953125,76869,regular,False
2026-07-28T15:52:00+00:00,742.02001953125,742.0999755859375,741.85498046875,742.0999755859375,42705,regular,False
2026-07-28T15:53:00+00:00,742.1057739257812,742.4099731445312,742.0650024414062,742.3599853515625,57443,regular,False
2026-07-28T15:54:00+00:00,742.3212280273438,742.3800048828125,742.030029296875,742.0599975585938,41893,regular,False
2026-07-28T15:55:00+00:00,742.0700073242188,742.1099853515625,741.7999877929688,741.8350219726562,40486,regular,False
2026-07-28T15:56:00+00:00,741.8400268554688,742.1500244140625,741.8200073242188,742.1400146484375,35049,regular,False
2026-07-28T15:57:00+00:00,742.1400146484375,742.260009765625,742.0700073242188,742.2390747070312,34864,regular,False
2026-07-28T15:58:00+00:00,742.239990234375,742.3900146484375,742.130126953125,742.1599731445312,44384,regular,False
2026-07-28T15:59:00+00:00,742.1699829101562,742.239990234375,742.1099853515625,742.2150268554688,43494,regular,False
2026-07-28T16:00:00+00:00,742.2050170898438,742.3499755859375,741.9949951171875,742.3400268554688,70875,regular,False
2026-07-28T16:01:00+00:00,742.3499755859375,742.3499755859375,742.1699829101562,742.1799926757812,81473,regular,False
2026-07-28T16:02:00+00:00,742.1799926757812,742.2899780273438,742.0401000976562,742.0499877929688,170679,regular,False
2026-07-28T16:03:00+00:00,742.0599975585938,742.1799926757812,741.9600219726562,742.1199951171875,67417,regular,False
2026-07-28T16:04:00+00:00,742.1199951171875,742.1199951171875,741.9400024414062,742.02001953125,42923,regular,False
2026-07-28T16:05:00+00:00,742.02001953125,742.2000122070312,742.02001953125,742.0399780273438,40157,regular,False
2026-07-28T16:06:00+00:00,742.0499877929688,742.1500244140625,741.9000244140625,742.0999755859375,42356,regular,False
2026-07-28T16:07:00+00:00,742.1099853515625,742.1099853515625,741.7100219726562,741.7136840820312,52839,regular,False
2026-07-28T16:08:00+00:00,741.7050170898438,741.75,741.5599975585938,741.6599731445312,119895,regular,False
2026-07-28T16:09:00+00:00,741.6400146484375,741.719970703125,741.5609741210938,741.5700073242188,43540,regular,False
2026-07-28T16:10:00+00:00,741.5700073242188,741.6649780273438,741.47998046875,741.510009765625,54595,regular,False
2026-07-28T16:11:00+00:00,741.530029296875,741.77001953125,741.510009765625,741.75,84636,regular,False
2026-07-28T16:12:00+00:00,741.7650146484375,741.780029296875,741.6400146484375,741.77001953125,42021,regular,False
2026-07-28T16:13:00+00:00,741.77001953125,741.8400268554688,741.5399780273438,741.5401000976562,37488,regular,False
2026-07-28T16:14:00+00:00,741.5399780273438,741.6199951171875,741.489990234375,741.6199951171875,52208,regular,False
2026-07-28T16:15:00+00:00,741.6099853515625,741.75,741.469970703125,741.530029296875,64090,regular,False
2026-07-28T16:16:00+00:00,741.5349731445312,741.5750122070312,741.385009765625,741.4299926757812,47377,regular,False
2026-07-28T16:17:00+00:00,741.4099731445312,741.5999755859375,741.3900146484375,741.3900146484375,46474,regular,False
2026-07-28T16:18:00+00:00,741.4099731445312,741.5700073242188,741.3200073242188,741.3900146484375,44983,regular,False
2026-07-28T16:19:00+00:00,741.3900146484375,741.9199829101562,741.384033203125,741.9000244140625,41706,regular,False
2026-07-28T16:20:00+00:00,741.9080200195312,742.0900268554688,741.7999877929688,741.9299926757812,56867,regular,False
2026-07-28T16:21:00+00:00,741.9299926757812,741.9400024414062,741.7000122070312,741.8699951171875,31127,regular,False
2026-07-28T16:22:00+00:00,741.8599853515625,741.8800048828125,741.6599731445312,741.7000122070312,18896,regular,False
2026-07-28T16:23:00+00:00,741.7000122070312,741.7100219726562,741.4400024414062,741.47998046875,72736,regular,False
2026-07-28T16:24:00+00:00,741.469970703125,741.5098876953125,741.3099975585938,741.489990234375,30011,regular,False
2026-07-28T16:25:00+00:00,741.47998046875,741.594970703125,741.4000244140625,741.594970703125,32858,regular,False
2026-07-28T16:26:00+00:00,741.5900268554688,741.5999755859375,741.4000244140625,741.4600219726562,19089,regular,False
2026-07-28T16:27:00+00:00,741.469970703125,741.5599975585938,741.280029296875,741.4199829101562,82980,regular,False
2026-07-28T16:28:00+00:00,741.4400024414062,741.5050048828125,741.3599853515625,741.3800048828125,20906,regular,False
2026-07-28T16:29:00+00:00,741.3800048828125,741.4600219726562,741.2100219726562,741.2100219726562,20917,regular,False
2026-07-28T16:30:00+00:00,741.22998046875,741.239990234375,740.969970703125,740.969970703125,49541,regular,False
2026-07-28T16:31:00+00:00,740.969970703125,741.0449829101562,740.9199829101562,741.0399780273438,51776,regular,False
2026-07-28T16:32:00+00:00,741.010009765625,741.2877197265625,740.9550170898438,741.260498046875,39771,regular,False
2026-07-28T16:33:00+00:00,741.2899780273438,741.3900146484375,741.0999755859375,741.1099853515625,22109,regular,False
2026-07-28T16:34:00+00:00,741.1199951171875,741.3200073242188,741.0800170898438,741.1099853515625,17280,regular,False
2026-07-28T16:35:00+00:00,741.1199951171875,741.3099975585938,741.1199951171875,741.2100219726562,27294,regular,False
2026-07-28T16:36:00+00:00,741.2100219726562,741.25,741.0800170898438,741.1500244140625,20320,regular,False
2026-07-28T16:37:00+00:00,741.1500244140625,741.239990234375,741.0999755859375,741.1699829101562,37679,regular,False
2026-07-28T16:38:00+00:00,741.25,741.6599731445312,741.1799926757812,741.5800170898438,30395,regular,False
2026-07-28T16:39:00+00:00,741.5900268554688,741.7999877929688,741.5075073242188,741.7799072265625,57913,regular,False
2026-07-28T16:40:00+00:00,741.780029296875,741.8900146484375,741.7100219726562,741.75,167786,regular,False
2026-07-28T16:41:00+00:00,741.77001953125,742.02001953125,741.739990234375,741.989990234375,55017,regular,False
2026-07-28T16:42:00+00:00,742.0001220703125,742.0399780273438,741.77001953125,741.8099975585938,32824,regular,False
2026-07-28T16:43:00+00:00,741.8400268554688,742.0999755859375,741.8400268554688,742.0999755859375,28505,regular,False
2026-07-28T16:44:00+00:00,742.0999755859375,742.1500244140625,741.8099975585938,741.9400024414062,69598,regular,False
2026-07-28T16:45:00+00:00,741.9400024414062,742.0800170898438,741.77001953125,741.8200073242188,183579,regular,False
2026-07-28T16:46:00+00:00,741.7999877929688,741.9000244140625,741.3900146484375,741.4400024414062,41330,regular,False
2026-07-28T16:47:00+00:00,741.4400024414062,741.7899780273438,741.4400024414062,741.7100219726562,26492,regular,False
2026-07-28T16:48:00+00:00,741.719970703125,741.7999877929688,741.469970703125,741.6099853515625,36958,regular,False
2026-07-28T16:49:00+00:00,741.5599975585938,741.8200073242188,741.5599975585938,741.7899780273438,21180,regular,False
2026-07-28T16:50:00+00:00,741.7899780273438,742.239990234375,741.760009765625,742.1900024414062,50565,regular,False
2026-07-28T16:51:00+00:00,742.20751953125,742.530029296875,742.2000122070312,742.52001953125,60059,regular,False
2026-07-28T16:52:00+00:00,742.5,742.5599975585938,742.4199829101562,742.4990234375,175329,regular,False
2026-07-28T16:53:00+00:00,742.489990234375,742.6599731445312,742.469970703125,742.510009765625,55834,regular,False
2026-07-28T16:54:00+00:00,742.510009765625,742.6400146484375,742.510009765625,742.6099853515625,42037,regular,False
2026-07-28T16:55:00+00:00,742.6199951171875,742.6300048828125,742.47998046875,742.62158203125,35917,regular,False
2026-07-28T16:56:00+00:00,742.6500244140625,742.7901000976562,742.4901123046875,742.7550048828125,34163,regular,False
2026-07-28T16:57:00+00:00,742.75,742.780029296875,742.5599975585938,742.6799926757812,41563,regular,False
2026-07-28T16:58:00+00:00,742.6599731445312,742.6799926757812,742.530029296875,742.5999755859375,30310,regular,False
2026-07-28T16:59:00+00:00,742.6199951171875,742.6599731445312,742.5599975585938,742.6099853515625,25553,regular,False
2026-07-28T17:00:00+00:00,742.6099853515625,742.75,742.4650268554688,742.6699829101562,56513,regular,False
2026-07-28T17:01:00+00:00,742.6699829101562,742.780029296875,742.6099853515625,742.6099853515625,28035,regular,False
2026-07-28T17:02:00+00:00,742.5999755859375,742.6400146484375,742.219970703125,742.3099975585938,83252,regular,False
2026-07-28T17:03:00+00:00,742.3200073242188,742.3400268554688,742.1099853515625,742.1849975585938,98777,regular,False
2026-07-28T17:04:00+00:00,742.1900024414062,742.2349853515625,742.0850219726562,742.1400146484375,30430,regular,False
2026-07-28T17:05:00+00:00,742.1500244140625,742.3200073242188,742.0700073242188,742.155029296875,25807,regular,False
2026-07-28T17:06:00+00:00,742.1699829101562,742.3099975585938,741.8499755859375,742.1300048828125,70524,regular,False
2026-07-28T17:07:00+00:00,742.1199951171875,742.1599731445312,741.9600219726562,742.0599975585938,38111,regular,False
2026-07-28T17:08:00+00:00,742.0999755859375,742.1400146484375,741.7100219726562,741.739990234375,35277,regular,False
2026-07-28T17:09:00+00:00,741.739990234375,741.7738037109375,741.4500122070312,741.5299072265625,58528,regular,False
2026-07-28T17:10:00+00:00,741.5,741.510009765625,741.1799926757812,741.4400024414062,182659,regular,False
2026-07-28T17:11:00+00:00,741.4450073242188,741.6400146484375,741.3400268554688,741.619873046875,31579,regular,False
2026-07-28T17:12:00+00:00,741.6099853515625,741.8200073242188,741.52197265625,741.5999755859375,58535,regular,False
2026-07-28T17:13:00+00:00,741.6199951171875,741.6300048828125,741.22998046875,741.3380126953125,30803,regular,False
2026-07-28T17:14:00+00:00,741.3699951171875,741.3699951171875,741.2100219726562,741.3400268554688,40145,regular,False
2026-07-28T17:15:00+00:00,741.3350219726562,741.530029296875,741.3099975585938,741.4199829101562,21135,regular,False
2026-07-28T17:16:00+00:00,741.4400024414062,741.4500122070312,741.27001953125,741.3709716796875,29360,regular,False
2026-07-28T17:17:00+00:00,741.4000244140625,741.4099731445312,741.0800170898438,741.1300048828125,26352,regular,False
2026-07-28T17:18:00+00:00,741.1300048828125,741.219970703125,741.1300048828125,741.2098999023438,28733,regular,False
2026-07-28T17:19:00+00:00,741.1799926757812,741.3699951171875,741.1400146484375,741.3099975585938,70057,regular,False
2026-07-28T17:20:00+00:00,741.3200073242188,742.02001953125,741.2100219726562,741.8900146484375,223685,regular,False
2026-07-28T17:21:00+00:00,741.8900146484375,742.1900024414062,741.593994140625,741.593994140625,74538,regular,False
2026-07-28T17:22:00+00:00,741.6300048828125,741.6599731445312,741.3900146484375,741.5700073242188,19004,regular,False
2026-07-28T17:23:00+00:00,741.5599975585938,741.7999877929688,741.5499877929688,741.610107421875,20531,regular,False
2026-07-28T17:24:00+00:00,741.6500244140625,741.72998046875,741.3300170898438,741.3499755859375,19247,regular,False
2026-07-28T17:25:00+00:00,741.3350219726562,741.35498046875,741.1300048828125,741.240478515625,26452,regular,False
2026-07-28T17:26:00+00:00,741.27001953125,741.4500122070312,741.239990234375,741.4199829101562,18899,regular,False
2026-07-28T17:27:00+00:00,741.4099731445312,741.719970703125,741.4099731445312,741.5900268554688,42798,regular,False
2026-07-28T17:28:00+00:00,741.5999755859375,741.7000122070312,741.3825073242188,741.3825073242188,19137,regular,False
2026-07-28T17:29:00+00:00,741.3989868164062,741.5700073242188,741.2999877929688,741.3099975585938,16986,regular,False
2026-07-28T17:30:00+00:00,741.2999877929688,741.3200073242188,741.1699829101562,741.27001953125,38759,regular,False
2026-07-28T17:31:00+00:00,741.27001953125,741.280029296875,741.1199951171875,741.1696166992188,40166,regular,False
2026-07-28T17:32:00+00:00,741.1574096679688,741.22998046875,741.1099853515625,741.219970703125,24593,regular,False
2026-07-28T17:33:00+00:00,741.2100219726562,741.6500244140625,741.1900024414062,741.52001953125,59854,regular,False
2026-07-28T17:34:00+00:00,741.530029296875,741.8300170898438,741.530029296875,741.7000122070312,26585,regular,False
2026-07-28T17:35:00+00:00,741.719970703125,741.9199829101562,741.6799926757812,741.6900024414062,25244,regular,False
2026-07-28T17:36:00+00:00,741.6900024414062,741.77001953125,741.5900268554688,741.5900268554688,35607,regular,False
2026-07-28T17:37:00+00:00,741.6099853515625,741.739990234375,741.6099243164062,741.6099243164062,15631,regular,False
2026-07-28T17:38:00+00:00,741.5800170898438,741.7000122070312,741.52001953125,741.6300048828125,27832,regular,False
2026-07-28T17:39:00+00:00,741.6199951171875,741.6199951171875,741.3400268554688,741.4000244140625,20916,regular,False
2026-07-28T17:40:00+00:00,741.3800048828125,741.6599731445312,741.3099975585938,741.4600219726562,72752,regular,False
2026-07-28T17:41:00+00:00,741.469970703125,741.47998046875,741.1799926757812,741.2000122070312,32679,regular,False
2026-07-28T17:42:00+00:00,741.1799926757812,741.25,741.0999755859375,741.1199951171875,51663,regular,False
2026-07-28T17:43:00+00:00,741.1099853515625,741.1199951171875,740.7999877929688,740.8400268554688,68674,regular,False
2026-07-28T17:44:00+00:00,740.844970703125,740.844970703125,740.6500244140625,740.7999877929688,98149,regular,False
2026-07-28T17:45:00+00:00,740.7949829101562,740.9500122070312,740.6400146484375,740.72998046875,60062,regular,False
2026-07-28T17:46:00+00:00,740.72998046875,740.8800048828125,740.6799926757812,740.8699951171875,31433,regular,False
2026-07-28T17:47:00+00:00,740.8699951171875,741.0,740.6900024414062,740.760009765625,40072,regular,False
2026-07-28T17:48:00+00:00,740.77001953125,741.280029296875,740.760009765625,741.1964721679688,94455,regular,False
2026-07-28T17:49:00+00:00,741.2100219726562,741.3900146484375,741.0599975585938,741.2999877929688,47743,regular,False
2026-07-28T17:50:00+00:00,741.2849731445312,741.2849731445312,740.9400024414062,741.0399780273438,28796,regular,False
2026-07-28T17:51:00+00:00,741.030029296875,741.030029296875,740.844970703125,740.97998046875,23221,regular,False
2026-07-28T17:52:00+00:00,740.989990234375,741.1199951171875,740.7999877929688,740.7999877929688,19870,regular,False
2026-07-28T17:53:00+00:00,740.7999877929688,740.9199829101562,740.7999877929688,740.89990234375,22983,regular,False
2026-07-28T17:54:00+00:00,740.8900146484375,740.9450073242188,740.6799926757812,740.7609252929688,41586,regular,False
2026-07-28T17:55:00+00:00,740.739990234375,740.8300170898438,740.510009765625,740.5977172851562,66482,regular,False
2026-07-28T17:56:00+00:00,740.5999755859375,740.9299926757812,740.5900268554688,740.9000244140625,40319,regular,False
2026-07-28T17:57:00+00:00,740.8900146484375,740.9500122070312,740.8250122070312,740.8585815429688,42223,regular,False
2026-07-28T17:58:00+00:00,740.8699951171875,741.010009765625,740.780029296875,741.0,36167,regular,False
2026-07-28T17:59:00+00:00,741.0006103515625,741.219970703125,740.989990234375,741.1900024414062,37278,regular,False
2026-07-28T18:00:00+00:00,741.2000122070312,741.52001953125,741.030029296875,741.3803100585938,50881,regular,False
2026-07-28T18:01:00+00:00,741.3699951171875,741.5,741.1300048828125,741.1300048828125,53174,regular,False
2026-07-28T18:02:00+00:00,741.1300048828125,741.3599853515625,741.010009765625,741.1199951171875,49514,regular,False
2026-07-28T18:03:00+00:00,741.1300048828125,741.239990234375,741.0800170898438,741.1300048828125,43373,regular,False
2026-07-28T18:04:00+00:00,741.1300048828125,741.25,741.010009765625,741.22998046875,76476,regular,False
2026-07-28T18:05:00+00:00,741.2000122070312,741.2899780273438,741.030029296875,741.0700073242188,42426,regular,False
2026-07-28T18:06:00+00:00,741.0700073242188,741.0999755859375,740.9199829101562,740.969970703125,67755,regular,False
2026-07-28T18:07:00+00:00,740.969970703125,740.97998046875,740.8099975585938,740.864990234375,42932,regular,False
2026-07-28T18:08:00+00:00,740.8699951171875,740.9299926757812,740.77001953125,740.8200073242188,45154,regular,False
2026-07-28T18:09:00+00:00,740.8098754882812,740.8800048828125,740.739990234375,740.8499755859375,35650,regular,False
2026-07-28T18:10:00+00:00,740.8499755859375,740.9318237304688,740.6900024414062,740.739990234375,60024,regular,False
2026-07-28T18:11:00+00:00,740.739990234375,740.7999877929688,740.5599975585938,740.6099853515625,52648,regular,False
2026-07-28T18:12:00+00:00,740.5900268554688,740.739990234375,740.5599975585938,740.719970703125,37275,regular,False
2026-07-28T18:13:00+00:00,740.739990234375,740.780029296875,740.4500122070312,740.6099853515625,160559,regular,False
2026-07-28T18:14:00+00:00,740.5900268554688,740.5900268554688,740.4199829101562,740.4550170898438,69783,regular,False
2026-07-28T18:15:00+00:00,740.4600219726562,740.739990234375,740.4299926757812,740.7100219726562,59182,regular,False
2026-07-28T18:16:00+00:00,740.7050170898438,740.760009765625,740.5499877929688,740.739990234375,58528,regular,False
2026-07-28T18:17:00+00:00,740.75,740.75,740.4299926757812,740.5750122070312,101989,regular,False
2026-07-28T18:18:00+00:00,740.5750122070312,740.7199096679688,740.5399780273438,740.6799926757812,40318,regular,False
2026-07-28T18:19:00+00:00,740.7100219726562,740.844970703125,740.5900268554688,740.760009765625,32448,regular,False
2026-07-28T18:20:00+00:00,740.75,740.9400024414062,740.6699829101562,740.9299926757812,48244,regular,False
2026-07-28T18:21:00+00:00,740.9299926757812,740.9600219726562,740.6900024414062,740.7000122070312,34719,regular,False
2026-07-28T18:22:00+00:00,740.719970703125,740.864990234375,740.64501953125,740.864990234375,24945,regular,False
2026-07-28T18:23:00+00:00,740.8699951171875,740.9099731445312,740.510009765625,740.5700073242188,32391,regular,False
2026-07-28T18:24:00+00:00,740.5700073242188,740.7098999023438,740.530029296875,740.5401000976562,24760,regular,False
2026-07-28T18:25:00+00:00,740.5499877929688,740.6599731445312,740.469970703125,740.6300048828125,50413,regular,False
2026-07-28T18:26:00+00:00,740.6400146484375,740.6900024414062,740.5499877929688,740.5800170898438,29650,regular,False
2026-07-28T18:27:00+00:00,740.5900268554688,740.6300048828125,740.489990234375,740.5850219726562,40025,regular,False
2026-07-28T18:28:00+00:00,740.5800170898438,740.6649780273438,740.4299926757812,740.530029296875,92030,regular,False
2026-07-28T18:29:00+00:00,740.5399780273438,740.64501953125,740.489990234375,740.5900268554688,38539,regular,False
2026-07-28T18:30:00+00:00,740.5900268554688,740.77001953125,740.5,740.7000122070312,67692,regular,False
2026-07-28T18:31:00+00:00,740.6900024414062,740.6900024414062,740.5183715820312,740.5900268554688,37471,regular,False
2026-07-28T18:32:00+00:00,740.5999755859375,740.7050170898438,740.52001953125,740.60498046875,65202,regular,False
2026-07-28T18:33:00+00:00,740.6199951171875,740.9199829101562,740.6199951171875,740.8599853515625,44015,regular,False
2026-07-28T18:34:00+00:00,740.8699951171875,741.0499877929688,740.8599853515625,740.9349975585938,51440,regular,False
2026-07-28T18:35:00+00:00,740.9049072265625,740.9500122070312,740.75,740.8800048828125,63760,regular,False
2026-07-28T18:36:00+00:00,740.9199829101562,740.9299926757812,740.739990234375,740.8400268554688,37310,regular,False
2026-07-28T18:37:00+00:00,740.8400268554688,740.989990234375,740.8200073242188,740.969970703125,19369,regular,False
2026-07-28T18:38:00+00:00,740.97998046875,741.1199951171875,740.905029296875,741.0499877929688,26704,regular,False
2026-07-28T18:39:00+00:00,741.030029296875,741.0399780273438,740.739990234375,740.8200073242188,22866,regular,False
2026-07-28T18:40:00+00:00,740.8400268554688,740.8800048828125,740.5900268554688,740.6199951171875,24811,regular,False
2026-07-28T18:41:00+00:00,740.6599731445312,740.719970703125,740.6199951171875,740.6400146484375,22642,regular,False
2026-07-28T18:42:00+00:00,740.6400146484375,740.7000122070312,740.5499877929688,740.5599975585938,111900,regular,False
2026-07-28T18:43:00+00:00,740.5599975585938,740.760009765625,740.5599975585938,740.739990234375,36308,regular,False
2026-07-28T18:44:00+00:00,740.739990234375,740.8699951171875,740.6199951171875,740.77001953125,60233,regular,False
2026-07-28T18:45:00+00:00,740.7899780273438,741.0800170898438,740.6900024414062,741.0599975585938,153127,regular,False
2026-07-28T18:46:00+00:00,741.0399780273438,741.2899780273438,740.9500122070312,741.2899780273438,80851,regular,False
2026-07-28T18:47:00+00:00,741.2899780273438,741.4099731445312,741.22998046875,741.280029296875,42661,regular,False
2026-07-28T18:48:00+00:00,741.280029296875,741.3300170898438,741.140625,741.2000122070312,39392,regular,False
2026-07-28T18:49:00+00:00,741.2000122070312,741.3300170898438,741.1699829101562,741.25,22406,regular,False
2026-07-28T18:50:00+00:00,741.25,741.4000244140625,741.22998046875,741.3599853515625,35837,regular,False
2026-07-28T18:51:00+00:00,741.364990234375,741.52001953125,741.364990234375,741.4199829101562,41242,regular,False
2026-07-28T18:52:00+00:00,741.4000244140625,741.4500122070312,741.22998046875,741.27001953125,49876,regular,False
2026-07-28T18:53:00+00:00,741.280029296875,741.3599853515625,741.1600952148438,741.1950073242188,37063,regular,False
2026-07-28T18:54:00+00:00,741.1900024414062,741.3200073242188,741.1500244140625,741.25,65238,regular,False
2026-07-28T18:55:00+00:00,741.25,741.4400024414062,741.0700073242188,741.4149780273438,87038,regular,False
2026-07-28T18:56:00+00:00,741.4199829101562,741.5399780273438,741.3499755859375,741.47998046875,57006,regular,False
2026-07-28T18:57:00+00:00,741.489990234375,741.5999755859375,741.4000244140625,741.5150146484375,41484,regular,False
2026-07-28T18:58:00+00:00,741.5050048828125,741.614990234375,741.4201049804688,741.5200805664062,29673,regular,False
2026-07-28T18:59:00+00:00,741.530029296875,741.5599975585938,741.4500122070312,741.4500122070312,21944,regular,False
2026-07-28T19:00:00+00:00,741.4500122070312,741.7899780273438,741.4299926757812,741.6500244140625,61906,regular,False
2026-07-28T19:01:00+00:00,741.6300048828125,741.719970703125,741.5599975585938,741.6799926757812,35889,regular,False
2026-07-28T19:02:00+00:00,741.6799926757812,741.72998046875,741.5499877929688,741.72998046875,32150,regular,False
2026-07-28T19:03:00+00:00,741.72998046875,741.9000244140625,741.6900024414062,741.8400268554688,39772,regular,False
2026-07-28T19:04:00+00:00,741.8200073242188,741.9600219726562,741.72998046875,741.9099731445312,205647,regular,False
2026-07-28T19:05:00+00:00,741.8800048828125,741.9400024414062,741.739990234375,741.9099731445312,72402,regular,False
2026-07-28T19:06:00+00:00,741.9099731445312,741.9550170898438,741.719970703125,741.75,91352,regular,False
2026-07-28T19:07:00+00:00,741.760009765625,741.8900146484375,741.7100219726562,741.7100219726562,45761,regular,False
2026-07-28T19:08:00+00:00,741.7150268554688,741.7150268554688,741.4600219726562,741.469970703125,97537,regular,False
2026-07-28T19:09:00+00:00,741.469970703125,741.5599975585938,741.3900146484375,741.4199829101562,1057607,regular,False
2026-07-28T19:10:00+00:00,741.4299926757812,741.6500244140625,741.4099731445312,741.4099731445312,37486,regular,False
2026-07-28T19:11:00+00:00,741.4299926757812,741.5399780273438,741.3900146484375,741.52001953125,34121,regular,False
2026-07-28T19:12:00+00:00,741.530029296875,741.530029296875,741.4000244140625,741.4099731445312,32825,regular,False
2026-07-28T19:13:00+00:00,741.3800048828125,741.52001953125,741.3300170898438,741.52001953125,89920,regular,False
2026-07-28T19:14:00+00:00,741.52001953125,741.530029296875,741.3599853515625,741.469970703125,27368,regular,False
2026-07-28T19:15:00+00:00,741.4600219726562,741.5800170898438,741.3699951171875,741.3900146484375,74380,regular,False
2026-07-28T19:16:00+00:00,741.4000244140625,741.530029296875,741.3099975585938,741.4450073242188,38245,regular,False
2026-07-28T19:17:00+00:00,741.4500122070312,741.5599975585938,741.3699951171875,741.4400024414062,92696,regular,False
2026-07-28T19:18:00+00:00,741.4400024414062,741.7100219726562,741.4299926757812,741.6599731445312,101325,regular,False
2026-07-28T19:19:00+00:00,741.6500244140625,741.719970703125,741.5900268554688,741.64990234375,38916,regular,False
2026-07-28T19:20:00+00:00,741.6199951171875,741.6799926757812,741.5700073242188,741.6500244140625,128076,regular,False
2026-07-28T19:21:00+00:00,741.6494750976562,741.7100219726562,741.530029296875,741.5800170898438,170261,regular,False
2026-07-28T19:22:00+00:00,741.5900268554688,741.760009765625,741.5900268554688,741.760009765625,47826,regular,False
2026-07-28T19:23:00+00:00,741.760009765625,741.8200073242188,741.719970703125,741.739990234375,37155,regular,False
2026-07-28T19:24:00+00:00,741.75,741.8400268554688,741.72998046875,741.8099975585938,711527,regular,False
2026-07-28T19:25:00+00:00,741.8200073242188,741.8499755859375,741.6300048828125,741.6400146484375,85531,regular,False
2026-07-28T19:26:00+00:00,741.6300048828125,741.6900024414062,741.3800048828125,741.4299926757812,78316,regular,False
2026-07-28T19:27:00+00:00,741.4199829101562,741.4500122070312,741.3499755859375,741.4249877929688,103737,regular,False
2026-07-28T19:28:00+00:00,741.4400024414062,741.760009765625,741.4000244140625,741.7200927734375,86210,regular,False
2026-07-28T19:29:00+00:00,741.72998046875,741.780029296875,741.6099853515625,741.7000122070312,44242,regular,False
2026-07-28T19:30:00+00:00,741.7100219726562,741.72998046875,741.4600219726562,741.5800170898438,102769,regular,False
2026-07-28T19:31:00+00:00,741.5599975585938,741.6799926757812,741.52001953125,741.5499877929688,179410,regular,False
2026-07-28T19:32:00+00:00,741.5599975585938,741.6699829101562,741.510009765625,741.5999755859375,52637,regular,False
2026-07-28T19:33:00+00:00,741.60498046875,741.655029296875,741.489990234375,741.5,51655,regular,False
2026-07-28T19:34:00+00:00,741.489990234375,741.6099853515625,741.469970703125,741.532470703125,303615,regular,False
2026-07-28T19:35:00+00:00,741.530029296875,741.5549926757812,741.22998046875,741.27001953125,86091,regular,False
2026-07-28T19:36:00+00:00,741.27001953125,741.280029296875,741.1300048828125,741.1900024414062,109592,regular,False
2026-07-28T19:37:00+00:00,741.1799926757812,741.2050170898438,741.0800170898438,741.1599731445312,66207,regular,False
2026-07-28T19:38:00+00:00,741.1500244140625,741.1950073242188,741.0399780273438,741.135009765625,52952,regular,False
2026-07-28T19:39:00+00:00,741.135009765625,741.1799926757812,740.9299926757812,741.010009765625,76174,regular,False
2026-07-28T19:40:00+00:00,741.010009765625,741.2000122070312,740.989990234375,741.114990234375,87214,regular,False
2026-07-28T19:41:00+00:00,741.1099853515625,741.2000122070312,741.0399780273438,741.2000122070312,58019,regular,False
2026-07-28T19:42:00+00:00,741.1900024414062,741.2899780273438,741.0700073242188,741.1099853515625,110874,regular,False
2026-07-28T19:43:00+00:00,741.0999755859375,741.3099975585938,741.0999755859375,741.239990234375,114140,regular,False
2026-07-28T19:44:00+00:00,741.239990234375,741.2999877929688,741.1400146484375,741.2999877929688,106520,regular,False
2026-07-28T19:45:00+00:00,741.2999877929688,741.3400268554688,740.969970703125,740.9749755859375,168077,regular,False
2026-07-28T19:46:00+00:00,740.9774780273438,741.02001953125,740.8900146484375,741.02001953125,103506,regular,False
2026-07-28T19:47:00+00:00,741.010009765625,741.1599731445312,740.989990234375,741.0599975585938,253628,regular,False
2026-07-28T19:48:00+00:00,741.0499877929688,741.1599731445312,740.989990234375,741.0499877929688,109616,regular,False
2026-07-28T19:49:00+00:00,741.0399780273438,741.1400146484375,741.010009765625,741.1099853515625,284572,regular,False
2026-07-28T19:50:00+00:00,741.0999755859375,741.1799926757812,740.8599853515625,740.9099731445312,282824,regular,False
2026-07-28T19:51:00+00:00,740.89501953125,740.97998046875,740.8499755859375,740.885498046875,100373,regular,False
2026-07-28T19:52:00+00:00,740.8699951171875,741.0399780273438,740.8699951171875,741.02001953125,120281,regular,False
2026-07-28T19:53:00+00:00,741.030029296875,741.1799926757812,740.969970703125,741.1799926757812,118495,regular,False
2026-07-28T19:54:00+00:00,741.1900024414062,741.6699829101562,741.1900024414062,741.6400146484375,576965,regular,False
2026-07-28T19:55:00+00:00,741.6300048828125,741.6300048828125,741.0,741.1900024414062,401700,regular,False
2026-07-28T19:56:00+00:00,741.1849975585938,741.3599853515625,741.0999755859375,741.1599731445312,621007,regular,False
2026-07-28T19:57:00+00:00,741.1599731445312,741.2100219726562,741.0050048828125,741.1199951171875,582513,regular,False
2026-07-28T19:58:00+00:00,741.1199951171875,741.2100219726562,741.030029296875,741.0700073242188,1292640,regular,False
2026-07-28T19:59:00+00:00,741.0599975585938,741.0900268554688,740.4299926757812,740.760009765625,2147244,regular,False
2026-07-28T20:00:00+00:00,740.82,740.92,738.9353,740.9,836419,after-market,False
2026-07-28T20:01:00+00:00,740.8464,740.86,738.9353,740.6539,0,after-market,False
2026-07-28T20:02:00+00:00,740.62,740.69,740.4,740.49,0,after-market,False
2026-07-28T20:03:00+00:00,740.49,740.84,740.48,740.62,0,after-market,False
2026-07-28T20:04:00+00:00,740.6023,740.86,740.58,740.62,0,after-market,False
2026-07-28T20:05:00+00:00,740.63,741.11,740.38,740.38,0,after-market,False
2026-07-28T20:06:00+00:00,740.46,740.4916,740.08,740.4371,0,after-market,False
2026-07-28T20:07:00+00:00,740.48,740.58,740.32,740.36,0,after-market,False
2026-07-28T20:08:00+00:00,740.36,740.7,740.33,740.57,0,after-market,False
2026-07-28T20:09:00+00:00,740.6,740.62,740.436,740.58,0,after-market,False
2026-07-28T20:10:00+00:00,740.56,740.86,738.9353,740.73,0,after-market,False
2026-07-28T20:11:00+00:00,740.73,740.83,740.4693,740.77,0,after-market,False
2026-07-28T20:12:00+00:00,740.78,740.98,740.78,740.92,0,after-market,False
2026-07-28T20:13:00+00:00,740.96,741.0722,740.9407,740.9456,0,after-market,False
2026-07-28T20:14:00+00:00,740.97,741.0287,740.89,740.92,0,after-market,False
2026-07-28T20:15:00+00:00,740.86,740.94,740.66,740.7163,0,after-market,False
2026-07-28T20:16:00+00:00,740.72,740.8863,740.72,740.8863,0,after-market,False
2026-07-28T20:17:00+00:00,740.8622,740.8999,740.75,740.78,0,after-market,False
2026-07-28T20:18:00+00:00,740.83,740.9574,740.8,740.9574,0,after-market,False
2026-07-28T20:19:00+00:00,740.94,741.05,740.94,741.0265,0,after-market,False
2026-07-28T20:20:00+00:00,740.86,741.06,740.86,740.8979,0,after-market,False
2026-07-28T20:21:00+00:00,740.9,740.925,740.848,740.89,0,after-market,False
2026-07-28T20:22:00+00:00,740.9,741.02,740.85,740.9087,0,after-market,False
2026-07-28T20:23:00+00:00,740.9,740.99,740.795,740.97,0,after-market,False
2026-07-28T20:24:00+00:00,740.985,741.02,740.93,741.0069,0,after-market,False
2026-07-28T20:25:00+00:00,741.0,741.1,741.0,741.09,0,after-market,False
2026-07-28T20:26:00+00:00,741.12,741.47,741.12,741.38,0,after-market,False
2026-07-28T20:27:00+00:00,741.41,741.51,741.39,741.4328,0,after-market,False
2026-07-28T20:28:00+00:00,741.45,741.5863,741.4021,741.55,0,after-market,False
2026-07-28T20:29:00+00:00,741.5531,741.6088,741.435,741.4377,0,after-market,False
2026-07-28T20:30:00+00:00,741.43,741.53,741.42,741.49,0,after-market,False
2026-07-28T20:31:00+00:00,741.46,741.49,741.35,741.4,0,after-market,False
2026-07-28T20:32:00+00:00,741.37,741.48,741.37,741.4722,0,after-market,False
2026-07-28T20:33:00+00:00,741.4778,741.48,741.345,741.3973,0,after-market,False
2026-07-28T20:34:00+00:00,741.3822,741.3981,741.3328,741.36,0,after-market,False
2026-07-28T20:35:00+00:00,741.37,741.48,741.37,741.4246,0,after-market,False
2026-07-28T20:36:00+00:00,741.435,741.435,741.264,741.264,0,after-market,False
2026-07-28T20:37:00+00:00,741.2894,741.29,740.83,741.115,0,after-market,False
2026-07-28T20:38:00+00:00,741.0964,741.1,740.85,740.95,0,after-market,False
2026-07-28T20:39:00+00:00,740.95,740.96,740.88,740.93,0,after-market,False
2026-07-28T20:40:00+00:00,740.93,740.94,740.84,740.8949,0,after-market,False
2026-07-28T20:41:00+00:00,740.94,740.96,740.83,740.8697,0,after-market,False
2026-07-28T20:42:00+00:00,740.88,740.95,740.86,740.95,0,after-market,False
2026-07-28T20:43:00+00:00,740.93,740.95,740.88,740.8997,0,after-market,False
2026-07-28T20:44:00+00:00,740.8995,740.96,711.3429,740.96,0,after-market,False
2026-07-28T20:45:00+00:00,740.9553,740.989,740.92,740.989,0,after-market,False
2026-07-28T20:46:00+00:00,740.96,741.0672,740.96,741.0672,0,after-market,False
2026-07-28T20:47:00+00:00,741.03,741.099,741.03,741.0831,0,after-market,False
2026-07-28T20:48:00+00:00,741.0942,741.1,740.98,741.0624,0,after-market,False
2026-07-28T20:49:00+00:00,741.06,741.07,740.86,741.02,0,after-market,False
2026-07-28T20:50:00+00:00,741.01,741.0263,740.83,740.87,0,after-market,False
2026-07-28T20:51:00+00:00,740.865,740.87,740.77,740.83,0,after-market,False
2026-07-28T20:52:00+00:00,740.8479,740.93,695.5197,740.93,0,after-market,False
2026-07-28T20:53:00+00:00,740.9,740.99,696.5619,740.8431,0,after-market,False
2026-07-28T20:54:00+00:00,740.86,741.04,740.86,741.03,0,after-market,False
2026-07-28T20:55:00+00:00,741.03,741.04,740.9812,741.02,0,after-market,False
2026-07-28T20:56:00+00:00,740.98,741.02,740.98,741.0165,0,after-market,False
2026-07-28T20:57:00+00:00,741.005,741.1043,741.005,741.1043,0,after-market,False
2026-07-28T20:58:00+00:00,741.09,741.1113,741.03,741.047,0,after-market,False
2026-07-28T20:59:00+00:00,741.05,741.0615,741.01,741.028,0,after-market,False
2026-07-28T21:00:00+00:00,741.03,741.09,740.9338,740.9338,0,after-market,False
2026-07-28T21:01:00+00:00,741.11,741.1723,740.86,741.12,0,after-market,False
2026-07-28T21:02:00+00:00,740.9338,741.1827,740.9257,740.9257,0,after-market,False
2026-07-28T21:03:00+00:00,741.0562,741.0562,740.995,741.035,0,after-market,False
2026-07-28T21:04:00+00:00,741.05,741.06,741.0103,741.0103,0,after-market,False
2026-07-28T21:05:00+00:00,741.0105,741.06,740.86,740.995,0,after-market,False
2026-07-28T21:06:00+00:00,740.995,741.0432,740.69,740.93,0,after-market,False
2026-07-28T21:07:00+00:00,741.0567,741.0567,740.86,740.904,0,after-market,False
2026-07-28T21:08:00+00:00,741.025,741.04,740.985,740.985,0,after-market,False
2026-07-28T21:09:00+00:00,697.8151,741.047,697.8151,740.9525,0,after-market,False
2026-07-28T21:10:00+00:00,741.0,741.03,740.95,740.989,0,after-market,False
2026-07-28T21:11:00+00:00,740.98,740.9897,695.5197,740.9877,0,after-market,False
2026-07-28T21:12:00+00:00,740.9879,740.99,740.96,740.98,0,after-market,False
2026-07-28T21:13:00+00:00,740.951,740.96,740.85,740.86,0,after-market,False
2026-07-28T21:14:00+00:00,740.95,740.97,740.8627,740.97,0,after-market,False
2026-07-28T21:15:00+00:00,740.8715,740.97,740.8715,740.96,0,after-market,False
2026-07-28T21:16:00+00:00,740.97,740.97,740.9659,740.97,0,after-market,False
2026-07-28T21:17:00+00:00,740.97,741.05,740.97,741.0418,0,after-market,False
2026-07-28T21:18:00+00:00,740.99,741.05,740.99,740.99,0,after-market,False
2026-07-28T21:19:00+00:00,741.02,741.02,740.95,740.95,0,after-market,False
2026-07-28T21:20:00+00:00,740.97,741.0475,740.92,740.92,0,after-market,False
2026-07-28T21:21:00+00:00,740.947,740.95,740.92,740.9492,0,after-market,False
2026-07-28T21:22:00+00:00,740.98,740.98,740.91,740.91,0,after-market,False
2026-07-28T21:23:00+00:00,740.9504,740.98,740.91,740.98,0,after-market,False
2026-07-28T21:24:00+00:00,740.97,740.98,740.873,740.968,0,after-market,False
2026-07-28T21:25:00+00:00,740.98,740.98,740.88,740.91,0,after-market,False
2026-07-28T21:26:00+00:00,740.92,741.06,740.87,740.95,0,after-market,False
2026-07-28T21:27:00+00:00,740.9382,741.1099,740.92,741.07,0,after-market,False
2026-07-28T21:28:00+00:00,741.0,741.1099,740.9216,741.025,0,after-market,False
2026-07-28T21:29:00+00:00,741.03,741.1099,740.9529,740.9529,0,after-market,False
2026-07-28T21:30:00+00:00,741.07,741.07,740.9432,741.0591,0,after-market,False
2026-07-28T21:31:00+00:00,741.0,741.06,740.9378,740.9395,0,after-market,False
2026-07-28T21:32:00+00:00,740.94,740.94,740.88,740.916,0,after-market,False
2026-07-28T21:33:00+00:00,740.8831,740.94,740.88,740.9383,0,after-market,False
2026-07-28T21:34:00+00:00,740.94,741.06,740.93,741.0,0,after-market,False
2026-07-28T21:35:00+00:00,740.9932,741.1,740.9493,740.9886,0,after-market,False
2026-07-28T21:36:00+00:00,741.0512,741.12,740.99,741.0379,0,after-market,False
2026-07-28T21:37:00+00:00,741.1,741.17,741.01,741.17,0,after-market,False
2026-07-28T21:38:00+00:00,741.0379,741.2732,741.0379,741.18,0,after-market,False
2026-07-28T21:39:00+00:00,741.28,741.28,741.03,741.03,0,after-market,False
2026-07-28T21:40:00+00:00,741.18,741.18,741.0516,741.18,0,after-market,False
2026-07-28T21:41:00+00:00,741.18,741.22,740.9485,741.11,0,after-market,False
2026-07-28T21:42:00+00:00,741.1,741.11,740.96,740.96,0,after-market,False
2026-07-28T21:43:00+00:00,741.1,741.17,741.0291,741.0379,0,after-market,False
2026-07-28T21:44:00+00:00,741.1452,741.17,741.0104,741.04,0,after-market,False
2026-07-28T21:45:00+00:00,741.04,741.12,741.04,741.1,0,after-market,False
2026-07-28T21:46:00+00:00,741.05,741.1,741.05,741.1,0,after-market,False
2026-07-28T21:47:00+00:00,741.1,741.12,741.08,741.1163,0,after-market,False
2026-07-28T21:48:00+00:00,741.12,741.12,741.08,741.1143,0,after-market,False
2026-07-28T21:49:00+00:00,741.08,741.12,741.07,741.1143,0,after-market,False
2026-07-28T21:50:00+00:00,741.1169,741.17,741.08,741.17,0,after-market,False
2026-07-28T21:51:00+00:00,741.17,741.18,741.13,741.13,0,after-market,False
2026-07-28T21:52:00+00:00,741.17,741.24,741.08,741.17,0,after-market,False
2026-07-28T21:53:00+00:00,741.16,741.17,741.12,741.17,0,after-market,False
2026-07-28T21:54:00+00:00,741.16,741.17,741.1,741.12,0,after-market,False
2026-07-28T21:55:00+00:00,741.15,741.15,741.0,741.0,0,after-market,False
2026-07-28T21:56:00+00:00,741.0826,741.1,741.0097,741.1,0,after-market,False
2026-07-28T21:57:00+00:00,741.06,741.06,740.99,740.9936,0,after-market,False
2026-07-28T21:58:00+00:00,740.94,741.04,740.88,740.9,0,after-market,False
2026-07-28T21:59:00+00:00,740.94,741.03,740.78,740.78,0,after-market,False
2026-07-28T22:00:00+00:00,740.8,741.1,740.78,741.07,0,after-market,False
2026-07-28T22:01:00+00:00,741.07,741.15,740.907,740.93,0,after-market,False
2026-07-28T22:02:00+00:00,740.905,741.15,740.88,741.15,0,after-market,False
2026-07-28T22:03:00+00:00,741.15,741.3,741.13,741.2959,0,after-market,False
2026-07-28T22:04:00+00:00,741.295,741.3508,741.26,741.31,0,after-market,False
2026-07-28T22:05:00+00:00,741.405,741.541,741.35,741.42,0,after-market,False
2026-07-28T22:06:00+00:00,741.41,741.48,741.3521,741.3521,0,after-market,False
2026-07-28T22:07:00+00:00,741.4548,741.4599,741.4241,741.453,0,after-market,False
2026-07-28T22:08:00+00:00,741.3971,741.56,741.3971,741.5,0,after-market,False
2026-07-28T22:09:00+00:00,741.5036,741.545,741.4808,741.5064,0,after-market,False
2026-07-28T22:10:00+00:00,741.5048,741.6,741.44,741.525,0,after-market,False
2026-07-28T22:11:00+00:00,741.35,741.3785,741.27,741.2973,0,after-market,False
2026-07-28T22:12:00+00:00,741.2765,741.329,741.2708,741.2708,0,after-market,False
2026-07-28T22:13:00+00:00,741.2915,741.2915,740.83,740.85,0,after-market,False
2026-07-28T22:14:00+00:00,740.85,741.0,740.7,740.82,0,after-market,False
2026-07-28T22:15:00+00:00,740.89,741.02,740.89,740.98,0,after-market,False
2026-07-28T22:16:00+00:00,740.935,740.98,740.83,740.84,0,after-market,False
2026-07-28T22:17:00+00:00,740.84,740.84,740.71,740.7401,0,after-market,False
2026-07-28T22:18:00+00:00,740.7112,740.76,740.4,740.4688,0,after-market,False
2026-07-28T22:19:00+00:00,740.5,740.61,740.41,740.54,0,after-market,False
2026-07-28T22:20:00+00:00,740.546,740.62,740.24,740.4317,0,after-market,False
2026-07-28T22:21:00+00:00,740.38,740.46,740.35,740.4,0,after-market,False
2026-07-28T22:22:00+00:00,740.4,740.46,740.38,740.4185,0,after-market,False
2026-07-28T22:23:00+00:00,740.38,740.3945,740.17,740.22,0,after-market,False
2026-07-28T22:24:00+00:00,740.15,740.26,740.14,740.2282,0,after-market,False
2026-07-28T22:25:00+00:00,740.2,740.2814,740.01,740.1,0,after-market,False
2026-07-28T22:26:00+00:00,740.0785,740.4,740.0212,740.3035,0,after-market,False
2026-07-28T22:27:00+00:00,740.4,740.4,740.27,740.3,0,after-market,False
2026-07-28T22:28:00+00:00,740.31,740.478,740.31,740.42,0,after-market,False
2026-07-28T22:29:00+00:00,740.3773,740.5,740.3773,740.47,0,after-market,False
2026-07-28T22:30:00+00:00,740.37,740.5,740.32,740.4477,0,after-market,False
2026-07-28T22:31:00+00:00,740.4799,740.4799,740.33,740.33,0,after-market,False
2026-07-28T22:32:00+00:00,740.25,740.25,739.745,740.025,0,after-market,False
2026-07-28T22:33:00+00:00,740.07,740.165,739.66,739.72,0,after-market,False
2026-07-28T22:34:00+00:00,739.82,739.94,739.7577,739.89,0,after-market,False
2026-07-28T22:35:00+00:00,739.86,739.9388,739.7,739.79,0,after-market,False
2026-07-28T22:36:00+00:00,739.94,740.2,739.93,740.1047,0,after-market,False
2026-07-28T22:37:00+00:00,740.0352,740.0747,739.86,739.889,0,after-market,False
2026-07-28T22:38:00+00:00,739.835,739.87,739.57,739.57,0,after-market,False
2026-07-28T22:39:00+00:00,739.5798,739.6923,739.345,739.3987,0,after-market,False
2026-07-28T22:40:00+00:00,739.445,739.6806,739.41,739.665,0,after-market,False
2026-07-28T22:41:00+00:00,739.65,739.69,739.5734,739.69,0,after-market,False
2026-07-28T22:42:00+00:00,739.71,739.75,739.6875,739.73,0,after-market,False
2026-07-28T22:43:00+00:00,739.73,739.77,739.6304,739.7112,0,after-market,False
2026-07-28T22:44:00+00:00,739.7112,739.7112,739.4155,739.6,0,after-market,False
2026-07-28T22:45:00+00:00,739.55,739.6,739.4,739.42,0,after-market,False
2026-07-28T22:46:00+00:00,739.4,739.56,739.355,739.5,0,after-market,False
2026-07-28T22:47:00+00:00,739.58,739.6,739.4,739.4261,0,after-market,False
2026-07-28T22:48:00+00:00,739.3892,739.605,739.32,739.585,0,after-market,False
2026-07-28T22:49:00+00:00,739.57,739.59,739.38,739.5085,0,after-market,False
2026-07-28T22:50:00+00:00,739.5,739.61,739.36,739.545,0,after-market,False
2026-07-28T22:51:00+00:00,739.515,739.643,739.4477,739.643,0,after-market,False
2026-07-28T22:52:00+00:00,739.64,739.93,739.5819,739.91,0,after-market,False
2026-07-28T22:53:00+00:00,739.83,739.83,739.3,739.3,0,after-market,False
2026-07-28T22:54:00+00:00,739.33,739.672,739.32,739.672,0,after-market,False
2026-07-28T22:55:00+00:00,739.68,739.76,739.6787,739.7538,0,after-market,False
2026-07-28T22:56:00+00:00,739.7273,739.8277,739.6062,739.74,0,after-market,False
2026-07-28T22:57:00+00:00,739.7,739.85,739.68,739.84,0,after-market,False
2026-07-28T22:58:00+00:00,739.81,739.8502,739.68,739.68,0,after-market,False
2026-07-28T22:59:00+00:00,739.62,739.7118,739.371,739.371,0,after-market,False
2026-07-28T23:00:00+00:00,739.375,739.42,739.24,739.3894,0,after-market,False
2026-07-28T23:01:00+00:00,739.32,739.48,739.32,739.335,0,after-market,False
2026-07-28T23:02:00+00:00,739.295,739.3615,739.24,739.291,0,after-market,False
2026-07-28T23:03:00+00:00,739.32,739.43,739.13,739.2935,0,after-market,False
2026-07-28T23:04:00+00:00,739.33,739.815,739.3,739.815,0,after-market,False
2026-07-28T23:05:00+00:00,739.8,739.9005,739.7545,739.86,0,after-market,False
2026-07-28T23:06:00+00:00,739.85,740.07,739.85,739.9052,0,after-market,False
2026-07-28T23:07:00+00:00,739.95,740.07,739.91,740.07,0,after-market,False
2026-07-28T23:08:00+00:00,740.02,740.07,739.97,739.97,0,after-market,False
2026-07-28T23:09:00+00:00,739.93,740.0,739.44,739.4558,0,after-market,False
2026-07-28T23:10:00+00:00,739.45,739.75,739.4,739.64,0,after-market,False
2026-07-28T23:11:00+00:00,739.5637,740.03,739.54,740.03,0,after-market,False
2026-07-28T23:12:00+00:00,740.04,740.15,740.0,740.12,0,after-market,False
2026-07-28T23:13:00+00:00,740.145,740.55,740.1,740.44,0,after-market,False
2026-07-28T23:14:00+00:00,740.43,740.7242,740.4,740.65,0,after-market,False
2026-07-28T23:15:00+00:00,740.49,740.5399,740.33,740.33,0,after-market,False
2026-07-28T23:16:00+00:00,740.34,740.4614,740.14,740.4536,0,after-market,False
2026-07-28T23:17:00+00:00,740.44,740.5814,740.32,740.455,0,after-market,False
2026-07-28T23:18:00+00:00,740.5,740.63,740.374,740.41,0,after-market,False
2026-07-28T23:19:00+00:00,740.3965,740.3965,740.2738,740.33,0,after-market,False
2026-07-28T23:20:00+00:00,740.2897,740.52,740.15,740.52,0,after-market,False
2026-07-28T23:21:00+00:00,740.4692,740.57,740.355,740.53,0,after-market,False
2026-07-28T23:22:00+00:00,740.56,740.91,740.56,740.89,0,after-market,False
2026-07-28T23:23:00+00:00,740.8924,741.0613,740.8924,741.0613,0,after-market,False
2026-07-28T23:24:00+00:00,741.06,741.0845,741.01,741.01,0,after-market,False
2026-07-28T23:25:00+00:00,741.0369,741.045,740.9918,740.9958,0,after-market,False
2026-07-28T23:26:00+00:00,741.03,741.15,741.03,741.124,0,after-market,False
2026-07-28T23:27:00+00:00,741.13,741.26,740.925,740.9799,0,after-market,False
2026-07-28T23:28:00+00:00,741.04,741.19,741.04,741.105,0,after-market,False
2026-07-28T23:29:00+00:00,741.1,741.1534,740.99,741.07,0,after-market,False
2026-07-28T23:30:00+00:00,740.99,741.07,740.9399,741.07,0,after-market,False
2026-07-28T23:31:00+00:00,741.09,741.145,741.06,741.07,0,after-market,False
2026-07-28T23:32:00+00:00,741.0908,741.28,741.0615,741.0815,0,after-market,False
2026-07-28T23:33:00+00:00,741.05,741.1207,741.0423,741.05,0,after-market,False
2026-07-28T23:34:00+00:00,741.04,741.2,741.04,741.09,0,after-market,False
2026-07-28T23:35:00+00:00,741.0885,741.14,741.03,741.07,0,after-market,False
2026-07-28T23:36:00+00:00,741.08,741.1207,741.05,741.06,0,after-market,False
2026-07-28T23:37:00+00:00,741.14,741.14,741.0802,741.13,0,after-market,False
2026-07-28T23:38:00+00:00,741.15,741.15,741.0292,741.1,0,after-market,False
2026-07-28T23:39:00+00:00,741.02,741.0271,741.0,741.0,0,after-market,False
2026-07-28T23:40:00+00:00,741.0,741.15,741.0,741.119,0,after-market,False
2026-07-28T23:41:00+00:00,741.1501,741.2,741.1,741.12,0,after-market,False
2026-07-28T23:42:00+00:00,741.0758,741.12,741.06,741.06,0,after-market,False
2026-07-28T23:43:00+00:00,741.04,741.335,741.04,741.32,0,after-market,False
2026-07-28T23:44:00+00:00,741.35,742.5907,741.35,742.4601,0,after-market,False
2026-07-28T23:45:00+00:00,742.3939,742.43,742.17,742.17,0,after-market,False
2026-07-28T23:46:00+00:00,742.26,742.6799,742.23,742.58,0,after-market,False
2026-07-28T23:47:00+00:00,742.5931,742.95,742.53,742.77,0,after-market,False
2026-07-28T23:48:00+00:00,742.7269,742.91,742.67,742.77,0,after-market,False
2026-07-28T23:49:00+00:00,742.8,743.06,742.73,742.98,0,after-market,False
2026-07-28T23:50:00+00:00,743.04,743.63,743.04,743.56,0,after-market,False
2026-07-28T23:51:00+00:00,743.568,743.568,743.3,743.3601,0,after-market,False
2026-07-28T23:52:00+00:00,743.38,743.38,742.9887,743.1,0,after-market,False
2026-07-28T23:53:00+00:00,743.13,743.31,743.12,743.12,0,after-market,False
2026-07-28T23:54:00+00:00,743.03,743.2608,743.03,743.2608,0,after-market,False
2026-07-28T23:55:00+00:00,743.166,743.28,743.0861,743.14,0,after-market,False
2026-07-28T23:56:00+00:00,743.18,743.4,743.18,743.34,0,after-market,False
2026-07-28T23:57:00+00:00,743.28,743.57,743.28,743.57,0,after-market,False
2026-07-28T23:58:00+00:00,743.53,743.6,743.4075,743.6,0,after-market,False
2026-07-28T23:59:00+00:00,743.508,743.62,743.43,743.62,0,after-market,False
2026-07-29T08:00:00+00:00,742.4,743.48,738.2875,742.35,0,pre-market,False
2026-07-29T08:01:00+00:00,742.43,742.67,738.35,742.6,0,pre-market,False
2026-07-29T08:02:00+00:00,742.43,742.43,738.6,738.72,0,pre-market,False
2026-07-29T08:03:00+00:00,738.76,742.43,738.2,740.08,0,pre-market,False
2026-07-29T08:04:00+00:00,740.05,742.41,739.5,742.14,0,pre-market,False
2026-07-29T08:05:00+00:00,741.84,742.75,739.89,742.12,0,pre-market,False
2026-07-29T08:06:00+00:00,742.18,742.28,740.0,742.2,0,pre-market,False
2026-07-29T08:07:00+00:00,742.2616,742.31,742.21,742.21,0,pre-market,False
2026-07-29T08:08:00+00:00,742.19,742.42,738.94,742.39,0,pre-market,False
2026-07-29T08:09:00+00:00,742.1,742.1,742.08,742.09,0,pre-market,False
2026-07-29T08:11:00+00:00,742.23,742.26,742.17,742.182,0,pre-market,False
2026-07-29T08:12:00+00:00,742.15,742.15,741.83,741.83,0,pre-market,False
2026-07-29T08:13:00+00:00,741.89,742.0,741.83,741.98,0,pre-market,False
2026-07-29T08:14:00+00:00,741.98,741.98,741.71,741.77,0,pre-market,False
2026-07-29T08:15:00+00:00,741.77,741.83,741.74,741.83,0,pre-market,False
2026-07-29T08:16:00+00:00,741.7,742.03,741.7,741.93,0,pre-market,False
2026-07-29T08:17:00+00:00,741.9482,742.0,741.9482,742.0,0,pre-market,False
2026-07-29T08:18:00+00:00,742.01,742.02,741.97,741.98,0,pre-market,False
2026-07-29T08:19:00+00:00,741.94,742.0,741.75,741.75,0,pre-market,False
2026-07-29T08:20:00+00:00,741.828,741.828,741.71,741.73,0,pre-market,False
2026-07-29T08:21:00+00:00,741.74,741.76,741.7,741.75,0,pre-market,False
2026-07-29T08:22:00+00:00,741.77,741.85,741.77,741.8,0,pre-market,False
2026-07-29T08:23:00+00:00,741.73,741.76,741.55,741.62,0,pre-market,False
2026-07-29T08:24:00+00:00,741.6,741.65,741.41,741.41,0,pre-market,False
2026-07-29T08:25:00+00:00,741.45,741.47,741.38,741.38,0,pre-market,False
2026-07-29T08:26:00+00:00,741.3812,741.41,741.23,741.3,0,pre-market,False
2026-07-29T08:27:00+00:00,741.27,741.4287,741.2,741.41,0,pre-market,False
2026-07-29T08:28:00+00:00,741.4,741.4,741.31,741.36,0,pre-market,False
2026-07-29T08:29:00+00:00,741.33,741.4085,741.33,741.3512,0,pre-market,False
2026-07-29T08:30:00+00:00,741.37,741.66,741.27,741.65,0,pre-market,False
2026-07-29T08:31:00+00:00,741.7375,742.0,741.7375,742.0,0,pre-market,False
2026-07-29T08:32:00+00:00,742.1,742.32,742.0615,742.29,0,pre-market,False
2026-07-29T08:33:00+00:00,742.29,742.36,742.1482,742.15,0,pre-market,False
2026-07-29T08:34:00+00:00,742.25,742.32,742.17,742.24,0,pre-market,False
2026-07-29T08:35:00+00:00,742.23,742.29,742.11,742.11,0,pre-market,False
2026-07-29T08:36:00+00:00,742.18,742.31,742.18,742.31,0,pre-market,False
2026-07-29T08:37:00+00:00,742.31,742.31,742.22,742.22,0,pre-market,False
2026-07-29T08:38:00+00:00,742.2285,742.3,742.1515,742.18,0,pre-market,False
2026-07-29T08:39:00+00:00,742.11,742.18,742.079,742.091,0,pre-market,False
2026-07-29T08:40:00+00:00,742.11,742.11,742.04,742.09,0,pre-market,False
2026-07-29T08:42:00+00:00,742.25,742.25,742.25,742.25,0,pre-market,False
2026-07-29T08:43:00+00:00,742.3285,742.55,742.3285,742.52,0,pre-market,False
2026-07-29T08:44:00+00:00,742.53,742.63,742.52,742.54,0,pre-market,False
2026-07-29T08:45:00+00:00,742.57,742.64,742.52,742.57,0,pre-market,False
2026-07-29T08:46:00+00:00,742.64,742.79,742.62,742.77,0,pre-market,False
2026-07-29T08:47:00+00:00,742.74,742.74,742.6695,742.6695,0,pre-market,False
2026-07-29T08:48:00+00:00,742.65,742.69,742.5,742.5,0,pre-market,False
2026-07-29T08:49:00+00:00,742.46,742.69,742.46,742.69,0,pre-market,False
2026-07-29T08:50:00+00:00,742.75,742.83,742.74,742.83,0,pre-market,False
2026-07-29T08:51:00+00:00,742.61,742.61,742.5912,742.5912,0,pre-market,False
2026-07-29T08:52:00+00:00,742.62,742.62,742.5491,742.5999,0,pre-market,False
2026-07-29T08:54:00+00:00,742.51,742.51,742.35,742.35,0,pre-market,False
2026-07-29T08:55:00+00:00,742.53,742.53,742.53,742.53,0,pre-market,False
2026-07-29T08:56:00+00:00,742.4215,742.4417,742.4215,742.4417,0,pre-market,False
2026-07-29T08:57:00+00:00,742.43,742.43,742.4,742.4,0,pre-market,False
2026-07-29T08:58:00+00:00,742.35,742.35,742.2615,742.2615,0,pre-market,False
2026-07-29T08:59:00+00:00,742.25,742.2882,742.25,742.25,0,pre-market,False
2026-07-29T09:00:00+00:00,742.38,742.43,742.27,742.4285,0,pre-market,False
2026-07-29T09:01:00+00:00,742.42,742.52,742.39,742.52,0,pre-market,False
2026-07-29T09:02:00+00:00,742.53,742.53,742.32,742.32,0,pre-market,False
2026-07-29T09:03:00+00:00,742.25,742.53,742.25,742.52,0,pre-market,False
2026-07-29T09:04:00+00:00,742.62,742.62,742.47,742.47,0,pre-market,False
2026-07-29T09:05:00+00:00,742.4008,742.51,742.4008,742.51,0,pre-market,False
2026-07-29T09:06:00+00:00,742.52,742.63,742.452,742.52,0,pre-market,False
2026-07-29T09:07:00+00:00,742.43,742.48,742.25,742.46,0,pre-market,False
2026-07-29T09:08:00+00:00,742.39,742.41,742.25,742.36,0,pre-market,False
2026-07-29T09:09:00+00:00,742.4785,742.5385,742.46,742.48,0,pre-market,False
2026-07-29T09:10:00+00:00,742.4535,742.46,742.33,742.33,0,pre-market,False
2026-07-29T09:11:00+00:00,742.35,742.39,742.35,742.35,0,pre-market,False
2026-07-29T09:12:00+00:00,742.411,742.4904,742.411,742.47,0,pre-market,False
2026-07-29T09:13:00+00:00,742.47,742.51,742.35,742.35,0,pre-market,False
2026-07-29T09:14:00+00:00,742.36,742.51,742.36,742.47,0,pre-market,False
2026-07-29T09:15:00+00:00,742.549,742.549,742.465,742.54,0,pre-market,False
2026-07-29T09:16:00+00:00,742.51,742.51,742.4108,742.4108,0,pre-market,False
2026-07-29T09:17:00+00:00,742.3473,742.41,742.27,742.27,0,pre-market,False
2026-07-29T09:18:00+00:00,742.28,742.5292,742.28,742.5,0,pre-market,False
2026-07-29T09:19:00+00:00,742.42,742.4882,742.35,742.35,0,pre-market,False
2026-07-29T09:20:00+00:00,742.34,742.36,742.23,742.3488,0,pre-market,False
2026-07-29T09:21:00+00:00,742.26,742.39,742.25,742.29,0,pre-market,False
2026-07-29T09:22:00+00:00,742.34,742.51,742.34,742.51,0,pre-market,False
2026-07-29T09:23:00+00:00,742.46,742.4807,742.22,742.26,0,pre-market,False
2026-07-29T09:24:00+00:00,742.3,742.31,742.2717,742.3,0,pre-market,False
2026-07-29T09:25:00+00:00,742.3512,742.5,742.3512,742.5,0,pre-market,False
2026-07-29T09:26:00+00:00,742.43,742.4882,742.41,742.42,0,pre-market,False
2026-07-29T09:27:00+00:00,742.25,742.26,742.2315,742.2315,0,pre-market,False
2026-07-29T09:28:00+00:00,742.23,742.29,742.1719,742.23,0,pre-market,False
2026-07-29T09:29:00+00:00,742.3224,742.3224,742.27,742.3,0,pre-market,False
2026-07-29T09:30:00+00:00,742.33,742.33,742.2306,742.25,0,pre-market,False
2026-07-29T09:31:00+00:00,742.23,742.2412,742.19,742.23,0,pre-market,False
2026-07-29T09:32:00+00:00,742.2,742.2036,742.12,742.15,0,pre-market,False
2026-07-29T09:33:00+00:00,742.149,742.15,742.0487,742.08,0,pre-market,False
2026-07-29T09:34:00+00:00,742.14,742.279,742.14,742.19,0,pre-market,False
2026-07-29T09:35:00+00:00,742.23,742.23,742.14,742.14,0,pre-market,False
2026-07-29T09:36:00+00:00,742.1718,742.32,742.16,742.23,0,pre-market,False
2026-07-29T09:37:00+00:00,742.23,742.33,742.23,742.31,0,pre-market,False
2026-07-29T09:38:00+00:00,742.4215,742.5,742.4215,742.5,0,pre-market,False
2026-07-29T09:39:00+00:00,742.4812,742.4812,742.25,742.28,0,pre-market,False
2026-07-29T09:40:00+00:00,742.3,742.53,742.3,742.53,0,pre-market,False
2026-07-29T09:41:00+00:00,742.5,742.56,742.42,742.5587,0,pre-market,False
2026-07-29T09:42:00+00:00,742.56,742.6,742.49,742.6,0,pre-market,False
2026-07-29T09:43:00+00:00,742.65,742.7,742.58,742.59,0,pre-market,False
2026-07-29T09:44:00+00:00,742.56,742.58,742.51,742.5317,0,pre-market,False
2026-07-29T09:45:00+00:00,742.61,742.8,742.6,742.78,0,pre-market,False
2026-07-29T09:46:00+00:00,742.77,742.8,742.72,742.77,0,pre-market,False
2026-07-29T09:47:00+00:00,742.7112,742.82,742.7112,742.82,0,pre-market,False
2026-07-29T09:48:00+00:00,742.83,742.85,742.7882,742.81,0,pre-market,False
2026-07-29T09:49:00+00:00,742.88,742.99,742.85,742.99,0,pre-market,False
2026-07-29T09:50:00+00:00,742.99,743.1907,742.9833,743.1785,0,pre-market,False
2026-07-29T09:51:00+00:00,743.2,743.32,743.17,743.32,0,pre-market,False
2026-07-29T09:52:00+00:00,743.29,743.42,743.26,743.42,0,pre-market,False
2026-07-29T09:53:00+00:00,743.37,743.44,743.23,743.23,0,pre-market,False
2026-07-29T09:54:00+00:00,743.15,743.2082,743.1285,743.17,0,pre-market,False
2026-07-29T09:55:00+00:00,743.02,743.02,742.879,742.879,0,pre-market,False
2026-07-29T09:56:00+00:00,742.8,742.8,742.72,742.72,0,pre-market,False
2026-07-29T09:57:00+00:00,742.7,742.76,742.56,742.76,0,pre-market,False
2026-07-29T09:58:00+00:00,742.78,742.78,742.78,742.78,0,pre-market,False
2026-07-29T09:59:00+00:00,742.83,742.91,742.83,742.86,0,pre-market,False
2026-07-29T10:00:00+00:00,742.76,742.7687,742.7,742.71,0,pre-market,False
2026-07-29T10:01:00+00:00,742.77,742.83,742.77,742.79,0,pre-market,False
2026-07-29T10:02:00+00:00,742.94,742.94,742.75,742.75,0,pre-market,False
2026-07-29T10:03:00+00:00,742.9,743.0582,742.87,742.98,0,pre-market,False
2026-07-29T10:04:00+00:00,742.9089,742.92,742.899,742.899,0,pre-market,False
2026-07-29T10:05:00+00:00,742.88,743.0935,742.81,743.0,0,pre-market,False
2026-07-29T10:06:00+00:00,742.998,742.998,742.5785,742.5785,0,pre-market,False
2026-07-29T10:07:00+00:00,742.58,742.58,742.49,742.531,0,pre-market,False
2026-07-29T10:08:00+00:00,742.6,742.7,742.6,742.7,0,pre-market,False
2026-07-29T10:09:00+00:00,742.6,742.66,742.6,742.66,0,pre-market,False
2026-07-29T10:10:00+00:00,742.75,742.75,742.67,742.67,0,pre-market,False
2026-07-29T10:11:00+00:00,742.6587,742.68,742.62,742.6631,0,pre-market,False
2026-07-29T10:12:00+00:00,742.68,742.68,742.58,742.59,0,pre-market,False
2026-07-29T10:13:00+00:00,742.57,742.57,742.54,742.56,0,pre-market,False
2026-07-29T10:14:00+00:00,742.66,742.66,742.55,742.64,0,pre-market,False
2026-07-29T10:15:00+00:00,742.619,742.619,742.619,742.619,0,pre-market,False
2026-07-29T10:16:00+00:00,742.69,742.76,742.69,742.76,0,pre-market,False
2026-07-29T10:17:00+00:00,742.8212,742.8212,742.7112,742.7112,0,pre-market,False
2026-07-29T10:18:00+00:00,742.76,742.84,742.75,742.76,0,pre-market,False
2026-07-29T10:19:00+00:00,742.69,742.69,742.59,742.64,0,pre-market,False
2026-07-29T10:20:00+00:00,742.64,742.68,742.6,742.619,0,pre-market,False
2026-07-29T10:21:00+00:00,742.6315,742.6315,742.61,742.61,0,pre-market,False
2026-07-29T10:22:00+00:00,742.63,742.64,742.5815,742.63,0,pre-market,False
2026-07-29T10:23:00+00:00,742.6504,742.6504,742.6504,742.6504,0,pre-market,False
2026-07-29T10:24:00+00:00,742.62,742.62,742.57,742.57,0,pre-market,False
2026-07-29T10:25:00+00:00,742.61,742.6182,742.42,742.42,0,pre-market,False
2026-07-29T10:26:00+00:00,742.43,742.47,742.39,742.47,0,pre-market,False
2026-07-29T10:27:00+00:00,742.47,742.53,742.38,742.4977,0,pre-market,False
2026-07-29T10:28:00+00:00,742.5082,742.51,742.46,742.5,0,pre-market,False
2026-07-29T10:29:00+00:00,742.55,742.75,742.55,742.75,0,pre-market,False
2026-07-29T10:30:00+00:00,742.76,742.85,742.64,742.64,0,pre-market,False
2026-07-29T10:31:00+00:00,742.61,742.61,742.47,742.52,0,pre-market,False
2026-07-29T10:32:00+00:00,742.51,742.51,742.4,742.41,0,pre-market,False
2026-07-29T10:33:00+00:00,742.44,742.53,742.41,742.45,0,pre-market,False
2026-07-29T10:34:00+00:00,742.5,742.5,742.38,742.431,0,pre-market,False
2026-07-29T10:35:00+00:00,742.41,742.41,742.3408,742.3567,0,pre-market,False
2026-07-29T10:36:00+00:00,742.35,742.36,742.29,742.36,0,pre-market,False
2026-07-29T10:37:00+00:00,742.3,742.31,742.25,742.25,0,pre-market,False
2026-07-29T10:38:00+00:00,742.22,742.25,742.04,742.05,0,pre-market,False
2026-07-29T10:39:00+00:00,742.08,742.17,742.06,742.06,0,pre-market,False
2026-07-29T10:40:00+00:00,742.0502,742.135,742.0502,742.1,0,pre-market,False
2026-07-29T10:41:00+00:00,742.2112,742.47,742.2112,742.47,0,pre-market,False
2026-07-29T10:42:00+00:00,742.35,742.36,742.35,742.36,0,pre-market,False
2026-07-29T10:43:00+00:00,742.24,742.29,742.24,742.29,0,pre-market,False
2026-07-29T10:44:00+00:00,742.26,742.3687,742.26,742.3687,0,pre-market,False
2026-07-29T10:45:00+00:00,742.31,742.35,742.23,742.23,0,pre-market,False
2026-07-29T10:46:00+00:00,742.33,742.33,742.18,742.19,0,pre-market,False
2026-07-29T10:47:00+00:00,742.2604,742.2604,742.1504,742.1504,0,pre-market,False
2026-07-29T10:48:00+00:00,742.2,742.27,742.2,742.27,0,pre-market,False
2026-07-29T10:49:00+00:00,742.26,742.2615,742.26,742.26,0,pre-market,False
2026-07-29T10:50:00+00:00,742.29,742.36,742.29,742.3187,0,pre-market,False
2026-07-29T10:51:00+00:00,742.36,742.36,742.09,742.09,0,pre-market,False
2026-07-29T10:52:00+00:00,742.1287,742.1287,742.0052,742.07,0,pre-market,False
2026-07-29T10:53:00+00:00,742.03,742.03,741.94,741.94,0,pre-market,False
2026-07-29T10:54:00+00:00,742.06,742.06,741.9,741.98,0,pre-market,False
2026-07-29T10:55:00+00:00,741.87,741.97,741.87,741.947,0,pre-market,False
2026-07-29T10:56:00+00:00,741.97,742.07,741.91,742.07,0,pre-market,False
2026-07-29T10:57:00+00:00,742.12,742.12,742.02,742.05,0,pre-market,False
2026-07-29T10:58:00+00:00,742.01,742.01,741.96,741.97,0,pre-market,False
2026-07-29T10:59:00+00:00,741.99,742.01,741.92,741.98,0,pre-market,False
2026-07-29T11:00:00+00:00,742.04,742.31,740.86,742.3,0,pre-market,False
2026-07-29T11:01:00+00:00,740.86,742.42,740.86,742.35,0,pre-market,False
2026-07-29T11:02:00+00:00,742.3491,742.43,742.25,742.38,0,pre-market,False
2026-07-29T11:03:00+00:00,742.3745,742.46,742.33,742.33,0,pre-market,False
2026-07-29T11:04:00+00:00,742.3629,742.42,742.25,742.28,0,pre-market,False
2026-07-29T11:05:00+00:00,742.33,742.33,742.22,742.3,0,pre-market,False
2026-07-29T11:06:00+00:00,742.25,742.25,741.93,741.9592,0,pre-market,False
2026-07-29T11:07:00+00:00,742.1484,742.3754,742.1305,742.3473,0,pre-market,False
2026-07-29T11:08:00+00:00,742.33,742.5676,742.33,742.52,0,pre-market,False
2026-07-29T11:09:00+00:00,742.5483,742.6008,742.52,742.5969,0,pre-market,False
2026-07-29T11:10:00+00:00,742.5897,742.68,742.5897,742.68,0,pre-market,False
2026-07-29T11:11:00+00:00,742.6599,742.68,742.6,742.61,0,pre-market,False
2026-07-29T11:12:00+00:00,742.6,742.6208,742.4548,742.52,0,pre-market,False
2026-07-29T11:13:00+00:00,742.49,742.58,742.49,742.532,0,pre-market,False
2026-07-29T11:14:00+00:00,742.5163,742.5523,742.4,742.42,0,pre-market,False
2026-07-29T11:15:00+00:00,742.4292,742.5049,742.41,742.46,0,pre-market,False
2026-07-29T11:16:00+00:00,742.51,742.51,742.4194,742.4516,0,pre-market,False
2026-07-29T11:17:00+00:00,742.4012,742.49,742.3693,742.49,0,pre-market,False
2026-07-29T11:18:00+00:00,742.53,742.74,742.53,742.63,0,pre-market,False
2026-07-29T11:19:00+00:00,742.6881,742.7,742.54,742.58,0,pre-market,False
2026-07-29T11:20:00+00:00,742.578,742.64,742.5682,742.64,0,pre-market,False
2026-07-29T11:21:00+00:00,742.6,742.69,742.6,742.66,0,pre-market,False
2026-07-29T11:22:00+00:00,742.66,742.75,742.59,742.6282,0,pre-market,False
2026-07-29T11:23:00+00:00,742.5355,742.67,742.5,742.5717,0,pre-market,False
2026-07-29T11:24:00+00:00,742.5734,742.5734,742.49,742.5,0,pre-market,False
2026-07-29T11:25:00+00:00,742.5,742.55,742.4692,742.53,0,pre-market,False
2026-07-29T11:26:00+00:00,742.53,742.6,742.52,742.53,0,pre-market,False
2026-07-29T11:27:00+00:00,742.52,742.69,742.52,742.65,0,pre-market,False
2026-07-29T11:28:00+00:00,742.68,742.68,742.58,742.67,0,pre-market,False
2026-07-29T11:29:00+00:00,742.69,742.71,742.46,742.49,0,pre-market,False
2026-07-29T11:30:00+00:00,742.4463,742.5156,742.36,742.5156,0,pre-market,False
2026-07-29T11:31:00+00:00,742.5458,742.5494,742.44,742.52,0,pre-market,False
2026-07-29T11:32:00+00:00,742.4423,742.4423,742.17,742.18,0,pre-market,False
2026-07-29T11:33:00+00:00,742.23,742.26,742.15,742.26,0,pre-market,False
2026-07-29T11:34:00+00:00,742.2508,742.3,742.1812,742.2658,0,pre-market,False
2026-07-29T11:35:00+00:00,742.206,742.25,742.14,742.16,0,pre-market,False
2026-07-29T11:36:00+00:00,742.1765,742.2315,742.16,742.16,0,pre-market,False
2026-07-29T11:37:00+00:00,742.239,742.2451,742.14,742.1496,0,pre-market,False
2026-07-29T11:38:00+00:00,742.1362,742.2124,742.06,742.2124,0,pre-market,False
2026-07-29T11:39:00+00:00,742.14,742.14,742.0,742.01,0,pre-market,False
2026-07-29T11:40:00+00:00,742.1124,742.19,742.1124,742.1311,0,pre-market,False
2026-07-29T11:41:00+00:00,742.12,742.1265,742.02,742.04,0,pre-market,False
2026-07-29T11:42:00+00:00,742.0492,742.25,742.0492,742.18,0,pre-market,False
2026-07-29T11:43:00+00:00,742.1555,742.2393,742.15,742.1568,0,pre-market,False
2026-07-29T11:44:00+00:00,742.18,742.18,742.0827,742.1308,0,pre-market,False
2026-07-29T11:45:00+00:00,742.15,742.1582,742.09,742.13,0,pre-market,False
2026-07-29T11:46:00+00:00,742.1,742.1,742.02,742.1,0,pre-market,False
2026-07-29T11:47:00+00:00,742.03,742.31,742.03,742.2708,0,pre-market,False
2026-07-29T11:48:00+00:00,742.32,742.56,742.271,742.4292,0,pre-market,False
2026-07-29T11:49:00+00:00,742.4,742.4283,742.35,742.3952,0,pre-market,False
2026-07-29T11:50:00+00:00,742.3921,742.3943,742.34,742.3708,0,pre-market,False
2026-07-29T11:51:00+00:00,742.3295,742.37,742.21,742.31,0,pre-market,False
2026-07-29T11:52:00+00:00,742.37,742.4224,742.1681,742.1681,0,pre-market,False
2026-07-29T11:53:00+00:00,742.1,742.1708,742.06,742.12,0,pre-market,False
2026-07-29T11:54:00+00:00,742.17,742.19,742.021,742.0272,0,pre-market,False
2026-07-29T11:55:00+00:00,742.0425,742.125,741.9915,742.1,0,pre-market,False
2026-07-29T11:56:00+00:00,742.1816,742.25,742.14,742.2444,0,pre-market,False
2026-07-29T11:57:00+00:00,742.25,742.25,742.1701,742.22,0,pre-market,False
2026-07-29T11:58:00+00:00,742.18,742.25,742.18,742.18,0,pre-market,False
2026-07-29T11:59:00+00:00,742.215,742.34,742.19,742.31,0,pre-market,False
2026-07-29T12:00:00+00:00,742.36,742.42,742.1886,742.22,0,pre-market,False
2026-07-29T12:01:00+00:00,742.215,742.279,742.1612,742.21,0,pre-market,False
2026-07-29T12:02:00+00:00,742.23,742.23,742.0712,742.0712,0,pre-market,False
2026-07-29T12:03:00+00:00,742.1099,742.1099,742.01,742.03,0,pre-market,False
2026-07-29T12:04:00+00:00,742.0402,742.1897,742.0402,742.1151,0,pre-market,False
2026-07-29T12:05:00+00:00,742.1,742.27,742.08,742.2277,0,pre-market,False
2026-07-29T12:06:00+00:00,742.24,742.42,742.05,742.05,0,pre-market,False
2026-07-29T12:07:00+00:00,742.02,742.0423,741.86,741.8723,0,pre-market,False
2026-07-29T12:08:00+00:00,741.888,741.8931,741.6788,741.7935,0,pre-market,False
2026-07-29T12:09:00+00:00,741.8152,741.8152,741.7411,741.77,0,pre-market,False
2026-07-29T12:10:00+00:00,741.8026,741.8585,741.71,741.8,0,pre-market,False
2026-07-29T12:11:00+00:00,741.85,741.9399,741.85,741.9108,0,pre-market,False
2026-07-29T12:12:00+00:00,741.9182,741.9864,741.77,741.8376,0,pre-market,False
2026-07-29T12:13:00+00:00,741.8623,741.8788,741.81,741.85,0,pre-market,False
2026-07-29T12:14:00+00:00,741.86,741.86,741.37,741.44,0,pre-market,False
2026-07-29T12:15:00+00:00,741.51,741.54,741.32,741.47,0,pre-market,False
2026-07-29T12:16:00+00:00,741.411,741.411,740.28,740.3,0,pre-market,False
2026-07-29T12:17:00+00:00,740.28,740.5493,740.0,740.5493,0,pre-market,False
2026-07-29T12:18:00+00:00,740.61,740.61,740.2,740.46,0,pre-market,False
2026-07-29T12:19:00+00:00,740.47,740.56,740.25,740.4,0,pre-market,False
2026-07-29T12:20:00+00:00,740.43,740.53,740.35,740.51,0,pre-market,False
2026-07-29T12:21:00+00:00,740.5394,740.635,740.27,740.34,0,pre-market,False
2026-07-29T12:22:00+00:00,740.32,740.33,740.012,740.33,0,pre-market,False
2026-07-29T12:23:00+00:00,740.28,740.57,740.25,740.57,0,pre-market,False
2026-07-29T12:24:00+00:00,740.54,740.59,740.15,740.18,0,pre-market,False
2026-07-29T12:25:00+00:00,740.1346,740.5274,740.1346,740.5274,0,pre-market,False
2026-07-29T12:26:00+00:00,740.54,740.56,740.45,740.55,0,pre-market,False
2026-07-29T12:27:00+00:00,740.51,740.75,740.47,740.56,0,pre-market,False
2026-07-29T12:28:00+00:00,740.57,740.6526,740.4987,740.6526,0,pre-market,False
2026-07-29T12:29:00+00:00,740.66,740.7302,740.25,740.25,0,pre-market,False
2026-07-29T12:30:00+00:00,740.24,740.24,739.9,740.21,0,pre-market,False
2026-07-29T12:31:00+00:00,740.25,740.29,740.1731,740.2393,0,pre-market,False
2026-07-29T12:32:00+00:00,740.26,740.327,740.16,740.2765,0,pre-market,False
2026-07-29T12:33:00+00:00,740.2777,740.28,740.08,740.2054,0,pre-market,False
2026-07-29T12:34:00+00:00,740.27,740.55,740.26,740.55,0,pre-market,False
2026-07-29T12:35:00+00:00,740.59,740.62,740.4911,740.56,0,pre-market,False
2026-07-29T12:36:00+00:00,740.52,740.64,740.335,740.3579,0,pre-market,False
2026-07-29T12:37:00+00:00,740.359,740.54,740.3069,740.4845,0,pre-market,False
2026-07-29T12:38:00+00:00,740.4722,740.63,740.41,740.41,0,pre-market,False
2026-07-29T12:39:00+00:00,740.429,740.62,740.429,740.62,0,pre-market,False
2026-07-29T12:40:00+00:00,740.63,740.63,740.485,740.51,0,pre-market,False
2026-07-29T12:41:00+00:00,740.51,740.79,740.51,740.76,0,pre-market,False
2026-07-29T12:42:00+00:00,740.779,740.84,740.69,740.7556,0,pre-market,False
2026-07-29T12:43:00+00:00,740.79,740.86,740.75,740.8078,0,pre-market,False
2026-07-29T12:44:00+00:00,740.81,740.9456,740.77,740.9281,0,pre-market,False
2026-07-29T12:45:00+00:00,740.97,740.97,740.79,740.8,0,pre-market,False
2026-07-29T12:46:00+00:00,740.82,740.95,740.81,740.9186,0,pre-market,False
2026-07-29T12:47:00+00:00,740.88,740.9114,740.74,740.82,0,pre-market,False
2026-07-29T12:48:00+00:00,740.8085,740.9417,740.75,740.9417,0,pre-market,False
2026-07-29T12:49:00+00:00,740.94,740.98,740.83,740.921,0,pre-market,False
2026-07-29T12:50:00+00:00,740.93,740.99,740.85,740.94,0,pre-market,False
2026-07-29T12:51:00+00:00,740.94,740.9695,740.76,740.8214,0,pre-market,False
2026-07-29T12:52:00+00:00,740.82,740.859,740.72,740.72,0,pre-market,False
2026-07-29T12:53:00+00:00,740.77,740.83,740.7,740.7161,0,pre-market,False
2026-07-29T12:54:00+00:00,740.71,740.8015,740.62,740.8015,0,pre-market,False
2026-07-29T12:55:00+00:00,740.7763,740.7996,740.69,740.72,0,pre-market,False
2026-07-29T12:56:00+00:00,740.8,740.87,740.71,740.84,0,pre-market,False
2026-07-29T12:57:00+00:00,740.8745,740.8745,740.601,740.601,0,pre-market,False
2026-07-29T12:58:00+00:00,740.64,740.6789,740.57,740.6115,0,pre-market,False
2026-07-29T12:59:00+00:00,740.6116,740.67,740.5597,740.6487,0,pre-market,False
2026-07-29T13:00:00+00:00,740.68,740.73,740.51,740.59,0,pre-market,False
2026-07-29T13:01:00+00:00,740.53,740.6244,740.52,740.52,0,pre-market,False
2026-07-29T13:02:00+00:00,740.51,740.61,740.37,740.37,0,pre-market,False
2026-07-29T13:03:00+00:00,740.35,740.35,740.09,740.09,0,pre-market,False
2026-07-29T13:04:00+00:00,740.09,740.09,739.9484,740.02,0,pre-market,False
2026-07-29T13:05:00+00:00,740.0,740.1017,739.96,740.04,0,pre-market,False
2026-07-29T13:06:00+00:00,740.06,740.12,739.89,739.9199,0,pre-market,False
2026-07-29T13:07:00+00:00,739.95,740.1404,739.95,740.14,0,pre-market,False
2026-07-29T13:08:00+00:00,740.1357,740.17,740.07,740.14,0,pre-market,False
2026-07-29T13:09:00+00:00,740.08,740.17,740.07,740.16,0,pre-market,False
2026-07-29T13:10:00+00:00,740.09,740.23,740.08,740.13,0,pre-market,False
2026-07-29T13:11:00+00:00,740.12,740.12,739.939,739.939,0,pre-market,False
2026-07-29T13:12:00+00:00,739.93,740.01,739.83,739.91,0,pre-market,False
2026-07-29T13:13:00+00:00,739.85,739.9,739.8,739.8775,0,pre-market,False
2026-07-29T13:14:00+00:00,739.84,739.91,739.74,739.81,0,pre-market,False
2026-07-29T13:30:00+00:00,739.969970703125,739.969970703125,738.8599853515625,739.3699951171875,1484777,regular,False
2026-07-29T13:31:00+00:00,739.3800048828125,739.5999755859375,738.719970703125,738.8200073242188,116436,regular,False
2026-07-29T13:32:00+00:00,738.8499755859375,739.489990234375,738.7899780273438,739.3400268554688,149422,regular,False
2026-07-29T13:33:00+00:00,739.375,740.0999755859375,739.155029296875,740.0900268554688,131156,regular,False
2026-07-29T13:34:00+00:00,740.0900268554688,740.3900146484375,739.9299926757812,740.030029296875,123244,regular,False
2026-07-29T13:35:00+00:00,740.02001953125,740.239990234375,739.9000244140625,740.0800170898438,74973,regular,False
2026-07-29T13:36:00+00:00,740.0800170898438,740.1699829101562,739.75,739.97998046875,83658,regular,False
2026-07-29T13:37:00+00:00,740.02001953125,740.07373046875,739.3900146484375,739.780029296875,57408,regular,False
2026-07-29T13:38:00+00:00,739.7999877929688,740.0599975585938,739.2119750976562,739.25,90458,regular,False
2026-07-29T13:39:00+00:00,739.239990234375,740.0399780273438,739.1749877929688,739.9000244140625,89213,regular,False
2026-07-29T13:40:00+00:00,739.8900146484375,740.0399780273438,739.4299926757812,739.97998046875,118644,regular,False
2026-07-29T13:41:00+00:00,739.989990234375,740.0399780273438,739.6199951171875,739.7100219726562,78311,regular,False
2026-07-29T13:42:00+00:00,739.75,739.8200073242188,739.4199829101562,739.5449829101562,71319,regular,False
2026-07-29T13:43:00+00:00,739.5800170898438,739.7000122070312,739.3200073242188,739.510009765625,93327,regular,False
2026-07-29T13:44:00+00:00,739.5399780273438,739.75,739.52001953125,739.6799926757812,477243,regular,False
2026-07-29T13:45:00+00:00,739.6599731445312,740.219970703125,739.6300048828125,739.97998046875,100688,regular,False
2026-07-29T13:46:00+00:00,739.969970703125,740.1298828125,739.4400024414062,739.5399780273438,70983,regular,False
2026-07-29T13:47:00+00:00,739.5599975585938,739.6300048828125,739.02001953125,739.1950073242188,120521,regular,False
2026-07-29T13:48:00+00:00,739.2000122070312,739.3599853515625,739.0499877929688,739.2100219726562,92124,regular,False
2026-07-29T13:49:00+00:00,739.219970703125,739.3800048828125,738.8800048828125,739.155029296875,140858,regular,False
2026-07-29T13:50:00+00:00,739.1599731445312,739.2100219726562,738.2899780273438,738.3200073242188,91757,regular,False
2026-07-29T13:51:00+00:00,738.280029296875,738.2899780273438,737.8699951171875,737.8900146484375,158841,regular,False
2026-07-29T13:52:00+00:00,737.8900146484375,737.9400024414062,737.4650268554688,737.5599975585938,133383,regular,False
2026-07-29T13:53:00+00:00,737.5599975585938,737.9849853515625,737.4299926757812,737.969970703125,115294,regular,False
2026-07-29T13:54:00+00:00,737.989990234375,738.0999755859375,737.5999755859375,737.8099975585938,114531,regular,False
2026-07-29T13:55:00+00:00,737.780029296875,737.780029296875,737.0399780273438,737.25,143247,regular,False
2026-07-29T13:56:00+00:00,737.2698974609375,737.27001953125,736.8800048828125,736.9600219726562,88692,regular,False
2026-07-29T13:57:00+00:00,736.9400024414062,737.1199951171875,736.6099853515625,737.0399780273438,137475,regular,False
2026-07-29T13:58:00+00:00,737.0599975585938,737.510009765625,737.0499877929688,737.489990234375,101088,regular,False
2026-07-29T13:59:00+00:00,737.4849853515625,737.6199951171875,737.030029296875,737.3599853515625,156654,regular,False
2026-07-29T14:00:00+00:00,737.4299926757812,737.8400268554688,737.3499755859375,737.5599975585938,535006,regular,False
2026-07-29T14:01:00+00:00,737.5800170898438,737.72998046875,737.3599853515625,737.5250244140625,70409,regular,False
2026-07-29T14:02:00+00:00,737.5250244140625,738.0900268554688,737.469970703125,737.8099975585938,539867,regular,False
2026-07-29T14:03:00+00:00,737.780029296875,738.0,737.52001953125,737.5399780273438,0,regular,False
2026-07-29T14:04:00+00:00,737.5399780273438,737.7999877929688,737.3900146484375,737.7999877929688,77694,regular,False
2026-07-29T14:05:00+00:00,737.7849731445312,738.3300170898438,737.7849731445312,737.8699951171875,109566,regular,False
2026-07-29T14:06:00+00:00,737.8499755859375,737.9400024414062,737.27001953125,737.3400268554688,105931,regular,False
2026-07-29T14:07:00+00:00,737.3499755859375,737.3499755859375,736.8699951171875,737.0800170898438,94860,regular,False
2026-07-29T14:08:00+00:00,737.10498046875,737.1599731445312,736.77001953125,736.9299926757812,60505,regular,False
2026-07-29T14:09:00+00:00,736.9550170898438,737.1199951171875,736.7100219726562,736.8099975585938,44842,regular,False
2026-07-29T14:10:00+00:00,736.780029296875,736.7999877929688,736.5499877929688,736.760009765625,93112,regular,False
2026-07-29T14:11:00+00:00,736.77001953125,737.0399780273438,736.6849975585938,736.8800048828125,102675,regular,False
2026-07-29T14:12:00+00:00,736.8699951171875,736.989990234375,735.7150268554688,735.760009765625,145605,regular,False
2026-07-29T14:13:00+00:00,735.739990234375,735.739990234375,735.0401000976562,735.3300170898438,205521,regular,False
2026-07-29T14:14:00+00:00,735.3599853515625,735.5700073242188,735.1400146484375,735.4099731445312,180215,regular,False
2026-07-29T14:15:00+00:00,735.4099731445312,735.8200073242188,735.3599853515625,735.7000122070312,110433,regular,False
2026-07-29T14:16:00+00:00,735.6749877929688,735.9099731445312,735.530029296875,735.8800048828125,58433,regular,False
2026-07-29T14:17:00+00:00,735.8699951171875,736.0075073242188,735.52001953125,735.6199951171875,96738,regular,False
2026-07-29T14:18:00+00:00,735.6199951171875,736.27001953125,735.6099853515625,736.0899047851562,152986,regular,False
2026-07-29T14:19:00+00:00,736.1099243164062,736.1900024414062,735.760009765625,735.8900146484375,121579,regular,False
2026-07-29T14:20:00+00:00,735.8900146484375,736.1599731445312,735.6903076171875,736.0399780273438,110705,regular,False
2026-07-29T14:21:00+00:00,736.02001953125,736.280029296875,735.8800048828125,736.219970703125,112352,regular,False
2026-07-29T14:22:00+00:00,736.2274780273438,736.469970703125,736.0999755859375,736.25,77786,regular,False
2026-07-29T14:23:00+00:00,736.25,736.4400024414062,735.9299926757812,735.97998046875,104743,regular,False
2026-07-29T14:24:00+00:00,735.989990234375,736.0599975585938,735.3099975585938,735.489990234375,114943,regular,False
2026-07-29T14:25:00+00:00,735.469970703125,735.52001953125,734.7999877929688,734.8049926757812,155547,regular,False
2026-07-29T14:26:00+00:00,734.8049926757812,734.8049926757812,734.260009765625,734.6599731445312,218367,regular,False
2026-07-29T14:27:00+00:00,734.6599731445312,734.9299926757812,734.4000244140625,734.8250122070312,265867,regular,False
2026-07-29T14:28:00+00:00,734.8300170898438,735.1099853515625,734.760009765625,735.0800170898438,117510,regular,False
2026-07-29T14:29:00+00:00,735.0800170898438,735.219970703125,734.8350219726562,734.9199829101562,81488,regular,False
2026-07-29T14:30:00+00:00,734.9099731445312,735.3900146484375,734.8099975585938,735.3200073242188,85025,regular,False
2026-07-29T14:31:00+00:00,735.2999877929688,735.4395141601562,735.0599975585938,735.2000122070312,89640,regular,False
2026-07-29T14:32:00+00:00,735.22998046875,735.5700073242188,735.1699829101562,735.489990234375,111355,regular,False
2026-07-29T14:33:00+00:00,735.469970703125,735.8400268554688,735.4199829101562,735.5,0,regular,False
2026-07-29T14:34:00+00:00,735.5,735.52001953125,735.0599975585938,735.3200073242188,87238,regular,False
2026-07-29T14:35:00+00:00,735.3200073242188,735.4000244140625,734.930419921875,735.3200073242188,266471,regular,False
2026-07-29T14:36:00+00:00,735.3699951171875,735.4600219726562,735.0999755859375,735.3400268554688,101151,regular,False
2026-07-29T14:37:00+00:00,735.3400268554688,735.3400268554688,735.0800170898438,735.1900024414062,91907,regular,False
2026-07-29T14:38:00+00:00,735.1649780273438,735.405029296875,734.9000244140625,735.405029296875,91489,regular,False
2026-07-29T14:39:00+00:00,735.4000244140625,735.4199829101562,734.6599731445312,734.8099975585938,106594,regular,False
2026-07-29T14:40:00+00:00,734.780029296875,734.7999877929688,734.02001953125,734.25,166660,regular,False
2026-07-29T14:41:00+00:00,734.260009765625,734.7150268554688,734.2100219726562,734.3800048828125,107048,regular,False
2026-07-29T14:42:00+00:00,734.3599853515625,734.385009765625,733.9500122070312,733.9550170898438,92658,regular,False
2026-07-29T14:43:00+00:00,733.9550170898438,734.344970703125,733.9299926757812,734.2000122070312,113533,regular,False
2026-07-29T14:44:00+00:00,734.0900268554688,734.260009765625,733.7899780273438,734.219970703125,97600,regular,False
2026-07-29T14:45:00+00:00,734.2100219726562,734.3900146484375,734.0399780273438,734.2249755859375,102549,regular,False
2026-07-29T14:46:00+00:00,734.239990234375,734.5800170898438,733.989990234375,734.52001953125,118394,regular,False
2026-07-29T14:47:00+00:00,734.510009765625,734.7899780273438,734.260009765625,734.280029296875,93914,regular,False
2026-07-29T14:48:00+00:00,734.27001953125,734.2899780273438,733.8900146484375,734.0349731445312,55017,regular,False
2026-07-29T14:49:00+00:00,734.0399780273438,734.4400024414062,733.9500122070312,734.4299926757812,72631,regular,False
2026-07-29T14:50:00+00:00,734.4249877929688,734.6599731445312,734.260009765625,734.5700073242188,61274,regular,False
2026-07-29T14:51:00+00:00,734.5650024414062,734.6699829101562,734.3300170898438,734.5599975585938,50810,regular,False
2026-07-29T14:52:00+00:00,734.5499877929688,735.3400268554688,734.5499877929688,734.97998046875,157461,regular,False
2026-07-29T14:53:00+00:00,734.9400024414062,735.260009765625,734.8599853515625,735.114990234375,136549,regular,False
2026-07-29T14:54:00+00:00,735.0999755859375,735.1300048828125,734.72998046875,735.030029296875,73207,regular,False
2026-07-29T14:55:00+00:00,735.02001953125,735.0900268554688,734.5800170898438,734.5999755859375,51677,regular,False
2026-07-29T14:56:00+00:00,734.5399780273438,734.5800170898438,734.3800048828125,734.47998046875,50964,regular,False
2026-07-29T14:57:00+00:00,734.47998046875,734.689697265625,734.27001953125,734.3699951171875,57694,regular,False
2026-07-29T14:58:00+00:00,734.3499755859375,734.75,734.32470703125,734.6599731445312,66973,regular,False
2026-07-29T14:59:00+00:00,734.6900024414062,734.969970703125,734.6900024414062,734.8200073242188,53897,regular,False
2026-07-29T15:00:00+00:00,734.8200073242188,735.1500244140625,734.4299926757812,734.6699829101562,85260,regular,False
2026-07-29T15:01:00+00:00,734.6599731445312,735.1300048828125,734.530029296875,735.1300048828125,60653,regular,False
2026-07-29T15:02:00+00:00,735.1400146484375,735.4500122070312,735.0900268554688,735.3300170898438,82364,regular,False
2026-07-29T15:03:00+00:00,735.2999877929688,735.54931640625,735.1799926757812,735.2899780273438,72876,regular,False
2026-07-29T15:04:00+00:00,735.2999877929688,735.3599853515625,735.0800170898438,735.3200073242188,72679,regular,False
2026-07-29T15:05:00+00:00,735.3200073242188,735.3499755859375,734.6699829101562,734.9550170898438,73313,regular,False
2026-07-29T15:06:00+00:00,734.9500122070312,735.1799926757812,734.9299926757812,734.9600219726562,57112,regular,False
2026-07-29T15:07:00+00:00,734.9400024414062,735.3900146484375,734.9099731445312,735.3400268554688,65273,regular,False
2026-07-29T15:08:00+00:00,735.3599853515625,735.5900268554688,735.280029296875,735.2800903320312,61577,regular,False
2026-07-29T15:09:00+00:00,735.239990234375,735.6190795898438,735.1799926757812,735.5900268554688,88663,regular,False
2026-07-29T15:10:00+00:00,735.6300048828125,735.6599731445312,735.2100219726562,735.2100219726562,101941,regular,False
2026-07-29T15:11:00+00:00,735.2100219726562,735.219970703125,734.530029296875,734.7800903320312,117423,regular,False
2026-07-29T15:12:00+00:00,734.780029296875,735.0599975585938,734.75,734.9099731445312,55671,regular,False
2026-07-29T15:13:00+00:00,734.9000244140625,735.0700073242188,734.7349853515625,734.7899780273438,42313,regular,False
2026-07-29T15:14:00+00:00,734.7999877929688,734.9600219726562,734.530029296875,734.6400146484375,37648,regular,False
2026-07-29T15:15:00+00:00,734.6500244140625,735.02001953125,734.5399780273438,735.02001953125,53284,regular,False
2026-07-29T15:16:00+00:00,735.02001953125,735.4400024414062,734.8800048828125,735.3900146484375,80063,regular,False
2026-07-29T15:17:00+00:00,735.3800048828125,735.4299926757812,734.9600219726562,735.1900024414062,59141,regular,False
2026-07-29T15:18:00+00:00,735.1799926757812,735.489990234375,735.1799926757812,735.219970703125,55336,regular,False
2026-07-29T15:19:00+00:00,735.25,735.2999877929688,734.530029296875,734.5599975585938,55691,regular,False
2026-07-29T15:20:00+00:00,734.5700073242188,734.6950073242188,734.3699951171875,734.6599731445312,75563,regular,False
2026-07-29T15:21:00+00:00,734.6699829101562,734.75,734.469970703125,734.72998046875,60440,regular,False
2026-07-29T15:22:00+00:00,734.72998046875,734.760009765625,734.4400024414062,734.7000122070312,41556,regular,False
2026-07-29T15:23:00+00:00,734.7000122070312,734.989990234375,734.6400146484375,734.9600219726562,63561,regular,False
2026-07-29T15:24:00+00:00,734.9600219726562,735.0499877929688,734.760009765625,735.02001953125,43511,regular,False
2026-07-29T15:25:00+00:00,735.010009765625,735.0900268554688,734.6300048828125,734.97998046875,52645,regular,False
2026-07-29T15:26:00+00:00,734.9600219726562,735.2150268554688,734.4199829101562,734.6400146484375,36569,regular,False
2026-07-29T15:27:00+00:00,734.6400146484375,734.7999877929688,734.469970703125,734.47998046875,44624,regular,False
2026-07-29T15:28:00+00:00,734.5399780273438,734.7000122070312,734.4500122070312,734.5999755859375,40526,regular,False
2026-07-29T15:29:00+00:00,734.5900268554688,734.6699829101562,734.3499755859375,734.4403076171875,34869,regular,False
2026-07-29T15:30:00+00:00,734.4199829101562,734.5999755859375,734.280029296875,734.5399780273438,37401,regular,False
2026-07-29T15:31:00+00:00,734.5700073242188,734.6500244140625,734.3699951171875,734.6400146484375,41052,regular,False
2026-07-29T15:32:00+00:00,734.6998901367188,734.8699951171875,734.5900268554688,734.7213745117188,43224,regular,False
2026-07-29T15:33:00+00:00,734.6900024414062,734.989990234375,734.52001953125,734.7999877929688,42809,regular,False
2026-07-29T15:34:00+00:00,734.8049926757812,734.9500122070312,734.3800048828125,734.5700073242188,40344,regular,False
2026-07-29T15:35:00+00:00,734.5800170898438,734.8699951171875,734.4199829101562,734.8300170898438,61453,regular,False
2026-07-29T15:36:00+00:00,734.8499755859375,734.8900146484375,734.5700073242188,734.7899780273438,40674,regular,False
2026-07-29T15:37:00+00:00,734.8200073242188,734.9699096679688,734.5900268554688,734.6799926757812,46783,regular,False
2026-07-29T15:38:00+00:00,734.6699829101562,734.8599853515625,734.3599853515625,734.4201049804688,45786,regular,False
2026-07-29T15:39:00+00:00,734.4299926757812,734.4500122070312,734.030029296875,734.030029296875,38140,regular,False
2026-07-29T15:40:00+00:00,734.02001953125,734.2000122070312,733.9500122070312,734.0700073242188,51088,regular,False
2026-07-29T15:41:00+00:00,734.0800170898438,734.3994750976562,734.0700073242188,734.280029296875,63705,regular,False
2026-07-29T15:42:00+00:00,734.280029296875,734.4199829101562,733.969970703125,733.969970703125,41407,regular,False
2026-07-29T15:43:00+00:00,733.969970703125,734.0399780273438,733.719970703125,733.719970703125,66996,regular,False
2026-07-29T15:44:00+00:00,733.739990234375,734.0549926757812,733.739990234375,733.989990234375,40673,regular,False
2026-07-29T15:45:00+00:00,733.97998046875,734.1500244140625,733.7899780273438,733.9400024414062,54007,regular,False
2026-07-29T15:46:00+00:00,733.9400024414062,734.219970703125,733.9400024414062,734.1099853515625,36314,regular,False
2026-07-29T15:47:00+00:00,734.0999755859375,734.3499755859375,734.0549926757812,734.280029296875,56127,regular,False
2026-07-29T15:48:00+00:00,734.2999877929688,734.469970703125,734.1799926757812,734.239990234375,41827,regular,False
2026-07-29T15:49:00+00:00,734.22998046875,734.469970703125,734.1699829101562,734.4400024414062,29097,regular,False
2026-07-29T15:50:00+00:00,734.4299926757812,734.5399780273438,734.161376953125,734.3400268554688,42609,regular,False
2026-07-29T15:51:00+00:00,734.3399047851562,734.4199829101562,734.1900024414062,734.27001953125,28357,regular,False
2026-07-29T15:52:00+00:00,734.260009765625,734.3599853515625,734.0499877929688,734.3599853515625,25746,regular,False
2026-07-29T15:53:00+00:00,734.3599853515625,734.3800048828125,733.9500122070312,734.0700073242188,52369,regular,False
2026-07-29T15:54:00+00:00,734.0700073242188,734.0800170898438,733.469970703125,733.47998046875,86803,regular,False
2026-07-29T15:55:00+00:00,733.510009765625,733.52001953125,733.0999755859375,733.25,97937,regular,False
2026-07-29T15:56:00+00:00,733.2371826171875,733.3900146484375,733.02001953125,733.3699951171875,79488,regular,False
2026-07-29T15:57:00+00:00,733.3699951171875,733.469970703125,733.2899780273438,733.4000244140625,51578,regular,False
2026-07-29T15:58:00+00:00,733.3800048828125,733.5399780273438,733.2999877929688,733.530029296875,79626,regular,False
2026-07-29T15:59:00+00:00,733.52001953125,733.8800048828125,733.469970703125,733.72998046875,97531,regular,False
2026-07-29T16:00:00+00:00,733.760009765625,734.030029296875,733.3704833984375,733.3704833984375,65830,regular,False
2026-07-29T16:01:00+00:00,733.3900146484375,733.5198974609375,733.1099853515625,733.1900024414062,50290,regular,False
2026-07-29T16:02:00+00:00,733.1599731445312,733.2899780273438,733.0800170898438,733.1849975585938,57657,regular,False
2026-07-29T16:03:00+00:00,733.1799926757812,733.280029296875,733.0999755859375,733.1400146484375,52537,regular,False
2026-07-29T16:04:00+00:00,733.1500244140625,733.1500244140625,732.739990234375,732.8099975585938,100785,regular,False
2026-07-29T16:05:00+00:00,732.8400268554688,732.8400268554688,732.219970703125,732.489990234375,125487,regular,False
2026-07-29T16:06:00+00:00,732.47998046875,732.6799926757812,732.3699951171875,732.5499877929688,55697,regular,False
2026-07-29T16:07:00+00:00,732.530029296875,732.7000122070312,732.4500122070312,732.6799926757812,108130,regular,False
2026-07-29T16:08:00+00:00,732.7100219726562,732.8200073242188,732.5700073242188,732.760009765625,136507,regular,False
2026-07-29T16:09:00+00:00,732.739990234375,732.780029296875,732.52001953125,732.7100219726562,47065,regular,False
2026-07-29T16:10:00+00:00,732.7000122070312,732.760009765625,732.5599975585938,732.6799926757812,39720,regular,False
2026-07-29T16:11:00+00:00,732.6599731445312,732.739990234375,732.4400024414062,732.510009765625,42507,regular,False
2026-07-29T16:12:00+00:00,732.52001953125,732.72998046875,732.5,732.5,47855,regular,False
2026-07-29T16:13:00+00:00,732.52001953125,732.6799926757812,732.47998046875,732.510009765625,61626,regular,False
2026-07-29T16:14:00+00:00,732.5150146484375,732.5999755859375,732.02001953125,732.02001953125,133314,regular,False
2026-07-29T16:15:00+00:00,732.02001953125,732.1400146484375,731.72998046875,732.0701293945312,145104,regular,False
2026-07-29T16:16:00+00:00,732.0700073242188,732.1099853515625,731.8699951171875,732.0601196289062,326620,regular,False
2026-07-29T16:17:00+00:00,732.0599975585938,732.2680053710938,731.9500122070312,732.1950073242188,60455,regular,False
2026-07-29T16:18:00+00:00,732.1900024414062,732.3300170898438,732.0499877929688,732.2899780273438,61821,regular,False
2026-07-29T16:19:00+00:00,732.2999877929688,732.3599853515625,732.2000122070312,732.22998046875,66736,regular,False
2026-07-29T16:20:00+00:00,732.239990234375,732.5150146484375,732.1099853515625,732.5150146484375,78524,regular,False
2026-07-29T16:21:00+00:00,732.510009765625,732.7000122070312,732.489990234375,732.5399780273438,53827,regular,False
2026-07-29T16:22:00+00:00,732.5399780273438,733.02001953125,732.5399780273438,732.9749755859375,81339,regular,False
2026-07-29T16:23:00+00:00,732.97998046875,733.5999755859375,732.9099731445312,733.2750244140625,123787,regular,False
2026-07-29T16:24:00+00:00,733.25,733.4099731445312,733.1400146484375,733.3499755859375,61809,regular,False
2026-07-29T16:25:00+00:00,733.3499755859375,733.5999755859375,733.3250122070312,733.3699951171875,80637,regular,False
2026-07-29T16:26:00+00:00,733.3900146484375,733.6699829101562,733.280029296875,733.6699829101562,41227,regular,False
2026-07-29T16:27:00+00:00,733.6500244140625,733.7000122070312,733.47998046875,733.5599975585938,74445,regular,False
2026-07-29T16:28:00+00:00,733.5499877929688,733.8300170898438,733.4099731445312,733.75,57040,regular,False
2026-07-29T16:29:00+00:00,733.760009765625,733.9199829101562,733.72998046875,733.8499755859375,102799,regular,False
2026-07-29T16:30:00+00:00,733.8400268554688,734.3200073242188,733.760009765625,734.1400146484375,106939,regular,False
2026-07-29T16:31:00+00:00,734.14697265625,734.2100219726562,733.8400268554688,734.010009765625,141070,regular,False
2026-07-29T16:32:00+00:00,734.0,734.02001953125,733.5599975585938,733.64501953125,60672,regular,False
2026-07-29T16:33:00+00:00,733.6500244140625,733.8099975585938,733.5800170898438,733.75,38014,regular,False
2026-07-29T16:34:00+00:00,733.75,733.9400024414062,733.394775390625,733.394775390625,47248,regular,False
2026-07-29T16:35:00+00:00,733.4000244140625,733.4600219726562,733.0800170898438,733.239990234375,425931,regular,False
2026-07-29T16:36:00+00:00,733.25,733.3699951171875,732.97998046875,733.0,45561,regular,False
2026-07-29T16:37:00+00:00,733.0549926757812,733.4199829101562,733.0549926757812,733.3599853515625,66125,regular,False
2026-07-29T16:38:00+00:00,733.3800048828125,733.5,733.27001953125,733.3001098632812,55831,regular,False
2026-07-29T16:39:00+00:00,733.3300170898438,733.6799926757812,733.3099975585938,733.5700073242188,69572,regular,False
2026-07-29T16:40:00+00:00,733.5499877929688,733.6749877929688,733.2899780273438,733.6500244140625,59140,regular,False
2026-07-29T16:41:00+00:00,733.6500244140625,733.7100219726562,733.2999877929688,733.3049926757812,72790,regular,False
2026-07-29T16:42:00+00:00,733.3400268554688,733.3499755859375,732.9099731445312,733.0775146484375,64851,regular,False
2026-07-29T16:43:00+00:00,733.0999755859375,733.2000122070312,732.9600219726562,732.9600219726562,47515,regular,False
2026-07-29T16:44:00+00:00,732.9600219726562,733.22998046875,732.8800048828125,733.2299194335938,59304,regular,False
2026-07-29T16:45:00+00:00,733.219970703125,733.3300170898438,733.0499877929688,733.1500244140625,61516,regular,False
2026-07-29T16:46:00+00:00,733.1300048828125,733.239990234375,733.030029296875,733.1300048828125,74712,regular,False
2026-07-29T16:47:00+00:00,733.1325073242188,733.6099853515625,733.1325073242188,733.5700073242188,58549,regular,False
2026-07-29T16:48:00+00:00,733.5800170898438,733.6799926757812,733.489990234375,733.5750122070312,32891,regular,False
2026-07-29T16:49:00+00:00,733.5499877929688,733.9600219726562,733.52001953125,733.9299926757812,46904,regular,False
2026-07-29T16:50:00+00:00,733.9500122070312,734.1099853515625,733.780029296875,734.0010986328125,51364,regular,False
2026-07-29T16:51:00+00:00,734.010009765625,734.1799926757812,733.9299926757812,733.969970703125,46232,regular,False
2026-07-29T16:52:00+00:00,733.9600219726562,734.3400268554688,733.7100219726562,734.3350219726562,48124,regular,False
2026-07-29T16:53:00+00:00,734.3400268554688,734.5,734.280029296875,734.3900146484375,67092,regular,False
2026-07-29T16:54:00+00:00,734.375,734.4199829101562,734.1599731445312,734.2899780273438,41389,regular,False
2026-07-29T16:55:00+00:00,734.260009765625,734.5,734.1599731445312,734.3200073242188,42248,regular,False
2026-07-29T16:56:00+00:00,734.3300170898438,734.5,734.1400756835938,734.4801025390625,44784,regular,False
2026-07-29T16:57:00+00:00,734.5,734.6699829101562,734.4199829101562,734.510009765625,44652,regular,False
2026-07-29T16:58:00+00:00,734.510009765625,734.5900268554688,734.3200073242188,734.52001953125,38502,regular,False
2026-07-29T16:59:00+00:00,734.5399780273438,734.8699951171875,734.532470703125,734.8699951171875,50223,regular,False
2026-07-29T17:00:00+00:00,734.8800048828125,735.0,734.739990234375,734.9199829101562,58440,regular,False
2026-07-29T17:01:00+00:00,734.9000244140625,735.1599731445312,734.8599853515625,735.030029296875,78965,regular,False
2026-07-29T17:02:00+00:00,735.0399780273438,735.1599731445312,734.8800048828125,735.0599975585938,65260,regular,False
2026-07-29T17:03:00+00:00,735.0700073242188,735.5999755859375,735.02099609375,735.5700073242188,66900,regular,False
2026-07-29T17:04:00+00:00,735.5499877929688,735.989990234375,735.469970703125,735.8599853515625,93137,regular,False
2026-07-29T17:05:00+00:00,735.89501953125,735.9299926757812,735.489990234375,735.6199951171875,80414,regular,False
2026-07-29T17:06:00+00:00,735.6400146484375,735.8699951171875,735.530029296875,735.8499755859375,52568,regular,False
2026-07-29T17:07:00+00:00,735.8300170898438,735.8499755859375,735.4500122070312,735.4500122070312,91690,regular,False
2026-07-29T17:08:00+00:00,735.469970703125,735.6799926757812,735.3400268554688,735.530029296875,74261,regular,False
2026-07-29T17:09:00+00:00,735.5,735.6300048828125,735.3699951171875,735.39501953125,54482,regular,False
2026-07-29T17:10:00+00:00,735.4000244140625,735.9600219726562,735.3300170898438,735.8699951171875,68403,regular,False
2026-07-29T17:11:00+00:00,735.8900146484375,736.0,735.8400268554688,735.9500122070312,64834,regular,False
2026-07-29T17:12:00+00:00,735.9598999023438,736.1890258789062,735.75,736.1699829101562,91543,regular,False
2026-07-29T17:13:00+00:00,736.1699829101562,736.5,736.1699829101562,736.3150024414062,94608,regular,False
2026-07-29T17:14:00+00:00,736.2999877929688,736.6199951171875,736.239990234375,736.5999755859375,110328,regular,False
2026-07-29T17:15:00+00:00,736.6099853515625,736.6550903320312,736.344970703125,736.4400024414062,101442,regular,False
2026-07-29T17:16:00+00:00,736.4199829101562,736.5399780273438,736.2949829101562,736.4299926757812,82893,regular,False
2026-07-29T17:17:00+00:00,736.4299926757812,736.72998046875,736.344970703125,736.6400146484375,53808,regular,False
2026-07-29T17:18:00+00:00,736.6599731445312,736.864990234375,736.530029296875,736.6599731445312,95287,regular,False
2026-07-29T17:19:00+00:00,736.6500244140625,736.7449951171875,736.5800170898438,736.72998046875,51431,regular,False
2026-07-29T17:20:00+00:00,736.72998046875,736.989990234375,736.7000122070312,736.8300170898438,78590,regular,False
2026-07-29T17:21:00+00:00,736.8300170898438,737.2399291992188,736.77001953125,737.22998046875,81674,regular,False
2026-07-29T17:22:00+00:00,737.219970703125,737.239990234375,736.8699951171875,736.8701171875,57559,regular,False
2026-07-29T17:23:00+00:00,736.8800048828125,737.0,736.7100219726562,736.9190063476562,66498,regular,False
2026-07-29T17:24:00+00:00,736.9099731445312,736.9199829101562,736.2899780273438,736.3400268554688,84230,regular,False
2026-07-29T17:25:00+00:00,736.3300170898438,736.4099731445312,736.125,736.219970703125,101641,regular,False
2026-07-29T17:26:00+00:00,736.22998046875,736.4600219726562,736.155029296875,736.4099731445312,73535,regular,False
2026-07-29T17:27:00+00:00,736.4099731445312,736.4600219726562,736.1799926757812,736.25,58022,regular,False
2026-07-29T17:28:00+00:00,736.239990234375,736.4299926757812,736.1500244140625,736.3200073242188,60623,regular,False
2026-07-29T17:29:00+00:00,736.3200073242188,736.3200073242188,735.72998046875,735.739990234375,94504,regular,False
2026-07-29T17:30:00+00:00,735.75,735.75,735.3400268554688,735.3699951171875,104958,regular,False
2026-07-29T17:31:00+00:00,735.3720092773438,735.760009765625,735.27001953125,735.75,84821,regular,False
2026-07-29T17:32:00+00:00,735.75,736.0700073242188,735.6599731445312,736.0599975585938,70558,regular,False
2026-07-29T17:33:00+00:00,736.0549926757812,736.2899780273438,736.0399780273438,736.2899780273438,57080,regular,False
2026-07-29T17:34:00+00:00,736.2899780273438,736.3499755859375,735.75,735.8400268554688,57124,regular,False
2026-07-29T17:35:00+00:00,735.8099975585938,735.969970703125,735.5,735.5599975585938,41496,regular,False
2026-07-29T17:36:00+00:00,735.5399780273438,735.6500244140625,735.4000244140625,735.4000244140625,37823,regular,False
2026-07-29T17:37:00+00:00,735.4000244140625,735.7000122070312,735.3499755859375,735.52001953125,32117,regular,False
2026-07-29T17:38:00+00:00,735.47998046875,735.6699829101562,735.4600219726562,735.530029296875,47163,regular,False
2026-07-29T17:39:00+00:00,735.510009765625,735.719970703125,735.5,735.6400146484375,63446,regular,False
2026-07-29T17:40:00+00:00,735.6400146484375,735.7100219726562,735.52001953125,735.6099853515625,48280,regular,False
2026-07-29T17:41:00+00:00,735.5999755859375,735.7899780273438,735.5800170898438,735.7000122070312,44641,regular,False
2026-07-29T17:42:00+00:00,735.7100219726562,735.844970703125,735.4749755859375,735.530029296875,60337,regular,False
2026-07-29T17:43:00+00:00,735.52001953125,735.8892822265625,735.3900146484375,735.8499755859375,49772,regular,False
2026-07-29T17:44:00+00:00,735.8400268554688,735.9199829101562,735.6900024414062,735.75,28345,regular,False
2026-07-29T17:45:00+00:00,735.760009765625,735.8699951171875,735.47998046875,735.5050048828125,45094,regular,False
2026-07-29T17:46:00+00:00,735.52001953125,735.7050170898438,735.3900146484375,735.6500244140625,46157,regular,False
2026-07-29T17:47:00+00:00,735.6500244140625,735.75,735.5700073242188,735.739990234375,42732,regular,False
2026-07-29T17:48:00+00:00,735.760009765625,735.9199829101562,735.6500244140625,735.9199829101562,42429,regular,False
2026-07-29T17:49:00+00:00,735.9099731445312,736.030029296875,735.8200073242188,735.97802734375,40990,regular,False
2026-07-29T17:50:00+00:00,735.97998046875,736.1300048828125,735.9500122070312,736.1099853515625,44392,regular,False
2026-07-29T17:51:00+00:00,736.1199951171875,736.239990234375,736.0700073242188,736.2000122070312,163337,regular,False
2026-07-29T17:52:00+00:00,736.1900024414062,736.4000244140625,736.0999755859375,736.1799926757812,68582,regular,False
2026-07-29T17:53:00+00:00,736.1599731445312,736.2899780273438,736.0809936523438,736.2550048828125,41828,regular,False
2026-07-29T17:54:00+00:00,736.2550048828125,736.27001953125,736.0750122070312,736.1900024414062,51236,regular,False
2026-07-29T17:55:00+00:00,736.1900024414062,736.239990234375,735.8099975585938,735.9099731445312,67841,regular,False
2026-07-29T17:56:00+00:00,735.9199829101562,735.9199829101562,735.719970703125,735.780029296875,70266,regular,False
2026-07-29T17:57:00+00:00,735.7899780273438,735.844970703125,735.6900024414062,735.8099975585938,64470,regular,False
2026-07-29T17:58:00+00:00,735.8200073242188,735.9600219726562,735.6099853515625,735.8800048828125,79075,regular,False
2026-07-29T17:59:00+00:00,735.8900146484375,736.4199829101562,735.8900146484375,736.407470703125,48936,regular,False
2026-07-29T18:00:00+00:00,736.3699951171875,738.97998046875,736.3699951171875,738.9299926757812,760453,regular,False
2026-07-29T18:01:00+00:00,738.8300170898438,739.510009765625,738.219970703125,739.22998046875,486515,regular,False
2026-07-29T18:02:00+00:00,739.1599731445312,739.5499877929688,738.7000122070312,738.72998046875,205358,regular,False
2026-07-29T18:03:00+00:00,738.75,739.030029296875,738.2899780273438,738.5599975585938,222238,regular,False
2026-07-29T18:04:00+00:00,738.5499877929688,738.5599975585938,737.8400268554688,738.1400146484375,218590,regular,False
2026-07-29T18:05:00+00:00,738.1099853515625,738.6300048828125,737.9500122070312,738.3900146484375,187573,regular,False
2026-07-29T18:06:00+00:00,738.4199829101562,739.0399780273438,738.3499755859375,738.7100219726562,157955,regular,False
2026-07-29T18:07:00+00:00,738.719970703125,738.7999877929688,738.260009765625,738.2999877929688,124313,regular,False
2026-07-29T18:08:00+00:00,738.3049926757812,738.4500122070312,737.97998046875,738.1900024414062,101704,regular,False
2026-07-29T18:09:00+00:00,738.1500244140625,738.22998046875,737.6799926757812,738.0900268554688,93646,regular,False
2026-07-29T18:10:00+00:00,738.0599975585938,738.3800048828125,737.6699829101562,737.85498046875,275720,regular,False
2026-07-29T18:11:00+00:00,737.8300170898438,738.3699951171875,737.6400146484375,738.1799926757812,104537,regular,False
2026-07-29T18:12:00+00:00,738.239990234375,738.3499755859375,737.75,737.8499755859375,63072,regular,False
2026-07-29T18:13:00+00:00,737.8300170898438,737.97998046875,737.4400024414062,737.6599731445312,79201,regular,False
2026-07-29T18:14:00+00:00,737.6588134765625,737.760009765625,736.9600219726562,737.3900146484375,91113,regular,False
2026-07-29T18:15:00+00:00,737.4199829101562,738.0900268554688,737.4199829101562,737.9249877929688,66291,regular,False
2026-07-29T18:16:00+00:00,737.9000244140625,738.260009765625,737.64501953125,737.72998046875,73433,regular,False
2026-07-29T18:17:00+00:00,737.72998046875,737.7899780273438,737.1599731445312,737.5499877929688,198475,regular,False
2026-07-29T18:18:00+00:00,737.530029296875,737.6099853515625,737.1599731445312,737.280029296875,53691,regular,False
2026-07-29T18:19:00+00:00,737.27001953125,737.3099975585938,736.8200073242188,737.02001953125,89362,regular,False
2026-07-29T18:20:00+00:00,737.010009765625,737.1099853515625,736.5499877929688,736.8250122070312,65598,regular,False
2026-07-29T18:21:00+00:00,736.8049926757812,737.02001953125,736.510009765625,736.7000122070312,78628,regular,False
2026-07-29T18:22:00+00:00,736.6799926757812,736.760009765625,736.4199829101562,736.72998046875,62695,regular,False
2026-07-29T18:23:00+00:00,736.72998046875,737.030029296875,736.3182983398438,736.3599853515625,74172,regular,False
2026-07-29T18:24:00+00:00,736.3800048828125,736.969970703125,736.35498046875,736.6599731445312,115188,regular,False
2026-07-29T18:25:00+00:00,736.6900024414062,736.9400024414062,736.4600219726562,736.7000122070312,232449,regular,False
2026-07-29T18:26:00+00:00,736.7000122070312,737.0700073242188,736.5700073242188,736.8300170898438,82481,regular,False
2026-07-29T18:27:00+00:00,736.8099975585938,736.8699951171875,736.5,736.6900024414062,48214,regular,False
2026-07-29T18:28:00+00:00,736.75,737.0999755859375,736.719970703125,736.9500122070312,64528,regular,False
2026-07-29T18:29:00+00:00,736.9600219726562,737.3599853515625,736.8499755859375,737.3099975585938,62643,regular,False
2026-07-29T18:30:00+00:00,737.3599853515625,737.8599853515625,737.3499755859375,737.7501220703125,89673,regular,False
2026-07-29T18:31:00+00:00,737.8099975585938,738.0800170898438,736.8900146484375,737.0,258495,regular,False
2026-07-29T18:32:00+00:00,736.9400024414062,737.0,735.9500122070312,736.72998046875,260030,regular,False
2026-07-29T18:33:00+00:00,736.72998046875,737.3499755859375,736.2000122070312,737.0,165236,regular,False
2026-07-29T18:34:00+00:00,737.02001953125,737.1300048828125,736.510009765625,736.9099731445312,60581,regular,False
2026-07-29T18:35:00+00:00,736.9299926757812,737.0499877929688,736.3400268554688,736.6749877929688,82071,regular,False
2026-07-29T18:36:00+00:00,736.7000122070312,737.4600219726562,736.4099731445312,737.4500122070312,64738,regular,False
2026-07-29T18:37:00+00:00,737.5,738.0,737.27001953125,737.8900146484375,85410,regular,False
2026-07-29T18:38:00+00:00,737.9099731445312,738.9600219726562,737.8699951171875,738.57080078125,176636,regular,False
2026-07-29T18:39:00+00:00,738.5900268554688,739.2899780273438,738.2100219726562,738.9400024414062,123645,regular,False
2026-07-29T18:40:00+00:00,738.9345703125,739.739990234375,738.8499755859375,739.5750122070312,114783,regular,False
2026-07-29T18:41:00+00:00,739.530029296875,740.25,739.530029296875,739.8099975585938,163399,regular,False
2026-07-29T18:42:00+00:00,739.8300170898438,740.030029296875,739.1900024414062,739.8400268554688,135178,regular,False
2026-07-29T18:43:00+00:00,739.8200073242188,740.4000244140625,739.6400146484375,740.3400268554688,143087,regular,False
2026-07-29T18:44:00+00:00,740.3599853515625,741.02001953125,740.1900024414062,740.719970703125,349823,regular,False
2026-07-29T18:45:00+00:00,740.719970703125,741.1599731445312,740.469970703125,740.8599853515625,267630,regular,False
2026-07-29T18:46:00+00:00,740.8800048828125,741.3400268554688,740.719970703125,741.0802001953125,215899,regular,False
2026-07-29T18:47:00+00:00,741.0900268554688,742.02001953125,740.9500122070312,741.5800170898438,220908,regular,False
2026-07-29T18:48:00+00:00,741.5700073242188,741.72998046875,741.0399780273438,741.219970703125,161589,regular,False
2026-07-29T18:49:00+00:00,741.22998046875,742.1199951171875,741.1900024414062,741.9299926757812,196412,regular,False
2026-07-29T18:50:00+00:00,741.9199829101562,742.0700073242188,741.530029296875,741.9099731445312,225572,regular,False
2026-07-29T18:51:00+00:00,741.9199829101562,741.9400024414062,741.27001953125,741.9199829101562,280872,regular,False
2026-07-29T18:52:00+00:00,741.9099731445312,742.1199951171875,741.6900024414062,741.9299926757812,119959,regular,False
2026-07-29T18:53:00+00:00,741.9299926757812,742.489990234375,741.9299926757812,742.2899780273438,178465,regular,False
2026-07-29T18:54:00+00:00,742.2999877929688,742.64501953125,742.2000122070312,742.5900268554688,119915,regular,False
2026-07-29T18:55:00+00:00,742.6099853515625,742.6799926757812,742.25,742.4149780273438,134765,regular,False
2026-07-29T18:56:00+00:00,742.4199829101562,742.47998046875,741.9099731445312,741.9099731445312,174852,regular,False
2026-07-29T18:57:00+00:00,741.8599853515625,741.9849853515625,741.5499877929688,741.97998046875,135397,regular,False
2026-07-29T18:58:00+00:00,741.9749755859375,742.239990234375,741.8920288085938,741.9500122070312,66387,regular,False
2026-07-29T18:59:00+00:00,741.969970703125,742.0499877929688,741.5599975585938,741.9500122070312,96806,regular,False
2026-07-29T19:00:00+00:00,741.9450073242188,742.0900268554688,741.3699951171875,741.5449829101562,273806,regular,False
2026-07-29T19:01:00+00:00,741.530029296875,742.4600219726562,741.3200073242188,742.4600219726562,120781,regular,False
2026-07-29T19:02:00+00:00,742.4299926757812,742.5900268554688,741.8599853515625,741.9039916992188,79763,regular,False
2026-07-29T19:03:00+00:00,741.8900146484375,741.9400024414062,740.9600219726562,741.1500244140625,120740,regular,False
2026-07-29T19:04:00+00:00,741.1400146484375,741.1799926757812,740.0999755859375,740.5399780273438,267755,regular,False
2026-07-29T19:05:00+00:00,740.52001953125,740.5599975585938,739.7100219726562,739.844970703125,129101,regular,False
2026-07-29T19:06:00+00:00,739.8599853515625,740.010009765625,739.5800170898438,739.7000122070312,207615,regular,False
2026-07-29T19:07:00+00:00,739.760009765625,739.780029296875,739.1099853515625,739.1199951171875,107800,regular,False
2026-07-29T19:08:00+00:00,739.1383056640625,739.5,738.6500244140625,738.8400268554688,191166,regular,False
2026-07-29T19:09:00+00:00,738.8499755859375,739.010009765625,738.4199829101562,738.4299926757812,242597,regular,False
2026-07-29T19:10:00+00:00,738.4099731445312,738.5499877929688,737.9500122070312,738.3400268554688,187546,regular,False
2026-07-29T19:11:00+00:00,738.3250122070312,739.2098999023438,738.3099975585938,739.0700073242188,240074,regular,False
2026-07-29T19:12:00+00:00,739.0549926757812,739.22998046875,738.3200073242188,738.9199829101562,89875,regular,False
2026-07-29T19:13:00+00:00,738.9099731445312,739.25,738.72998046875,738.864990234375,106100,regular,False
2026-07-29T19:14:00+00:00,738.8900146484375,739.1300048828125,738.7100219726562,738.91259765625,88263,regular,False
2026-07-29T19:15:00+00:00,738.89501953125,739.6900024414062,738.6300048828125,739.6400146484375,161223,regular,False
2026-07-29T19:16:00+00:00,739.6400146484375,739.77001953125,738.72998046875,738.9099731445312,135375,regular,False
2026-07-29T19:17:00+00:00,738.9000244140625,738.989990234375,738.0700073242188,738.0700073242188,111362,regular,False
2026-07-29T19:18:00+00:00,738.0800170898438,738.0800170898438,737.4099731445312,737.72998046875,107032,regular,False
2026-07-29T19:19:00+00:00,737.7100219726562,737.8099975585938,737.3800048828125,737.5899047851562,353899,regular,False
2026-07-29T19:20:00+00:00,737.5900268554688,737.6699829101562,736.7100219726562,736.739990234375,225433,regular,False
2026-07-29T19:21:00+00:00,736.7319946289062,736.7429809570312,735.9400024414062,736.3200073242188,262056,regular,False
2026-07-29T19:22:00+00:00,736.3200073242188,736.4199829101562,735.3699951171875,736.0499877929688,235564,regular,False
2026-07-29T19:23:00+00:00,736.02001953125,736.1500244140625,735.489990234375,735.719970703125,256437,regular,False
2026-07-29T19:24:00+00:00,735.7100219726562,736.1500244140625,735.3300170898438,735.3699951171875,234799,regular,False
2026-07-29T19:25:00+00:00,735.3699951171875,735.7100219726562,734.885009765625,734.9249877929688,245894,regular,False
2026-07-29T19:26:00+00:00,734.9299926757812,734.97998046875,734.2805786132812,734.8200073242188,295816,regular,False
2026-07-29T19:27:00+00:00,734.8200073242188,735.239990234375,734.4603271484375,734.9299926757812,237413,regular,False
2026-07-29T19:28:00+00:00,734.9349975585938,735.219970703125,734.6300048828125,735.0999755859375,184456,regular,False
2026-07-29T19:29:00+00:00,735.0800170898438,735.3200073242188,734.8300170898438,735.1500244140625,237471,regular,False
2026-07-29T19:30:00+00:00,735.2100219726562,735.5900268554688,734.9000244140625,735.4306030273438,1758116,regular,False
2026-07-29T19:31:00+00:00,735.4500122070312,735.739990234375,734.9299926757812,735.3200073242188,259878,regular,False
2026-07-29T19:32:00+00:00,735.3250122070312,735.4600219726562,734.3499755859375,734.6099853515625,232843,regular,False
2026-07-29T19:33:00+00:00,734.6400146484375,734.6699829101562,732.9199829101562,733.0700073242188,279936,regular,False
2026-07-29T19:34:00+00:00,733.0999755859375,733.6099853515625,732.6950073242188,733.5899047851562,305982,regular,False
2026-07-29T19:35:00+00:00,733.5800170898438,733.7100219726562,732.9400024414062,733.1599731445312,333378,regular,False
2026-07-29T19:36:00+00:00,733.1799926757812,733.9199829101562,732.89501953125,733.905029296875,282649,regular,False
2026-07-29T19:37:00+00:00,733.8900146484375,734.02001953125,732.8499755859375,732.9400024414062,233026,regular,False
2026-07-29T19:38:00+00:00,732.9600219726562,732.989990234375,731.9500122070312,731.989990234375,439777,regular,False
2026-07-29T19:39:00+00:00,731.9500122070312,731.989990234375,731.52001953125,731.60498046875,282194,regular,False
2026-07-29T19:40:00+00:00,731.594970703125,731.8599853515625,731.0599975585938,731.8599853515625,448319,regular,False
2026-07-29T19:41:00+00:00,731.8699951171875,732.27001953125,731.4600219726562,731.760009765625,418323,regular,False
2026-07-29T19:42:00+00:00,731.760009765625,732.0,731.5,731.6400146484375,246153,regular,False
2026-07-29T19:43:00+00:00,731.6400146484375,731.8900146484375,730.9000244140625,731.72998046875,294831,regular,False
2026-07-29T19:44:00+00:00,731.719970703125,731.780029296875,730.9000244140625,731.2999877929688,319104,regular,False
2026-07-29T19:45:00+00:00,731.2999877929688,731.489990234375,730.8599853515625,730.8699951171875,341786,regular,False
2026-07-29T19:46:00+00:00,730.8800048828125,731.4600219726562,730.77001953125,730.8300170898438,485928,regular,False
2026-07-29T19:47:00+00:00,730.8400268554688,731.1099853515625,730.4099731445312,730.8800048828125,722660,regular,False
2026-07-29T19:48:00+00:00,730.8800048828125,731.6900024414062,730.7999877929688,731.4400024414062,458946,regular,False
2026-07-29T19:49:00+00:00,731.4299926757812,732.0900268554688,731.1699829101562,731.909912109375,447631,regular,False
2026-07-29T19:50:00+00:00,731.8900146484375,731.8900146484375,730.6199951171875,731.1199951171875,435307,regular,False
2026-07-29T19:51:00+00:00,731.1400146484375,731.1400146484375,730.6699829101562,730.9199829101562,531929,regular,False
2026-07-29T19:52:00+00:00,730.9199829101562,730.97998046875,730.1699829101562,730.6622924804688,747933,regular,False
2026-07-29T19:53:00+00:00,730.7000122070312,730.9500122070312,730.530029296875,730.6599731445312,231094,regular,False
2026-07-29T19:54:00+00:00,730.6199951171875,731.1699829101562,730.5900268554688,730.8300170898438,301319,regular,False
2026-07-29T19:55:00+00:00,730.8200073242188,730.8200073242188,729.739990234375,730.0700073242188,933042,regular,False
2026-07-29T19:56:00+00:00,730.0650024414062,730.3400268554688,729.6500244140625,729.8300170898438,900319,regular,False
2026-07-29T19:57:00+00:00,729.8400268554688,730.0700073242188,729.6099853515625,729.6699829101562,1542694,regular,False
2026-07-29T19:58:00+00:00,729.6699829101562,729.8099975585938,729.4600219726562,729.5599975585938,1779840,regular,False
2026-07-29T19:59:00+00:00,729.5700073242188,730.0900268554688,729.0999755859375,729.5399780273438,3751037,regular,False
2026-07-29T20:00:00+00:00,729.53,740.4873,725.98,729.65,1471447,after-market,False
2026-07-29T20:01:00+00:00,729.35,740.4873,728.45,728.53,0,after-market,False
2026-07-29T20:02:00+00:00,728.61,730.0025,728.27,729.1,0,after-market,False
2026-07-29T20:03:00+00:00,729.16,729.5,728.58,728.81,0,after-market,False
2026-07-29T20:04:00+00:00,728.8,729.46,727.79,728.5081,0,after-market,False
2026-07-29T20:05:00+00:00,728.485,729.12,728.03,728.66,0,after-market,False
2026-07-29T20:06:00+00:00,728.5938,740.4873,728.2857,728.8895,0,after-market,False
2026-07-29T20:07:00+00:00,728.87,740.4873,728.5,728.603,0,after-market,False
2026-07-29T20:08:00+00:00,728.54,729.46,727.91,728.2299,0,after-market,False
2026-07-29T20:09:00+00:00,728.2914,728.5,727.53,727.58,0,after-market,False
2026-07-29T20:10:00+00:00,727.6101,729.46,727.26,727.45,0,after-market,False
2026-07-29T20:11:00+00:00,727.4645,729.2873,727.18,727.7512,0,after-market,False
2026-07-29T20:12:00+00:00,727.75,740.4873,727.5,728.2665,0,after-market,False
2026-07-29T20:13:00+00:00,728.27,729.46,728.06,728.21,0,after-market,False
2026-07-29T20:14:00+00:00,728.155,740.4873,727.97,728.25,0,after-market,False
2026-07-29T20:15:00+00:00,729.46,729.46,727.8,728.5,0,after-market,False
2026-07-29T20:16:00+00:00,728.5262,729.2682,728.4454,728.5602,0,after-market,False
2026-07-29T20:17:00+00:00,728.57,728.6714,728.13,728.1375,0,after-market,False
2026-07-29T20:18:00+00:00,728.14,728.14,727.66,727.87,0,after-market,False
2026-07-29T20:19:00+00:00,727.8073,740.4873,727.68,727.9965,0,after-market,False
2026-07-29T20:20:00+00:00,727.912,729.46,727.9,728.06,0,after-market,False
2026-07-29T20:21:00+00:00,728.0974,728.2926,727.91,728.26,0,after-market,False
2026-07-29T20:22:00+00:00,728.24,728.4,727.87,727.95,0,after-market,False
2026-07-29T20:23:00+00:00,727.98,740.4873,727.77,727.96,0,after-market,False
2026-07-29T20:24:00+00:00,727.92,727.99,727.62,727.7888,0,after-market,False
2026-07-29T20:25:00+00:00,727.8,728.06,727.79,727.98,0,after-market,False
2026-07-29T20:26:00+00:00,728.0,728.0,727.27,727.27,0,after-market,False
2026-07-29T20:27:00+00:00,727.29,727.31,726.93,727.0429,0,after-market,False
2026-07-29T20:28:00+00:00,727.02,727.5,726.96,727.46,0,after-market,False
2026-07-29T20:29:00+00:00,727.53,740.4873,727.476,727.6599,0,after-market,False
2026-07-29T20:30:00+00:00,727.64,727.74,727.02,727.2938,0,after-market,False
2026-07-29T20:31:00+00:00,727.27,727.79,727.2,727.5908,0,after-market,False
2026-07-29T20:32:00+00:00,727.58,728.09,727.5652,728.04,0,after-market,False
2026-07-29T20:33:00+00:00,728.06,728.36,728.0252,728.2937,0,after-market,False
2026-07-29T20:34:00+00:00,728.2508,728.46,728.22,728.39,0,after-market,False
2026-07-29T20:35:00+00:00,728.3939,728.73,728.32,728.4654,0,after-market,False
2026-07-29T20:36:00+00:00,728.48,728.59,728.22,728.42,0,after-market,False
2026-07-29T20:37:00+00:00,728.47,728.6418,728.36,728.6418,0,after-market,False
2026-07-29T20:38:00+00:00,728.63,728.9103,728.5608,728.89,0,after-market,False
2026-07-29T20:39:00+00:00,728.9,729.12,728.87,729.1026,0,after-market,False
2026-07-29T20:40:00+00:00,729.12,729.14,728.9799,728.9974,0,after-market,False
2026-07-29T20:41:00+00:00,728.9857,729.46,728.6043,728.8,0,after-market,False
2026-07-29T20:42:00+00:00,728.81,728.8614,728.39,728.58,0,after-market,False
2026-07-29T20:43:00+00:00,728.5,728.7227,728.33,728.7227,0,after-market,False
2026-07-29T20:44:00+00:00,728.73,728.74,728.46,728.64,0,after-market,False
2026-07-29T20:45:00+00:00,728.6001,728.86,728.6001,728.8085,0,after-market,False
2026-07-29T20:46:00+00:00,728.8194,728.82,728.61,728.6192,0,after-market,False
2026-07-29T20:47:00+00:00,686.9754,728.67,686.9754,728.601,0,after-market,False
2026-07-29T20:48:00+00:00,728.64,728.7427,728.31,728.3626,0,after-market,False
2026-07-29T20:49:00+00:00,728.3,728.369,686.9754,728.17,0,after-market,False
2026-07-29T20:50:00+00:00,728.17,728.26,728.01,728.26,0,after-market,False
2026-07-29T20:51:00+00:00,728.21,728.56,728.16,728.38,0,after-market,False
2026-07-29T20:52:00+00:00,728.35,728.5314,728.28,728.5314,0,after-market,False
2026-07-29T20:53:00+00:00,728.59,728.6274,728.39,728.46,0,after-market,False
2026-07-29T20:54:00+00:00,728.455,728.75,728.4506,728.749,0,after-market,False
2026-07-29T20:55:00+00:00,728.75,728.86,687.9856,728.62,0,after-market,False
2026-07-29T20:56:00+00:00,728.69,728.75,728.45,728.7,0,after-market,False
2026-07-29T20:57:00+00:00,728.7071,728.76,687.9856,728.63,0,after-market,False
2026-07-29T20:58:00+00:00,728.61,728.61,728.3,728.33,0,after-market,False
2026-07-29T20:59:00+00:00,728.31,728.461,728.11,728.11,0,after-market,False
2026-07-29T21:00:00+00:00,728.55,728.55,677.1335,728.02,0,after-market,False
2026-07-29T21:01:00+00:00,727.99,728.0925,727.79,727.9143,0,after-market,False
2026-07-29T21:02:00+00:00,728.04,729.46,727.83,727.95,0,after-market,False
2026-07-29T21:03:00+00:00,727.9339,728.09,727.9309,727.987,0,after-market,False
2026-07-29T21:04:00+00:00,727.9893,728.0,727.9399,728.0,0,after-market,False
2026-07-29T21:05:00+00:00,728.0,728.14,727.94,728.09,0,after-market,False
2026-07-29T21:06:00+00:00,728.07,728.45,728.0,728.14,0,after-market,False
2026-07-29T21:07:00+00:00,728.1259,737.2756,677.1335,728.0,0,after-market,False
2026-07-29T21:08:00+00:00,728.1183,728.1214,694.3233,727.9413,0,after-market,False
2026-07-29T21:09:00+00:00,727.93,733.37683,727.9,727.95,0,after-market,False
2026-07-29T21:10:00+00:00,727.95,728.05,727.89,727.9513,0,after-market,False
2026-07-29T21:11:00+00:00,727.95,728.01,694.3233,727.9561,0,after-market,False
2026-07-29T21:12:00+00:00,728.0024,728.01,727.95,728.0076,0,after-market,False
2026-07-29T21:13:00+00:00,728.01,728.07,728.0,728.0574,0,after-market,False
2026-07-29T21:14:00+00:00,728.05,728.06,727.88,728.0124,0,after-market,False
2026-07-29T21:15:00+00:00,727.95,728.05,727.85,727.86,0,after-market,False
2026-07-29T21:16:00+00:00,727.86,727.9774,727.5,727.74,0,after-market,False
2026-07-29T21:17:00+00:00,727.73,727.99,727.6458,727.9521,0,after-market,False
2026-07-29T21:18:00+00:00,727.8,728.05,727.8,728.05,0,after-market,False
2026-07-29T21:19:00+00:00,728.0106,728.06,727.8701,728.05,0,after-market,False
2026-07-29T21:20:00+00:00,728.025,728.06,728.0,728.0515,0,after-market,False
2026-07-29T21:21:00+00:00,728.0515,728.06,728.0,728.06,0,after-market,False
2026-07-29T21:22:00+00:00,728.0497,728.05,727.8912,727.8912,0,after-market,False
2026-07-29T21:23:00+00:00,728.0064,728.04,727.9061,728.04,0,after-market,False
2026-07-29T21:24:00+00:00,728.0419,728.05,727.95,728.03,0,after-market,False
2026-07-29T21:25:00+00:00,727.9959,728.04,727.95,727.95,0,after-market,False
2026-07-29T21:26:00+00:00,727.995,728.03,727.87,727.96,0,after-market,False
2026-07-29T21:27:00+00:00,727.913,728.1675,727.85,728.1575,0,after-market,False
2026-07-29T21:28:00+00:00,728.17,728.17,728.07,728.08,0,after-market,False
2026-07-29T21:29:00+00:00,728.1335,728.289,728.029,728.1389,0,after-market,False
2026-07-29T21:30:00+00:00,728.1467,728.18,728.0,728.0988,0,after-market,False
2026-07-29T21:31:00+00:00,728.0894,728.1,728.01,728.0895,0,after-market,False
2026-07-29T21:32:00+00:00,728.08,728.1,727.8,727.85,0,after-market,False
2026-07-29T21:33:00+00:00,727.9598,727.9894,727.8,727.8,0,after-market,False
2026-07-29T21:34:00+00:00,727.8,727.9287,727.6084,727.74,0,after-market,False
2026-07-29T21:35:00+00:00,727.6317,727.75,727.41,727.61,0,after-market,False
2026-07-29T21:36:00+00:00,727.68,727.83,727.47,727.47,0,after-market,False
2026-07-29T21:37:00+00:00,727.5044,727.69,727.31,727.45,0,after-market,False
2026-07-29T21:38:00+00:00,727.45,727.45,727.33,727.33,0,after-market,False
2026-07-29T21:39:00+00:00,727.32,727.45,727.17,727.215,0,after-market,False
2026-07-29T21:40:00+00:00,727.17,727.28,727.0547,727.11,0,after-market,False
2026-07-29T21:41:00+00:00,727.12,727.3,727.12,727.2875,0,after-market,False
2026-07-29T21:42:00+00:00,727.3,727.3,727.0782,727.0782,0,after-market,False
2026-07-29T21:43:00+00:00,727.05,727.17,727.01,727.17,0,after-market,False
2026-07-29T21:44:00+00:00,727.1601,727.17,727.01,727.0807,0,after-market,False
2026-07-29T21:45:00+00:00,727.0782,727.1,727.03,727.0768,0,after-market,False
2026-07-29T21:46:00+00:00,727.0768,727.17,727.0768,727.1006,0,after-market,False
2026-07-29T21:47:00+00:00,727.16,727.24,727.07,727.24,0,after-market,False
2026-07-29T21:48:00+00:00,727.15,727.29,727.09,727.18,0,after-market,False
2026-07-29T21:49:00+00:00,727.19,727.2717,726.84,726.96,0,after-market,False
2026-07-29T21:50:00+00:00,726.89,727.0,726.68,726.941,0,after-market,False
2026-07-29T21:51:00+00:00,726.7293,727.16,726.7293,726.93,0,after-market,False
2026-07-29T21:52:00+00:00,727.05,727.26,727.01,727.26,0,after-market,False
2026-07-29T21:53:00+00:00,727.21,727.26,727.01,727.2199,0,after-market,False
2026-07-29T21:54:00+00:00,727.2199,727.34,727.07,727.2853,0,after-market,False
2026-07-29T21:55:00+00:00,727.12,727.34,727.09,727.09,0,after-market,False
2026-07-29T21:56:00+00:00,727.3,727.45,727.16,727.45,0,after-market,False
2026-07-29T21:57:00+00:00,727.45,727.77,727.27,727.7239,0,after-market,False
2026-07-29T21:58:00+00:00,727.75,727.92,727.5141,727.67,0,after-market,False
2026-07-29T21:59:00+00:00,727.69,727.94,727.65,727.8478,0,after-market,False
2026-07-29T22:00:00+00:00,727.92,728.97,727.75,728.94,0,after-market,False
2026-07-29T22:01:00+00:00,728.94,729.44,728.8006,729.32,0,after-market,False
2026-07-29T22:02:00+00:00,729.3285,729.75,729.3285,729.65,0,after-market,False
2026-07-29T22:03:00+00:00,729.63,729.76,729.4282,729.6915,0,after-market,False
2026-07-29T22:04:00+00:00,729.66,729.921,729.5313,729.818,0,after-market,False
2026-07-29T22:05:00+00:00,729.88,730.39,729.84,730.325,0,after-market,False
2026-07-29T22:06:00+00:00,730.2649,730.72,730.22,730.617,0,after-market,False
2026-07-29T22:07:00+00:00,730.6205,730.6986,730.5,730.6046,0,after-market,False
2026-07-29T22:08:00+00:00,730.63,731.06,730.63,731.0,0,after-market,False
2026-07-29T22:09:00+00:00,730.9,731.27,730.8813,731.07,0,after-market,False
2026-07-29T22:10:00+00:00,731.23,731.5,731.07,731.4805,0,after-market,False
2026-07-29T22:11:00+00:00,731.5,731.87,731.5,731.59,0,after-market,False
2026-07-29T22:12:00+00:00,731.59,731.88,731.5,731.83,0,after-market,False
2026-07-29T22:13:00+00:00,731.81,731.9,731.5832,731.67,0,after-market,False
2026-07-29T22:14:00+00:00,731.7114,731.7114,731.28,731.4,0,after-market,False
2026-07-29T22:15:00+00:00,731.45,731.49,731.3,731.3607,0,after-market,False
2026-07-29T22:16:00+00:00,731.45,731.7,731.3176,731.67,0,after-market,False
2026-07-29T22:17:00+00:00,731.631,731.765,731.61,731.7326,0,after-market,False
2026-07-29T22:18:00+00:00,731.7163,731.8,731.5,731.75,0,after-market,False
2026-07-29T22:19:00+00:00,731.85,732.0687,731.835,731.9997,0,after-market,False
2026-07-29T22:20:00+00:00,731.94,732.05,731.8,731.8,0,after-market,False
2026-07-29T22:21:00+00:00,731.76,731.87,731.63,731.74,0,after-market,False
2026-07-29T22:22:00+00:00,731.7277,731.88,731.62,731.8474,0,after-market,False
2026-07-29T22:23:00+00:00,731.86,732.065,731.79,732.03,0,after-market,False
2026-07-29T22:24:00+00:00,731.9846,732.0101,731.5,731.52,0,after-market,False
2026-07-29T22:25:00+00:00,731.63,731.6538,731.52,731.6099,0,after-market,False
2026-07-29T22:26:00+00:00,731.6099,731.67,731.3404,731.37,0,after-market,False
2026-07-29T22:27:00+00:00,731.37,731.5988,731.3469,731.55,0,after-market,False
2026-07-29T22:28:00+00:00,731.5388,731.55,731.24,731.38,0,after-market,False
2026-07-29T22:29:00+00:00,731.35,731.7826,731.35,731.65,0,after-market,False
2026-07-29T22:30:00+00:00,731.6124,731.6979,731.4099,731.4099,0,after-market,False
2026-07-29T22:31:00+00:00,731.5114,731.5114,731.351,731.351,0,after-market,False
2026-07-29T22:32:00+00:00,731.3826,731.42,731.28,731.3826,0,after-market,False
2026-07-29T22:33:00+00:00,731.33,731.51,731.28,731.51,0,after-market,False
2026-07-29T22:34:00+00:00,731.5038,731.5038,731.3885,731.4,0,after-market,False
2026-07-29T22:35:00+00:00,731.4,731.5014,731.3374,731.5014,0,after-market,False
2026-07-29T22:36:00+00:00,731.4768,731.72,731.4768,731.63,0,after-market,False
2026-07-29T22:37:00+00:00,731.63,731.76,731.55,731.74,0,after-market,False
2026-07-29T22:38:00+00:00,731.77,731.84,731.7181,731.79,0,after-market,False
2026-07-29T22:39:00+00:00,731.77,731.77,731.54,731.54,0,after-market,False
2026-07-29T22:40:00+00:00,731.535,731.6085,731.4518,731.5,0,after-market,False
2026-07-29T22:41:00+00:00,731.5,731.5,731.38,731.41,0,after-market,False
2026-07-29T22:42:00+00:00,731.43,731.4926,731.409,731.43,0,after-market,False
2026-07-29T22:43:00+00:00,731.4612,731.5,731.35,731.44,0,after-market,False
2026-07-29T22:44:00+00:00,731.4948,731.79,731.4948,731.75,0,after-market,False
2026-07-29T22:45:00+00:00,731.76,732.06,731.68,732.0417,0,after-market,False
2026-07-29T22:46:00+00:00,732.0294,732.0405,731.7186,731.7742,0,after-market,False
2026-07-29T22:47:00+00:00,731.8,731.81,731.56,731.5886,0,after-market,False
2026-07-29T22:48:00+00:00,731.6533,731.67,731.52,731.57,0,after-market,False
2026-07-29T22:49:00+00:00,731.5831,731.65,731.52,731.5567,0,after-market,False
2026-07-29T22:50:00+00:00,731.54,731.77,731.47,731.64,0,after-market,False
2026-07-29T22:51:00+00:00,731.6,731.64,731.5031,731.53,0,after-market,False
2026-07-29T22:52:00+00:00,731.49,731.5426,731.32,731.3942,0,after-market,False
2026-07-29T22:53:00+00:00,731.36,731.4296,731.31,731.4296,0,after-market,False
2026-07-29T22:54:00+00:00,731.41,731.43,731.31,731.35,0,after-market,False
2026-07-29T22:55:00+00:00,731.3714,731.39,731.16,731.3327,0,after-market,False
2026-07-29T22:56:00+00:00,731.3327,731.36,731.29,731.3274,0,after-market,False
2026-07-29T22:57:00+00:00,731.31,731.38,731.28,731.38,0,after-market,False
2026-07-29T22:58:00+00:00,731.38,731.4,731.245,731.245,0,after-market,False
2026-07-29T22:59:00+00:00,731.2823,731.4229,731.25,731.385,0,after-market,False
2026-07-29T23:00:00+00:00,731.5,731.6215,731.5,731.6215,0,after-market,False
2026-07-29T23:01:00+00:00,731.689,731.8,731.62,731.6911,0,after-market,False
2026-07-29T23:02:00+00:00,731.8296,731.8771,731.72,731.8202,0,after-market,False
2026-07-29T23:03:00+00:00,731.86,731.9988,731.8248,731.99,0,after-market,False
2026-07-29T23:04:00+00:00,731.98,732.08,731.89,731.95,0,after-market,False
2026-07-29T23:05:00+00:00,731.95,731.99,731.86,731.86,0,after-market,False
2026-07-29T23:06:00+00:00,731.9,731.94,731.82,731.82,0,after-market,False
2026-07-29T23:07:00+00:00,731.8395,731.8395,731.77,731.82,0,after-market,False
2026-07-29T23:08:00+00:00,731.81,732.39,731.7962,732.39,0,after-market,False
2026-07-29T23:09:00+00:00,732.43,732.48,732.18,732.247,0,after-market,False
2026-07-29T23:10:00+00:00,732.2117,732.2117,731.72,731.8,0,after-market,False
2026-07-29T23:11:00+00:00,731.7584,731.8514,731.5,731.7083,0,after-market,False
2026-07-29T23:12:00+00:00,731.78,732.0,731.72,732.0,0,after-market,False
2026-07-29T23:13:00+00:00,731.995,732.04,731.71,731.7799,0,after-market,False
2026-07-29T23:14:00+00:00,731.82,731.82,731.62,731.79,0,after-market,False
2026-07-29T23:15:00+00:00,731.8647,732.0,731.83,731.83,0,after-market,False
2026-07-29T23:16:00+00:00,731.85,731.8918,731.75,731.819,0,after-market,False
2026-07-29T23:17:00+00:00,731.82,732.0826,731.75,732.0826,0,after-market,False
2026-07-29T23:18:00+00:00,732.09,732.28,731.9386,732.2685,0,after-market,False
2026-07-29T23:19:00+00:00,732.259,732.32,732.17,732.2517,0,after-market,False
2026-07-29T23:20:00+00:00,732.26,732.33,732.24,732.25,0,after-market,False
2026-07-29T23:21:00+00:00,732.28,732.3037,732.19,732.2,0,after-market,False
2026-07-29T23:22:00+00:00,732.199,732.27,732.151,732.1899,0,after-market,False
2026-07-29T23:23:00+00:00,732.28,732.46,732.28,732.33,0,after-market,False
2026-07-29T23:24:00+00:00,732.33,732.34,732.21,732.3,0,after-market,False
2026-07-29T23:25:00+00:00,732.23,732.44,732.19,732.4126,0,after-market,False
2026-07-29T23:26:00+00:00,732.36,732.43,732.31,732.3126,0,after-market,False
2026-07-29T23:27:00+00:00,732.28,732.32,732.1929,732.2016,0,after-market,False
2026-07-29T23:28:00+00:00,732.2399,732.41,732.2374,732.4038,0,after-market,False
2026-07-29T23:29:00+00:00,732.33,732.39,732.29,732.319,0,after-market,False
2026-07-29T23:30:00+00:00,732.4,732.4507,732.3885,732.3885,0,after-market,False
2026-07-29T23:31:00+00:00,732.393,733.0,732.393,732.5535,0,after-market,False
2026-07-29T23:32:00+00:00,732.56,732.69,732.56,732.69,0,after-market,False
2026-07-29T23:33:00+00:00,732.585,732.6296,732.498,732.52,0,after-market,False
2026-07-29T23:34:00+00:00,732.45,732.515,732.4,732.44,0,after-market,False
2026-07-29T23:35:00+00:00,732.4316,732.5,732.43,732.4401,0,after-market,False
2026-07-29T23:36:00+00:00,732.5487,732.5487,732.46,732.46,0,after-market,False
2026-07-29T23:37:00+00:00,732.4957,732.51,732.42,732.45,0,after-market,False
2026-07-29T23:38:00+00:00,732.5,732.625,732.44,732.44,0,after-market,False
2026-07-29T23:39:00+00:00,732.5,732.7497,732.48,732.48,0,after-market,False
2026-07-29T23:40:00+00:00,732.515,732.515,732.28,732.3085,0,after-market,False
2026-07-29T23:41:00+00:00,732.289,732.289,732.1,732.15,0,after-market,False
2026-07-29T23:42:00+00:00,732.175,732.225,732.15,732.15,0,after-market,False
2026-07-29T23:43:00+00:00,732.15,732.29,732.13,732.22,0,after-market,False
2026-07-29T23:44:00+00:00,732.2,732.36,732.2,732.2885,0,after-market,False
2026-07-29T23:45:00+00:00,732.2885,732.43,732.22,732.43,0,after-market,False
2026-07-29T23:46:00+00:00,732.5,732.67,732.4257,732.67,0,after-market,False
2026-07-29T23:47:00+00:00,732.61,732.72,732.54,732.58,0,after-market,False
2026-07-29T23:48:00+00:00,732.65,732.66,732.55,732.58,0,after-market,False
2026-07-29T23:49:00+00:00,732.56,732.56,732.1685,732.27,0,after-market,False
2026-07-29T23:50:00+00:00,732.2186,732.4201,732.18,732.2118,0,after-market,False
2026-07-29T23:51:00+00:00,732.19,732.2952,732.09,732.1392,0,after-market,False
2026-07-29T23:52:00+00:00,732.08,732.16,732.05,732.13,0,after-market,False
2026-07-29T23:53:00+00:00,732.07,732.4417,732.07,732.19,0,after-market,False
2026-07-29T23:54:00+00:00,732.12,732.5,732.11,732.5,0,after-market,False
2026-07-29T23:55:00+00:00,732.58,732.64,732.539,732.64,0,after-market,False
2026-07-29T23:56:00+00:00,732.59,732.6098,732.48,732.6,0,after-market,False
2026-07-29T23:57:00+00:00,732.66,732.66,732.515,732.5431,0,after-market,False
2026-07-29T23:58:00+00:00,732.52,732.56,732.4531,732.5,0,after-market,False
2026-07-29T23:59:00+00:00,732.48,732.5,732.39,732.39,0,after-market,False
2026-07-30T08:00:00+00:00,731.16,732.7952,729.46,730.25,0,pre-market,False
2026-07-30T08:01:00+00:00,730.82,732.55,730.1,731.81,0,pre-market,False
2026-07-30T08:02:00+00:00,731.84,732.79,729.8492,732.11,0,pre-market,False
2026-07-30T08:03:00+00:00,731.89,732.75,729.98,730.05,0,pre-market,False
2026-07-30T08:04:00+00:00,730.01,730.37,730.01,730.36,0,pre-market,False
2026-07-30T08:05:00+00:00,730.38,731.47,730.06,730.65,0,pre-market,False
2026-07-30T08:06:00+00:00,730.6482,730.99,730.6,730.99,0,pre-market,False
2026-07-30T08:07:00+00:00,730.958,731.14,730.85,731.13,0,pre-market,False
2026-07-30T08:08:00+00:00,731.152,731.6,731.152,731.38,0,pre-market,False
2026-07-30T08:09:00+00:00,731.4582,731.56,731.38,731.56,0,pre-market,False
2026-07-30T08:10:00+00:00,731.5374,731.75,731.5374,731.75,0,pre-market,False
2026-07-30T08:11:00+00:00,731.75,731.75,731.46,731.54,0,pre-market,False
2026-07-30T08:12:00+00:00,731.65,731.77,731.55,731.55,0,pre-market,False
2026-07-30T08:13:00+00:00,731.572,731.64,731.45,731.51,0,pre-market,False
2026-07-30T08:14:00+00:00,731.5387,731.5387,731.43,731.46,0,pre-market,False
2026-07-30T08:15:00+00:00,731.41,731.52,731.37,731.44,0,pre-market,False
2026-07-30T08:16:00+00:00,731.44,731.44,731.3,731.41,0,pre-market,False
2026-07-30T08:17:00+00:00,731.44,731.59,731.35,731.55,0,pre-market,False
2026-07-30T08:18:00+00:00,731.47,731.51,731.35,731.5,0,pre-market,False
2026-07-30T08:19:00+00:00,731.43,731.4485,731.289,731.31,0,pre-market,False
2026-07-30T08:20:00+00:00,731.32,731.64,731.3112,731.52,0,pre-market,False
2026-07-30T08:21:00+00:00,731.52,731.75,731.43,731.734,0,pre-market,False
2026-07-30T08:22:00+00:00,731.7387,731.7812,731.62,731.69,0,pre-market,False
2026-07-30T08:23:00+00:00,731.69,732.015,731.69,731.9907,0,pre-market,False
2026-07-30T08:24:00+00:00,732.06,732.06,731.95,731.98,0,pre-market,False
2026-07-30T08:25:00+00:00,731.98,732.25,731.97,732.2323,0,pre-market,False
2026-07-30T08:26:00+00:00,732.26,732.44,732.2417,732.44,0,pre-market,False
2026-07-30T08:27:00+00:00,732.4382,732.5,732.21,732.21,0,pre-market,False
2026-07-30T08:28:00+00:00,732.2,732.33,732.16,732.22,0,pre-market,False
2026-07-30T08:29:00+00:00,732.21,732.34,732.21,732.24,0,pre-market,False
2026-07-30T08:30:00+00:00,732.3,732.44,732.2,732.33,0,pre-market,False
2026-07-30T08:31:00+00:00,732.32,732.41,732.19,732.24,0,pre-market,False
2026-07-30T08:32:00+00:00,732.23,732.4228,732.23,732.3499,0,pre-market,False
2026-07-30T08:33:00+00:00,732.3,732.53,732.23,732.38,0,pre-market,False
2026-07-30T08:34:00+00:00,732.33,732.41,732.3182,732.3182,0,pre-market,False
2026-07-30T08:35:00+00:00,732.29,732.3687,732.24,732.24,0,pre-market,False
2026-07-30T08:36:00+00:00,732.24,732.35,732.19,732.3,0,pre-market,False
2026-07-30T08:37:00+00:00,732.39,732.49,732.35,732.4,0,pre-market,False
2026-07-30T08:38:00+00:00,732.26,732.29,732.199,732.199,0,pre-market,False
2026-07-30T08:39:00+00:00,732.03,732.03,731.9687,731.9712,0,pre-market,False
2026-07-30T08:40:00+00:00,731.99,732.09,731.97,732.09,0,pre-market,False
2026-07-30T08:41:00+00:00,732.12,732.12,732.03,732.04,0,pre-market,False
2026-07-30T08:42:00+00:00,732.08,732.09,731.97,732.08,0,pre-market,False
2026-07-30T08:43:00+00:00,732.02,732.1,732.02,732.05,0,pre-market,False
2026-07-30T08:44:00+00:00,732.11,732.2,732.04,732.04,0,pre-market,False
2026-07-30T08:45:00+00:00,732.0488,732.08,732.01,732.06,0,pre-market,False
2026-07-30T08:46:00+00:00,732.14,732.25,732.14,732.25,0,pre-market,False
2026-07-30T08:47:00+00:00,732.17,732.23,732.17,732.17,0,pre-market,False
2026-07-30T08:48:00+00:00,732.09,732.14,731.89,731.9,0,pre-market,False
2026-07-30T08:49:00+00:00,731.85,731.98,731.85,731.98,0,pre-market,False
2026-07-30T08:50:00+00:00,731.9115,731.9282,731.89,731.9,0,pre-market,False
2026-07-30T08:51:00+00:00,731.89,731.92,731.89,731.92,0,pre-market,False
2026-07-30T08:52:00+00:00,731.92,731.92,731.84,731.85,0,pre-market,False
2026-07-30T08:53:00+00:00,731.8,731.82,731.72,731.78,0,pre-market,False
2026-07-30T08:54:00+00:00,731.78,731.82,731.7295,731.73,0,pre-market,False
2026-07-30T08:55:00+00:00,731.6995,731.76,731.53,731.54,0,pre-market,False
2026-07-30T08:56:00+00:00,731.55,731.6,731.55,731.57,0,pre-market,False
2026-07-30T08:57:00+00:00,731.5012,731.75,731.5,731.75,0,pre-market,False
2026-07-30T08:58:00+00:00,731.8,731.87,731.76,731.87,0,pre-market,False
2026-07-30T08:59:00+00:00,731.82,731.88,731.82,731.86,0,pre-market,False
2026-07-30T09:00:00+00:00,731.86,731.89,731.8,731.8,0,pre-market,False
2026-07-30T09:01:00+00:00,731.86,731.95,731.76,731.93,0,pre-market,False
2026-07-30T09:02:00+00:00,731.93,732.02,731.93,731.97,0,pre-market,False
2026-07-30T09:03:00+00:00,732.02,732.0515,732.01,732.02,0,pre-market,False
2026-07-30T09:04:00+00:00,731.94,732.35,731.92,732.2277,0,pre-market,False
2026-07-30T09:05:00+00:00,732.07,732.19,732.03,732.19,0,pre-market,False
2026-07-30T09:06:00+00:00,732.21,732.34,732.21,732.34,0,pre-market,False
2026-07-30T09:07:00+00:00,732.35,732.37,732.23,732.37,0,pre-market,False
2026-07-30T09:08:00+00:00,732.42,732.43,732.32,732.35,0,pre-market,False
2026-07-30T09:09:00+00:00,732.351,732.3785,732.33,732.3488,0,pre-market,False
2026-07-30T09:10:00+00:00,732.38,732.38,732.22,732.25,0,pre-market,False
2026-07-30T09:11:00+00:00,732.33,732.408,732.282,732.35,0,pre-market,False
2026-07-30T09:12:00+00:00,732.27,732.38,732.26,732.26,0,pre-market,False
2026-07-30T09:13:00+00:00,732.27,732.38,732.23,732.38,0,pre-market,False
2026-07-30T09:14:00+00:00,732.35,732.915,732.28,732.61,0,pre-market,False
2026-07-30T09:15:00+00:00,732.64,732.73,732.459,732.53,0,pre-market,False
2026-07-30T09:16:00+00:00,732.54,732.79,732.54,732.729,0,pre-market,False
2026-07-30T09:17:00+00:00,732.78,732.8,732.65,732.73,0,pre-market,False
2026-07-30T09:18:00+00:00,732.71,732.71,732.594,732.6,0,pre-market,False
2026-07-30T09:19:00+00:00,732.59,732.64,732.59,732.64,0,pre-market,False
2026-07-30T09:20:00+00:00,732.66,732.7212,732.589,732.7212,0,pre-market,False
2026-07-30T09:21:00+00:00,732.7,733.0,732.64,732.92,0,pre-market,False
2026-07-30T09:22:00+00:00,732.85,732.96,732.85,732.87,0,pre-market,False
2026-07-30T09:23:00+00:00,732.91,733.06,732.86,733.02,0,pre-market,False
2026-07-30T09:24:00+00:00,732.94,733.1,732.94,732.96,0,pre-market,False
2026-07-30T09:25:00+00:00,732.93,733.02,732.85,732.95,0,pre-market,False
2026-07-30T09:26:00+00:00,732.99,733.06,732.99,733.06,0,pre-market,False
2026-07-30T09:27:00+00:00,733.08,733.08,732.97,733.0665,0,pre-market,False
2026-07-30T09:28:00+00:00,733.03,733.11,732.9,732.9522,0,pre-market,False
2026-07-30T09:29:00+00:00,732.9,732.96,732.85,732.96,0,pre-market,False
2026-07-30T09:30:00+00:00,732.9,732.96,732.71,732.7912,0,pre-market,False
2026-07-30T09:31:00+00:00,732.74,732.8287,732.71,732.8012,0,pre-market,False
2026-07-30T09:32:00+00:00,732.82,732.93,732.78,732.8882,0,pre-market,False
2026-07-30T09:33:00+00:00,732.87,733.08,732.86,733.08,0,pre-market,False
2026-07-30T09:34:00+00:00,733.02,733.175,733.0,733.13,0,pre-market,False
2026-07-30T09:35:00+00:00,733.18,733.33,733.18,733.22,0,pre-market,False
2026-07-30T09:36:00+00:00,733.17,733.2572,733.15,733.2572,0,pre-market,False
2026-07-30T09:37:00+00:00,733.26,733.38,733.23,733.35,0,pre-market,False
2026-07-30T09:38:00+00:00,733.27,733.27,733.0813,733.2,0,pre-market,False
2026-07-30T09:39:00+00:00,733.105,733.105,732.95,732.96,0,pre-market,False
2026-07-30T09:40:00+00:00,733.0,733.0,732.93,732.95,0,pre-market,False
2026-07-30T09:41:00+00:00,732.88,732.96,732.83,732.83,0,pre-market,False
2026-07-30T09:42:00+00:00,732.87,732.89,732.82,732.83,0,pre-market,False
2026-07-30T09:43:00+00:00,732.82,732.83,732.8,732.8,0,pre-market,False
2026-07-30T09:44:00+00:00,732.82,732.91,732.79,732.91,0,pre-market,False
2026-07-30T09:45:00+00:00,732.86,732.89,732.86,732.89,0,pre-market,False
2026-07-30T09:46:00+00:00,732.88,733.02,732.87,733.02,0,pre-market,False
2026-07-30T09:47:00+00:00,733.02,733.03,732.9492,733.03,0,pre-market,False
2026-07-30T09:48:00+00:00,733.03,733.03,732.94,732.94,0,pre-market,False
2026-07-30T09:49:00+00:00,732.87,732.9588,732.86,732.9588,0,pre-market,False
2026-07-30T09:50:00+00:00,732.99,732.99,732.9,732.9,0,pre-market,False
2026-07-30T09:51:00+00:00,732.93,732.955,732.87,732.87,0,pre-market,False
2026-07-30T09:52:00+00:00,732.98,732.98,732.77,732.86,0,pre-market,False
2026-07-30T09:53:00+00:00,732.82,732.82,732.8,732.8,0,pre-market,False
2026-07-30T09:54:00+00:00,732.829,732.9,732.75,732.87,0,pre-market,False
2026-07-30T09:55:00+00:00,732.85,732.895,732.82,732.82,0,pre-market,False
2026-07-30T09:56:00+00:00,732.8,732.8,732.72,732.77,0,pre-market,False
2026-07-30T09:57:00+00:00,732.7396,732.7396,732.63,732.63,0,pre-market,False
2026-07-30T09:58:00+00:00,732.5395,732.54,732.39,732.39,0,pre-market,False
2026-07-30T09:59:00+00:00,732.32,732.32,732.03,732.09,0,pre-market,False
2026-07-30T10:00:00+00:00,732.01,732.11,731.7987,732.11,0,pre-market,False
2026-07-30T10:01:00+00:00,732.06,732.25,732.01,732.25,0,pre-market,False
2026-07-30T10:02:00+00:00,732.251,732.26,732.25,732.25,0,pre-market,False
2026-07-30T10:03:00+00:00,732.24,732.24,732.15,732.15,0,pre-market,False
2026-07-30T10:04:00+00:00,732.13,732.18,732.0,732.0295,0,pre-market,False
2026-07-30T10:05:00+00:00,732.07,732.3117,732.07,732.3117,0,pre-market,False
2026-07-30T10:06:00+00:00,732.31,732.35,732.3,732.3,0,pre-market,False
2026-07-30T10:07:00+00:00,732.31,732.58,732.31,732.5512,0,pre-market,False
2026-07-30T10:08:00+00:00,732.59,732.59,732.45,732.45,0,pre-market,False
2026-07-30T10:09:00+00:00,732.5552,732.64,732.5552,732.6,0,pre-market,False
2026-07-30T10:10:00+00:00,732.68,732.82,732.68,732.71,0,pre-market,False
2026-07-30T10:11:00+00:00,732.66,732.66,732.52,732.52,0,pre-market,False
2026-07-30T10:12:00+00:00,732.5,732.5,732.31,732.36,0,pre-market,False
2026-07-30T10:13:00+00:00,732.26,732.3,732.22,732.3,0,pre-market,False
2026-07-30T10:14:00+00:00,732.3212,732.34,732.31,732.31,0,pre-market,False
2026-07-30T10:15:00+00:00,732.38,732.5,732.3696,732.5,0,pre-market,False
2026-07-30T10:16:00+00:00,732.53,732.74,732.53,732.5485,0,pre-market,False
2026-07-30T10:17:00+00:00,732.52,732.84,732.51,732.78,0,pre-market,False
2026-07-30T10:18:00+00:00,732.78,732.9,732.78,732.9,0,pre-market,False
2026-07-30T10:19:00+00:00,732.99,733.04,732.89,732.98,0,pre-market,False
2026-07-30T10:20:00+00:00,733.07,733.1,732.98,733.1,0,pre-market,False
2026-07-30T10:21:00+00:00,733.0588,733.19,733.0,733.19,0,pre-market,False
2026-07-30T10:22:00+00:00,733.16,733.24,733.14,733.1979,0,pre-market,False
2026-07-30T10:23:00+00:00,733.24,733.26,733.16,733.19,0,pre-market,False
2026-07-30T10:24:00+00:00,733.23,733.23,733.06,733.06,0,pre-market,False
2026-07-30T10:25:00+00:00,733.19,733.33,733.19,733.32,0,pre-market,False
2026-07-30T10:26:00+00:00,733.36,733.46,733.27,733.34,0,pre-market,False
2026-07-30T10:27:00+00:00,733.36,733.38,733.19,733.2187,0,pre-market,False
2026-07-30T10:28:00+00:00,733.19,733.26,733.1592,733.17,0,pre-market,False
2026-07-30T10:29:00+00:00,733.14,733.26,733.13,733.25,0,pre-market,False
2026-07-30T10:30:00+00:00,733.23,733.27,733.17,733.17,0,pre-market,False
2026-07-30T10:31:00+00:00,733.2,733.37,733.2,733.36,0,pre-market,False
2026-07-30T10:32:00+00:00,733.31,733.3196,733.24,733.26,0,pre-market,False
2026-07-30T10:33:00+00:00,733.3085,733.3085,733.1201,733.1201,0,pre-market,False
2026-07-30T10:34:00+00:00,733.13,733.13,733.02,733.09,0,pre-market,False
2026-07-30T10:35:00+00:00,733.11,733.3,733.11,733.3,0,pre-market,False
2026-07-30T10:36:00+00:00,733.33,733.38,733.33,733.38,0,pre-market,False
2026-07-30T10:37:00+00:00,733.37,733.3788,733.28,733.3285,0,pre-market,False
2026-07-30T10:38:00+00:00,733.3215,733.3882,733.3,733.3,0,pre-market,False
2026-07-30T10:39:00+00:00,733.25,733.37,733.2,733.37,0,pre-market,False
2026-07-30T10:40:00+00:00,733.37,733.67,733.31,733.54,0,pre-market,False
2026-07-30T10:41:00+00:00,733.5787,733.6,733.3527,733.6,0,pre-market,False
2026-07-30T10:42:00+00:00,733.4485,733.48,733.4,733.41,0,pre-market,False
2026-07-30T10:43:00+00:00,733.42,733.74,733.42,733.62,0,pre-market,False
2026-07-30T10:44:00+00:00,733.6996,733.71,733.49,733.57,0,pre-market,False
2026-07-30T10:45:00+00:00,733.4982,733.75,733.49,733.68,0,pre-market,False
2026-07-30T10:46:00+00:00,733.7185,733.73,733.66,733.687,0,pre-market,False
2026-07-30T10:47:00+00:00,733.72,733.75,733.68,733.7212,0,pre-market,False
2026-07-30T10:48:00+00:00,733.72,733.72,733.61,733.66,0,pre-market,False
2026-07-30T10:49:00+00:00,733.71,733.71,733.54,733.54,0,pre-market,False
2026-07-30T10:50:00+00:00,733.54,733.8,733.52,733.73,0,pre-market,False
2026-07-30T10:51:00+00:00,733.7,733.72,733.6092,733.6338,0,pre-market,False
2026-07-30T10:52:00+00:00,733.689,733.74,733.6584,733.72,0,pre-market,False
2026-07-30T10:53:00+00:00,733.6915,733.71,733.38,733.4482,0,pre-market,False
2026-07-30T10:54:00+00:00,733.42,733.42,733.15,733.15,0,pre-market,False
2026-07-30T10:55:00+00:00,733.16,733.29,733.15,733.29,0,pre-market,False
2026-07-30T10:56:00+00:00,733.23,733.23,733.07,733.0783,0,pre-market,False
2026-07-30T10:57:00+00:00,733.11,733.1669,733.0722,733.09,0,pre-market,False
2026-07-30T10:58:00+00:00,733.0,733.04,733.0,733.04,0,pre-market,False
2026-07-30T10:59:00+00:00,733.05,733.16,733.0015,733.11,0,pre-market,False
2026-07-30T11:00:00+00:00,733.14,733.5,729.46,729.46,0,pre-market,False
2026-07-30T11:01:00+00:00,733.4397,733.45,729.46,733.42,0,pre-market,False
2026-07-30T11:02:00+00:00,733.42,733.6384,733.42,733.47,0,pre-market,False
2026-07-30T11:03:00+00:00,733.462,733.6,733.4,733.4757,0,pre-market,False
2026-07-30T11:04:00+00:00,733.505,733.5407,733.45,733.52,0,pre-market,False
2026-07-30T11:05:00+00:00,733.48,733.6392,733.4649,733.5801,0,pre-market,False
2026-07-30T11:06:00+00:00,733.5912,733.795,733.58,733.7676,0,pre-market,False
2026-07-30T11:07:00+00:00,733.75,733.82,733.67,733.6927,0,pre-market,False
2026-07-30T11:08:00+00:00,733.6629,733.779,733.58,733.7681,0,pre-market,False
2026-07-30T11:09:00+00:00,733.78,733.8,733.7209,733.75,0,pre-market,False
2026-07-30T11:10:00+00:00,733.7377,733.85,733.67,733.7107,0,pre-market,False
2026-07-30T11:11:00+00:00,733.67,733.7606,733.61,733.7116,0,pre-market,False
2026-07-30T11:12:00+00:00,733.71,733.85,733.71,733.7641,0,pre-market,False
2026-07-30T11:13:00+00:00,733.78,733.78,733.49,733.5823,0,pre-market,False
2026-07-30T11:14:00+00:00,733.5683,733.62,733.54,733.6018,0,pre-market,False
2026-07-30T11:15:00+00:00,733.62,733.7,733.5397,733.681,0,pre-market,False
2026-07-30T11:16:00+00:00,733.71,733.94,733.65,733.9,0,pre-market,False
2026-07-30T11:17:00+00:00,733.9423,734.08,733.8711,734.02,0,pre-market,False
2026-07-30T11:18:00+00:00,734.0092,734.08,733.98,733.98,0,pre-market,False
2026-07-30T11:19:00+00:00,733.92,734.02,733.8392,733.8392,0,pre-market,False
2026-07-30T11:20:00+00:00,733.8877,733.9506,733.8703,733.8824,0,pre-market,False
2026-07-30T11:21:00+00:00,733.8508,733.8732,733.8,733.83,0,pre-market,False
2026-07-30T11:22:00+00:00,733.8122,733.9005,733.7446,733.9005,0,pre-market,False
2026-07-30T11:23:00+00:00,733.8894,733.8929,733.81,733.8887,0,pre-market,False
2026-07-30T11:24:00+00:00,733.8938,734.17,733.86,734.1452,0,pre-market,False
2026-07-30T11:25:00+00:00,734.17,734.2355,734.13,734.23,0,pre-market,False
2026-07-30T11:26:00+00:00,734.2354,734.3,734.19,734.2339,0,pre-market,False
2026-07-30T11:27:00+00:00,734.24,734.3,734.11,734.22,0,pre-market,False
2026-07-30T11:28:00+00:00,734.18,734.33,734.14,734.19,0,pre-market,False
2026-07-30T11:29:00+00:00,734.2197,734.3,734.17,734.2612,0,pre-market,False
2026-07-30T11:30:00+00:00,734.3059,734.3772,734.25,734.27,0,pre-market,False
2026-07-30T11:31:00+00:00,734.2983,734.3545,734.2212,734.29,0,pre-market,False
2026-07-30T11:32:00+00:00,734.34,734.41,734.15,734.16,0,pre-market,False
2026-07-30T11:33:00+00:00,734.12,734.16,734.05,734.1232,0,pre-market,False
2026-07-30T11:34:00+00:00,734.12,734.22,733.99,734.05,0,pre-market,False
2026-07-30T11:35:00+00:00,734.0212,734.18,734.0212,734.18,0,pre-market,False
2026-07-30T11:36:00+00:00,734.162,734.31,734.16,734.31,0,pre-market,False
2026-07-30T11:37:00+00:00,734.33,734.43,734.28,734.4082,0,pre-market,False
2026-07-30T11:38:00+00:00,734.44,734.455,734.4,734.455,0,pre-market,False
2026-07-30T11:39:00+00:00,734.47,734.48,734.26,734.2899,0,pre-market,False
2026-07-30T11:40:00+00:00,734.2552,734.339,734.2,734.25,0,pre-market,False
2026-07-30T11:41:00+00:00,734.29,734.31,734.05,734.0607,0,pre-market,False
2026-07-30T11:42:00+00:00,734.0403,734.25,733.9985,734.2419,0,pre-market,False
2026-07-30T11:43:00+00:00,734.29,734.45,734.25,734.4027,0,pre-market,False
2026-07-30T11:44:00+00:00,734.4,734.4,734.0995,734.1001,0,pre-market,False
2026-07-30T11:45:00+00:00,734.13,734.43,734.13,734.43,0,pre-market,False
2026-07-30T11:46:00+00:00,734.42,734.4465,734.3074,734.42,0,pre-market,False
2026-07-30T11:47:00+00:00,734.419,734.46,734.28,734.3227,0,pre-market,False
2026-07-30T11:48:00+00:00,734.26,734.37,734.25,734.361,0,pre-market,False
2026-07-30T11:49:00+00:00,734.4117,734.55,734.3477,734.46,0,pre-market,False
2026-07-30T11:50:00+00:00,734.41,734.54,734.39,734.5352,0,pre-market,False
2026-07-30T11:51:00+00:00,734.51,734.55,734.3613,734.3613,0,pre-market,False
2026-07-30T11:52:00+00:00,734.365,734.47,734.3,734.3,0,pre-market,False
2026-07-30T11:53:00+00:00,734.3,734.54,734.3,734.5004,0,pre-market,False
2026-07-30T11:54:00+00:00,734.54,734.71,734.53,734.7,0,pre-market,False
2026-07-30T11:55:00+00:00,734.67,734.73,734.53,734.55,0,pre-market,False
2026-07-30T11:56:00+00:00,734.56,734.6179,734.53,734.53,0,pre-market,False
2026-07-30T11:57:00+00:00,734.56,734.5961,734.52,734.5656,0,pre-market,False
2026-07-30T11:58:00+00:00,734.54,734.6701,734.54,734.6307,0,pre-market,False
2026-07-30T11:59:00+00:00,734.55,734.6,734.45,734.55,0,pre-market,False
2026-07-30T12:00:00+00:00,734.52,734.62,734.3969,734.4,0,pre-market,False
2026-07-30T12:01:00+00:00,734.4,734.4258,734.13,734.18,0,pre-market,False
2026-07-30T12:02:00+00:00,734.1643,734.5,734.15,734.42,0,pre-market,False
2026-07-30T12:03:00+00:00,734.4309,734.7888,734.37,734.7845,0,pre-market,False
2026-07-30T12:04:00+00:00,734.7673,734.85,734.7672,734.8124,0,pre-market,False
2026-07-30T12:05:00+00:00,734.84,734.89,734.72,734.86,0,pre-market,False
2026-07-30T12:06:00+00:00,734.86,734.9,734.79,734.9,0,pre-market,False
2026-07-30T12:07:00+00:00,734.91,734.93,734.76,734.848,0,pre-market,False
2026-07-30T12:08:00+00:00,734.8714,734.94,734.75,734.75,0,pre-market,False
2026-07-30T12:09:00+00:00,734.75,734.9587,734.74,734.8964,0,pre-market,False
2026-07-30T12:10:00+00:00,734.9,735.0,734.8575,734.92,0,pre-market,False
2026-07-30T12:11:00+00:00,734.92,735.0,734.7952,734.7952,0,pre-market,False
2026-07-30T12:12:00+00:00,734.74,734.928,734.71,734.79,0,pre-market,False
2026-07-30T12:13:00+00:00,734.83,734.969,734.8,734.9027,0,pre-market,False
2026-07-30T12:14:00+00:00,734.9,735.05,734.9,734.96,0,pre-market,False
2026-07-30T12:15:00+00:00,735.02,735.0408,734.9,734.9499,0,pre-market,False
2026-07-30T12:16:00+00:00,734.91,734.97,734.87,734.91,0,pre-market,False
2026-07-30T12:17:00+00:00,734.9058,734.9058,734.8,734.8101,0,pre-market,False
2026-07-30T12:18:00+00:00,734.81,734.91,734.81,734.91,0,pre-market,False
2026-07-30T12:19:00+00:00,734.91,734.9573,734.79,734.8,0,pre-market,False
2026-07-30T12:20:00+00:00,734.8,734.8,734.41,734.49,0,pre-market,False
2026-07-30T12:21:00+00:00,734.5,734.64,734.5,734.5699,0,pre-market,False
2026-07-30T12:22:00+00:00,734.55,734.57,734.43,734.48,0,pre-market,False
2026-07-30T12:23:00+00:00,734.45,734.65,734.45,734.65,0,pre-market,False
2026-07-30T12:24:00+00:00,734.67,734.89,734.67,734.8,0,pre-market,False
2026-07-30T12:25:00+00:00,734.8081,734.85,734.7,734.7012,0,pre-market,False
2026-07-30T12:26:00+00:00,734.73,734.9142,734.7,734.79,0,pre-market,False
2026-07-30T12:27:00+00:00,734.79,734.7907,734.5208,734.55,0,pre-market,False
2026-07-30T12:28:00+00:00,734.5,734.5,734.245,734.29,0,pre-market,False
2026-07-30T12:29:00+00:00,734.3165,734.695,734.19,734.4079,0,pre-market,False
2026-07-30T12:30:00+00:00,734.4601,735.15,734.4,734.85,0,pre-market,False
2026-07-30T12:31:00+00:00,734.8585,734.8585,734.41,734.4738,0,pre-market,False
2026-07-30T12:32:00+00:00,734.5,734.5,734.2198,734.3,0,pre-market,False
2026-07-30T12:33:00+00:00,734.3,734.385,734.129,734.142,0,pre-market,False
2026-07-30T12:34:00+00:00,734.1471,734.41,733.93,734.1876,0,pre-market,False
2026-07-30T12:35:00+00:00,734.28,734.5,734.14,734.4631,0,pre-market,False
2026-07-30T12:36:00+00:00,734.49,734.65,734.341,734.38,0,pre-market,False
2026-07-30T12:37:00+00:00,734.405,734.45,734.05,734.1048,0,pre-market,False
2026-07-30T12:38:00+00:00,734.08,734.21,734.07,734.18,0,pre-market,False
2026-07-30T12:39:00+00:00,734.2,734.28,734.0593,734.2395,0,pre-market,False
2026-07-30T12:40:00+00:00,734.2594,734.2918,733.93,733.98,0,pre-market,False
2026-07-30T12:41:00+00:00,734.0162,734.34,733.97,733.98,0,pre-market,False
2026-07-30T12:42:00+00:00,734.02,734.33,733.95,734.2421,0,pre-market,False
2026-07-30T12:43:00+00:00,734.16,734.19,733.92,734.16,0,pre-market,False
2026-07-30T12:44:00+00:00,734.1752,734.1759,734.01,734.13,0,pre-market,False
2026-07-30T12:45:00+00:00,734.1548,734.19,734.07,734.1212,0,pre-market,False
2026-07-30T12:46:00+00:00,734.16,734.22,733.97,734.089,0,pre-market,False
2026-07-30T12:47:00+00:00,734.08,734.11,729.46,734.05,0,pre-market,False
2026-07-30T12:48:00+00:00,734.06,734.2401,734.01,734.2401,0,pre-market,False
2026-07-30T12:49:00+00:00,734.24,734.24,734.09,734.1281,0,pre-market,False
2026-07-30T12:50:00+00:00,734.2,734.29,734.1406,734.2306,0,pre-market,False
2026-07-30T12:51:00+00:00,734.24,734.37,734.15,734.3599,0,pre-market,False
2026-07-30T12:52:00+00:00,734.3717,734.4,734.2123,734.2415,0,pre-market,False
2026-07-30T12:53:00+00:00,734.24,734.35,734.16,734.35,0,pre-market,False
2026-07-30T12:54:00+00:00,734.3214,734.5,734.27,734.42,0,pre-market,False
2026-07-30T12:55:00+00:00,734.3704,734.419,734.26,734.29,0,pre-market,False
2026-07-30T12:56:00+00:00,734.25,734.4,734.22,734.3613,0,pre-market,False
2026-07-30T12:57:00+00:00,734.358,734.55,734.2777,734.51,0,pre-market,False
2026-07-30T12:58:00+00:00,734.44,734.6317,734.4076,734.49,0,pre-market,False
2026-07-30T12:59:00+00:00,734.4977,734.5811,734.38,734.4172,0,pre-market,False
2026-07-30T13:00:00+00:00,734.47,734.9151,734.35,734.8,0,pre-market,False
2026-07-30T13:01:00+00:00,734.8,735.03,734.79,734.97,0,pre-market,False
2026-07-30T13:02:00+00:00,734.98,735.03,734.92,734.92,0,pre-market,False
2026-07-30T13:03:00+00:00,734.91,734.96,734.79,734.95,0,pre-market,False
2026-07-30T13:04:00+00:00,734.96,735.03,734.87,734.9275,0,pre-market,False
2026-07-30T13:05:00+00:00,734.98,735.09,734.93,735.0893,0,pre-market,False
2026-07-30T13:06:00+00:00,735.1,735.2,735.01,735.15,0,pre-market,False
2026-07-30T13:07:00+00:00,735.15,735.56,735.08,735.14,0,pre-market,False
2026-07-30T13:08:00+00:00,735.2,735.2,734.97,735.04,0,pre-market,False
2026-07-30T13:09:00+00:00,735.09,735.09,734.88,734.89,0,pre-market,False
2026-07-30T13:10:00+00:00,734.85,734.92,734.67,734.68,0,pre-market,False
2026-07-30T13:11:00+00:00,734.68,734.71,734.55,734.7,0,pre-market,False
2026-07-30T13:12:00+00:00,734.69,734.9017,734.6,734.77,0,pre-market,False
2026-07-30T13:13:00+00:00,734.84,735.15,734.7904,735.0,0,pre-market,False
2026-07-30T13:14:00+00:00,735.0,735.0083,734.72,734.8,0,pre-market,False
2026-07-30T13:30:00+00:00,736.0499877929688,736.27001953125,735.1599731445312,735.5100708007812,2361884,regular,False
2026-07-30T13:31:00+00:00,735.52001953125,735.72998046875,735.3107299804688,735.510009765625,268972,regular,False
2026-07-30T13:32:00+00:00,735.4949951171875,735.77001953125,735.344970703125,735.47998046875,298830,regular,False
2026-07-30T13:33:00+00:00,735.4749755859375,735.6099853515625,734.969970703125,735.2899780273438,277476,regular,False
2026-07-30T13:34:00+00:00,735.2999877929688,735.7000122070312,735.0700073242188,735.4451293945312,269471,regular,False
2026-07-30T13:35:00+00:00,735.4400024414062,735.7849731445312,735.0374755859375,735.5700073242188,214790,regular,False
2026-07-30T13:36:00+00:00,735.5599975585938,735.8400268554688,735.3350219726562,735.72998046875,254885,regular,False
2026-07-30T13:37:00+00:00,735.719970703125,736.02001953125,735.22998046875,736.0192260742188,173629,regular,False
2026-07-30T13:38:00+00:00,736.0,736.0499877929688,735.4299926757812,735.510009765625,216504,regular,False
2026-07-30T13:39:00+00:00,735.510009765625,735.5900268554688,734.97998046875,735.3400268554688,166521,regular,False
2026-07-30T13:40:00+00:00,735.3099975585938,735.4400024414062,734.6300048828125,734.7249755859375,234418,regular,False
2026-07-30T13:41:00+00:00,734.739990234375,735.3699951171875,734.7000122070312,735.1599731445312,198409,regular,False
2026-07-30T13:42:00+00:00,735.1300048828125,736.0499877929688,735.030029296875,735.8800048828125,203455,regular,False
2026-07-30T13:43:00+00:00,735.8599853515625,736.489990234375,735.8200073242188,736.4500122070312,228324,regular,False
2026-07-30T13:44:00+00:00,736.4600219726562,736.7899780273438,736.3400268554688,736.39501953125,235986,regular,False
2026-07-30T13:45:00+00:00,736.3900146484375,736.9099731445312,736.3499755859375,736.8400268554688,332401,regular,False
2026-07-30T13:46:00+00:00,736.85498046875,737.3800048828125,736.77001953125,737.280029296875,241003,regular,False
2026-07-30T13:47:00+00:00,737.280029296875,737.3099975585938,736.8300170898438,737.1500244140625,286044,regular,False
2026-07-30T13:48:00+00:00,737.1500244140625,737.3099975585938,736.9600219726562,737.1400146484375,224641,regular,False
2026-07-30T13:49:00+00:00,737.1400146484375,737.4299926757812,737.0800170898438,737.4000244140625,210842,regular,False
2026-07-30T13:50:00+00:00,737.3900146484375,738.3099975585938,737.0700073242188,738.1099853515625,320647,regular,False
2026-07-30T13:51:00+00:00,738.1199951171875,738.3640747070312,737.8099975585938,737.8699951171875,240946,regular,False
2026-07-30T13:52:00+00:00,737.864990234375,737.9099731445312,737.260009765625,737.5800170898438,233707,regular,False
2026-07-30T13:53:00+00:00,737.5800170898438,738.1099853515625,737.510009765625,737.6400146484375,121360,regular,False
2026-07-30T13:54:00+00:00,737.6300048828125,737.989990234375,737.5599975585938,737.8699951171875,130414,regular,False
2026-07-30T13:55:00+00:00,737.864990234375,738.0700073242188,737.5900268554688,737.9299926757812,197958,regular,False
2026-07-30T13:56:00+00:00,737.9299926757812,738.0499877929688,737.6400146484375,737.8599853515625,176616,regular,False
2026-07-30T13:57:00+00:00,737.8599853515625,738.1300048828125,737.7000122070312,737.9600219726562,154684,regular,False
2026-07-30T13:58:00+00:00,737.969970703125,738.0900268554688,737.719970703125,738.0800170898438,219421,regular,False
2026-07-30T13:59:00+00:00,738.0800170898438,738.6599731445312,738.0399780273438,738.625,214687,regular,False
2026-07-30T14:00:00+00:00,738.625,738.719970703125,738.280029296875,738.719970703125,404411,regular,False
2026-07-30T14:01:00+00:00,738.7100219726562,738.89599609375,738.469970703125,738.7100219726562,328905,regular,False
2026-07-30T14:02:00+00:00,738.7100219726562,738.989990234375,738.5,738.6900024414062,241976,regular,False
2026-07-30T14:03:00+00:00,738.7100219726562,738.7100219726562,738.0800170898438,738.3900146484375,221258,regular,False
2026-07-30T14:04:00+00:00,738.4000244140625,738.7999877929688,738.3400268554688,738.5800170898438,183291,regular,False
2026-07-30T14:05:00+00:00,738.5800170898438,738.760009765625,738.280029296875,738.6099853515625,172438,regular,False
2026-07-30T14:06:00+00:00,738.6199951171875,738.905029296875,738.3599853515625,738.6300048828125,106315,regular,False
2026-07-30T14:07:00+00:00,738.6400146484375,738.72998046875,738.0599975585938,738.0900268554688,101451,regular,False
2026-07-30T14:08:00+00:00,738.1099853515625,738.1300048828125,737.6500244140625,737.75,207706,regular,False
2026-07-30T14:09:00+00:00,737.7550048828125,737.8300170898438,737.5499877929688,737.7672119140625,204308,regular,False
2026-07-30T14:10:00+00:00,737.760009765625,737.9550170898438,737.489990234375,737.6500244140625,160709,regular,False
2026-07-30T14:11:00+00:00,737.6400146484375,738.05908203125,737.4400024414062,738.0499877929688,182476,regular,False
2026-07-30T14:12:00+00:00,738.0449829101562,738.155029296875,737.760009765625,737.9351196289062,103670,regular,False
2026-07-30T14:13:00+00:00,737.9500122070312,737.9600219726562,737.5399780273438,737.6599731445312,104421,regular,False
2026-07-30T14:14:00+00:00,737.6699829101562,738.030029296875,737.6500244140625,737.97998046875,118907,regular,False
2026-07-30T14:15:00+00:00,737.97998046875,738.1300048828125,737.8099975585938,738.0800170898438,98704,regular,False
2026-07-30T14:16:00+00:00,738.0900268554688,738.3800048828125,737.9500122070312,738.3300170898438,70756,regular,False
2026-07-30T14:17:00+00:00,738.3099975585938,738.47998046875,737.9008178710938,737.9299926757812,109467,regular,False
2026-07-30T14:18:00+00:00,737.9299926757812,737.9349975585938,737.3800048828125,737.77001953125,172347,regular,False
2026-07-30T14:19:00+00:00,737.760009765625,737.9000244140625,737.5050048828125,737.7899780273438,87772,regular,False
2026-07-30T14:20:00+00:00,737.7899780273438,737.9299926757812,737.6199951171875,737.864990234375,102436,regular,False
2026-07-30T14:21:00+00:00,737.8699951171875,738.3599853515625,737.8502197265625,738.1500244140625,94819,regular,False
2026-07-30T14:22:00+00:00,738.1649780273438,738.3800048828125,737.8720092773438,738.3099975585938,88389,regular,False
2026-07-30T14:23:00+00:00,738.2899780273438,738.5700073242188,738.1699829101562,738.1699829101562,78834,regular,False
2026-07-30T14:24:00+00:00,738.1699829101562,738.3350219726562,737.7550048828125,737.969970703125,125131,regular,False
2026-07-30T14:25:00+00:00,737.969970703125,738.1599731445312,737.8499755859375,738.0999755859375,99950,regular,False
2026-07-30T14:26:00+00:00,738.0999755859375,738.25,737.72998046875,738.1599731445312,72148,regular,False
2026-07-30T14:27:00+00:00,738.1699829101562,738.75,738.0900268554688,738.7399291992188,118908,regular,False
2026-07-30T14:28:00+00:00,738.72998046875,739.2999877929688,738.719970703125,739.010009765625,128793,regular,False
2026-07-30T14:29:00+00:00,738.989990234375,739.0700073242188,738.5797729492188,738.5797729492188,263409,regular,False
2026-07-30T14:30:00+00:00,738.6400146484375,738.7000122070312,738.1799926757812,738.6400146484375,343614,regular,False
2026-07-30T14:31:00+00:00,738.6500244140625,738.8800048828125,738.4000244140625,738.7999877929688,113549,regular,False
2026-07-30T14:32:00+00:00,738.8099975585938,738.8699951171875,738.5599975585938,738.75,82872,regular,False
2026-07-30T14:33:00+00:00,738.72998046875,738.72998046875,738.3200073242188,738.510009765625,131290,regular,False
2026-07-30T14:34:00+00:00,738.5,738.5700073242188,738.0549926757812,738.3599853515625,146414,regular,False
2026-07-30T14:35:00+00:00,738.3209838867188,738.3499755859375,738.0371704101562,738.0999755859375,73612,regular,False
2026-07-30T14:36:00+00:00,738.0800170898438,738.885009765625,738.0399780273438,738.7899780273438,120421,regular,False
2026-07-30T14:37:00+00:00,738.780029296875,738.9398803710938,738.6099853515625,738.8200073242188,0,regular,False
2026-07-30T14:38:00+00:00,738.8099975585938,738.8099975585938,738.4937744140625,738.5850219726562,75337,regular,False
2026-07-30T14:39:00+00:00,738.5700073242188,738.760009765625,738.489990234375,738.6849975585938,78964,regular,False
2026-07-30T14:40:00+00:00,738.6900024414062,738.969970703125,738.5499877929688,738.9199829101562,84589,regular,False
2026-07-30T14:41:00+00:00,738.9500122070312,739.1099853515625,738.8201293945312,739.0150146484375,70508,regular,False
2026-07-30T14:42:00+00:00,739.030029296875,739.1099853515625,738.510009765625,738.530029296875,72301,regular,False
2026-07-30T14:43:00+00:00,738.5250244140625,738.5250244140625,738.0599975585938,738.0800170898438,113501,regular,False
2026-07-30T14:44:00+00:00,738.0650024414062,738.0650024414062,737.6799926757812,737.8400268554688,113948,regular,False
2026-07-30T14:45:00+00:00,737.8499145507812,738.0599975585938,737.5399780273438,738.0599975585938,101072,regular,False
2026-07-30T14:46:00+00:00,738.0599975585938,738.1500244140625,737.5999755859375,737.7100219726562,87862,regular,False
2026-07-30T14:47:00+00:00,737.7000122070312,737.8400268554688,737.3399047851562,737.3399047851562,137846,regular,False
2026-07-30T14:48:00+00:00,737.3400268554688,737.3400268554688,736.8300170898438,737.1199951171875,146015,regular,False
2026-07-30T14:49:00+00:00,737.114990234375,737.3900146484375,736.8499755859375,737.219970703125,119368,regular,False
2026-07-30T14:50:00+00:00,737.219970703125,737.35498046875,736.97998046875,737.0399780273438,94285,regular,False
2026-07-30T14:51:00+00:00,737.0499877929688,737.1900024414062,736.7000122070312,736.969970703125,598476,regular,False
2026-07-30T14:52:00+00:00,736.9749755859375,737.0050048828125,736.6500854492188,736.6599731445312,93855,regular,False
2026-07-30T14:53:00+00:00,736.6799926757812,736.6900024414062,736.3400268554688,736.4299926757812,135531,regular,False
2026-07-30T14:54:00+00:00,736.4299926757812,736.4400024414062,736.0850219726562,736.2100219726562,255975,regular,False
2026-07-30T14:55:00+00:00,736.2000122070312,736.22998046875,735.8499755859375,736.1574096679688,215647,regular,False
2026-07-30T14:56:00+00:00,736.1500244140625,736.219970703125,735.6099243164062,735.7999877929688,312707,regular,False
2026-07-30T14:57:00+00:00,735.8099975585938,736.0800170898438,735.6400146484375,736.0,117898,regular,False
2026-07-30T14:58:00+00:00,736.0,736.2691040039062,735.8250122070312,736.2000122070312,141199,regular,False
2026-07-30T14:59:00+00:00,736.2150268554688,736.5700073242188,736.1199951171875,736.22998046875,169219,regular,False
2026-07-30T15:00:00+00:00,736.22998046875,736.280029296875,735.3099975585938,735.4749755859375,146917,regular,False
2026-07-30T15:01:00+00:00,735.47998046875,735.7095947265625,735.3200073242188,735.4349975585938,113446,regular,False
2026-07-30T15:02:00+00:00,735.4299926757812,735.9299926757812,735.260009765625,735.9299926757812,161491,regular,False
2026-07-30T15:03:00+00:00,735.9299926757812,736.4000244140625,735.7949829101562,736.4000244140625,142502,regular,False
2026-07-30T15:04:00+00:00,736.3699951171875,736.5900268554688,735.9500122070312,736.2650146484375,148264,regular,False
2026-07-30T15:05:00+00:00,736.219970703125,736.4199829101562,736.0900268554688,736.1599731445312,144852,regular,False
2026-07-30T15:06:00+00:00,736.1699829101562,736.22998046875,735.760009765625,735.8400268554688,119252,regular,False
2026-07-30T15:07:00+00:00,735.8400268554688,735.969970703125,735.530029296875,735.5999755859375,82420,regular,False
2026-07-30T15:08:00+00:00,735.5999755859375,735.9400024414062,735.3900146484375,735.9199829101562,231708,regular,False
2026-07-30T15:09:00+00:00,735.9299926757812,736.8200073242188,735.8099975585938,736.75,124546,regular,False
2026-07-30T15:10:00+00:00,736.7401123046875,736.77001953125,735.8499755859375,735.9199829101562,110284,regular,False
2026-07-30T15:11:00+00:00,735.9299926757812,735.9500122070312,735.3499755859375,735.4500122070312,85299,regular,False
2026-07-30T15:12:00+00:00,735.4401245117188,735.6099853515625,735.3165283203125,735.52001953125,95313,regular,False
2026-07-30T15:13:00+00:00,735.52001953125,735.530029296875,734.9400024414062,735.0601196289062,251468,regular,False
2026-07-30T15:14:00+00:00,735.0599975585938,735.2550048828125,734.8300170898438,734.8900146484375,91525,regular,False
2026-07-30T15:15:00+00:00,734.8699951171875,735.3699951171875,734.5900268554688,735.3699951171875,161580,regular,False
2026-07-30T15:16:00+00:00,735.419921875,735.72998046875,735.2999877929688,735.4000244140625,103445,regular,False
2026-07-30T15:17:00+00:00,735.4299926757812,735.6500244140625,735.0,735.0900268554688,194596,regular,False
2026-07-30T15:18:00+00:00,735.0800170898438,735.469970703125,735.0599975585938,735.3800048828125,75408,regular,False
2026-07-30T15:19:00+00:00,735.3599853515625,735.5499877929688,735.2575073242188,735.469970703125,80623,regular,False
2026-07-30T15:20:00+00:00,735.47998046875,735.52001953125,735.22998046875,735.4349975585938,59556,regular,False
2026-07-30T15:21:00+00:00,735.4600219726562,736.1649780273438,735.4199829101562,735.9199829101562,90616,regular,False
2026-07-30T15:22:00+00:00,735.9000244140625,736.0900268554688,735.6699829101562,735.9000244140625,81191,regular,False
2026-07-30T15:23:00+00:00,735.8599853515625,735.9099731445312,735.2100219726562,735.6500244140625,85240,regular,False
2026-07-30T15:24:00+00:00,735.6300048828125,735.6500244140625,735.27001953125,735.4299926757812,197500,regular,False
2026-07-30T15:25:00+00:00,735.4249877929688,735.8200073242188,735.0700073242188,735.1799926757812,74919,regular,False
2026-07-30T15:26:00+00:00,735.1500244140625,735.2999877929688,734.6300048828125,735.2949829101562,137446,regular,False
2026-07-30T15:27:00+00:00,735.3200073242188,735.4099731445312,734.9849853515625,735.0599975585938,194229,regular,False
2026-07-30T15:28:00+00:00,735.0900268554688,735.1400146484375,734.8300170898438,735.02001953125,79375,regular,False
2026-07-30T15:29:00+00:00,735.0399780273438,735.2000122070312,734.72998046875,734.7999877929688,74287,regular,False
2026-07-30T15:30:00+00:00,734.8400268554688,734.9749755859375,734.6799926757812,734.7999877929688,82322,regular,False
2026-07-30T15:31:00+00:00,734.8200073242188,735.239990234375,734.760009765625,735.010009765625,101249,regular,False
2026-07-30T15:32:00+00:00,734.989990234375,735.2899780273438,734.9600219726562,735.1400146484375,57439,regular,False
2026-07-30T15:33:00+00:00,735.1400146484375,735.2999877929688,734.9299926757812,735.2899780273438,53365,regular,False
2026-07-30T15:34:00+00:00,735.2899780273438,736.0800170898438,735.125,736.0800170898438,98045,regular,False
2026-07-30T15:35:00+00:00,736.0900268554688,736.239990234375,735.8099975585938,735.8900146484375,77913,regular,False
2026-07-30T15:36:00+00:00,735.8699951171875,736.4600219726562,735.8699951171875,736.4600219726562,70101,regular,False
2026-07-30T15:37:00+00:00,736.4500122070312,736.4500122070312,735.5399780273438,735.5700073242188,97608,regular,False
2026-07-30T15:38:00+00:00,735.5800170898438,735.77001953125,735.4500122070312,735.6500244140625,50175,regular,False
2026-07-30T15:39:00+00:00,735.6699829101562,735.9299926757812,735.5800170898438,735.9299926757812,37297,regular,False
2026-07-30T15:40:00+00:00,735.9199829101562,736.239990234375,735.780029296875,736.0958862304688,77067,regular,False
2026-07-30T15:41:00+00:00,736.0695190429688,736.3400268554688,735.989990234375,736.22998046875,68241,regular,False
2026-07-30T15:42:00+00:00,736.219970703125,736.4450073242188,736.0,736.4450073242188,91829,regular,False
2026-07-30T15:43:00+00:00,736.4400024414062,736.72998046875,736.3300170898438,736.7100219726562,70718,regular,False
2026-07-30T15:44:00+00:00,736.7100219726562,736.969970703125,736.6199951171875,736.6229858398438,91482,regular,False
2026-07-30T15:45:00+00:00,736.6500244140625,736.9299926757812,736.6500244140625,736.8200073242188,48535,regular,False
2026-07-30T15:46:00+00:00,736.8099975585938,737.1500244140625,736.77001953125,737.0700073242188,79716,regular,False
2026-07-30T15:47:00+00:00,737.0599975585938,737.3200073242188,737.0599975585938,737.1400146484375,234050,regular,False
2026-07-30T15:48:00+00:00,737.135009765625,737.20751953125,736.8699951171875,736.9301147460938,368270,regular,False
2026-07-30T15:49:00+00:00,736.9299926757812,737.0999755859375,736.72998046875,737.0750122070312,85210,regular,False
2026-07-30T15:50:00+00:00,737.0800170898438,737.219970703125,736.77001953125,736.8599853515625,72711,regular,False
2026-07-30T15:51:00+00:00,736.8499755859375,737.0999755859375,736.5900268554688,737.0999755859375,74243,regular,False
2026-07-30T15:52:00+00:00,737.0900268554688,737.0900268554688,736.3800048828125,736.630126953125,82824,regular,False
2026-07-30T15:53:00+00:00,736.64990234375,737.1099853515625,736.6099853515625,737.0150146484375,228345,regular,False
2026-07-30T15:54:00+00:00,737.0499877929688,737.25,736.875,737.22998046875,66537,regular,False
2026-07-30T15:55:00+00:00,737.22998046875,737.5650024414062,737.22998046875,737.5001220703125,69695,regular,False
2026-07-30T15:56:00+00:00,737.52001953125,737.6699829101562,737.4000244140625,737.4000244140625,201121,regular,False
2026-07-30T15:57:00+00:00,737.4000244140625,737.5650024414062,737.2899780273438,737.5499877929688,102907,regular,False
2026-07-30T15:58:00+00:00,737.5700073242188,737.5700073242188,737.25,737.3699951171875,44845,regular,False
2026-07-30T15:59:00+00:00,737.3400268554688,737.3499755859375,737.0601196289062,737.1300048828125,172032,regular,False
2026-07-30T16:00:00+00:00,737.1500244140625,737.1799926757812,736.8699951171875,737.0700073242188,77236,regular,False
2026-07-30T16:01:00+00:00,737.0999755859375,737.489990234375,736.9650268554688,737.47998046875,335206,regular,False
2026-07-30T16:02:00+00:00,737.5004272460938,737.75,737.3699951171875,737.75,196358,regular,False
2026-07-30T16:03:00+00:00,737.77001953125,737.8599853515625,737.6799926757812,737.8035278320312,51526,regular,False
2026-07-30T16:04:00+00:00,737.7899780273438,738.345703125,737.7650146484375,738.280029296875,108490,regular,False
2026-07-30T16:05:00+00:00,738.27001953125,738.4299926757812,737.989990234375,738.0999755859375,100747,regular,False
2026-07-30T16:06:00+00:00,738.1099853515625,738.27001953125,737.9849853515625,738.0,95823,regular,False
2026-07-30T16:07:00+00:00,738.010009765625,738.14501953125,737.8800048828125,738.1199951171875,100740,regular,False
2026-07-30T16:08:00+00:00,738.1199951171875,738.25,737.969970703125,738.2249755859375,41065,regular,False
2026-07-30T16:09:00+00:00,738.2249755859375,738.25,738.0499877929688,738.1900024414062,46995,regular,False
2026-07-30T16:10:00+00:00,738.1799926757812,738.4949951171875,738.1300048828125,738.3900146484375,178464,regular,False
2026-07-30T16:11:00+00:00,738.4099731445312,738.6599731445312,738.2999877929688,738.6300048828125,70106,regular,False
2026-07-30T16:12:00+00:00,738.6099853515625,738.7999877929688,738.52001953125,738.7999877929688,186158,regular,False
2026-07-30T16:13:00+00:00,738.7999877929688,738.97998046875,738.7899780273438,738.9500732421875,267466,regular,False
2026-07-30T16:14:00+00:00,738.969970703125,738.97998046875,738.719970703125,738.864990234375,43696,regular,False
2026-07-30T16:15:00+00:00,738.8699951171875,738.969970703125,738.8200073242188,738.8400268554688,46884,regular,False
2026-07-30T16:16:00+00:00,738.8599853515625,739.0700073242188,738.8499755859375,739.0599975585938,67074,regular,False
2026-07-30T16:17:00+00:00,739.0700073242188,739.0800170898438,738.8400268554688,739.0800170898438,72391,regular,False
2026-07-30T16:18:00+00:00,739.0700073242188,739.1300048828125,738.8200073242188,739.0900268554688,52112,regular,False
2026-07-30T16:19:00+00:00,739.0900268554688,739.219970703125,738.8900146484375,738.9500122070312,46600,regular,False
2026-07-30T16:20:00+00:00,738.9500122070312,739.1300048828125,738.8599853515625,739.0800170898438,76636,regular,False
2026-07-30T16:21:00+00:00,739.0795288085938,739.1199951171875,738.9400024414062,739.1199951171875,42047,regular,False
2026-07-30T16:22:00+00:00,739.1099853515625,739.1199951171875,738.8300170898438,738.8499755859375,37621,regular,False
2026-07-30T16:23:00+00:00,738.8300170898438,738.8599853515625,738.5800170898438,738.7899780273438,93581,regular,False
2026-07-30T16:24:00+00:00,738.780029296875,738.8599853515625,738.5900268554688,738.6649780273438,159877,regular,False
2026-07-30T16:25:00+00:00,738.6500244140625,738.7000122070312,738.5402221679688,738.6699829101562,49182,regular,False
2026-07-30T16:26:00+00:00,738.6400146484375,738.77001953125,738.5800170898438,738.719970703125,31170,regular,False
2026-07-30T16:27:00+00:00,738.7100219726562,738.9500122070312,738.7000122070312,738.9500122070312,51803,regular,False
2026-07-30T16:28:00+00:00,738.969970703125,738.969970703125,738.7100219726562,738.8099975585938,39656,regular,False
2026-07-30T16:29:00+00:00,738.8099975585938,738.8800048828125,738.6699829101562,738.760009765625,37125,regular,False
2026-07-30T16:30:00+00:00,738.77001953125,738.8900146484375,738.469970703125,738.489990234375,55039,regular,False
2026-07-30T16:31:00+00:00,738.4949951171875,738.5900268554688,738.3599853515625,738.5349731445312,62130,regular,False
2026-07-30T16:32:00+00:00,738.5800170898438,738.7000122070312,738.4000244140625,738.6801147460938,38641,regular,False
2026-07-30T16:33:00+00:00,738.7000122070312,738.760009765625,738.5700073242188,738.719970703125,91066,regular,False
2026-07-30T16:34:00+00:00,738.7449951171875,738.8250122070312,738.5900268554688,738.739990234375,61611,regular,False
2026-07-30T16:35:00+00:00,738.7650146484375,739.0499877929688,738.7100219726562,738.8474731445312,82934,regular,False
2026-07-30T16:36:00+00:00,738.8499755859375,738.969970703125,738.7412109375,738.8400268554688,42074,regular,False
2026-07-30T16:37:00+00:00,738.8499755859375,738.8599853515625,738.5900268554688,738.6300048828125,55652,regular,False
2026-07-30T16:38:00+00:00,738.6400146484375,738.6699829101562,738.4901123046875,738.5599975585938,29038,regular,False
2026-07-30T16:39:00+00:00,738.5599975585938,738.6699829101562,738.4807739257812,738.510009765625,23198,regular,False
2026-07-30T16:40:00+00:00,738.510009765625,738.5449829101562,738.0800170898438,738.0900268554688,67920,regular,False
2026-07-30T16:41:00+00:00,738.0900268554688,738.2000122070312,737.8900146484375,738.0499877929688,61647,regular,False
2026-07-30T16:42:00+00:00,738.0800170898438,738.1300048828125,737.7999877929688,737.905029296875,48936,regular,False
2026-07-30T16:43:00+00:00,737.8699951171875,738.219970703125,737.7550048828125,738.010009765625,115981,regular,False
2026-07-30T16:44:00+00:00,737.989990234375,738.0800170898438,737.8900146484375,738.030029296875,114966,regular,False
2026-07-30T16:45:00+00:00,738.0399780273438,738.47998046875,738.0,738.4000244140625,87847,regular,False
2026-07-30T16:46:00+00:00,738.4000244140625,738.75,738.4000244140625,738.56201171875,103614,regular,False
2026-07-30T16:47:00+00:00,738.5700073242188,738.6400146484375,738.4299926757812,738.5,48190,regular,False
2026-07-30T16:48:00+00:00,738.4849853515625,738.5700073242188,738.4400024414062,738.4600219726562,17828,regular,False
2026-07-30T16:49:00+00:00,738.4299926757812,738.6199951171875,738.3900146484375,738.5599975585938,34472,regular,False
2026-07-30T16:50:00+00:00,738.5900268554688,738.6699829101562,738.27001953125,738.3900146484375,41602,regular,False
2026-07-30T16:51:00+00:00,738.39501953125,738.8499755859375,738.3900146484375,738.8375244140625,39511,regular,False
2026-07-30T16:52:00+00:00,738.8400268554688,739.1699829101562,738.7899780273438,739.135009765625,71501,regular,False
2026-07-30T16:53:00+00:00,739.1500244140625,739.1599731445312,738.8900146484375,739.0,68630,regular,False
2026-07-30T16:54:00+00:00,738.97998046875,739.0800170898438,738.9400024414062,738.969970703125,33233,regular,False
2026-07-30T16:55:00+00:00,738.969970703125,739.1199951171875,738.8599853515625,739.0800170898438,53108,regular,False
2026-07-30T16:56:00+00:00,739.0700073242188,739.1699829101562,738.97998046875,739.0599975585938,26582,regular,False
2026-07-30T16:57:00+00:00,739.0599975585938,739.0900268554688,738.8800048828125,738.8909912109375,28360,regular,False
2026-07-30T16:58:00+00:00,738.8900146484375,739.010009765625,738.7800903320312,738.989990234375,49967,regular,False
2026-07-30T16:59:00+00:00,739.02001953125,739.0399780273438,738.9299926757812,738.9849853515625,45480,regular,False
2026-07-30T17:00:00+00:00,738.97998046875,739.8900146484375,738.9799194335938,739.77001953125,194212,regular,False
2026-07-30T17:01:00+00:00,739.7775268554688,740.0499877929688,739.739990234375,740.02001953125,121503,regular,False
2026-07-30T17:02:00+00:00,740.02001953125,740.0449829101562,739.72998046875,739.780029296875,99801,regular,False
2026-07-30T17:03:00+00:00,739.7899780273438,739.9199829101562,739.72998046875,739.75,74461,regular,False
2026-07-30T17:04:00+00:00,739.7899780273438,739.97998046875,739.77001953125,739.9500122070312,44208,regular,False
2026-07-30T17:05:00+00:00,739.9600219726562,740.0,739.8499755859375,739.9099731445312,60197,regular,False
2026-07-30T17:06:00+00:00,739.9099731445312,740.1300048828125,739.8599853515625,739.9149780273438,74649,regular,False
2026-07-30T17:07:00+00:00,739.9400024414062,739.9500122070312,739.6799926757812,739.739990234375,101418,regular,False
2026-07-30T17:08:00+00:00,739.739990234375,739.7999877929688,739.655029296875,739.75,59595,regular,False
2026-07-30T17:09:00+00:00,739.72998046875,739.7999877929688,739.6195068359375,739.780029296875,31875,regular,False
2026-07-30T17:10:00+00:00,739.7899780273438,739.989990234375,739.760009765625,739.844970703125,43336,regular,False
2026-07-30T17:11:00+00:00,739.8400268554688,739.9099731445312,739.6699829101562,739.9000244140625,34817,regular,False
2026-07-30T17:12:00+00:00,739.9099731445312,739.9299926757812,739.530029296875,739.7050170898438,65651,regular,False
2026-07-30T17:13:00+00:00,739.7100219726562,739.780029296875,739.6599731445312,739.72998046875,155507,regular,False
2026-07-30T17:14:00+00:00,739.739990234375,739.8099975585938,739.6900024414062,739.7000122070312,280644,regular,False
2026-07-30T17:15:00+00:00,739.7000122070312,739.8099975585938,739.6400146484375,739.6400146484375,36635,regular,False
2026-07-30T17:16:00+00:00,739.6500244140625,740.0399780273438,739.6500244140625,740.0,44788,regular,False
2026-07-30T17:17:00+00:00,740.0,740.091796875,739.9650268554688,739.97998046875,39169,regular,False
2026-07-30T17:18:00+00:00,739.9849853515625,740.030029296875,739.7999877929688,739.8400268554688,48528,regular,False
2026-07-30T17:19:00+00:00,739.8400268554688,740.239990234375,739.8300170898438,740.1799926757812,70919,regular,False
2026-07-30T17:20:00+00:00,740.1699829101562,740.1799926757812,739.9619750976562,740.1500244140625,54694,regular,False
2026-07-30T17:21:00+00:00,740.14501953125,740.1699829101562,740.010009765625,740.1099853515625,34467,regular,False
2026-07-30T17:22:00+00:00,740.0800170898438,740.0819702148438,739.76123046875,739.7999267578125,46081,regular,False
2026-07-30T17:23:00+00:00,739.7999877929688,740.0,739.7899780273438,739.97998046875,51593,regular,False
2026-07-30T17:24:00+00:00,739.969970703125,739.989990234375,739.8511962890625,739.97998046875,46072,regular,False
2026-07-30T17:25:00+00:00,739.9600219726562,739.969970703125,739.780029296875,739.8599853515625,42123,regular,False
2026-07-30T17:26:00+00:00,739.8499755859375,739.8699951171875,739.7100219726562,739.7999877929688,285793,regular,False
2026-07-30T17:27:00+00:00,739.7899780273438,739.989990234375,739.7899780273438,739.8599853515625,43631,regular,False
2026-07-30T17:28:00+00:00,739.8499755859375,739.9000244140625,739.6500244140625,739.760009765625,52697,regular,False
2026-07-30T17:29:00+00:00,739.75,739.7999877929688,739.6599731445312,739.760009765625,39139,regular,False
2026-07-30T17:30:00+00:00,739.7650146484375,740.010009765625,739.72998046875,739.844970703125,73280,regular,False
2026-07-30T17:31:00+00:00,739.8599853515625,739.8599853515625,739.7025146484375,739.77001953125,52283,regular,False
2026-07-30T17:32:00+00:00,739.780029296875,739.7899780273438,739.6199951171875,739.635009765625,55662,regular,False
2026-07-30T17:33:00+00:00,739.635009765625,739.6900024414062,739.4550170898438,739.5349731445312,80067,regular,False
2026-07-30T17:34:00+00:00,739.5349731445312,739.5800170898438,739.3800048828125,739.530029296875,59372,regular,False
2026-07-30T17:35:00+00:00,739.5399780273438,739.75,739.510009765625,739.7399291992188,50189,regular,False
2026-07-30T17:36:00+00:00,739.739990234375,739.8900146484375,739.6799926757812,739.8800048828125,93558,regular,False
2026-07-30T17:37:00+00:00,739.8800048828125,739.9299926757812,739.47998046875,739.530029296875,64094,regular,False
2026-07-30T17:38:00+00:00,739.5499877929688,739.5700073242188,739.1900024414062,739.5,221324,regular,False
2026-07-30T17:39:00+00:00,739.52001953125,739.52001953125,739.280029296875,739.2999877929688,53608,regular,False
2026-07-30T17:40:00+00:00,739.3499755859375,739.6400146484375,739.3499755859375,739.5750122070312,70069,regular,False
2026-07-30T17:41:00+00:00,739.5800170898438,739.760009765625,739.5700073242188,739.7150268554688,98111,regular,False
2026-07-30T17:42:00+00:00,739.7100219726562,739.97998046875,739.6900024414062,739.7401123046875,48511,regular,False
2026-07-30T17:43:00+00:00,739.77001953125,740.1599731445312,739.77001953125,739.9600219726562,172617,regular,False
2026-07-30T17:44:00+00:00,739.9349975585938,739.989990234375,739.8699951171875,739.9099731445312,49769,regular,False
2026-07-30T17:45:00+00:00,739.9099731445312,740.02001953125,739.8800048828125,739.8900146484375,52079,regular,False
2026-07-30T17:46:00+00:00,739.8900146484375,740.1599731445312,739.875,740.1099853515625,41159,regular,False
2026-07-30T17:47:00+00:00,740.1300048828125,740.1599731445312,739.9500122070312,739.9600219726562,34906,regular,False
2026-07-30T17:48:00+00:00,739.9500122070312,740.1099853515625,739.9299926757812,740.0999755859375,33567,regular,False
2026-07-30T17:49:00+00:00,740.0999755859375,740.0999755859375,739.8599853515625,739.8703002929688,298937,regular,False
2026-07-30T17:50:00+00:00,739.8699951171875,740.0999755859375,739.8200073242188,740.0999755859375,44542,regular,False
2026-07-30T17:51:00+00:00,740.0900268554688,740.3800048828125,740.0700073242188,740.2949829101562,79479,regular,False
2026-07-30T17:52:00+00:00,740.2999877929688,740.3400268554688,739.9849853515625,740.0999755859375,66109,regular,False
2026-07-30T17:53:00+00:00,740.0999755859375,740.1099853515625,739.8800048828125,739.8800048828125,41753,regular,False
2026-07-30T17:54:00+00:00,739.8499755859375,740.030029296875,739.8499755859375,739.8699951171875,32619,regular,False
2026-07-30T17:55:00+00:00,739.8599853515625,739.9099731445312,739.6511840820312,739.9099731445312,43656,regular,False
2026-07-30T17:56:00+00:00,739.9099731445312,739.969970703125,739.77001953125,739.89501953125,26190,regular,False
2026-07-30T17:57:00+00:00,739.8800048828125,739.989990234375,739.843994140625,739.9400024414062,29058,regular,False
2026-07-30T17:58:00+00:00,739.9400024414062,739.9600219726562,739.719970703125,739.8099975585938,41032,regular,False
2026-07-30T17:59:00+00:00,739.8200073242188,739.9450073242188,739.72998046875,739.780029296875,34106,regular,False
2026-07-30T18:00:00+00:00,739.7849731445312,740.0999755859375,739.7849731445312,740.0399780273438,67276,regular,False
2026-07-30T18:01:00+00:00,740.0499877929688,740.25,740.0399780273438,740.2000122070312,102070,regular,False
2026-07-30T18:02:00+00:00,740.1900024414062,740.2999877929688,740.0999755859375,740.2000122070312,179715,regular,False
2026-07-30T18:03:00+00:00,740.2000122070312,740.25,739.9500122070312,740.010009765625,48962,regular,False
2026-07-30T18:04:00+00:00,740.017822265625,740.030029296875,739.719970703125,739.760009765625,189468,regular,False
2026-07-30T18:05:00+00:00,739.739990234375,739.989990234375,739.7050170898438,739.9299926757812,83296,regular,False
2026-07-30T18:06:00+00:00,739.9500122070312,740.0599975585938,739.9099731445312,740.0599975585938,52984,regular,False
2026-07-30T18:07:00+00:00,740.0900268554688,740.1400146484375,739.97998046875,740.02001953125,50930,regular,False
2026-07-30T18:08:00+00:00,740.010009765625,740.1599731445312,739.9099731445312,740.155029296875,92888,regular,False
2026-07-30T18:09:00+00:00,740.155029296875,740.219970703125,740.0800170898438,740.0850219726562,70085,regular,False
2026-07-30T18:10:00+00:00,740.1199951171875,740.1900024414062,740.0,740.114990234375,47226,regular,False
2026-07-30T18:11:00+00:00,740.1099853515625,740.1900024414062,740.02001953125,740.1849975585938,53094,regular,False
2026-07-30T18:12:00+00:00,740.1849975585938,740.1849975585938,739.97998046875,740.1500244140625,49925,regular,False
2026-07-30T18:13:00+00:00,740.1500244140625,740.1799926757812,740.030029296875,740.1400146484375,163522,regular,False
2026-07-30T18:14:00+00:00,740.1400146484375,740.2999877929688,740.0900268554688,740.2000122070312,66009,regular,False
2026-07-30T18:15:00+00:00,740.219970703125,740.3099975585938,740.1099853515625,740.1799926757812,42503,regular,False
2026-07-30T18:16:00+00:00,740.1699829101562,740.2899780273438,740.1500244140625,740.1799926757812,57423,regular,False
2026-07-30T18:17:00+00:00,740.1749877929688,740.2000122070312,740.0599975585938,740.1599731445312,42180,regular,False
2026-07-30T18:18:00+00:00,740.1599731445312,740.3599853515625,740.1110229492188,740.2650146484375,56942,regular,False
2026-07-30T18:19:00+00:00,740.25,740.260009765625,740.0800170898438,740.1699829101562,59756,regular,False
2026-07-30T18:20:00+00:00,740.1500244140625,740.27001953125,740.0599975585938,740.1799926757812,69023,regular,False
2026-07-30T18:21:00+00:00,740.1801147460938,740.3978881835938,740.1599731445312,740.3101196289062,52093,regular,False
2026-07-30T18:22:00+00:00,740.3099975585938,740.4299926757812,740.219970703125,740.4199829101562,59132,regular,False
2026-07-30T18:23:00+00:00,740.4000244140625,740.4400024414062,740.2750244140625,740.3298950195312,53830,regular,False
2026-07-30T18:24:00+00:00,740.3300170898438,740.3900146484375,740.2999267578125,740.3099975585938,37421,regular,False
2026-07-30T18:25:00+00:00,740.2999877929688,740.3900146484375,740.239990234375,740.239990234375,46134,regular,False
2026-07-30T18:26:00+00:00,740.239990234375,740.280029296875,740.1199951171875,740.219970703125,40241,regular,False
2026-07-30T18:27:00+00:00,740.239990234375,740.3599853515625,740.2308959960938,740.2999877929688,40570,regular,False
2026-07-30T18:28:00+00:00,740.27001953125,740.4000244140625,740.219970703125,740.3499755859375,46923,regular,False
2026-07-30T18:29:00+00:00,740.3599853515625,740.4099731445312,740.3099975585938,740.3800048828125,46718,regular,False
2026-07-30T18:30:00+00:00,740.4000244140625,740.5900268554688,740.3400268554688,740.5700073242188,66578,regular,False
2026-07-30T18:31:00+00:00,740.5599975585938,740.5700073242188,740.260009765625,740.3900146484375,99184,regular,False
2026-07-30T18:32:00+00:00,740.3900146484375,740.4099731445312,740.2000122070312,740.280029296875,190747,regular,False
2026-07-30T18:33:00+00:00,740.2999877929688,740.4290161132812,740.2899780273438,740.3099975585938,53763,regular,False
2026-07-30T18:34:00+00:00,740.3099975585938,740.3499755859375,740.2000122070312,740.3200073242188,50735,regular,False
2026-07-30T18:35:00+00:00,740.3099975585938,740.3400268554688,740.219970703125,740.3049926757812,46581,regular,False
2026-07-30T18:36:00+00:00,740.2899780273438,740.3800048828125,740.22998046875,740.2849731445312,40562,regular,False
2026-07-30T18:37:00+00:00,740.2899780273438,740.3099975585938,740.0599975585938,740.1599731445312,84737,regular,False
2026-07-30T18:38:00+00:00,740.155029296875,740.3499755859375,740.1199951171875,740.1400146484375,84767,regular,False
2026-07-30T18:39:00+00:00,740.1300048828125,740.1699829101562,740.030029296875,740.1199951171875,106273,regular,False
2026-07-30T18:40:00+00:00,740.1099853515625,740.3699951171875,740.072509765625,740.3049926757812,179914,regular,False
2026-07-30T18:41:00+00:00,740.2899780273438,740.3300170898438,740.1300048828125,740.1599731445312,75166,regular,False
2026-07-30T18:42:00+00:00,740.1599731445312,740.2999877929688,740.0900268554688,740.1246948242188,77438,regular,False
2026-07-30T18:43:00+00:00,740.1400146484375,740.260009765625,740.1400146484375,740.239990234375,50043,regular,False
2026-07-30T18:44:00+00:00,740.239990234375,740.3900146484375,740.1699829101562,740.3300170898438,64541,regular,False
2026-07-30T18:45:00+00:00,740.3400268554688,740.4400024414062,740.3099975585938,740.4299926757812,73565,regular,False
2026-07-30T18:46:00+00:00,740.4400024414062,740.5349731445312,740.3599853515625,740.5,59706,regular,False
2026-07-30T18:47:00+00:00,740.5050048828125,740.5700073242188,740.4400024414062,740.530029296875,45079,regular,False
2026-07-30T18:48:00+00:00,740.5399780273438,740.5800170898438,740.4299926757812,740.4349975585938,55455,regular,False
2026-07-30T18:49:00+00:00,740.4299926757812,740.52001953125,740.4000244140625,740.510009765625,52725,regular,False
2026-07-30T18:50:00+00:00,740.5,740.6900024414062,740.489990234375,740.530029296875,121808,regular,False
2026-07-30T18:51:00+00:00,740.5499877929688,740.5599975585938,740.3900146484375,740.489990234375,73604,regular,False
2026-07-30T18:52:00+00:00,740.5,740.6199951171875,740.469970703125,740.5,59877,regular,False
2026-07-30T18:53:00+00:00,740.510009765625,740.6500244140625,740.4600219726562,740.5900268554688,76307,regular,False
2026-07-30T18:54:00+00:00,740.5900268554688,740.6400146484375,740.47998046875,740.5,65012,regular,False
2026-07-30T18:55:00+00:00,740.489990234375,740.5999755859375,740.47998046875,740.5,65848,regular,False
2026-07-30T18:56:00+00:00,740.4949951171875,740.6300048828125,740.3900146484375,740.60498046875,44306,regular,False
2026-07-30T18:57:00+00:00,740.6099853515625,740.6400146484375,740.5050048828125,740.5700073242188,55984,regular,False
2026-07-30T18:58:00+00:00,740.5549926757812,740.6099853515625,740.5,740.530029296875,58569,regular,False
2026-07-30T18:59:00+00:00,740.5399780273438,740.8300170898438,740.530029296875,740.77001953125,75870,regular,False
2026-07-30T19:00:00+00:00,740.75,741.0399780273438,740.739990234375,740.989990234375,126023,regular,False
2026-07-30T19:01:00+00:00,741.0075073242188,741.1300048828125,740.969970703125,741.0999755859375,91803,regular,False
2026-07-30T19:02:00+00:00,741.0999755859375,741.35498046875,741.0900268554688,741.1599731445312,98664,regular,False
2026-07-30T19:03:00+00:00,741.1500244140625,741.2100219726562,741.0750122070312,741.0800170898438,87069,regular,False
2026-07-30T19:04:00+00:00,741.0800170898438,741.25,741.0521850585938,741.2150268554688,82654,regular,False
2026-07-30T19:05:00+00:00,741.22998046875,741.3200073242188,741.1400146484375,741.2899780273438,144176,regular,False
2026-07-30T19:06:00+00:00,741.2849731445312,741.4299926757812,741.2000122070312,741.4199829101562,128013,regular,False
2026-07-30T19:07:00+00:00,741.4199829101562,741.5900268554688,741.3900146484375,741.5499877929688,134707,regular,False
2026-07-30T19:08:00+00:00,741.5399780273438,741.6849975585938,741.469970703125,741.6799926757812,84487,regular,False
2026-07-30T19:09:00+00:00,741.6799926757812,741.8099975585938,741.6500244140625,741.7750244140625,96480,regular,False
2026-07-30T19:10:00+00:00,741.780029296875,742.25,741.760009765625,742.1500244140625,132614,regular,False
2026-07-30T19:11:00+00:00,742.1599731445312,742.2050170898438,742.0,742.0,95690,regular,False
2026-07-30T19:12:00+00:00,742.010009765625,742.2999877929688,742.010009765625,742.25,148049,regular,False
2026-07-30T19:13:00+00:00,742.239990234375,742.2999877929688,742.1099853515625,742.2100219726562,100843,regular,False
2026-07-30T19:14:00+00:00,742.2000122070312,742.25,742.0700073242188,742.0700073242188,85632,regular,False
2026-07-30T19:15:00+00:00,742.0599975585938,742.1099853515625,741.8099975585938,741.9400024414062,124541,regular,False
2026-07-30T19:16:00+00:00,741.9199829101562,742.2000122070312,741.9099731445312,742.1699829101562,136643,regular,False
2026-07-30T19:17:00+00:00,742.2000122070312,742.27001953125,742.1400146484375,742.239990234375,52422,regular,False
2026-07-30T19:18:00+00:00,742.25,742.4500122070312,742.1799926757812,742.4199829101562,68578,regular,False
2026-07-30T19:19:00+00:00,742.4199829101562,742.4199829101562,742.22998046875,742.2899780273438,77381,regular,False
2026-07-30T19:20:00+00:00,742.3095703125,742.3099975585938,742.1500244140625,742.239990234375,201665,regular,False
2026-07-30T19:21:00+00:00,742.2100219726562,742.2999877929688,742.0999755859375,742.0999755859375,196245,regular,False
2026-07-30T19:22:00+00:00,742.1199951171875,742.1799926757812,741.9600219726562,742.010009765625,202917,regular,False
2026-07-30T19:23:00+00:00,742.010009765625,742.1599731445312,741.9600219726562,742.1599731445312,73008,regular,False
2026-07-30T19:24:00+00:00,742.1599731445312,742.25,742.030029296875,742.0399780273438,180129,regular,False
2026-07-30T19:25:00+00:00,742.030029296875,742.1527709960938,741.989990234375,742.0599975585938,71148,regular,False
2026-07-30T19:26:00+00:00,742.052490234375,742.2100219726562,742.0,742.1699829101562,88178,regular,False
2026-07-30T19:27:00+00:00,742.1699829101562,742.1900024414062,741.989990234375,742.0650024414062,120853,regular,False
2026-07-30T19:28:00+00:00,742.0700073242188,742.1400146484375,741.9299926757812,741.97998046875,102378,regular,False
2026-07-30T19:29:00+00:00,741.989990234375,742.0,741.739990234375,741.780029296875,156892,regular,False
2026-07-30T19:30:00+00:00,741.77001953125,741.989990234375,741.7100219726562,741.9500122070312,146342,regular,False
2026-07-30T19:31:00+00:00,741.9450073242188,741.989990234375,741.7100219726562,741.8599853515625,131620,regular,False
2026-07-30T19:32:00+00:00,741.8699951171875,741.9099731445312,741.6500244140625,741.7000122070312,98188,regular,False
2026-07-30T19:33:00+00:00,741.6950073242188,741.8400268554688,741.6799926757812,741.8099975585938,88168,regular,False
2026-07-30T19:34:00+00:00,741.8099975585938,741.8900146484375,741.6900024414062,741.7650146484375,109247,regular,False
2026-07-30T19:35:00+00:00,741.77001953125,741.8499755859375,741.6400146484375,741.64501953125,293137,regular,False
2026-07-30T19:36:00+00:00,741.6400146484375,741.6400146484375,741.4299926757812,741.469970703125,334861,regular,False
2026-07-30T19:37:00+00:00,741.469970703125,741.739990234375,741.4500122070312,741.6599731445312,245914,regular,False
2026-07-30T19:38:00+00:00,741.6599731445312,741.9000244140625,741.6199951171875,741.7000122070312,102533,regular,False
2026-07-30T19:39:00+00:00,741.719970703125,741.8200073242188,741.6699829101562,741.72998046875,160616,regular,False
2026-07-30T19:40:00+00:00,741.72998046875,741.7899780273438,741.5499877929688,741.7000122070312,152836,regular,False
2026-07-30T19:41:00+00:00,741.6799926757812,741.8400268554688,741.6300048828125,741.780029296875,155422,regular,False
2026-07-30T19:42:00+00:00,741.780029296875,741.7849731445312,741.52001953125,741.6799926757812,252222,regular,False
2026-07-30T19:43:00+00:00,741.6799926757812,741.9099731445312,741.6199951171875,741.8499755859375,118004,regular,False
2026-07-30T19:44:00+00:00,741.8499755859375,741.885009765625,741.780029296875,741.7899780273438,162493,regular,False
2026-07-30T19:45:00+00:00,741.7999877929688,741.8800048828125,741.6900024414062,741.7899780273438,189859,regular,False
2026-07-30T19:46:00+00:00,741.780029296875,741.8699951171875,741.5900268554688,741.60498046875,516074,regular,False
2026-07-30T19:47:00+00:00,741.60498046875,741.6900024414062,741.5,741.6099853515625,398570,regular,False
2026-07-30T19:48:00+00:00,741.5900268554688,741.6400146484375,741.416015625,741.416015625,508256,regular,False
2026-07-30T19:49:00+00:00,741.4299926757812,741.6199951171875,741.3099975585938,741.6099853515625,811855,regular,False
2026-07-30T19:50:00+00:00,741.5900268554688,741.6500244140625,741.2899780273438,741.4500122070312,435728,regular,False
2026-07-30T19:51:00+00:00,741.4199829101562,741.489990234375,741.1599731445312,741.3599853515625,590274,regular,False
2026-07-30T19:52:00+00:00,741.35498046875,741.5,741.280029296875,741.5,334394,regular,False
2026-07-30T19:53:00+00:00,741.489990234375,741.5900268554688,741.1699829101562,741.1900024414062,519874,regular,False
2026-07-30T19:54:00+00:00,741.1599731445312,741.5800170898438,741.1400146484375,741.3900146484375,343144,regular,False
2026-07-30T19:55:00+00:00,741.4099731445312,741.4099731445312,741.0,741.1799926757812,833218,regular,False
2026-07-30T19:56:00+00:00,741.1799926757812,741.5900268554688,741.155029296875,741.405029296875,402717,regular,False
2026-07-30T19:57:00+00:00,741.3900146484375,741.6300048828125,741.3499755859375,741.6099853515625,662848,regular,False
2026-07-30T19:58:00+00:00,741.5999755859375,741.6799926757812,741.4099731445312,741.530029296875,1038028,regular,False
2026-07-30T19:59:00+00:00,741.52001953125,742.0999755859375,741.27001953125,741.72998046875,2447312,regular,False
2026-07-30T20:00:00+00:00,741.76,741.86,729.2697,741.58,1433492,after-market,False
2026-07-30T20:01:00+00:00,741.72,743.68,741.6,743.46,0,after-market,False
2026-07-30T20:02:00+00:00,743.35,743.47,742.94,743.3493,0,after-market,False
2026-07-30T20:03:00+00:00,743.42,743.53,743.06,743.08,0,after-market,False
2026-07-30T20:04:00+00:00,743.07,743.66,741.69,743.6,0,after-market,False
2026-07-30T20:05:00+00:00,743.6312,743.66,743.1569,743.31,0,after-market,False
2026-07-30T20:06:00+00:00,743.33,743.53,743.2,743.25,0,after-market,False
2026-07-30T20:07:00+00:00,743.25,743.54,743.245,743.3,0,after-market,False
2026-07-30T20:08:00+00:00,743.27,743.37,743.0511,743.0511,0,after-market,False
2026-07-30T20:09:00+00:00,743.08,743.1,742.81,742.88,0,after-market,False
2026-07-30T20:10:00+00:00,742.86,742.97,741.3703,742.81,0,after-market,False
2026-07-30T20:11:00+00:00,742.86,742.95,742.52,742.565,0,after-market,False
2026-07-30T20:12:00+00:00,742.56,743.08,729.2697,743.03,0,after-market,False
2026-07-30T20:13:00+00:00,743.03,743.24,742.9945,743.1923,0,after-market,False
2026-07-30T20:14:00+00:00,743.15,743.41,743.13,743.2,0,after-market,False
2026-07-30T20:15:00+00:00,741.69,743.57,741.69,743.56,0,after-market,False
2026-07-30T20:16:00+00:00,743.57,743.6,743.3,743.45,0,after-market,False
2026-07-30T20:17:00+00:00,743.48,743.48,741.3412,743.1986,0,after-market,False
2026-07-30T20:18:00+00:00,743.39,743.48,743.09,743.4405,0,after-market,False
2026-07-30T20:19:00+00:00,743.4875,743.57,743.4212,743.49,0,after-market,False
2026-07-30T20:20:00+00:00,743.5,743.7,743.46,743.56,0,after-market,False
2026-07-30T20:21:00+00:00,743.5922,743.5922,743.31,743.3303,0,after-market,False
2026-07-30T20:22:00+00:00,743.365,743.59,743.32,743.4928,0,after-market,False
2026-07-30T20:23:00+00:00,743.48,743.6885,743.48,743.64,0,after-market,False
2026-07-30T20:24:00+00:00,743.63,743.63,743.46,743.5827,0,after-market,False
2026-07-30T20:25:00+00:00,743.57,743.5814,743.35,743.45,0,after-market,False
2026-07-30T20:26:00+00:00,743.43,743.5792,743.43,743.5639,0,after-market,False
2026-07-30T20:27:00+00:00,743.56,743.58,743.36,743.36,0,after-market,False
2026-07-30T20:28:00+00:00,743.4048,743.6,743.36,743.5465,0,after-market,False
2026-07-30T20:29:00+00:00,743.55,743.6118,743.43,743.58,0,after-market,False
2026-07-30T20:30:00+00:00,743.56,744.25,742.56,742.6,0,after-market,False
2026-07-30T20:31:00+00:00,742.63,742.98,742.47,742.5455,0,after-market,False
2026-07-30T20:32:00+00:00,742.59,743.05,742.4802,743.01,0,after-market,False
2026-07-30T20:33:00+00:00,742.995,743.28,742.66,743.03,0,after-market,False
2026-07-30T20:34:00+00:00,742.98,743.14,741.69,742.96,0,after-market,False
2026-07-30T20:35:00+00:00,742.94,742.9821,742.58,742.6307,0,after-market,False
2026-07-30T20:36:00+00:00,742.626,742.7001,742.47,742.595,0,after-market,False
2026-07-30T20:37:00+00:00,742.5471,742.58,741.69,742.58,0,after-market,False
2026-07-30T20:38:00+00:00,742.61,742.84,742.4792,742.65,0,after-market,False
2026-07-30T20:39:00+00:00,742.66,742.79,742.58,742.74,0,after-market,False
2026-07-30T20:40:00+00:00,742.67,742.67,729.2697,742.3677,0,after-market,False
2026-07-30T20:41:00+00:00,742.41,742.45,741.69,742.3326,0,after-market,False
2026-07-30T20:42:00+00:00,742.36,742.65,741.69,742.65,0,after-market,False
2026-07-30T20:43:00+00:00,742.6,742.6614,742.45,742.56,0,after-market,False
2026-07-30T20:44:00+00:00,742.5515,742.65,694.1241,742.65,0,after-market,False
2026-07-30T20:45:00+00:00,742.62,742.6698,742.44,742.49,0,after-market,False
2026-07-30T20:46:00+00:00,742.5,742.55,742.37,742.405,0,after-market,False
2026-07-30T20:47:00+00:00,742.39,742.41,742.29,742.33,0,after-market,False
2026-07-30T20:48:00+00:00,742.32,742.35,742.22,742.22,0,after-market,False
2026-07-30T20:49:00+00:00,742.24,742.349,742.16,742.2078,0,after-market,False
2026-07-30T20:50:00+00:00,742.21,742.33,741.99,741.999,0,after-market,False
2026-07-30T20:51:00+00:00,742.0391,742.1387,741.95,742.02,0,after-market,False
2026-07-30T20:52:00+00:00,742.0371,742.1319,741.8026,741.85,0,after-market,False
2026-07-30T20:53:00+00:00,741.8786,742.095,741.8786,742.09,0,after-market,False
2026-07-30T20:54:00+00:00,742.12,742.19,741.875,741.9,0,after-market,False
2026-07-30T20:55:00+00:00,742.0486,742.2,741.69,742.1062,0,after-market,False
2026-07-30T20:56:00+00:00,742.0611,742.07,701.2078,741.8528,0,after-market,False
2026-07-30T20:57:00+00:00,741.88,741.94,741.84,741.87,0,after-market,False
2026-07-30T20:58:00+00:00,741.89,742.2,741.89,742.14,0,after-market,False
2026-07-30T20:59:00+00:00,742.145,742.145,693.9749,742.04,0,after-market,False
2026-07-30T21:00:00+00:00,741.91,742.17,741.83,741.9527,0,after-market,False
2026-07-30T21:01:00+00:00,741.965,742.1256,741.94,741.97,0,after-market,False
2026-07-30T21:02:00+00:00,741.97,742.1,701.2078,742.045,0,after-market,False
2026-07-30T21:03:00+00:00,742.0,742.1657,741.69,742.0,0,after-market,False
2026-07-30T21:04:00+00:00,742.0,742.078,741.93,741.965,0,after-market,False
2026-07-30T21:05:00+00:00,741.93,742.08,741.93,741.98,0,after-market,False
2026-07-30T21:06:00+00:00,741.98,742.0688,741.98,742.0539,0,after-market,False
2026-07-30T21:07:00+00:00,742.0,742.06,742.0,742.035,0,after-market,False
2026-07-30T21:08:00+00:00,742.035,742.06,742.01,742.0152,0,after-market,False
2026-07-30T21:09:00+00:00,742.0152,742.05,741.93,741.93,0,after-market,False
2026-07-30T21:10:00+00:00,741.99,742.06,741.93,742.03,0,after-market,False
2026-07-30T21:11:00+00:00,742.03,742.06,742.0,742.06,0,after-market,False
2026-07-30T21:12:00+00:00,742.0526,742.08,742.0262,742.08,0,after-market,False
2026-07-30T21:13:00+00:00,742.08,742.08,741.69,742.03,0,after-market,False
2026-07-30T21:14:00+00:00,742.02,742.1,741.93,742.06,0,after-market,False
2026-07-30T21:15:00+00:00,742.06,742.08,742.01,742.0171,0,after-market,False
2026-07-30T21:16:00+00:00,742.02,742.3,742.02,742.3,0,after-market,False
2026-07-30T21:17:00+00:00,742.26,742.3,742.14,742.25,0,after-market,False
2026-07-30T21:18:00+00:00,742.25,742.3,742.15,742.3,0,after-market,False
2026-07-30T21:19:00+00:00,742.25,742.3363,742.16,742.2337,0,after-market,False
2026-07-30T21:20:00+00:00,742.28,742.4,742.28,742.375,0,after-market,False
2026-07-30T21:21:00+00:00,742.3551,742.4,742.35,742.3551,0,after-market,False
2026-07-30T21:22:00+00:00,742.3949,742.4,742.16,742.16,0,after-market,False
2026-07-30T21:23:00+00:00,742.16,742.4,742.16,742.17,0,after-market,False
2026-07-30T21:24:00+00:00,742.16,742.2962,742.15,742.17,0,after-market,False
2026-07-30T21:25:00+00:00,742.17,742.19,742.1,742.1,0,after-market,False
2026-07-30T21:26:00+00:00,742.1,742.125,741.95,741.99,0,after-market,False
2026-07-30T21:27:00+00:00,741.99,742.0875,741.76,741.78,0,after-market,False
2026-07-30T21:28:00+00:00,741.8,741.91,741.7,741.7,0,after-market,False
2026-07-30T21:29:00+00:00,741.7,741.8657,741.5,741.63,0,after-market,False
2026-07-30T21:30:00+00:00,741.63,741.742,741.61,741.61,0,after-market,False
2026-07-30T21:31:00+00:00,741.69,741.74,741.6,741.65,0,after-market,False
2026-07-30T21:32:00+00:00,741.6,741.69,741.5,741.5165,0,after-market,False
2026-07-30T21:33:00+00:00,741.5,741.67,741.44,741.59,0,after-market,False
2026-07-30T21:34:00+00:00,741.6,741.75,741.5458,741.75,0,after-market,False
2026-07-30T21:35:00+00:00,741.67,741.79,741.67,741.7197,0,after-market,False
2026-07-30T21:36:00+00:00,741.78,741.78,741.7,741.73,0,after-market,False
2026-07-30T21:37:00+00:00,741.705,741.74,741.7,741.7,0,after-market,False
2026-07-30T21:38:00+00:00,741.73,741.7771,741.708,741.74,0,after-market,False
2026-07-30T21:39:00+00:00,741.79,741.92,741.69,741.9031,0,after-market,False
2026-07-30T21:40:00+00:00,741.91,742.1,741.91,741.9732,0,after-market,False
2026-07-30T21:41:00+00:00,742.0845,742.1318,741.69,742.1,0,after-market,False
2026-07-30T21:42:00+00:00,741.95,742.1,741.95,742.0698,0,after-market,False
2026-07-30T21:43:00+00:00,742.0,742.2438,741.96,742.065,0,after-market,False
2026-07-30T21:44:00+00:00,742.13,742.34,742.0,742.09,0,after-market,False
2026-07-30T21:45:00+00:00,742.01,742.09,741.96,742.0,0,after-market,False
2026-07-30T21:46:00+00:00,742.0366,742.0805,742.0,742.0805,0,after-market,False
2026-07-30T21:47:00+00:00,742.0805,742.18,742.0114,742.17,0,after-market,False
2026-07-30T21:48:00+00:00,742.17,742.35,742.05,742.11,0,after-market,False
2026-07-30T21:49:00+00:00,742.1303,742.185,742.1,742.1543,0,after-market,False
2026-07-30T21:50:00+00:00,742.22,742.23,742.1,742.15,0,after-market,False
2026-07-30T21:51:00+00:00,742.19,742.3175,742.13,742.3175,0,after-market,False
2026-07-30T21:52:00+00:00,742.3175,742.35,742.18,742.2013,0,after-market,False
2026-07-30T21:53:00+00:00,742.3,742.3299,742.18,742.1826,0,after-market,False
2026-07-30T21:54:00+00:00,742.21,742.27,742.2,742.26,0,after-market,False
2026-07-30T21:55:00+00:00,742.24,742.27,741.95,742.1,0,after-market,False
2026-07-30T21:56:00+00:00,742.1,742.27,741.91,741.96,0,after-market,False
2026-07-30T21:57:00+00:00,741.96,742.1735,741.91,741.91,0,after-market,False
2026-07-30T21:58:00+00:00,741.91,742.22,741.91,742.22,0,after-market,False
2026-07-30T21:59:00+00:00,742.1878,742.2,742.03,742.03,0,after-market,False
2026-07-30T22:00:00+00:00,742.14,742.14,741.31,741.69,0,after-market,False
2026-07-30T22:01:00+00:00,741.7,742.32,741.58,742.23,0,after-market,False
2026-07-30T22:02:00+00:00,742.19,742.3136,742.13,742.3136,0,after-market,False
2026-07-30T22:03:00+00:00,742.265,742.45,742.26,742.3525,0,after-market,False
2026-07-30T22:04:00+00:00,742.365,742.45,742.31,742.4327,0,after-market,False
2026-07-30T22:05:00+00:00,742.41,742.4438,742.2601,742.38,0,after-market,False
2026-07-30T22:06:00+00:00,742.37,742.38,742.2,742.2,0,after-market,False
2026-07-30T22:07:00+00:00,742.24,742.34,742.2,742.26,0,after-market,False
2026-07-30T22:08:00+00:00,742.362,742.362,742.14,742.3526,0,after-market,False
2026-07-30T22:09:00+00:00,742.37,742.44,742.33,742.43,0,after-market,False
2026-07-30T22:10:00+00:00,742.45,742.5582,742.37,742.4965,0,after-market,False
2026-07-30T22:11:00+00:00,742.46,742.5514,742.38,742.47,0,after-market,False
2026-07-30T22:12:00+00:00,742.46,742.499,742.1917,742.1917,0,after-market,False
2026-07-30T22:13:00+00:00,742.21,742.22,742.04,742.07,0,after-market,False
2026-07-30T22:14:00+00:00,742.05,742.22,742.049,742.22,0,after-market,False
2026-07-30T22:15:00+00:00,742.2,742.3117,742.1513,742.2924,0,after-market,False
2026-07-30T22:16:00+00:00,742.335,742.5938,742.29,742.5314,0,after-market,False
2026-07-30T22:17:00+00:00,742.5438,742.5531,742.44,742.55,0,after-market,False
2026-07-30T22:18:00+00:00,742.5526,742.5526,742.1758,742.24,0,after-market,False
2026-07-30T22:19:00+00:00,742.2521,742.375,742.2521,742.33,0,after-market,False
2026-07-30T22:20:00+00:00,742.31,742.385,742.175,742.1874,0,after-market,False
2026-07-30T22:21:00+00:00,742.22,742.22,742.0613,742.07,0,after-market,False
2026-07-30T22:22:00+00:00,742.07,742.11,742.06,742.0864,0,after-market,False
2026-07-30T22:23:00+00:00,742.07,742.07,741.88,741.95,0,after-market,False
2026-07-30T22:24:00+00:00,741.95,741.95,741.8701,741.9087,0,after-market,False
2026-07-30T22:25:00+00:00,741.93,742.19,741.93,742.19,0,after-market,False
2026-07-30T22:26:00+00:00,742.1592,742.1592,742.1,742.1,0,after-market,False
2026-07-30T22:27:00+00:00,742.02,742.1181,742.0,742.0486,0,after-market,False
2026-07-30T22:28:00+00:00,742.095,742.14,742.05,742.11,0,after-market,False
2026-07-30T22:29:00+00:00,742.139,742.139,741.98,742.02,0,after-market,False
2026-07-30T22:30:00+00:00,742.001,742.05,741.9532,741.98,0,after-market,False
2026-07-30T22:31:00+00:00,741.95,741.95,741.81,741.825,0,after-market,False
2026-07-30T22:32:00+00:00,741.81,741.92,741.78,741.84,0,after-market,False
2026-07-30T22:33:00+00:00,741.84,742.0805,741.83,742.02,0,after-market,False
2026-07-30T22:34:00+00:00,741.98,742.2128,741.9507,742.2127,0,after-market,False
2026-07-30T22:35:00+00:00,742.225,742.385,742.1807,742.385,0,after-market,False
2026-07-30T22:36:00+00:00,742.35,742.46,742.32,742.42,0,after-market,False
2026-07-30T22:37:00+00:00,742.45,742.55,742.39,742.52,0,after-market,False
2026-07-30T22:38:00+00:00,742.495,742.58,742.4698,742.548,0,after-market,False
2026-07-30T22:39:00+00:00,742.53,742.5482,742.45,742.4997,0,after-market,False
2026-07-30T22:40:00+00:00,742.549,742.55,742.47,742.5444,0,after-market,False
2026-07-30T22:41:00+00:00,742.4743,742.5485,742.4743,742.5485,0,after-market,False
2026-07-30T22:42:00+00:00,742.5,742.63,742.5,742.58,0,after-market,False
2026-07-30T22:43:00+00:00,742.6007,742.6265,742.56,742.57,0,after-market,False
2026-07-30T22:44:00+00:00,742.63,742.78,742.63,742.76,0,after-market,False
2026-07-30T22:45:00+00:00,742.8,742.83,742.7086,742.8,0,after-market,False
2026-07-30T22:46:00+00:00,742.7938,742.8688,742.775,742.8527,0,after-market,False
2026-07-30T22:47:00+00:00,742.7874,742.84,742.78,742.82,0,after-market,False
2026-07-30T22:48:00+00:00,742.8026,742.85,742.8,742.81,0,after-market,False
2026-07-30T22:49:00+00:00,742.82,742.82,742.8,742.81,0,after-market,False
2026-07-30T22:50:00+00:00,742.82,742.82,742.75,742.7974,0,after-market,False
2026-07-30T22:51:00+00:00,742.7707,742.84,742.75,742.8138,0,after-market,False
2026-07-30T22:52:00+00:00,742.8207,742.85,742.8207,742.8257,0,after-market,False
2026-07-30T22:53:00+00:00,742.85,742.94,742.85,742.92,0,after-market,False
2026-07-30T22:54:00+00:00,742.9168,743.0,742.9004,742.9648,0,after-market,False
2026-07-30T22:55:00+00:00,742.94,742.99,742.8798,742.99,0,after-market,False
2026-07-30T22:56:00+00:00,742.995,743.0366,742.99,742.99,0,after-market,False
2026-07-30T22:57:00+00:00,742.96,742.9764,742.9124,742.9585,0,after-market,False
2026-07-30T22:58:00+00:00,742.96,742.9995,742.91,742.98,0,after-market,False
2026-07-30T22:59:00+00:00,742.96,743.02,742.96,742.98,0,after-market,False
2026-07-30T23:00:00+00:00,742.99,743.1526,742.99,743.0,0,after-market,False
2026-07-30T23:01:00+00:00,743.03,743.34,743.0,743.2809,0,after-market,False
2026-07-30T23:02:00+00:00,743.2515,743.31,743.23,743.25,0,after-market,False
2026-07-30T23:03:00+00:00,743.209,743.4093,743.209,743.4061,0,after-market,False
2026-07-30T23:04:00+00:00,743.43,743.44,743.352,743.4,0,after-market,False
2026-07-30T23:05:00+00:00,743.4,743.44,743.33,743.36,0,after-market,False
2026-07-30T23:06:00+00:00,743.36,743.4,743.3392,743.3392,0,after-market,False
2026-07-30T23:07:00+00:00,743.34,743.35,743.3,743.35,0,after-market,False
2026-07-30T23:08:00+00:00,743.34,743.34,743.18,743.18,0,after-market,False
2026-07-30T23:09:00+00:00,743.2603,743.2603,743.06,743.06,0,after-market,False
2026-07-30T23:10:00+00:00,743.0938,743.0938,742.8674,742.89,0,after-market,False
2026-07-30T23:11:00+00:00,742.8453,742.8876,742.8148,742.8876,0,after-market,False
2026-07-30T23:12:00+00:00,742.8683,742.9326,742.7836,742.86,0,after-market,False
2026-07-30T23:13:00+00:00,742.79,742.89,742.7517,742.84,0,after-market,False
2026-07-30T23:14:00+00:00,742.8771,742.8789,742.7974,742.7974,0,after-market,False
2026-07-30T23:15:00+00:00,742.8438,742.8584,742.7907,742.8174,0,after-market,False
2026-07-30T23:16:00+00:00,742.85,742.862,742.75,742.7668,0,after-market,False
2026-07-30T23:17:00+00:00,742.7774,742.7774,742.6535,742.7396,0,after-market,False
2026-07-30T23:18:00+00:00,742.7287,742.8,742.6865,742.8,0,after-market,False
2026-07-30T23:19:00+00:00,742.7462,742.7874,742.72,742.72,0,after-market,False
2026-07-30T23:20:00+00:00,742.72,742.735,742.67,742.72,0,after-market,False
2026-07-30T23:21:00+00:00,742.7043,742.72,742.5807,742.6,0,after-market,False
2026-07-30T23:22:00+00:00,742.64,742.7071,742.6009,742.6529,0,after-market,False
2026-07-30T23:23:00+00:00,742.6535,742.7,742.6,742.62,0,after-market,False
2026-07-30T23:24:00+00:00,742.6174,742.678,742.6,742.6438,0,after-market,False
2026-07-30T23:25:00+00:00,742.6453,742.92,742.6453,742.82,0,after-market,False
2026-07-30T23:26:00+00:00,742.7915,742.9403,742.7899,742.89,0,after-market,False
2026-07-30T23:27:00+00:00,742.83,742.88,742.7995,742.8,0,after-market,False
2026-07-30T23:28:00+00:00,742.8,742.84,742.784,742.784,0,after-market,False
2026-07-30T23:29:00+00:00,742.79,742.85,742.726,742.84,0,after-market,False
2026-07-30T23:30:00+00:00,742.8098,742.8098,742.712,742.75,0,after-market,False
2026-07-30T23:31:00+00:00,742.85,742.945,742.79,742.81,0,after-market,False
2026-07-30T23:32:00+00:00,742.8205,743.0,742.7546,743.0,0,after-market,False
2026-07-30T23:33:00+00:00,742.97,743.05,742.97,743.05,0,after-market,False
2026-07-30T23:34:00+00:00,743.045,743.07,742.985,742.985,0,after-market,False
2026-07-30T23:35:00+00:00,742.97,742.995,742.88,742.985,0,after-market,False
2026-07-30T23:36:00+00:00,742.9738,743.02,742.9297,743.02,0,after-market,False
2026-07-30T23:37:00+00:00,743.0,743.0,742.87,742.92,0,after-market,False
2026-07-30T23:38:00+00:00,742.92,742.9297,742.85,742.92,0,after-market,False
2026-07-30T23:39:00+00:00,742.9,743.15,742.8912,743.11,0,after-market,False
2026-07-30T23:40:00+00:00,743.09,743.15,743.09,743.105,0,after-market,False
2026-07-30T23:41:00+00:00,743.08,743.29,743.0705,743.29,0,after-market,False
2026-07-30T23:42:00+00:00,743.2081,743.3,743.2,743.21,0,after-market,False
2026-07-30T23:43:00+00:00,743.1486,743.2252,743.1285,743.2252,0,after-market,False
2026-07-30T23:44:00+00:00,743.269,743.28,743.2456,743.2705,0,after-market,False
2026-07-30T23:45:00+00:00,743.28,743.3793,743.18,743.3024,0,after-market,False
2026-07-30T23:46:00+00:00,743.3731,743.48,743.3,743.37,0,after-market,False
2026-07-30T23:47:00+00:00,743.43,743.55,743.41,743.41,0,after-market,False
2026-07-30T23:48:00+00:00,743.41,743.52,743.37,743.45,0,after-market,False
2026-07-30T23:49:00+00:00,743.447,743.53,743.447,743.53,0,after-market,False
2026-07-30T23:50:00+00:00,743.475,743.49,743.07,743.07,0,after-market,False
2026-07-30T23:51:00+00:00,743.0786,743.42,743.0786,743.42,0,after-market,False
2026-07-30T23:52:00+00:00,743.4008,743.57,743.4008,743.495,0,after-market,False
2026-07-30T23:53:00+00:00,743.54,743.54,743.45,743.47,0,after-market,False
2026-07-30T23:54:00+00:00,743.5,743.5,743.4313,743.4817,0,after-market,False
2026-07-30T23:55:00+00:00,743.53,743.675,743.53,743.64,0,after-market,False
2026-07-30T23:56:00+00:00,743.67,743.69,743.6139,743.69,0,after-market,False
2026-07-30T23:57:00+00:00,743.68,743.68,743.6,743.68,0,after-market,False
2026-07-30T23:58:00+00:00,743.63,743.6423,743.435,743.435,0,after-market,False
2026-07-30T23:59:00+00:00,743.42,743.48,743.3,743.33,0,after-market,False
